seed,episode,model,rule_id,rule_kind,occurrence,provisional_acc,before_acc,n_query_acc,rho,a_n_distance,background_acc
0,0,MLP,recurring_0,recurring,1,0.9479166865348816,0.0,0.0,1.0,0.0,0.779296875
0,0,ChevronSlow,recurring_0,recurring,1,0.9479166865348816,0.010416666977107525,0.28125,1.0,0.04642857299392916,0.91796875
0,0,IDLGated,recurring_0,recurring,1,0.9270833134651184,0.010416666977107525,0.010416666977107525,0.010986942797899246,0.047243752253828375,0.99609375
0,1,MLP,one_shot_10,one_shot,1,0.9791666865348816,0.0,0.0,1.0,0.0,0.640625
0,1,ChevronSlow,one_shot_10,one_shot,1,1.0,0.0,0.0,1.0,0.08591855758192742,0.826171875
0,1,IDLGated,one_shot_10,one_shot,1,1.0,0.0,0.0,0.010986942797899246,0.12370624850493082,0.99609375
0,2,MLP,recurring_0,recurring,2,0.65625,1.0,0.0,1.0,0.0,0.845703125
0,2,ChevronSlow,recurring_0,recurring,2,0.8229166865348816,0.6458333134651184,0.7395833134651184,1.0,0.015033299361272134,0.833984375
0,2,IDLGated,recurring_0,recurring,2,0.8541666865348816,0.02083333395421505,0.0416666679084301,0.18242552876472473,0.043699490832919345,0.990234375
0,3,MLP,recurring_3,recurring,1,0.59375,0.2291666716337204,0.0,1.0,0.0,0.841796875
0,3,ChevronSlow,recurring_3,recurring,1,0.6458333134651184,0.34375,0.4583333432674408,1.0,0.017884934762260853,0.853515625
0,3,IDLGated,recurring_3,recurring,1,0.6041666865348816,0.0,0.0,0.010986942797899246,0.043462663029775445,0.990234375
0,4,MLP,recurring_2,recurring,1,0.7395833134651184,1.0,0.0,1.0,0.0,0.896484375
0,4,ChevronSlow,recurring_2,recurring,1,0.8020833134651184,1.0,0.90625,1.0,0.01188401280269948,0.873046875
0,4,IDLGated,recurring_2,recurring,1,0.8229166865348816,0.3125,0.3125,0.010986942797899246,0.03987965679978844,0.990234375
0,5,MLP,recurring_1,recurring,1,0.96875,1.0,0.0,1.0,0.0,0.90625
0,5,ChevronSlow,recurring_1,recurring,1,0.9375,1.0,1.0,1.0,0.013178241237532872,0.89453125
0,5,IDLGated,recurring_1,recurring,1,0.9166666865348816,0.5416666865348816,0.5416666865348816,0.010986942797899246,0.036858277276385874,0.98828125
0,6,MLP,recurring_1,recurring,2,1.0,0.9895833134651184,0.0,1.0,0.0,0.900390625
0,6,ChevronSlow,recurring_1,recurring,2,1.0,1.0,1.0,1.0,0.008978436427836776,0.90625
0,6,IDLGated,recurring_1,recurring,2,0.9895833134651184,0.6875,0.6979166865348816,0.18242552876472473,0.03187946262145803,0.98046875
0,7,MLP,recurring_0,recurring,3,0.71875,0.6145833134651184,0.0,1.0,0.0,0.89453125
0,7,ChevronSlow,recurring_0,recurring,3,0.7708333134651184,0.59375,0.65625,1.0,0.012432698659441773,0.900390625
0,7,IDLGated,recurring_0,recurring,3,0.75,0.0833333358168602,0.2604166567325592,0.8175744414329529,0.040118019428546176,0.947265625
0,8,MLP,recurring_3,recurring,2,1.0,0.3541666567325592,0.0,1.0,0.0,0.783203125
0,8,ChevronSlow,recurring_3,recurring,2,1.0,0.2916666567325592,0.6145833134651184,1.0,0.021029430295589117,0.861328125
0,8,IDLGated,recurring_3,recurring,2,0.9375,0.0416666679084301,0.0625,0.18242552876472473,0.04314851313823945,0.935546875
0,9,MLP,recurring_2,recurring,2,1.0,1.0,0.0,1.0,0.0,0.861328125
0,9,ChevronSlow,recurring_2,recurring,2,1.0,1.0,1.0,1.0,0.005311321239967763,0.8671875
0,9,IDLGated,recurring_2,recurring,2,1.0,0.6979166865348816,0.7291666865348816,0.18242552876472473,0.0221071878965506,0.927734375
0,10,MLP,recurring_1,recurring,3,1.0,1.0,0.0,1.0,0.0,0.896484375
0,10,ChevronSlow,recurring_1,recurring,3,1.0,1.0,1.0,1.0,0.00848818678904268,0.892578125
0,10,IDLGated,recurring_1,recurring,3,1.0,0.9375,0.9583333134651184,0.8175744414329529,0.01635688220138692,0.9296875
0,11,MLP,recurring_1,recurring,4,1.0,1.0,0.0,1.0,0.0,0.90625
0,11,ChevronSlow,recurring_1,recurring,4,1.0,1.0,1.0,1.0,0.007023584817031286,0.908203125
0,11,IDLGated,recurring_1,recurring,4,0.9479166865348816,0.9583333134651184,0.96875,0.9890130758285522,0.018061437281285696,0.91796875
0,12,MLP,one_shot_2,one_shot,1,0.9479166865348816,0.0,0.0,1.0,0.0,0.7265625
0,12,ChevronSlow,one_shot_2,one_shot,1,0.9791666865348816,0.0,0.3125,1.0,0.02782975222169837,0.853515625
0,12,IDLGated,one_shot_2,one_shot,1,0.9375,0.0,0.0,0.010986942797899246,0.04698149953736251,0.91796875
0,13,MLP,recurring_1,recurring,5,1.0,1.0,0.0,1.0,0.0,0.87109375
0,13,ChevronSlow,recurring_1,recurring,5,1.0,1.0,1.0,1.0,0.014046296801291167,0.896484375
0,13,IDLGated,recurring_1,recurring,5,0.96875,0.9583333134651184,0.96875,0.9994471669197083,0.014453894270284312,0.935546875
0,14,MLP,one_shot_12,one_shot,1,1.0,1.0,0.0,1.0,0.0,0.896484375
0,14,ChevronSlow,one_shot_12,one_shot,1,0.96875,1.0,1.0,1.0,0.005212060785617186,0.90234375
0,14,IDLGated,one_shot_12,one_shot,1,0.8645833134651184,0.8958333134651184,0.8958333134651184,0.010986942797899246,0.006588617491935101,0.935546875
0,15,MLP,recurring_3,recurring,3,0.9791666865348816,0.1354166716337204,0.0,1.0,0.0,0.744140625
0,15,ChevronSlow,recurring_3,recurring,3,1.0,0.2395833283662796,0.65625,1.0,0.016543181804161297,0.86328125
0,15,IDLGated,recurring_3,recurring,3,0.9791666865348816,0.0729166641831398,0.28125,0.8175744414329529,0.03377491937902497,0.888671875
0,16,MLP,recurring_0,recurring,4,1.0,1.0,0.0,1.0,0.0,0.8046875
0,16,ChevronSlow,recurring_0,recurring,4,1.0,1.0,1.0,1.0,0.006969949999892843,0.84765625
0,16,IDLGated,recurring_0,recurring,4,1.0,0.7395833134651184,0.875,0.9890130758285522,0.015942751714384938,0.87109375
0,17,MLP,recurring_3,recurring,4,0.96875,0.8333333134651184,0.0,1.0,0.0,0.779296875
0,17,ChevronSlow,recurring_3,recurring,4,1.0,0.6666666865348816,0.9166666865348816,1.0,0.012625711304108745,0.830078125
0,17,IDLGated,recurring_3,recurring,4,0.8958333134651184,0.46875,0.6458333134651184,0.9890130758285522,0.015824277682639488,0.8515625
0,18,MLP,recurring_1,recurring,6,1.0,1.0,0.0,1.0,0.0,0.8671875
0,18,ChevronSlow,recurring_1,recurring,6,1.0,1.0,1.0,1.0,0.009292303803130193,0.861328125
0,18,IDLGated,recurring_1,recurring,6,1.0,1.0,1.0,0.9999724626541138,0.010373066948438151,0.884765625
0,19,MLP,one_shot_9,one_shot,1,0.84375,0.3958333432674408,0.0,1.0,0.0,0.806640625
0,19,ChevronSlow,one_shot_9,one_shot,1,0.8645833134651184,0.3958333432674408,0.5520833134651184,1.0,0.016011506937294095,0.857421875
0,19,IDLGated,one_shot_9,one_shot,1,0.8229166865348816,0.3020833432674408,0.3020833432674408,0.010986942797899246,0.026526618747252963,0.884765625
0,20,MLP,recurring_0,recurring,5,1.0,1.0,0.0,1.0,0.0,0.833984375
0,20,ChevronSlow,recurring_0,recurring,5,1.0,1.0,1.0,1.0,0.0028194503540517274,0.85546875
0,20,IDLGated,recurring_0,recurring,5,0.9166666865348816,0.6979166865348816,0.7604166865348816,0.9994471669197083,0.011882044519606633,0.890625
0,21,MLP,one_shot_6,one_shot,1,1.0,0.1770833283662796,0.0,1.0,0.0,0.7109375
0,21,ChevronSlow,one_shot_6,one_shot,1,1.0,0.2291666716337204,0.6666666865348816,1.0,0.02246248040142477,0.814453125
0,21,IDLGated,one_shot_6,one_shot,1,0.9583333134651184,0.1770833283662796,0.1875,0.010986942797899246,0.02811313724137363,0.888671875
0,22,MLP,one_shot_14,one_shot,1,1.0,1.0,0.0,1.0,0.0,0.80078125
0,22,ChevronSlow,one_shot_14,one_shot,1,1.0,0.8333333134651184,0.96875,1.0,0.009699018582065538,0.814453125
0,22,IDLGated,one_shot_14,one_shot,1,1.0,0.3541666567325592,0.3541666567325592,0.010986942797899246,0.022317242865132442,0.888671875
0,23,MLP,recurring_2,recurring,3,0.9166666865348816,1.0,0.0,1.0,0.0,0.888671875
0,23,ChevronSlow,recurring_2,recurring,3,0.9166666865348816,1.0,1.0,1.0,0.008933836232348486,0.849609375
0,23,IDLGated,recurring_2,recurring,3,0.8645833134651184,0.8854166865348816,0.8854166865348816,0.8175744414329529,0.012822713358572276,0.890625
0,24,MLP,recurring_2,recurring,4,1.0,0.9375,0.0,1.0,0.0,0.83203125
0,24,ChevronSlow,recurring_2,recurring,4,1.0,1.0,1.0,1.0,0.004921421686499592,0.8515625
0,24,IDLGated,recurring_2,recurring,4,1.0,0.9270833134651184,0.9583333134651184,0.9890130758285522,0.006433264628586998,0.880859375
0,25,MLP,one_shot_13,one_shot,1,1.0,0.2395833283662796,0.0,1.0,0.0,0.7265625
0,25,ChevronSlow,one_shot_13,one_shot,1,1.0,0.09375,0.6145833134651184,1.0,0.025016328251804894,0.818359375
0,25,IDLGated,one_shot_13,one_shot,1,0.875,0.0,0.0,0.010986942797899246,0.03408592013489271,0.880859375
0,26,MLP,one_shot_11,one_shot,1,0.9375,0.625,0.0,1.0,0.0,0.8203125
0,26,ChevronSlow,one_shot_11,one_shot,1,0.9583333134651184,0.4583333432674408,0.6979166865348816,1.0,0.030372841275853588,0.86328125
0,26,IDLGated,one_shot_11,one_shot,1,0.9375,0.2395833283662796,0.25,0.010986942797899246,0.03724082658129821,0.880859375
0,27,MLP,recurring_1,recurring,7,1.0,0.9895833134651184,0.0,1.0,0.0,0.81640625
0,27,ChevronSlow,recurring_1,recurring,7,1.0,1.0,1.0,1.0,0.007426788597790349,0.873046875
0,27,IDLGated,recurring_1,recurring,7,0.96875,1.0,1.0,0.9999985694885254,0.00954085619087438,0.912109375
0,28,MLP,recurring_1,recurring,8,1.0,1.0,0.0,1.0,0.0,0.89453125
0,28,ChevronSlow,recurring_1,recurring,8,1.0,1.0,1.0,1.0,0.00915766233886613,0.900390625
0,28,IDLGated,recurring_1,recurring,8,0.96875,1.0,1.0,0.9999998807907104,0.009761196371676086,0.916015625
0,29,MLP,recurring_3,recurring,5,1.0,0.1354166716337204,0.0,1.0,0.0,0.734375
0,29,ChevronSlow,recurring_3,recurring,5,1.0,0.15625,0.6979166865348816,1.0,0.025301184983000075,0.859375
0,29,IDLGated,recurring_3,recurring,5,1.0,0.1458333283662796,0.53125,0.9994471669197083,0.027365802428425137,0.876953125
0,30,MLP,recurring_2,recurring,5,1.0,1.0,0.0,1.0,0.0,0.81640625
0,30,ChevronSlow,recurring_2,recurring,5,1.0,0.96875,1.0,1.0,0.010374774877477405,0.857421875
0,30,IDLGated,recurring_2,recurring,5,0.9895833134651184,0.9375,0.96875,0.9994471669197083,0.009041556186227645,0.8828125
0,31,MLP,recurring_0,recurring,6,1.0,1.0,0.0,1.0,0.0,0.841796875
0,31,ChevronSlow,recurring_0,recurring,6,1.0,1.0,1.0,1.0,0.008395932250357752,0.859375
0,31,IDLGated,recurring_0,recurring,6,0.96875,0.90625,0.9375,0.9999724626541138,0.007217183542950097,0.8828125
0,32,MLP,one_shot_8,one_shot,1,0.8020833134651184,0.4270833432674408,0.0,1.0,0.0,0.865234375
0,32,ChevronSlow,one_shot_8,one_shot,1,0.8125,0.4375,0.6458333134651184,1.0,0.021480882812246836,0.888671875
0,32,IDLGated,one_shot_8,one_shot,1,0.7083333134651184,0.4479166567325592,0.4479166567325592,0.010986942797899246,0.02267914060656837,0.8828125
0,33,MLP,recurring_3,recurring,6,1.0,0.5520833134651184,0.0,1.0,0.0,0.771484375
0,33,ChevronSlow,recurring_3,recurring,6,1.0,0.40625,0.78125,1.0,0.016105158350561196,0.845703125
0,33,IDLGated,recurring_3,recurring,6,1.0,0.5208333134651184,0.8020833134651184,0.9999724626541138,0.0176952190888638,0.85546875
0,34,MLP,recurring_3,recurring,7,0.9895833134651184,1.0,0.0,1.0,0.0,0.83203125
0,34,ChevronSlow,recurring_3,recurring,7,0.9166666865348816,0.90625,0.9166666865348816,1.0,0.004910017431876582,0.841796875
0,34,IDLGated,recurring_3,recurring,7,0.7708333134651184,0.90625,0.8333333134651184,0.9999985694885254,0.006840293007190769,0.884765625
0,35,MLP,one_shot_7,one_shot,1,1.0,0.0,0.0,1.0,0.0,0.66015625
0,35,ChevronSlow,one_shot_7,one_shot,1,1.0,0.0,0.2604166567325592,1.0,0.03218773914160967,0.8046875
0,35,IDLGated,one_shot_7,one_shot,1,0.9895833134651184,0.0,0.0,0.010986942797899246,0.03965073644833909,0.884765625
0,36,MLP,recurring_0,recurring,7,1.0,1.0,0.0,1.0,0.0,0.8359375
0,36,ChevronSlow,recurring_0,recurring,7,1.0,1.0,1.0,1.0,0.009180755648979124,0.841796875
0,36,IDLGated,recurring_0,recurring,7,0.875,0.9166666865348816,0.90625,0.9999985694885254,0.01013053143688298,0.88671875
0,37,MLP,recurring_1,recurring,9,1.0,1.0,0.0,1.0,0.0,0.83984375
0,37,ChevronSlow,recurring_1,recurring,9,1.0,1.0,1.0,1.0,0.006170704516743741,0.859375
0,37,IDLGated,recurring_1,recurring,9,1.0,1.0,1.0,1.0,0.010143128176473948,0.900390625
0,38,MLP,one_shot_5,one_shot,1,0.9479166865348816,0.4791666567325592,0.0,1.0,0.0,0.7734375
0,38,ChevronSlow,one_shot_5,one_shot,1,0.90625,0.4479166567325592,0.71875,1.0,0.017205983222378166,0.859375
0,38,IDLGated,one_shot_5,one_shot,1,0.8645833134651184,0.3333333432674408,0.3333333432674408,0.010986942797899246,0.019070279946243038,0.900390625
0,39,MLP,recurring_2,recurring,6,1.0,0.84375,0.0,1.0,0.0,0.85546875
0,39,ChevronSlow,recurring_2,recurring,6,1.0,0.8541666865348816,0.9791666865348816,1.0,0.015633750428970937,0.875
0,39,IDLGated,recurring_2,recurring,6,1.0,0.875,0.9791666865348816,0.9999724626541138,0.010562039665831583,0.904296875
0,40,MLP,one_shot_15,one_shot,1,1.0,0.1979166716337204,0.0,1.0,0.0,0.5703125
0,40,ChevronSlow,one_shot_15,one_shot,1,1.0,0.1041666641831398,0.625,1.0,0.02498642999815445,0.767578125
0,40,IDLGated,one_shot_15,one_shot,1,1.0,0.0,0.0,0.010986942797899246,0.03943854266187144,0.90234375
0,41,MLP,one_shot_3,one_shot,1,1.0,1.0,0.0,1.0,0.0,0.677734375
0,41,ChevronSlow,one_shot_3,one_shot,1,1.0,0.8020833134651184,0.96875,1.0,0.011051622272259797,0.74609375
0,41,IDLGated,one_shot_3,one_shot,1,0.9583333134651184,0.0520833320915699,0.0520833320915699,0.010986942797899246,0.029939367613333257,0.90234375
0,42,MLP,recurring_2,recurring,7,1.0,1.0,0.0,1.0,0.0,0.814453125
0,42,ChevronSlow,recurring_2,recurring,7,1.0,1.0,1.0,1.0,0.013994744197257956,0.828125
0,42,IDLGated,recurring_2,recurring,7,1.0,0.9895833134651184,1.0,0.9999985694885254,0.006964946204133575,0.90234375
0,43,MLP,recurring_3,recurring,8,1.0,0.875,0.0,1.0,0.0,0.740234375
0,43,ChevronSlow,recurring_3,recurring,8,1.0,0.8958333134651184,0.96875,1.0,0.008026554622204751,0.814453125
0,43,IDLGated,recurring_3,recurring,8,1.0,0.53125,0.75,0.9999998807907104,0.009431775316686835,0.880859375
0,44,MLP,recurring_0,recurring,8,1.0,1.0,0.0,1.0,0.0,0.845703125
0,44,ChevronSlow,recurring_0,recurring,8,1.0,1.0,1.0,1.0,0.006841610054707213,0.841796875
0,44,IDLGated,recurring_0,recurring,8,0.9270833134651184,0.9166666865348816,0.9166666865348816,0.9999998807907104,0.006777976025399415,0.890625
0,45,MLP,recurring_0,recurring,9,1.0,1.0,0.0,1.0,0.0,0.853515625
0,45,ChevronSlow,recurring_0,recurring,9,1.0,1.0,1.0,1.0,0.0041315634025434955,0.8515625
0,45,IDLGated,recurring_0,recurring,9,1.0,0.9791666865348816,1.0,1.0,0.010206092739521236,0.880859375
0,46,MLP,recurring_3,recurring,9,1.0,0.7604166865348816,0.0,1.0,0.0,0.775390625
0,46,ChevronSlow,recurring_3,recurring,9,1.0,0.78125,0.9479166865348816,1.0,0.006988135763750518,0.822265625
0,46,IDLGated,recurring_3,recurring,9,0.9895833134651184,0.6041666865348816,0.8958333134651184,1.0,0.009881626497661696,0.873046875
0,47,MLP,recurring_2,recurring,8,0.8541666865348816,1.0,0.0,1.0,0.0,0.876953125
0,47,ChevronSlow,recurring_2,recurring,8,0.8645833134651184,1.0,0.9895833134651184,1.0,0.009564888594062642,0.86328125
0,47,IDLGated,recurring_2,recurring,8,0.8333333134651184,0.9895833134651184,0.9375,0.9999998807907104,0.010711208518234115,0.888671875
0,48,MLP,recurring_1,recurring,10,1.0,1.0,0.0,1.0,0.0,0.900390625
0,48,ChevronSlow,recurring_1,recurring,10,1.0,1.0,1.0,1.0,0.009865879561705196,0.890625
0,48,IDLGated,recurring_1,recurring,10,0.9791666865348816,1.0,1.0,1.0,0.011476905566295638,0.923828125
0,49,MLP,recurring_2,recurring,9,0.9791666865348816,0.8125,0.0,1.0,0.0,0.873046875
0,49,ChevronSlow,recurring_2,recurring,9,1.0,0.8958333134651184,0.9583333134651184,1.0,0.006062842459176032,0.88671875
0,49,IDLGated,recurring_2,recurring,9,0.9791666865348816,0.8229166865348816,0.9270833134651184,1.0,0.007985552046410271,0.923828125
0,50,MLP,one_shot_1,one_shot,1,0.9791666865348816,0.4583333432674408,0.0,1.0,0.0,0.779296875
0,50,ChevronSlow,one_shot_1,one_shot,1,0.9895833134651184,0.3541666567325592,0.6666666865348816,1.0,0.020201379283974807,0.8828125
0,50,IDLGated,one_shot_1,one_shot,1,0.9791666865348816,0.2604166567325592,0.2604166567325592,0.010986942797899246,0.028157958773030373,0.923828125
0,51,MLP,recurring_3,recurring,10,1.0,0.7083333134651184,0.0,1.0,0.0,0.728515625
0,51,ChevronSlow,recurring_3,recurring,10,1.0,0.46875,0.84375,1.0,0.012119343835169164,0.83203125
0,51,IDLGated,recurring_3,recurring,10,1.0,0.34375,0.84375,1.0,0.014237374128031145,0.888671875
0,52,MLP,one_shot_4,one_shot,1,0.7291666865348816,0.5208333134651184,0.0,1.0,0.0,0.80859375
0,52,ChevronSlow,one_shot_4,one_shot,1,0.8020833134651184,0.3541666567325592,0.5416666865348816,1.0,0.020392041348884917,0.84765625
0,52,IDLGated,one_shot_4,one_shot,1,0.8125,0.3229166567325592,0.3333333432674408,0.010986942797899246,0.019711384693496963,0.890625
0,53,MLP,recurring_0,recurring,10,1.0,1.0,0.0,1.0,0.0,0.8359375
0,53,ChevronSlow,recurring_0,recurring,10,1.0,0.9895833134651184,0.9895833134651184,1.0,0.007944047784174303,0.859375
0,53,IDLGated,recurring_0,recurring,10,0.9895833134651184,0.9791666865348816,0.9895833134651184,1.0,0.005794177712231278,0.888671875
0,54,MLP,recurring_2,recurring,10,0.96875,1.0,0.0,1.0,0.0,0.908203125
0,54,ChevronSlow,recurring_2,recurring,10,0.9166666865348816,1.0,0.9895833134651184,1.0,0.00738896590813918,0.888671875
0,54,IDLGated,recurring_2,recurring,10,0.9479166865348816,0.9895833134651184,0.9791666865348816,1.0,0.009293431669404785,0.90625
0,55,MLP,one_shot_0,one_shot,1,1.0,0.0,0.0,1.0,0.0,0.548828125
0,55,ChevronSlow,one_shot_0,one_shot,1,1.0,0.0,0.1979166716337204,1.0,0.02929812142984093,0.767578125
0,55,IDLGated,one_shot_0,one_shot,1,0.9791666865348816,0.0,0.0,0.010986942797899246,0.04085197152130844,0.90625
1,0,MLP,one_shot_14,one_shot,1,1.0,0.3854166567325592,0.0,1.0,0.0,0.904296875
1,0,ChevronSlow,one_shot_14,one_shot,1,1.0,0.3854166567325592,0.7083333134651184,1.0,0.030905885165969905,0.958984375
1,0,IDLGated,one_shot_14,one_shot,1,1.0,0.3645833432674408,0.3645833432674408,0.010986942797899246,0.027579828001984195,0.98828125
1,1,MLP,recurring_3,recurring,1,0.8229166865348816,0.0,0.0,1.0,0.0,0.765625
1,1,ChevronSlow,recurring_3,recurring,1,0.8645833134651184,0.0,0.0625,1.0,0.05862784079363831,0.921875
1,1,IDLGated,recurring_3,recurring,1,0.8645833134651184,0.0,0.0,0.010986942797899246,0.06254837481825123,0.98828125
1,2,MLP,one_shot_1,one_shot,1,0.7708333134651184,0.02083333395421505,0.0,1.0,0.0,0.66796875
1,2,ChevronSlow,one_shot_1,one_shot,1,1.0,0.0,0.0,1.0,0.057341250029599854,0.88671875
1,2,IDLGated,one_shot_1,one_shot,1,1.0,0.0,0.0,0.010986942797899246,0.11864040467234455,0.990234375
1,3,MLP,recurring_0,recurring,1,0.90625,0.3958333432674408,0.0,1.0,0.0,0.701171875
1,3,ChevronSlow,recurring_0,recurring,1,1.0,0.0,0.0,1.0,0.04139719796480327,0.853515625
1,3,IDLGated,recurring_0,recurring,1,1.0,0.0,0.0,0.010986942797899246,0.11828748074325507,0.9921875
1,4,MLP,one_shot_3,one_shot,1,0.9479166865348816,0.9895833134651184,0.0,1.0,0.0,0.765625
1,4,ChevronSlow,one_shot_3,one_shot,1,1.0,0.03125,0.3020833432674408,1.0,0.0292776121183916,0.83984375
1,4,IDLGated,one_shot_3,one_shot,1,0.7708333134651184,0.0,0.0,0.010986942797899246,0.0892298454074009,0.9921875
1,5,MLP,one_shot_11,one_shot,1,1.0,0.1041666641831398,0.0,1.0,0.0,0.677734375
1,5,ChevronSlow,one_shot_11,one_shot,1,1.0,0.1041666641831398,0.5833333134651184,1.0,0.0243060731823118,0.828125
1,5,IDLGated,one_shot_11,one_shot,1,0.8541666865348816,0.0520833320915699,0.0520833320915699,0.010986942797899246,0.03644342284291795,0.9921875
1,6,MLP,recurring_1,recurring,1,0.7916666865348816,0.1666666716337204,0.0,1.0,0.0,0.8203125
1,6,ChevronSlow,recurring_1,recurring,1,0.78125,0.010416666977107525,0.28125,1.0,0.03363802566250731,0.84765625
1,6,IDLGated,recurring_1,recurring,1,0.7708333134651184,0.0,0.0,0.010986942797899246,0.0408675636476592,0.994140625
1,7,MLP,one_shot_10,one_shot,1,1.0,0.625,0.0,1.0,0.0,0.76953125
1,7,ChevronSlow,one_shot_10,one_shot,1,1.0,0.3125,0.7604166865348816,1.0,0.02296623915930003,0.80078125
1,7,IDLGated,one_shot_10,one_shot,1,0.7916666865348816,0.0,0.0,0.010986942797899246,0.06444998459017609,0.994140625
1,8,MLP,one_shot_7,one_shot,1,0.9479166865348816,0.6145833134651184,0.0,1.0,0.0,0.755859375
1,8,ChevronSlow,one_shot_7,one_shot,1,1.0,0.625,0.75,1.0,0.021725898476188554,0.841796875
1,8,IDLGated,one_shot_7,one_shot,1,0.9583333134651184,0.03125,0.0416666679084301,0.010986942797899246,0.041120006146969985,0.9921875
1,9,MLP,recurring_0,recurring,2,1.0,0.0416666679084301,0.0,1.0,0.0,0.638671875
1,9,ChevronSlow,recurring_0,recurring,2,1.0,0.0416666679084301,0.5729166865348816,1.0,0.01583964120955011,0.7890625
1,9,IDLGated,recurring_0,recurring,2,1.0,0.0,0.0,0.18242552876472473,0.11712239148148107,0.994140625
1,10,MLP,recurring_2,recurring,1,0.7708333134651184,0.1979166716337204,0.0,1.0,0.0,0.744140625
1,10,ChevronSlow,recurring_2,recurring,1,0.96875,0.0833333358168602,0.4375,1.0,0.024143804914478244,0.8046875
1,10,IDLGated,recurring_2,recurring,1,0.9791666865348816,0.010416666977107525,0.010416666977107525,0.010986942797899246,0.033183170854704964,0.9921875
1,11,MLP,recurring_1,recurring,2,1.0,1.0,0.0,1.0,0.0,0.759765625
1,11,ChevronSlow,recurring_1,recurring,2,0.96875,0.4270833432674408,0.7083333134651184,1.0,0.016800628413432325,0.787109375
1,11,IDLGated,recurring_1,recurring,2,0.8229166865348816,0.0,0.0,0.18242552876472473,0.0346583930293383,0.990234375
1,12,MLP,recurring_2,recurring,2,0.9895833134651184,0.9895833134651184,0.0,1.0,0.0,0.83203125
1,12,ChevronSlow,recurring_2,recurring,2,0.7708333134651184,0.84375,0.8020833134651184,1.0,0.015154491337295196,0.83203125
1,12,IDLGated,recurring_2,recurring,2,0.65625,0.0520833320915699,0.1145833358168602,0.18242552876472473,0.028653334735428925,0.986328125
1,13,MLP,recurring_3,recurring,2,1.0,0.0,0.0,1.0,0.0,0.541015625
1,13,ChevronSlow,recurring_3,recurring,2,1.0,0.0,0.2083333283662796,1.0,0.03640799792816319,0.87109375
1,13,IDLGated,recurring_3,recurring,2,0.9583333134651184,0.0,0.0,0.18242552876472473,0.06760482627153676,0.970703125
1,14,MLP,one_shot_9,one_shot,1,1.0,1.0,0.0,1.0,0.0,0.83203125
1,14,ChevronSlow,one_shot_9,one_shot,1,1.0,1.0,1.0,1.0,0.01238470311804383,0.89453125
1,14,IDLGated,one_shot_9,one_shot,1,0.8229166865348816,0.5520833134651184,0.5520833134651184,0.010986942797899246,0.009162316468928636,0.96875
1,15,MLP,recurring_0,recurring,3,1.0,0.0,0.0,1.0,0.0,0.541015625
1,15,ChevronSlow,recurring_0,recurring,3,1.0,0.0,0.2395833283662796,1.0,0.023748055610805948,0.83203125
1,15,IDLGated,recurring_0,recurring,3,1.0,0.0,0.0,0.8175744414329529,0.10063304437981282,0.97265625
1,16,MLP,recurring_0,recurring,4,1.0,1.0,0.0,1.0,0.0,0.544921875
1,16,ChevronSlow,recurring_0,recurring,4,1.0,0.1458333283662796,1.0,1.0,0.012509860000885373,0.728515625
1,16,IDLGated,recurring_0,recurring,4,1.0,0.0,0.0,0.9890130758285522,0.05990779619379459,0.935546875
1,17,MLP,recurring_1,recurring,3,1.0,0.78125,0.0,1.0,0.0,0.6796875
1,17,ChevronSlow,recurring_1,recurring,3,0.96875,0.125,0.53125,1.0,0.02011974378326758,0.734375
1,17,IDLGated,recurring_1,recurring,3,1.0,0.0520833320915699,0.28125,0.8175744414329529,0.027370670947713126,0.90625
1,18,MLP,one_shot_0,one_shot,1,1.0,0.9479166865348816,0.0,1.0,0.0,0.78125
1,18,ChevronSlow,one_shot_0,one_shot,1,0.8958333134651184,0.7916666865348816,0.875,1.0,0.018962071767799762,0.830078125
1,18,IDLGated,one_shot_0,one_shot,1,0.5,0.2916666567325592,0.2916666567325592,0.010986942797899246,0.019358304640793217,0.90625
1,19,MLP,recurring_0,recurring,5,1.0,0.15625,0.0,1.0,0.0,0.54296875
1,19,ChevronSlow,recurring_0,recurring,5,1.0,0.1979166716337204,0.9583333134651184,1.0,0.01379499500158362,0.740234375
1,19,IDLGated,recurring_0,recurring,5,1.0,0.0,0.0,0.9994471669197083,0.027587120296377558,0.810546875
1,20,MLP,recurring_0,recurring,6,1.0,1.0,0.0,1.0,0.0,0.5546875
1,20,ChevronSlow,recurring_0,recurring,6,1.0,0.9375,1.0,1.0,0.017588343201101666,0.701171875
1,20,IDLGated,recurring_0,recurring,6,1.0,0.0,0.09375,0.9999724626541138,0.020032585138167445,0.66796875
1,21,MLP,recurring_2,recurring,3,1.0,0.0729166641831398,0.0,1.0,0.0,0.55078125
1,21,ChevronSlow,recurring_2,recurring,3,1.0,0.0,0.59375,1.0,0.031092589322945337,0.830078125
1,21,IDLGated,recurring_2,recurring,3,1.0,0.6666666865348816,0.9895833134651184,0.8175744414329529,0.022275007816479828,0.794921875
1,22,MLP,recurring_1,recurring,4,1.0,1.0,0.0,1.0,0.0,0.703125
1,22,ChevronSlow,recurring_1,recurring,4,1.0,0.3020833432674408,0.7916666865348816,1.0,0.019859441601470598,0.724609375
1,22,IDLGated,recurring_1,recurring,4,1.0,0.9479166865348816,1.0,0.9890130758285522,0.012952453918822424,0.751953125
1,23,MLP,recurring_2,recurring,4,1.0,1.0,0.0,1.0,0.0,0.751953125
1,23,ChevronSlow,recurring_2,recurring,4,1.0,0.8229166865348816,1.0,1.0,0.0131377433757161,0.7265625
1,23,IDLGated,recurring_2,recurring,4,1.0,1.0,1.0,0.9890130758285522,0.009946390125400328,0.7734375
1,24,MLP,recurring_3,recurring,3,1.0,0.0,0.0,1.0,0.0,0.501953125
1,24,ChevronSlow,recurring_3,recurring,3,1.0,0.0,0.5625,1.0,0.028021977770600847,0.7890625
1,24,IDLGated,recurring_3,recurring,3,1.0,0.0625,0.4166666567325592,0.8175744414329529,0.018725617969521994,0.677734375
1,25,MLP,recurring_1,recurring,5,1.0,1.0,0.0,1.0,0.0,0.767578125
1,25,ChevronSlow,recurring_1,recurring,5,0.9270833134651184,0.2604166567325592,0.53125,1.0,0.020775672534697382,0.857421875
1,25,IDLGated,recurring_1,recurring,5,1.0,1.0,1.0,0.9994471669197083,0.016960009007400276,0.783203125
1,26,MLP,one_shot_6,one_shot,1,0.96875,0.7708333134651184,0.0,1.0,0.0,0.802734375
1,26,ChevronSlow,one_shot_6,one_shot,1,0.875,0.7708333134651184,0.8125,1.0,0.010678294530143122,0.892578125
1,26,IDLGated,one_shot_6,one_shot,1,0.84375,0.8229166865348816,0.8229166865348816,0.010986942797899246,0.011264246501324333,0.783203125
1,27,MLP,recurring_3,recurring,4,1.0,0.1458333283662796,0.0,1.0,0.0,0.56640625
1,27,ChevronSlow,recurring_3,recurring,4,1.0,0.0,0.7708333134651184,1.0,0.022994673665236803,0.755859375
1,27,IDLGated,recurring_3,recurring,4,1.0,0.010416666977107525,0.34375,0.9890130758285522,0.021020968613801018,0.681640625
1,28,MLP,recurring_2,recurring,5,0.9375,0.2604166567325592,0.0,1.0,0.0,0.833984375
1,28,ChevronSlow,recurring_2,recurring,5,0.8541666865348816,0.1770833283662796,0.4791666567325592,1.0,0.019721559874359775,0.923828125
1,28,IDLGated,recurring_2,recurring,5,0.9583333134651184,1.0,1.0,0.9994471669197083,0.016102844690173913,0.8125
1,29,MLP,recurring_0,recurring,7,1.0,0.0,0.0,1.0,0.0,0.5234375
1,29,ChevronSlow,recurring_0,recurring,7,1.0,0.0,0.010416666977107525,1.0,0.02042742751178739,0.83203125
1,29,IDLGated,recurring_0,recurring,7,1.0,0.0,0.0,0.9999985694885254,0.017141071086395107,0.73046875
1,30,MLP,recurring_3,recurring,5,1.0,1.0,0.0,1.0,0.0,0.56640625
1,30,ChevronSlow,recurring_3,recurring,5,1.0,0.4791666567325592,0.84375,1.0,0.011324918491002232,0.75
1,30,IDLGated,recurring_3,recurring,5,1.0,0.2916666567325592,1.0,0.9994471669197083,0.01102125807429871,0.505859375
1,31,MLP,recurring_1,recurring,6,1.0,0.6666666865348816,0.0,1.0,0.0,0.787109375
1,31,ChevronSlow,recurring_1,recurring,6,0.9479166865348816,0.1979166716337204,0.5416666865348816,1.0,0.022882259103249234,0.880859375
1,31,IDLGated,recurring_1,recurring,6,0.96875,1.0,1.0,0.9999724626541138,0.014461529507068003,0.7734375
1,32,MLP,recurring_1,recurring,7,1.0,1.0,0.0,1.0,0.0,0.80078125
1,32,ChevronSlow,recurring_1,recurring,7,0.9270833134651184,0.4791666567325592,0.78125,1.0,0.01937329510266838,0.861328125
1,32,IDLGated,recurring_1,recurring,7,1.0,1.0,1.0,0.9999985694885254,0.0072349308043513855,0.759765625
1,33,MLP,one_shot_15,one_shot,1,1.0,0.6770833134651184,0.0,1.0,0.0,0.7734375
1,33,ChevronSlow,one_shot_15,one_shot,1,1.0,0.53125,0.8229166865348816,1.0,0.020083124267105987,0.865234375
1,33,IDLGated,one_shot_15,one_shot,1,0.9583333134651184,0.7916666865348816,0.7916666865348816,0.010986942797899246,0.017958610863849835,0.759765625
1,34,MLP,recurring_2,recurring,6,1.0,0.40625,0.0,1.0,0.0,0.83984375
1,34,ChevronSlow,recurring_2,recurring,6,0.90625,0.28125,0.8541666865348816,1.0,0.023941376318248192,0.9140625
1,34,IDLGated,recurring_2,recurring,6,1.0,1.0,1.0,0.9999724626541138,0.011409876034130989,0.8125
1,35,MLP,recurring_0,recurring,8,1.0,0.0,0.0,1.0,0.0,0.48828125
1,35,ChevronSlow,recurring_0,recurring,8,1.0,0.0,0.0,1.0,0.023044832547371105,0.89453125
1,35,IDLGated,recurring_0,recurring,8,1.0,0.0,0.0,0.9999998807907104,0.0193620692560027,0.759765625
1,36,MLP,recurring_3,recurring,6,1.0,1.0,0.0,1.0,0.0,0.48828125
1,36,ChevronSlow,recurring_3,recurring,6,1.0,0.1145833358168602,1.0,1.0,0.014881806846308755,0.734375
1,36,IDLGated,recurring_3,recurring,6,1.0,0.09375,1.0,0.9999724626541138,0.01237396620475077,0.48828125
1,37,MLP,one_shot_4,one_shot,1,0.9791666865348816,1.0,0.0,1.0,0.0,0.78515625
1,37,ChevronSlow,one_shot_4,one_shot,1,0.7916666865348816,0.4375,0.6041666865348816,1.0,0.020587103027919103,0.912109375
1,37,IDLGated,one_shot_4,one_shot,1,0.8020833134651184,1.0,1.0,0.010986942797899246,0.01681792570570334,0.48828125
1,38,MLP,one_shot_13,one_shot,1,1.0,0.7708333134651184,0.0,1.0,0.0,0.701171875
1,38,ChevronSlow,one_shot_13,one_shot,1,1.0,0.4166666567325592,1.0,1.0,0.02060850081724078,0.859375
1,38,IDLGated,one_shot_13,one_shot,1,1.0,1.0,1.0,0.010986942797899246,0.01863390543612767,0.48828125
1,39,MLP,recurring_1,recurring,8,1.0,0.4166666567325592,0.0,1.0,0.0,0.556640625
1,39,ChevronSlow,recurring_1,recurring,8,1.0,0.0833333358168602,0.6458333134651184,1.0,0.022929639038247945,0.888671875
1,39,IDLGated,recurring_1,recurring,8,1.0,1.0,1.0,0.9999998807907104,0.0157624089725239,0.724609375
1,40,MLP,one_shot_5,one_shot,1,1.0,1.0,0.0,1.0,0.0,0.578125
1,40,ChevronSlow,one_shot_5,one_shot,1,1.0,0.0,0.3958333432674408,1.0,0.018944798623158537,0.771484375
1,40,IDLGated,one_shot_5,one_shot,1,1.0,0.2604166567325592,0.2708333432674408,0.010986942797899246,0.017240116862378314,0.724609375
1,41,MLP,one_shot_8,one_shot,1,1.0,1.0,0.0,1.0,0.0,0.69921875
1,41,ChevronSlow,one_shot_8,one_shot,1,1.0,0.84375,0.9895833134651184,1.0,0.01595967636981852,0.76171875
1,41,IDLGated,one_shot_8,one_shot,1,0.9479166865348816,1.0,1.0,0.010986942797899246,0.013358190536090239,0.7265625
1,42,MLP,recurring_2,recurring,7,1.0,0.375,0.0,1.0,0.0,0.84765625
1,42,ChevronSlow,recurring_2,recurring,7,0.9479166865348816,0.25,0.8854166865348816,1.0,0.025346618175355596,0.896484375
1,42,IDLGated,recurring_2,recurring,7,1.0,1.0,1.0,0.9999985694885254,0.010996048244908175,0.796875
1,43,MLP,recurring_3,recurring,7,1.0,0.0,0.0,1.0,0.0,0.49609375
1,43,ChevronSlow,recurring_3,recurring,7,1.0,0.010416666977107525,0.6770833134651184,1.0,0.018017252333220105,0.794921875
1,43,IDLGated,recurring_3,recurring,7,1.0,0.010416666977107525,0.90625,0.9999985694885254,0.01744053930492523,0.564453125
1,44,MLP,recurring_2,recurring,8,1.0,1.0,0.0,1.0,0.0,0.8125
1,44,ChevronSlow,recurring_2,recurring,8,1.0,0.375,0.9583333134651184,1.0,0.020692623765074327,0.916015625
1,44,IDLGated,recurring_2,recurring,8,1.0,1.0,1.0,0.9999998807907104,0.0150211648938547,0.818359375
1,45,MLP,recurring_0,recurring,9,1.0,0.0,0.0,1.0,0.0,0.48828125
1,45,ChevronSlow,recurring_0,recurring,9,1.0,0.0,0.0,1.0,0.02216447828849668,0.853515625
1,45,IDLGated,recurring_0,recurring,9,1.0,0.0,0.8854166865348816,1.0,0.015455025640523628,0.548828125
1,46,MLP,one_shot_12,one_shot,1,1.0,1.0,0.0,1.0,0.0,0.48828125
1,46,ChevronSlow,one_shot_12,one_shot,1,1.0,0.1041666641831398,0.9270833134651184,1.0,0.01861809070515985,0.724609375
1,46,IDLGated,one_shot_12,one_shot,1,1.0,1.0,1.0,0.010986942797899246,0.012157310210128114,0.548828125
1,47,MLP,recurring_3,recurring,8,1.0,1.0,0.0,1.0,0.0,0.509765625
1,47,ChevronSlow,recurring_3,recurring,8,1.0,0.375,1.0,1.0,0.01856639407201774,0.62890625
1,47,IDLGated,recurring_3,recurring,8,1.0,1.0,1.0,0.9999998807907104,0.013766559079487456,0.53125
1,48,MLP,recurring_1,recurring,9,1.0,1.0,0.0,1.0,0.0,0.58203125
1,48,ChevronSlow,recurring_1,recurring,9,0.96875,0.03125,0.5520833134651184,1.0,0.023048895230562652,0.88671875
1,48,IDLGated,recurring_1,recurring,9,0.9479166865348816,0.5833333134651184,0.8958333134651184,1.0,0.020203532304446457,0.828125
1,49,MLP,recurring_2,recurring,9,1.0,1.0,0.0,1.0,0.0,0.833984375
1,49,ChevronSlow,recurring_2,recurring,9,1.0,0.5520833134651184,1.0,1.0,0.016197296355937762,0.86328125
1,49,IDLGated,recurring_2,recurring,9,1.0,1.0,1.0,1.0,0.013798276644909728,0.830078125
1,50,MLP,one_shot_2,one_shot,1,1.0,0.0,0.0,1.0,0.0,0.509765625
1,50,ChevronSlow,one_shot_2,one_shot,1,1.0,0.0,0.3229166567325592,1.0,0.014735385898689725,0.822265625
1,50,IDLGated,one_shot_2,one_shot,1,1.0,0.0,0.0,0.010986942797899246,0.01672721795462692,0.830078125
1,51,MLP,recurring_0,recurring,10,1.0,1.0,0.0,1.0,0.0,0.5
1,51,ChevronSlow,recurring_0,recurring,10,1.0,0.0,1.0,1.0,0.019502244488966834,0.705078125
1,51,IDLGated,recurring_0,recurring,10,1.0,0.0,0.0,1.0,0.021531929557971827,0.873046875
1,52,MLP,recurring_3,recurring,9,1.0,1.0,0.0,1.0,0.0,0.521484375
1,52,ChevronSlow,recurring_3,recurring,9,1.0,0.2291666716337204,0.9895833134651184,1.0,0.020337136472736543,0.681640625
1,52,IDLGated,recurring_3,recurring,9,0.90625,0.0,0.8020833134651184,1.0,0.013412403856113687,0.685546875
1,53,MLP,recurring_1,recurring,10,1.0,1.0,0.0,1.0,0.0,0.5390625
1,53,ChevronSlow,recurring_1,recurring,10,0.9375,0.0833333358168602,0.46875,1.0,0.020277201146553618,0.8671875
1,53,IDLGated,recurring_1,recurring,10,0.9895833134651184,0.2708333432674408,0.7083333134651184,1.0,0.01585946793336807,0.857421875
1,54,MLP,recurring_3,recurring,10,1.0,1.0,0.0,1.0,0.0,0.595703125
1,54,ChevronSlow,recurring_3,recurring,10,1.0,0.2083333283662796,0.78125,1.0,0.015998769591852566,0.775390625
1,54,IDLGated,recurring_3,recurring,10,1.0,0.0,0.9583333134651184,1.0,0.015899648292329756,0.677734375
1,55,MLP,recurring_2,recurring,10,1.0,0.2708333432674408,0.0,1.0,0.0,0.84765625
1,55,ChevronSlow,recurring_2,recurring,10,0.9895833134651184,0.1145833358168602,0.75,1.0,0.023876747308929438,0.92578125
1,55,IDLGated,recurring_2,recurring,10,1.0,0.5104166865348816,0.9166666865348816,1.0,0.018514751412427383,0.875
2,0,MLP,recurring_1,recurring,1,0.6875,0.0729166641831398,0.0,1.0,0.0,0.78125
2,0,ChevronSlow,recurring_1,recurring,1,0.6770833134651184,0.0729166641831398,0.2916666567325592,1.0,0.05084783985245536,0.9296875
2,0,IDLGated,recurring_1,recurring,1,0.8333333134651184,0.0833333358168602,0.0833333358168602,0.010986942797899246,0.051150659769770644,0.982421875
2,1,MLP,recurring_3,recurring,1,0.7604166865348816,0.9270833134651184,0.0,1.0,0.0,0.8671875
2,1,ChevronSlow,recurring_3,recurring,1,0.7604166865348816,0.375,0.5,1.0,0.018267632909993874,0.88671875
2,1,IDLGated,recurring_3,recurring,1,0.7604166865348816,0.0520833320915699,0.0520833320915699,0.010986942797899246,0.035903070473423074,0.982421875
2,2,MLP,recurring_0,recurring,1,0.7604166865348816,0.0,0.0,1.0,0.0,0.705078125
2,2,ChevronSlow,recurring_0,recurring,1,0.71875,0.0,0.0,1.0,0.07711975023941799,0.859375
2,2,IDLGated,recurring_0,recurring,1,0.6979166865348816,0.0,0.0,0.010986942797899246,0.10715765717671503,0.982421875
2,3,MLP,recurring_2,recurring,1,1.0,1.0,0.0,1.0,0.0,0.85546875
2,3,ChevronSlow,recurring_2,recurring,1,1.0,1.0,1.0,1.0,0.012905899322288588,0.861328125
2,3,IDLGated,recurring_2,recurring,1,0.9583333134651184,0.2708333432674408,0.2708333432674408,0.010986942797899246,0.03978313810639082,0.982421875
2,4,MLP,one_shot_15,one_shot,1,0.875,0.8333333134651184,0.0,1.0,0.0,0.85546875
2,4,ChevronSlow,one_shot_15,one_shot,1,0.8541666865348816,0.7083333134651184,0.7916666865348816,1.0,0.015700958017231186,0.857421875
2,4,IDLGated,one_shot_15,one_shot,1,0.8958333134651184,0.125,0.1354166716337204,0.010986942797899246,0.05132980253096518,0.982421875
2,5,MLP,recurring_3,recurring,2,0.9375,0.8125,0.0,1.0,0.0,0.833984375
2,5,ChevronSlow,recurring_3,recurring,2,0.9791666865348816,0.8541666865348816,0.90625,1.0,0.02202537910676931,0.841796875
2,5,IDLGated,recurring_3,recurring,2,0.9375,0.1458333283662796,0.1875,0.18242552876472473,0.06318615930876947,0.974609375
2,6,MLP,recurring_0,recurring,2,0.9791666865348816,0.0,0.0,1.0,0.0,0.72265625
2,6,ChevronSlow,recurring_0,recurring,2,0.9895833134651184,0.0,0.1666666716337204,1.0,0.02851963287352676,0.8046875
2,6,IDLGated,recurring_0,recurring,2,0.8125,0.0,0.0,0.18242552876472473,0.09757705864135474,0.970703125
2,7,MLP,recurring_1,recurring,2,0.8958333134651184,0.5729166865348816,0.0,1.0,0.0,0.783203125
2,7,ChevronSlow,recurring_1,recurring,2,0.96875,0.46875,0.6354166865348816,1.0,0.01686579284849041,0.814453125
2,7,IDLGated,recurring_1,recurring,2,0.9166666865348816,0.0520833320915699,0.1666666716337204,0.18242552876472473,0.03629848256862866,0.962890625
2,8,MLP,recurring_2,recurring,2,1.0,1.0,0.0,1.0,0.0,0.833984375
2,8,ChevronSlow,recurring_2,recurring,2,1.0,1.0,1.0,1.0,0.009302127610723963,0.833984375
2,8,IDLGated,recurring_2,recurring,2,1.0,0.4895833432674408,0.5,0.18242552876472473,0.03529940403669027,0.955078125
2,9,MLP,one_shot_3,one_shot,1,1.0,0.46875,0.0,1.0,0.0,0.791015625
2,9,ChevronSlow,one_shot_3,one_shot,1,0.9895833134651184,0.53125,0.8125,1.0,0.014885335906641605,0.822265625
2,9,IDLGated,one_shot_3,one_shot,1,0.8958333134651184,0.0,0.0,0.010986942797899246,0.048645493847219,0.955078125
2,10,MLP,one_shot_2,one_shot,1,0.9479166865348816,0.3125,0.0,1.0,0.0,0.8046875
2,10,ChevronSlow,one_shot_2,one_shot,1,0.9791666865348816,0.2916666567325592,0.65625,1.0,0.029458456720371937,0.83203125
2,10,IDLGated,one_shot_2,one_shot,1,0.9791666865348816,0.5,0.5,0.010986942797899246,0.02150653242326407,0.955078125
2,11,MLP,recurring_3,recurring,3,1.0,0.9479166865348816,0.0,1.0,0.0,0.80859375
2,11,ChevronSlow,recurring_3,recurring,3,1.0,0.9270833134651184,0.9791666865348816,1.0,0.014288320193765499,0.828125
2,11,IDLGated,recurring_3,recurring,3,0.9375,0.34375,0.5416666865348816,0.8175744414329529,0.031471885963719325,0.90625
2,12,MLP,recurring_0,recurring,3,0.9895833134651184,0.02083333395421505,0.0,1.0,0.0,0.703125
2,12,ChevronSlow,recurring_0,recurring,3,1.0,0.0,0.1354166716337204,1.0,0.029929436941193918,0.810546875
2,12,IDLGated,recurring_0,recurring,3,0.9791666865348816,0.0,0.0,0.8175744414329529,0.06596759924242053,0.892578125
2,13,MLP,recurring_1,recurring,3,0.9166666865348816,0.9479166865348816,0.0,1.0,0.0,0.76171875
2,13,ChevronSlow,recurring_1,recurring,3,0.9479166865348816,0.7395833134651184,0.8229166865348816,1.0,0.012973816726287809,0.80859375
2,13,IDLGated,recurring_1,recurring,3,0.9375,0.4375,0.59375,0.8175744414329529,0.02519119923358918,0.8671875
2,14,MLP,recurring_1,recurring,4,0.65625,0.8125,0.0,1.0,0.0,0.810546875
2,14,ChevronSlow,recurring_1,recurring,4,0.65625,0.7604166865348816,0.6979166865348816,1.0,0.004342886212020655,0.833984375
2,14,IDLGated,recurring_1,recurring,4,0.5416666865348816,0.5104166865348816,0.5208333134651184,0.9890130758285522,0.009270915753251343,0.86328125
2,15,MLP,one_shot_8,one_shot,1,0.9895833134651184,0.6875,0.0,1.0,0.0,0.818359375
2,15,ChevronSlow,one_shot_8,one_shot,1,0.9791666865348816,0.6458333134651184,0.875,1.0,0.019086856489547843,0.84375
2,15,IDLGated,one_shot_8,one_shot,1,0.9583333134651184,0.5729166865348816,0.5833333134651184,0.010986942797899246,0.019220928034567403,0.86328125
2,16,MLP,recurring_1,recurring,5,0.8125,0.3958333432674408,0.0,1.0,0.0,0.798828125
2,16,ChevronSlow,recurring_1,recurring,5,0.8958333134651184,0.4270833432674408,0.6666666865348816,1.0,0.014373462134960937,0.837890625
2,16,IDLGated,recurring_1,recurring,5,0.8229166865348816,0.5729166865348816,0.6875,0.9994471669197083,0.012422409157486816,0.85546875
2,17,MLP,recurring_0,recurring,4,0.9895833134651184,0.0416666679084301,0.0,1.0,0.0,0.677734375
2,17,ChevronSlow,recurring_0,recurring,4,1.0,0.0,0.28125,1.0,0.02199481345914562,0.779296875
2,17,IDLGated,recurring_0,recurring,4,0.9375,0.0,0.1145833358168602,0.9890130758285522,0.03414844411724215,0.810546875
2,18,MLP,recurring_2,recurring,3,1.0,1.0,0.0,1.0,0.0,0.822265625
2,18,ChevronSlow,recurring_2,recurring,3,1.0,1.0,1.0,1.0,0.00698676039669974,0.82421875
2,18,IDLGated,recurring_2,recurring,3,1.0,1.0,1.0,0.8175744414329529,0.0056732816470464395,0.833984375
2,19,MLP,recurring_1,recurring,6,0.8854166865348816,0.6458333134651184,0.0,1.0,0.0,0.81640625
2,19,ChevronSlow,recurring_1,recurring,6,0.8958333134651184,0.7291666865348816,0.84375,1.0,0.014557495244760523,0.833984375
2,19,IDLGated,recurring_1,recurring,6,0.8333333134651184,0.6458333134651184,0.7395833134651184,0.9999724626541138,0.0224424267360983,0.841796875
2,20,MLP,recurring_2,recurring,4,1.0,1.0,0.0,1.0,0.0,0.82421875
2,20,ChevronSlow,recurring_2,recurring,4,1.0,1.0,1.0,1.0,0.00784687174944114,0.841796875
2,20,IDLGated,recurring_2,recurring,4,1.0,1.0,1.0,0.9890130758285522,0.008426824460964216,0.85546875
2,21,MLP,recurring_3,recurring,4,0.96875,1.0,0.0,1.0,0.0,0.833984375
2,21,ChevronSlow,recurring_3,recurring,4,0.9166666865348816,1.0,0.9791666865348816,1.0,0.005995809404943956,0.84375
2,21,IDLGated,recurring_3,recurring,4,0.8125,0.9583333134651184,0.8854166865348816,0.9890130758285522,0.004543350088352568,0.85546875
2,22,MLP,recurring_2,recurring,5,1.0,1.0,0.0,1.0,0.0,0.873046875
2,22,ChevronSlow,recurring_2,recurring,5,0.9895833134651184,1.0,1.0,1.0,0.006140486246186308,0.865234375
2,22,IDLGated,recurring_2,recurring,5,0.96875,1.0,1.0,0.9994471669197083,0.00519061050933779,0.888671875
2,23,MLP,recurring_1,recurring,7,0.96875,0.4270833432674408,0.0,1.0,0.0,0.810546875
2,23,ChevronSlow,recurring_1,recurring,7,0.9895833134651184,0.4583333432674408,0.6979166865348816,1.0,0.014477677773164622,0.845703125
2,23,IDLGated,recurring_1,recurring,7,0.9895833134651184,0.40625,0.6041666865348816,0.9999985694885254,0.017019551806704388,0.861328125
2,24,MLP,one_shot_7,one_shot,1,0.9791666865348816,0.0,0.0,1.0,0.0,0.55859375
2,24,ChevronSlow,one_shot_7,one_shot,1,1.0,0.0,0.3854166567325592,1.0,0.0212669701226726,0.76953125
2,24,IDLGated,one_shot_7,one_shot,1,0.96875,0.0,0.0,0.010986942797899246,0.025061018434833687,0.861328125
2,25,MLP,recurring_2,recurring,6,1.0,1.0,0.0,1.0,0.0,0.791015625
2,25,ChevronSlow,recurring_2,recurring,6,1.0,1.0,1.0,1.0,0.007832111017174655,0.80078125
2,25,IDLGated,recurring_2,recurring,6,1.0,0.9895833134651184,1.0,0.9999724626541138,0.006536573105419307,0.8515625
2,26,MLP,recurring_3,recurring,5,1.0,1.0,0.0,1.0,0.0,0.830078125
2,26,ChevronSlow,recurring_3,recurring,5,1.0,1.0,1.0,1.0,0.01035900311687104,0.826171875
2,26,IDLGated,recurring_3,recurring,5,1.0,1.0,1.0,0.9994471669197083,0.009606336931445757,0.8515625
2,27,MLP,recurring_1,recurring,8,0.7708333134651184,0.7395833134651184,0.0,1.0,0.0,0.822265625
2,27,ChevronSlow,recurring_1,recurring,8,0.8125,0.8125,0.8020833134651184,1.0,0.006794831090591843,0.826171875
2,27,IDLGated,recurring_1,recurring,8,0.8333333134651184,0.7291666865348816,0.7916666865348816,0.9999998807907104,0.004086865680293336,0.853515625
2,28,MLP,one_shot_14,one_shot,1,1.0,0.9583333134651184,0.0,1.0,0.0,0.859375
2,28,ChevronSlow,one_shot_14,one_shot,1,1.0,0.9583333134651184,1.0,1.0,0.017899385273824408,0.861328125
2,28,IDLGated,one_shot_14,one_shot,1,0.9895833134651184,0.8958333134651184,0.8958333134651184,0.010986942797899246,0.019079371475537087,0.85546875
2,29,MLP,recurring_2,recurring,7,1.0,1.0,0.0,1.0,0.0,0.82421875
2,29,ChevronSlow,recurring_2,recurring,7,1.0,1.0,1.0,1.0,0.006752682397957808,0.841796875
2,29,IDLGated,recurring_2,recurring,7,1.0,1.0,1.0,0.9999985694885254,0.004782522684507041,0.8515625
2,30,MLP,one_shot_11,one_shot,1,1.0,0.28125,0.0,1.0,0.0,0.72265625
2,30,ChevronSlow,one_shot_11,one_shot,1,1.0,0.2083333283662796,0.5833333134651184,1.0,0.02548693375799974,0.8203125
2,30,IDLGated,one_shot_11,one_shot,1,0.96875,0.4375,0.4375,0.010986942797899246,0.02204442603364937,0.853515625
2,31,MLP,recurring_2,recurring,8,1.0,1.0,0.0,1.0,0.0,0.85546875
2,31,ChevronSlow,recurring_2,recurring,8,1.0,1.0,1.0,1.0,0.015266968156660605,0.8515625
2,31,IDLGated,recurring_2,recurring,8,1.0,1.0,1.0,0.9999998807907104,0.011467112736061323,0.865234375
2,32,MLP,recurring_0,recurring,5,1.0,0.0,0.0,1.0,0.0,0.646484375
2,32,ChevronSlow,recurring_0,recurring,5,1.0,0.0,0.2395833283662796,1.0,0.0297286667994794,0.77734375
2,32,IDLGated,recurring_0,recurring,5,1.0,0.0,0.15625,0.9994471669197083,0.03479557439199147,0.80859375
2,33,MLP,one_shot_1,one_shot,1,1.0,1.0,0.0,1.0,0.0,0.689453125
2,33,ChevronSlow,one_shot_1,one_shot,1,1.0,0.8854166865348816,1.0,1.0,0.010046771507827316,0.751953125
2,33,IDLGated,one_shot_1,one_shot,1,1.0,0.75,0.75,0.010986942797899246,0.01387753090962353,0.80859375
2,34,MLP,recurring_0,recurring,6,1.0,0.875,0.0,1.0,0.0,0.671875
2,34,ChevronSlow,recurring_0,recurring,6,1.0,0.4791666567325592,0.7708333134651184,1.0,0.01570794026956453,0.705078125
2,34,IDLGated,recurring_0,recurring,6,0.96875,0.1770833283662796,0.6354166865348816,0.9999724626541138,0.016310432766233687,0.759765625
2,35,MLP,one_shot_6,one_shot,1,0.90625,0.7708333134651184,0.0,1.0,0.0,0.66796875
2,35,ChevronSlow,one_shot_6,one_shot,1,0.875,0.6458333134651184,0.78125,1.0,0.009935882686590423,0.734375
2,35,IDLGated,one_shot_6,one_shot,1,0.8125,0.59375,0.59375,0.010986942797899246,0.010766640455063547,0.759765625
2,36,MLP,one_shot_0,one_shot,1,1.0,1.0,0.0,1.0,0.0,0.68359375
2,36,ChevronSlow,one_shot_0,one_shot,1,1.0,0.8958333134651184,1.0,1.0,0.010646679655925823,0.708984375
2,36,IDLGated,one_shot_0,one_shot,1,1.0,0.78125,0.78125,0.010986942797899246,0.01412857421127132,0.759765625
2,37,MLP,one_shot_5,one_shot,1,1.0,1.0,0.0,1.0,0.0,0.796875
2,37,ChevronSlow,one_shot_5,one_shot,1,0.9895833134651184,0.90625,0.9583333134651184,1.0,0.015869512259574482,0.8125
2,37,IDLGated,one_shot_5,one_shot,1,0.8958333134651184,0.5625,0.5625,0.010986942797899246,0.02076423590179798,0.763671875
2,38,MLP,recurring_3,recurring,6,1.0,1.0,0.0,1.0,0.0,0.779296875
2,38,ChevronSlow,recurring_3,recurring,6,1.0,1.0,1.0,1.0,0.005757715350796705,0.806640625
2,38,IDLGated,recurring_3,recurring,6,1.0,0.9895833134651184,1.0,0.9999724626541138,0.01439898592898232,0.78515625
2,39,MLP,recurring_2,recurring,9,1.0,1.0,0.0,1.0,0.0,0.845703125
2,39,ChevronSlow,recurring_2,recurring,9,1.0,1.0,1.0,1.0,0.010657668867379604,0.841796875
2,39,IDLGated,recurring_2,recurring,9,1.0,1.0,1.0,1.0,0.015292443355338777,0.84765625
2,40,MLP,one_shot_13,one_shot,1,1.0,0.125,0.0,1.0,0.0,0.599609375
2,40,ChevronSlow,one_shot_13,one_shot,1,1.0,0.1354166716337204,0.65625,1.0,0.015562599256667402,0.763671875
2,40,IDLGated,one_shot_13,one_shot,1,1.0,0.15625,0.15625,0.010986942797899246,0.01804182930368045,0.84765625
2,41,MLP,recurring_1,recurring,9,0.9895833134651184,0.9791666865348816,0.0,1.0,0.0,0.75
2,41,ChevronSlow,recurring_1,recurring,9,1.0,0.875,0.9479166865348816,1.0,0.012929801296100161,0.7890625
2,41,IDLGated,recurring_1,recurring,9,1.0,0.6458333134651184,0.8229166865348816,1.0,0.015078447485709098,0.8515625
2,42,MLP,one_shot_12,one_shot,1,0.96875,0.9166666865348816,0.0,1.0,0.0,0.802734375
2,42,ChevronSlow,one_shot_12,one_shot,1,0.96875,0.8958333134651184,0.90625,1.0,0.013235656503534626,0.8203125
2,42,IDLGated,one_shot_12,one_shot,1,0.9375,0.6770833134651184,0.6770833134651184,0.010986942797899246,0.013074944324942533,0.8515625
2,43,MLP,recurring_2,recurring,10,0.84375,1.0,0.0,1.0,0.0,0.896484375
2,43,ChevronSlow,recurring_2,recurring,10,0.8333333134651184,1.0,0.9895833134651184,1.0,0.009912883908033188,0.880859375
2,43,IDLGated,recurring_2,recurring,10,0.8125,1.0,0.9791666865348816,1.0,0.008281432414682249,0.88671875
2,44,MLP,recurring_3,recurring,7,1.0,0.4895833432674408,0.0,1.0,0.0,0.8046875
2,44,ChevronSlow,recurring_3,recurring,7,1.0,0.7395833134651184,0.9895833134651184,1.0,0.00692038181560948,0.8515625
2,44,IDLGated,recurring_3,recurring,7,1.0,0.7916666865348816,1.0,0.9999985694885254,0.006404180305267484,0.865234375
2,45,MLP,recurring_0,recurring,7,1.0,0.0,0.0,1.0,0.0,0.658203125
2,45,ChevronSlow,recurring_0,recurring,7,1.0,0.0,0.1875,1.0,0.028320945667174996,0.796875
2,45,IDLGated,recurring_0,recurring,7,1.0,0.0,0.21875,0.9999985694885254,0.02725723311421169,0.814453125
2,46,MLP,one_shot_10,one_shot,1,0.9895833134651184,0.8020833134651184,0.0,1.0,0.0,0.7734375
2,46,ChevronSlow,one_shot_10,one_shot,1,0.9895833134651184,0.5104166865348816,0.6979166865348816,1.0,0.02009239023328625,0.830078125
2,46,IDLGated,one_shot_10,one_shot,1,0.90625,0.3125,0.3125,0.010986942797899246,0.021912434780294813,0.81640625
2,47,MLP,recurring_1,recurring,10,0.90625,0.5104166865348816,0.0,1.0,0.0,0.734375
2,47,ChevronSlow,recurring_1,recurring,10,0.875,0.4583333432674408,0.625,1.0,0.014526748503437386,0.828125
2,47,IDLGated,recurring_1,recurring,10,0.9166666865348816,0.6145833134651184,0.7395833134651184,1.0,0.017280724671286364,0.849609375
2,48,MLP,one_shot_9,one_shot,1,1.0,0.65625,0.0,1.0,0.0,0.73046875
2,48,ChevronSlow,one_shot_9,one_shot,1,1.0,0.46875,0.8229166865348816,1.0,0.02097276153512004,0.796875
2,48,IDLGated,one_shot_9,one_shot,1,1.0,0.1145833358168602,0.1145833358168602,0.010986942797899246,0.030455871983904818,0.849609375
2,49,MLP,recurring_0,recurring,8,1.0,0.1458333283662796,0.0,1.0,0.0,0.58984375
2,49,ChevronSlow,recurring_0,recurring,8,1.0,0.0,0.2708333432674408,1.0,0.02967332590126108,0.73046875
2,49,IDLGated,recurring_0,recurring,8,1.0,0.03125,0.6041666865348816,0.9999998807907104,0.03185725530145084,0.77734375
2,50,MLP,recurring_3,recurring,8,1.0,1.0,0.0,1.0,0.0,0.6953125
2,50,ChevronSlow,recurring_3,recurring,8,1.0,0.9791666865348816,1.0,1.0,0.017114939139041573,0.794921875
2,50,IDLGated,recurring_3,recurring,8,1.0,1.0,1.0,0.9999998807907104,0.01397137975906603,0.787109375
2,51,MLP,recurring_3,recurring,9,1.0,1.0,0.0,1.0,0.0,0.7265625
2,51,ChevronSlow,recurring_3,recurring,9,0.9791666865348816,1.0,1.0,1.0,0.011043862990758819,0.79296875
2,51,IDLGated,recurring_3,recurring,9,0.9895833134651184,1.0,1.0,1.0,0.012338341724803123,0.837890625
2,52,MLP,one_shot_4,one_shot,1,1.0,0.2083333283662796,0.0,1.0,0.0,0.67578125
2,52,ChevronSlow,one_shot_4,one_shot,1,1.0,0.1666666716337204,0.5104166865348816,1.0,0.02650673362550455,0.80078125
2,52,IDLGated,one_shot_4,one_shot,1,1.0,0.125,0.125,0.010986942797899246,0.02561231467394235,0.837890625
2,53,MLP,recurring_0,recurring,9,1.0,0.2604166567325592,0.0,1.0,0.0,0.578125
2,53,ChevronSlow,recurring_0,recurring,9,1.0,0.010416666977107525,0.4583333432674408,1.0,0.02610126066607692,0.751953125
2,53,IDLGated,recurring_0,recurring,9,1.0,0.1979166716337204,0.6979166865348816,1.0,0.018626276884576888,0.76953125
2,54,MLP,recurring_0,recurring,10,1.0,1.0,0.0,1.0,0.0,0.548828125
2,54,ChevronSlow,recurring_0,recurring,10,1.0,0.4895833432674408,0.8854166865348816,1.0,0.009467947083605387,0.701171875
2,54,IDLGated,recurring_0,recurring,10,1.0,0.6979166865348816,0.8958333134651184,1.0,0.016594669807635774,0.734375
2,55,MLP,recurring_3,recurring,10,1.0,1.0,0.0,1.0,0.0,0.677734375
2,55,ChevronSlow,recurring_3,recurring,10,1.0,1.0,1.0,1.0,0.007422585805952572,0.748046875
2,55,IDLGated,recurring_3,recurring,10,1.0,1.0,1.0,1.0,0.008946823403838634,0.80078125
3,0,MLP,recurring_0,recurring,1,1.0,0.1875,0.0,1.0,0.0,0.841796875
3,0,ChevronSlow,recurring_0,recurring,1,1.0,0.2083333283662796,0.6145833134651184,1.0,0.0314158757358944,0.908203125
3,0,IDLGated,recurring_0,recurring,1,1.0,0.1666666716337204,0.1666666716337204,0.010986942797899246,0.036208992381546366,0.990234375
3,1,MLP,one_shot_4,one_shot,1,0.7395833134651184,0.71875,0.0,1.0,0.0,0.908203125
3,1,ChevronSlow,one_shot_4,one_shot,1,0.6979166865348816,0.5520833134651184,0.6458333134651184,1.0,0.03207401703724283,0.9296875
3,1,IDLGated,one_shot_4,one_shot,1,0.6979166865348816,0.2708333432674408,0.28125,0.010986942797899246,0.02625106802452534,0.990234375
3,2,MLP,recurring_1,recurring,1,0.7291666865348816,0.1875,0.0,1.0,0.0,0.8125
3,2,ChevronSlow,recurring_1,recurring,1,0.71875,0.125,0.3333333432674408,1.0,0.03512767089750199,0.88671875
3,2,IDLGated,recurring_1,recurring,1,0.7291666865348816,0.0,0.0,0.010986942797899246,0.04794956827933287,0.990234375
3,3,MLP,recurring_2,recurring,1,0.9895833134651184,0.0,0.0,1.0,0.0,0.86328125
3,3,ChevronSlow,recurring_2,recurring,1,0.9895833134651184,0.0729166641831398,0.5833333134651184,1.0,0.038778350955284605,0.90625
3,3,IDLGated,recurring_2,recurring,1,0.9895833134651184,0.0833333358168602,0.0833333358168602,0.010986942797899246,0.03277856974461252,0.990234375
3,4,MLP,recurring_1,recurring,2,1.0,0.0625,0.0,1.0,0.0,0.763671875
3,4,ChevronSlow,recurring_1,recurring,2,1.0,0.0520833320915699,0.3125,1.0,0.04764665363343887,0.880859375
3,4,IDLGated,recurring_1,recurring,2,0.9895833134651184,0.0,0.0,0.18242552876472473,0.058089864092398906,0.978515625
3,5,MLP,recurring_0,recurring,2,0.9583333134651184,0.7604166865348816,0.0,1.0,0.0,0.826171875
3,5,ChevronSlow,recurring_0,recurring,2,0.9479166865348816,0.4270833432674408,0.7291666865348816,1.0,0.026929664794113482,0.873046875
3,5,IDLGated,recurring_0,recurring,2,0.9375,0.1770833283662796,0.2083333283662796,0.18242552876472473,0.03766933308256988,0.9765625
3,6,MLP,recurring_3,recurring,1,0.8645833134651184,0.4166666567325592,0.0,1.0,0.0,0.76953125
3,6,ChevronSlow,recurring_3,recurring,1,0.9375,0.125,0.4375,1.0,0.0407988883226911,0.873046875
3,6,IDLGated,recurring_3,recurring,1,0.9479166865348816,0.0,0.0,0.010986942797899246,0.06653027081940795,0.974609375
3,7,MLP,one_shot_8,one_shot,1,0.8229166865348816,0.03125,0.0,1.0,0.0,0.634765625
3,7,ChevronSlow,one_shot_8,one_shot,1,0.9479166865348816,0.0,0.0,1.0,0.04045045419977477,0.828125
3,7,IDLGated,one_shot_8,one_shot,1,1.0,0.0,0.0,0.010986942797899246,0.11005523129105244,0.974609375
3,8,MLP,one_shot_11,one_shot,1,0.9583333134651184,1.0,0.0,1.0,0.0,0.833984375
3,8,ChevronSlow,one_shot_11,one_shot,1,0.9375,0.8854166865348816,0.9166666865348816,1.0,0.010452071313135705,0.833984375
3,8,IDLGated,one_shot_11,one_shot,1,0.8854166865348816,0.1145833358168602,0.1145833358168602,0.010986942797899246,0.042417861802359985,0.974609375
3,9,MLP,recurring_0,recurring,3,1.0,0.65625,0.0,1.0,0.0,0.828125
3,9,ChevronSlow,recurring_0,recurring,3,0.9479166865348816,0.625,0.78125,1.0,0.012375455911088762,0.853515625
3,9,IDLGated,recurring_0,recurring,3,0.6041666865348816,0.1875,0.3541666567325592,0.8175744414329529,0.017730409500790013,0.94140625
3,10,MLP,one_shot_9,one_shot,1,0.8645833134651184,1.0,0.0,1.0,0.0,0.857421875
3,10,ChevronSlow,one_shot_9,one_shot,1,0.8958333134651184,0.9166666865348816,0.90625,1.0,0.00814426591329385,0.859375
3,10,IDLGated,one_shot_9,one_shot,1,0.7395833134651184,0.1875,0.1875,0.010986942797899246,0.034025628837157616,0.94140625
3,11,MLP,one_shot_6,one_shot,1,0.9895833134651184,0.5833333134651184,0.0,1.0,0.0,0.80859375
3,11,ChevronSlow,one_shot_6,one_shot,1,0.9375,0.53125,0.7291666865348816,1.0,0.019687181434049333,0.826171875
3,11,IDLGated,one_shot_6,one_shot,1,0.9791666865348816,0.0520833320915699,0.0520833320915699,0.010986942797899246,0.05654766124756322,0.94140625
3,12,MLP,one_shot_0,one_shot,1,1.0,0.3541666567325592,0.0,1.0,0.0,0.705078125
3,12,ChevronSlow,one_shot_0,one_shot,1,1.0,0.21875,0.65625,1.0,0.018319210958934674,0.755859375
3,12,IDLGated,one_shot_0,one_shot,1,1.0,0.0,0.0,0.010986942797899246,0.0748785508357133,0.94140625
3,13,MLP,recurring_3,recurring,2,1.0,1.0,0.0,1.0,0.0,0.73046875
3,13,ChevronSlow,recurring_3,recurring,2,0.9895833134651184,0.9583333134651184,0.96875,1.0,0.01044904689992736,0.763671875
3,13,IDLGated,recurring_3,recurring,2,0.8541666865348816,0.0,0.0,0.18242552876472473,0.05935736726236467,0.94140625
3,14,MLP,recurring_0,recurring,4,0.9583333134651184,0.9791666865348816,0.0,1.0,0.0,0.82421875
3,14,ChevronSlow,recurring_0,recurring,4,0.9166666865348816,0.8229166865348816,0.90625,1.0,0.019984327666352,0.853515625
3,14,IDLGated,recurring_0,recurring,4,0.8854166865348816,0.4895833432674408,0.6666666865348816,0.9890130758285522,0.029134752796066067,0.92578125
3,15,MLP,recurring_1,recurring,3,1.0,0.2083333283662796,0.0,1.0,0.0,0.69140625
3,15,ChevronSlow,recurring_1,recurring,3,0.9895833134651184,0.15625,0.4791666567325592,1.0,0.025270352870829314,0.833984375
3,15,IDLGated,recurring_1,recurring,3,0.9375,0.0,0.1979166716337204,0.8175744414329529,0.03937541676068824,0.888671875
3,16,MLP,recurring_1,recurring,4,1.0,0.9895833134651184,0.0,1.0,0.0,0.73828125
3,16,ChevronSlow,recurring_1,recurring,4,1.0,0.5416666865348816,0.8020833134651184,1.0,0.01928802017027926,0.8046875
3,16,IDLGated,recurring_1,recurring,4,0.9270833134651184,0.21875,0.5208333134651184,0.9890130758285522,0.03298548924379999,0.857421875
3,17,MLP,recurring_2,recurring,2,1.0,0.0,0.0,1.0,0.0,0.71875
3,17,ChevronSlow,recurring_2,recurring,2,0.9479166865348816,0.010416666977107525,0.34375,1.0,0.026936867008929923,0.87890625
3,17,IDLGated,recurring_2,recurring,2,0.8541666865348816,0.09375,0.09375,0.18242552876472473,0.03158721700566481,0.86328125
3,18,MLP,recurring_3,recurring,3,1.0,1.0,0.0,1.0,0.0,0.6953125
3,18,ChevronSlow,recurring_3,recurring,3,1.0,0.25,0.7083333134651184,1.0,0.014534646980185088,0.837890625
3,18,IDLGated,recurring_3,recurring,3,1.0,0.15625,0.40625,0.8175744414329529,0.0338459444446158,0.853515625
3,19,MLP,one_shot_10,one_shot,1,1.0,0.3854166567325592,0.0,1.0,0.0,0.693359375
3,19,ChevronSlow,one_shot_10,one_shot,1,1.0,0.1770833283662796,0.6145833134651184,1.0,0.025399295424717333,0.828125
3,19,IDLGated,one_shot_10,one_shot,1,0.9791666865348816,0.3645833432674408,0.3645833432674408,0.010986942797899246,0.023589273484791368,0.853515625
3,20,MLP,recurring_1,recurring,5,0.8958333134651184,1.0,0.0,1.0,0.0,0.810546875
3,20,ChevronSlow,recurring_1,recurring,5,0.875,0.7604166865348816,0.78125,1.0,0.012479813891443087,0.8203125
3,20,IDLGated,recurring_1,recurring,5,0.71875,0.5104166865348816,0.59375,0.9994471669197083,0.02777076057804354,0.841796875
3,21,MLP,recurring_1,recurring,6,1.0,0.8541666865348816,0.0,1.0,0.0,0.72265625
3,21,ChevronSlow,recurring_1,recurring,6,1.0,0.7708333134651184,1.0,1.0,0.013907765368453031,0.78515625
3,21,IDLGated,recurring_1,recurring,6,1.0,0.5833333134651184,0.8125,0.9999724626541138,0.025797601432717043,0.802734375
3,22,MLP,recurring_0,recurring,5,0.8854166865348816,0.6770833134651184,0.0,1.0,0.0,0.8046875
3,22,ChevronSlow,recurring_0,recurring,5,0.8125,0.3958333432674408,0.59375,1.0,0.02364185164509771,0.89453125
3,22,IDLGated,recurring_0,recurring,5,0.7708333134651184,0.3854166567325592,0.5416666865348816,0.9994471669197083,0.028825778687511225,0.888671875
3,23,MLP,one_shot_5,one_shot,1,1.0,0.84375,0.0,1.0,0.0,0.775390625
3,23,ChevronSlow,one_shot_5,one_shot,1,0.9895833134651184,0.3020833432674408,0.5833333134651184,1.0,0.009856523237747186,0.857421875
3,23,IDLGated,one_shot_5,one_shot,1,0.9375,0.2604166567325592,0.2708333432674408,0.010986942797899246,0.010549487794662863,0.888671875
3,24,MLP,one_shot_3,one_shot,1,1.0,1.0,0.0,1.0,0.0,0.873046875
3,24,ChevronSlow,one_shot_3,one_shot,1,1.0,1.0,1.0,1.0,0.007375224406935318,0.869140625
3,24,IDLGated,one_shot_3,one_shot,1,1.0,1.0,1.0,0.010986942797899246,0.0072614966694601905,0.888671875
3,25,MLP,recurring_2,recurring,3,1.0,0.3854166567325592,0.0,1.0,0.0,0.787109375
3,25,ChevronSlow,recurring_2,recurring,3,1.0,0.3958333432674408,0.8645833134651184,1.0,0.021548492663091393,0.853515625
3,25,IDLGated,recurring_2,recurring,3,1.0,0.15625,0.4895833432674408,0.8175744414329529,0.029724788607873746,0.880859375
3,26,MLP,recurring_3,recurring,4,1.0,0.71875,0.0,1.0,0.0,0.6640625
3,26,ChevronSlow,recurring_3,recurring,4,1.0,0.21875,0.6041666865348816,1.0,0.017086956936945952,0.806640625
3,26,IDLGated,recurring_3,recurring,4,1.0,0.15625,0.5520833134651184,0.9890130758285522,0.0209067483644941,0.84765625
3,27,MLP,recurring_2,recurring,4,1.0,1.0,0.0,1.0,0.0,0.779296875
3,27,ChevronSlow,recurring_2,recurring,4,0.96875,0.8958333134651184,0.9479166865348816,1.0,0.016460588393719246,0.83984375
3,27,IDLGated,recurring_2,recurring,4,0.9270833134651184,0.65625,0.78125,0.9890130758285522,0.024680678257352925,0.859375
3,28,MLP,recurring_0,recurring,6,1.0,1.0,0.0,1.0,0.0,0.837890625
3,28,ChevronSlow,recurring_0,recurring,6,0.875,0.9375,0.8958333134651184,1.0,0.010238080634299313,0.853515625
3,28,IDLGated,recurring_0,recurring,6,0.84375,0.8958333134651184,0.8645833134651184,0.9999724626541138,0.008761037291527923,0.869140625
3,29,MLP,recurring_1,recurring,7,1.0,0.09375,0.0,1.0,0.0,0.703125
3,29,ChevronSlow,recurring_1,recurring,7,1.0,0.0520833320915699,0.6041666865348816,1.0,0.02370231277401213,0.849609375
3,29,IDLGated,recurring_1,recurring,7,1.0,0.0416666679084301,0.4791666567325592,0.9999985694885254,0.02926598230581091,0.86328125
3,30,MLP,one_shot_14,one_shot,1,0.9479166865348816,1.0,0.0,1.0,0.0,0.818359375
3,30,ChevronSlow,one_shot_14,one_shot,1,0.9375,0.65625,0.8229166865348816,1.0,0.014517705893167882,0.876953125
3,30,IDLGated,one_shot_14,one_shot,1,0.9375,0.625,0.625,0.010986942797899246,0.018057120868309885,0.86328125
3,31,MLP,recurring_3,recurring,5,1.0,0.4270833432674408,0.0,1.0,0.0,0.642578125
3,31,ChevronSlow,recurring_3,recurring,5,1.0,0.0520833320915699,0.4270833432674408,1.0,0.023022180572416243,0.84375
3,31,IDLGated,recurring_3,recurring,5,1.0,0.2708333432674408,0.6458333134651184,0.9994471669197083,0.024298955432442117,0.84375
3,32,MLP,recurring_2,recurring,5,1.0,1.0,0.0,1.0,0.0,0.7578125
3,32,ChevronSlow,recurring_2,recurring,5,0.9895833134651184,0.6666666865348816,0.7708333134651184,1.0,0.011104732383749667,0.8515625
3,32,IDLGated,recurring_2,recurring,5,0.9375,0.3541666567325592,0.6666666865348816,0.9994471669197083,0.019328261513707725,0.859375
3,33,MLP,recurring_3,recurring,6,1.0,0.8333333134651184,0.0,1.0,0.0,0.685546875
3,33,ChevronSlow,recurring_3,recurring,6,1.0,0.2083333283662796,0.5833333134651184,1.0,0.010317437643699927,0.8046875
3,33,IDLGated,recurring_3,recurring,6,1.0,0.34375,0.6979166865348816,0.9999724626541138,0.009565572534699383,0.818359375
3,34,MLP,recurring_0,recurring,7,1.0,1.0,0.0,1.0,0.0,0.8125
3,34,ChevronSlow,recurring_0,recurring,7,1.0,1.0,1.0,1.0,0.009448261751949415,0.8203125
3,34,IDLGated,recurring_0,recurring,7,1.0,1.0,1.0,0.9999985694885254,0.008447263466491967,0.83984375
3,35,MLP,recurring_1,recurring,8,0.9166666865348816,0.2604166567325592,0.0,1.0,0.0,0.775390625
3,35,ChevronSlow,recurring_1,recurring,8,1.0,0.1979166716337204,0.5625,1.0,0.01692373310081112,0.857421875
3,35,IDLGated,recurring_1,recurring,8,0.9166666865348816,0.1458333283662796,0.4791666567325592,0.9999998807907104,0.019449554716119095,0.859375
3,36,MLP,recurring_3,recurring,7,0.9375,0.7604166865348816,0.0,1.0,0.0,0.7265625
3,36,ChevronSlow,recurring_3,recurring,7,0.9791666865348816,0.4375,0.7604166865348816,1.0,0.010060830906874351,0.8203125
3,36,IDLGated,recurring_3,recurring,7,0.96875,0.6041666865348816,0.7916666865348816,0.9999985694885254,0.008460206461425555,0.83203125
3,37,MLP,recurring_2,recurring,6,1.0,0.7708333134651184,0.0,1.0,0.0,0.80078125
3,37,ChevronSlow,recurring_2,recurring,6,1.0,0.4270833432674408,0.84375,1.0,0.017074090964714184,0.841796875
3,37,IDLGated,recurring_2,recurring,6,0.9895833134651184,0.40625,0.7604166865348816,0.9999724626541138,0.019064683511411582,0.857421875
3,38,MLP,one_shot_2,one_shot,1,0.9479166865348816,1.0,0.0,1.0,0.0,0.86328125
3,38,ChevronSlow,one_shot_2,one_shot,1,0.8333333134651184,0.9479166865348816,0.9166666865348816,1.0,0.013813571720768528,0.880859375
3,38,IDLGated,one_shot_2,one_shot,1,0.7708333134651184,0.8854166865348816,0.8854166865348816,0.010986942797899246,0.015242402445162865,0.857421875
3,39,MLP,one_shot_15,one_shot,1,1.0,0.0,0.0,1.0,0.0,0.669921875
3,39,ChevronSlow,one_shot_15,one_shot,1,1.0,0.0,0.3333333432674408,1.0,0.022152752785087715,0.80859375
3,39,IDLGated,one_shot_15,one_shot,1,1.0,0.03125,0.03125,0.010986942797899246,0.019564996208333015,0.857421875
3,40,MLP,one_shot_12,one_shot,1,1.0,1.0,0.0,1.0,0.0,0.71875
3,40,ChevronSlow,one_shot_12,one_shot,1,1.0,0.3645833432674408,0.8854166865348816,1.0,0.012740421355267767,0.76171875
3,40,IDLGated,one_shot_12,one_shot,1,1.0,0.21875,0.21875,0.010986942797899246,0.014488839755634076,0.857421875
3,41,MLP,recurring_1,recurring,9,1.0,0.2604166567325592,0.0,1.0,0.0,0.537109375
3,41,ChevronSlow,recurring_1,recurring,9,1.0,0.1458333283662796,0.6145833134651184,1.0,0.028808956038930498,0.802734375
3,41,IDLGated,recurring_1,recurring,9,1.0,0.15625,0.65625,1.0,0.024375637285072704,0.84765625
3,42,MLP,recurring_0,recurring,8,1.0,1.0,0.0,1.0,0.0,0.724609375
3,42,ChevronSlow,recurring_0,recurring,8,1.0,1.0,1.0,1.0,0.009573345841813186,0.8125
3,42,IDLGated,recurring_0,recurring,8,1.0,0.7395833134651184,0.9270833134651184,0.9999998807907104,0.013062119839819746,0.853515625
3,43,MLP,recurring_2,recurring,7,1.0,1.0,0.0,1.0,0.0,0.802734375
3,43,ChevronSlow,recurring_2,recurring,7,1.0,0.9270833134651184,0.9895833134651184,1.0,0.015080116147006878,0.849609375
3,43,IDLGated,recurring_2,recurring,7,0.9895833134651184,0.53125,0.84375,0.9999985694885254,0.018737301637647225,0.865234375
3,44,MLP,recurring_3,recurring,8,1.0,0.4895833432674408,0.0,1.0,0.0,0.62890625
3,44,ChevronSlow,recurring_3,recurring,8,1.0,0.1875,0.53125,1.0,0.025298330024267124,0.837890625
3,44,IDLGated,recurring_3,recurring,8,1.0,0.21875,0.5520833134651184,0.9999998807907104,0.02423771128550175,0.845703125
3,45,MLP,recurring_0,recurring,9,1.0,1.0,0.0,1.0,0.0,0.75390625
3,45,ChevronSlow,recurring_0,recurring,9,1.0,1.0,1.0,1.0,0.008039331077305758,0.8203125
3,45,IDLGated,recurring_0,recurring,9,1.0,0.9791666865348816,1.0,1.0,0.010689978817336535,0.833984375
3,46,MLP,recurring_2,recurring,8,1.0,1.0,0.0,1.0,0.0,0.787109375
3,46,ChevronSlow,recurring_2,recurring,8,1.0,0.8958333134651184,1.0,1.0,0.014880982123604473,0.822265625
3,46,IDLGated,recurring_2,recurring,8,1.0,0.6875,0.9895833134651184,0.9999998807907104,0.016518590335474457,0.8359375
3,47,MLP,one_shot_13,one_shot,1,1.0,0.9791666865348816,0.0,1.0,0.0,0.779296875
3,47,ChevronSlow,one_shot_13,one_shot,1,1.0,0.875,1.0,1.0,0.006816857390714553,0.8046875
3,47,IDLGated,one_shot_13,one_shot,1,1.0,0.7604166865348816,0.7604166865348816,0.010986942797899246,0.00881638676777942,0.8359375
3,48,MLP,one_shot_7,one_shot,1,1.0,1.0,0.0,1.0,0.0,0.7734375
3,48,ChevronSlow,one_shot_7,one_shot,1,1.0,1.0,1.0,1.0,0.00657299141466152,0.796875
3,48,IDLGated,one_shot_7,one_shot,1,1.0,0.7291666865348816,0.7395833134651184,0.010986942797899246,0.009540485167512523,0.8359375
3,49,MLP,recurring_3,recurring,9,1.0,0.7395833134651184,0.0,1.0,0.0,0.7109375
3,49,ChevronSlow,recurring_3,recurring,9,1.0,0.5833333134651184,0.9583333134651184,1.0,0.01930278834940126,0.7578125
3,49,IDLGated,recurring_3,recurring,9,1.0,0.5208333134651184,0.9583333134651184,1.0,0.017685776510984127,0.798828125
3,50,MLP,one_shot_1,one_shot,1,0.9270833134651184,0.3020833432674408,0.0,1.0,0.0,0.796875
3,50,ChevronSlow,one_shot_1,one_shot,1,0.9166666865348816,0.1666666716337204,0.53125,1.0,0.019742304064667586,0.845703125
3,50,IDLGated,one_shot_1,one_shot,1,0.8541666865348816,0.0833333358168602,0.0833333358168602,0.010986942797899246,0.020886909629548363,0.798828125
3,51,MLP,recurring_1,recurring,10,1.0,0.8125,0.0,1.0,0.0,0.6796875
3,51,ChevronSlow,recurring_1,recurring,10,1.0,0.46875,0.8333333134651184,1.0,0.012329834870304862,0.810546875
3,51,IDLGated,recurring_1,recurring,10,1.0,0.375,0.7395833134651184,1.0,0.01407787226778956,0.763671875
3,52,MLP,recurring_0,recurring,10,1.0,1.0,0.0,1.0,0.0,0.744140625
3,52,ChevronSlow,recurring_0,recurring,10,1.0,0.8645833134651184,0.9583333134651184,1.0,0.011083067431306487,0.830078125
3,52,IDLGated,recurring_0,recurring,10,1.0,0.9583333134651184,1.0,1.0,0.010438524724327044,0.81640625
3,53,MLP,recurring_3,recurring,10,1.0,0.75,0.0,1.0,0.0,0.6640625
3,53,ChevronSlow,recurring_3,recurring,10,1.0,0.6145833134651184,0.9583333134651184,1.0,0.010890018697208544,0.771484375
3,53,IDLGated,recurring_3,recurring,10,1.0,0.90625,1.0,1.0,0.009222176927057393,0.775390625
3,54,MLP,recurring_2,recurring,9,1.0,1.0,0.0,1.0,0.0,0.8046875
3,54,ChevronSlow,recurring_2,recurring,9,1.0,0.8645833134651184,1.0,1.0,0.015669033118812212,0.830078125
3,54,IDLGated,recurring_2,recurring,9,1.0,0.8229166865348816,0.9791666865348816,1.0,0.015655349679214232,0.82421875
3,55,MLP,recurring_2,recurring,10,1.0,1.0,0.0,1.0,0.0,0.82421875
3,55,ChevronSlow,recurring_2,recurring,10,1.0,0.9895833134651184,1.0,1.0,0.010826016699035792,0.857421875
3,55,IDLGated,recurring_2,recurring,10,1.0,0.9583333134651184,0.9895833134651184,1.0,0.01208516227926111,0.85546875
4,0,MLP,one_shot_14,one_shot,1,0.8020833134651184,0.4895833432674408,0.0,1.0,0.0,0.90234375
4,0,ChevronSlow,one_shot_14,one_shot,1,0.7708333134651184,0.5,0.5833333134651184,1.0,0.033032236726744615,0.958984375
4,0,IDLGated,one_shot_14,one_shot,1,0.75,0.4791666567325592,0.5,0.010986942797899246,0.034880289814967366,0.994140625
4,1,MLP,one_shot_5,one_shot,1,0.7395833134651184,0.4791666567325592,0.0,1.0,0.0,0.9375
4,1,ChevronSlow,one_shot_5,one_shot,1,0.75,0.4583333432674408,0.59375,1.0,0.013038953253073336,0.958984375
4,1,IDLGated,one_shot_5,one_shot,1,0.7395833134651184,0.46875,0.46875,0.010986942797899246,0.009411792212557262,0.994140625
4,2,MLP,one_shot_6,one_shot,1,0.96875,0.0,0.0,1.0,0.0,0.541015625
4,2,ChevronSlow,one_shot_6,one_shot,1,1.0,0.0,0.0,1.0,0.10382938167253107,0.97265625
4,2,IDLGated,one_shot_6,one_shot,1,1.0,0.0,0.0,0.010986942797899246,0.11336709827803897,0.994140625
4,3,MLP,recurring_2,recurring,1,0.9375,1.0,0.0,1.0,0.0,0.68359375
4,3,ChevronSlow,recurring_2,recurring,1,1.0,0.0,0.0625,1.0,0.05016132998062999,0.8671875
4,3,IDLGated,recurring_2,recurring,1,0.7916666865348816,0.0,0.0,0.010986942797899246,0.06686739499964539,0.994140625
4,4,MLP,recurring_0,recurring,1,1.0,0.4583333432674408,0.0,1.0,0.0,0.580078125
4,4,ChevronSlow,recurring_0,recurring,1,1.0,0.0,0.0,1.0,0.03268989280805346,0.830078125
4,4,IDLGated,recurring_0,recurring,1,1.0,0.0,0.0,0.010986942797899246,0.1118563330479197,0.994140625
4,5,MLP,recurring_2,recurring,2,1.0,1.0,0.0,1.0,0.0,0.615234375
4,5,ChevronSlow,recurring_2,recurring,2,1.0,0.1875,0.7083333134651184,1.0,0.01715210539436594,0.728515625
4,5,IDLGated,recurring_2,recurring,2,0.71875,0.0,0.0,0.18242552876472473,0.06512514289913128,0.974609375
4,6,MLP,recurring_0,recurring,2,1.0,0.8958333134651184,0.0,1.0,0.0,0.55078125
4,6,ChevronSlow,recurring_0,recurring,2,1.0,0.3125,0.9479166865348816,1.0,0.011222347387516589,0.59375
4,6,IDLGated,recurring_0,recurring,2,1.0,0.0,0.0,0.18242552876472473,0.08726915071894796,0.970703125
4,7,MLP,recurring_1,recurring,1,1.0,1.0,0.0,1.0,0.0,0.607421875
4,7,ChevronSlow,recurring_1,recurring,1,1.0,0.875,1.0,1.0,0.0123318769893871,0.56640625
4,7,IDLGated,recurring_1,recurring,1,0.9375,0.0,0.0,0.010986942797899246,0.05089336475812087,0.96875
4,8,MLP,one_shot_0,one_shot,1,1.0,1.0,0.0,1.0,0.0,0.705078125
4,8,ChevronSlow,one_shot_0,one_shot,1,1.0,1.0,1.0,1.0,0.013911001426111048,0.732421875
4,8,IDLGated,one_shot_0,one_shot,1,0.9583333134651184,0.2604166567325592,0.2604166567325592,0.010986942797899246,0.0337015298541963,0.96875
4,9,MLP,one_shot_2,one_shot,1,1.0,0.8541666865348816,0.0,1.0,0.0,0.65234375
4,9,ChevronSlow,one_shot_2,one_shot,1,1.0,0.6458333134651184,1.0,1.0,0.009681323956498974,0.576171875
4,9,IDLGated,one_shot_2,one_shot,1,0.84375,0.0,0.0,0.010986942797899246,0.05280126617563518,0.96875
4,10,MLP,one_shot_8,one_shot,1,0.9791666865348816,0.8333333134651184,0.0,1.0,0.0,0.63671875
4,10,ChevronSlow,one_shot_8,one_shot,1,1.0,0.7291666865348816,0.9166666865348816,1.0,0.00789254344938754,0.54296875
4,10,IDLGated,one_shot_8,one_shot,1,0.8229166865348816,0.0,0.0,0.010986942797899246,0.05953964390690472,0.96875
4,11,MLP,recurring_0,recurring,3,1.0,1.0,0.0,1.0,0.0,0.650390625
4,11,ChevronSlow,recurring_0,recurring,3,0.9895833134651184,1.0,1.0,1.0,0.015539481734925633,0.5625
4,11,IDLGated,recurring_0,recurring,3,0.9270833134651184,0.0,0.0,0.8175744414329529,0.07126886063808688,0.935546875
4,12,MLP,recurring_2,recurring,3,0.9270833134651184,0.8229166865348816,0.0,1.0,0.0,0.681640625
4,12,ChevronSlow,recurring_2,recurring,3,1.0,1.0,1.0,1.0,0.010135003089833085,0.59375
4,12,IDLGated,recurring_2,recurring,3,0.8958333134651184,0.0,0.02083333395421505,0.8175744414329529,0.038323354137705,0.89453125
4,13,MLP,one_shot_1,one_shot,1,0.8125,0.1145833358168602,0.0,1.0,0.0,0.740234375
4,13,ChevronSlow,one_shot_1,one_shot,1,0.8020833134651184,0.03125,0.4375,1.0,0.03378168882838545,0.84375
4,13,IDLGated,one_shot_1,one_shot,1,0.7395833134651184,0.0729166641831398,0.0729166641831398,0.010986942797899246,0.027198904535250135,0.89453125
4,14,MLP,recurring_3,recurring,1,1.0,1.0,0.0,1.0,0.0,0.802734375
4,14,ChevronSlow,recurring_3,recurring,1,1.0,0.8958333134651184,0.9791666865348816,1.0,0.014125821978177496,0.83984375
4,14,IDLGated,recurring_3,recurring,1,0.8645833134651184,0.3958333432674408,0.3958333432674408,0.010986942797899246,0.019287672677942118,0.89453125
4,15,MLP,one_shot_7,one_shot,1,1.0,0.2604166567325592,0.0,1.0,0.0,0.5703125
4,15,ChevronSlow,one_shot_7,one_shot,1,1.0,0.1875,0.5208333134651184,1.0,0.02154724847911317,0.84765625
4,15,IDLGated,one_shot_7,one_shot,1,1.0,0.375,0.375,0.010986942797899246,0.030046163644766137,0.89453125
4,16,MLP,recurring_3,recurring,2,0.9895833134651184,1.0,0.0,1.0,0.0,0.755859375
4,16,ChevronSlow,recurring_3,recurring,2,0.9583333134651184,0.8958333134651184,0.9375,1.0,0.013635754828506886,0.8671875
4,16,IDLGated,recurring_3,recurring,2,0.8958333134651184,0.4479166567325592,0.4895833432674408,0.18242552876472473,0.012520987058553779,0.890625
4,17,MLP,recurring_2,recurring,4,1.0,0.28125,0.0,1.0,0.0,0.578125
4,17,ChevronSlow,recurring_2,recurring,4,1.0,0.0,0.3958333432674408,1.0,0.018852358763678093,0.763671875
4,17,IDLGated,recurring_2,recurring,4,1.0,0.0416666679084301,0.375,0.9890130758285522,0.025109498539240806,0.81640625
4,18,MLP,recurring_1,recurring,2,1.0,1.0,0.0,1.0,0.0,0.560546875
4,18,ChevronSlow,recurring_1,recurring,2,1.0,0.7604166865348816,1.0,1.0,0.011389826656851447,0.58203125
4,18,IDLGated,recurring_1,recurring,2,1.0,0.25,0.3020833432674408,0.18242552876472473,0.025292438168226888,0.806640625
4,19,MLP,recurring_0,recurring,4,1.0,1.0,0.0,1.0,0.0,0.59375
4,19,ChevronSlow,recurring_0,recurring,4,0.8854166865348816,0.9270833134651184,0.96875,1.0,0.010078138091216994,0.58203125
4,19,IDLGated,recurring_0,recurring,4,0.875,0.0520833320915699,0.3229166567325592,0.9890130758285522,0.01927291249001893,0.771484375
4,20,MLP,recurring_3,recurring,3,0.9375,0.9791666865348816,0.0,1.0,0.0,0.775390625
4,20,ChevronSlow,recurring_3,recurring,3,0.9270833134651184,0.8541666865348816,0.9166666865348816,1.0,0.02022918221891988,0.853515625
4,20,IDLGated,recurring_3,recurring,3,0.84375,0.65625,0.7291666865348816,0.8175744414329529,0.021190396984159594,0.853515625
4,21,MLP,recurring_2,recurring,5,1.0,0.2395833283662796,0.0,1.0,0.0,0.572265625
4,21,ChevronSlow,recurring_2,recurring,5,1.0,0.03125,1.0,1.0,0.01759866979479179,0.640625
4,21,IDLGated,recurring_2,recurring,5,1.0,0.1875,0.4895833432674408,0.9994471669197083,0.025137626704063536,0.80078125
4,22,MLP,one_shot_12,one_shot,1,1.0,1.0,0.0,1.0,0.0,0.77734375
4,22,ChevronSlow,one_shot_12,one_shot,1,1.0,1.0,1.0,1.0,0.014416508769052226,0.693359375
4,22,IDLGated,one_shot_12,one_shot,1,1.0,0.9895833134651184,0.9895833134651184,0.010986942797899246,0.010349992041198996,0.80078125
4,23,MLP,recurring_2,recurring,6,0.9895833134651184,0.8333333134651184,0.0,1.0,0.0,0.724609375
4,23,ChevronSlow,recurring_2,recurring,6,1.0,1.0,1.0,1.0,0.013093115013351702,0.6953125
4,23,IDLGated,recurring_2,recurring,6,0.9583333134651184,0.6458333134651184,0.7916666865348816,0.9999724626541138,0.010506798127984255,0.78515625
4,24,MLP,recurring_1,recurring,3,0.9791666865348816,0.375,0.0,1.0,0.0,0.6484375
4,24,ChevronSlow,recurring_1,recurring,3,1.0,0.3645833432674408,0.8541666865348816,1.0,0.01828247700120479,0.642578125
4,24,IDLGated,recurring_1,recurring,3,0.9791666865348816,0.3645833432674408,0.6979166865348816,0.8175744414329529,0.01573473867028448,0.7734375
4,25,MLP,recurring_2,recurring,7,1.0,0.9375,0.0,1.0,0.0,0.654296875
4,25,ChevronSlow,recurring_2,recurring,7,1.0,1.0,1.0,1.0,0.010079399781644988,0.666015625
4,25,IDLGated,recurring_2,recurring,7,1.0,0.6145833134651184,0.875,0.9999985694885254,0.014722920488209433,0.744140625
4,26,MLP,one_shot_9,one_shot,1,1.0,0.2708333432674408,0.0,1.0,0.0,0.529296875
4,26,ChevronSlow,one_shot_9,one_shot,1,1.0,0.1666666716337204,0.6458333134651184,1.0,0.03020574546684301,0.732421875
4,26,IDLGated,one_shot_9,one_shot,1,1.0,0.09375,0.1041666641831398,0.010986942797899246,0.029823400153698772,0.744140625
4,27,MLP,recurring_3,recurring,4,1.0,1.0,0.0,1.0,0.0,0.66796875
4,27,ChevronSlow,recurring_3,recurring,4,1.0,1.0,1.0,1.0,0.011629740372497241,0.796875
4,27,IDLGated,recurring_3,recurring,4,1.0,0.5,0.8229166865348816,0.9890130758285522,0.019353259324159083,0.77734375
4,28,MLP,recurring_3,recurring,5,0.9895833134651184,1.0,0.0,1.0,0.0,0.794921875
4,28,ChevronSlow,recurring_3,recurring,5,0.9895833134651184,1.0,1.0,1.0,0.011450513571880582,0.833984375
4,28,IDLGated,recurring_3,recurring,5,0.9583333134651184,0.84375,0.90625,0.9994471669197083,0.01630667463588555,0.828125
4,29,MLP,one_shot_11,one_shot,1,1.0,0.09375,0.0,1.0,0.0,0.716796875
4,29,ChevronSlow,one_shot_11,one_shot,1,1.0,0.0833333358168602,0.3958333432674408,1.0,0.030540409609455577,0.853515625
4,29,IDLGated,one_shot_11,one_shot,1,1.0,0.09375,0.09375,0.010986942797899246,0.0328303969868396,0.83203125
4,30,MLP,recurring_1,recurring,4,1.0,0.5104166865348816,0.0,1.0,0.0,0.544921875
4,30,ChevronSlow,recurring_1,recurring,4,1.0,0.28125,0.7291666865348816,1.0,0.014542326721834387,0.73046875
4,30,IDLGated,recurring_1,recurring,4,1.0,0.4375,0.7291666865348816,0.9890130758285522,0.013063339515706167,0.78125
4,31,MLP,recurring_0,recurring,5,1.0,1.0,0.0,1.0,0.0,0.50390625
4,31,ChevronSlow,recurring_0,recurring,5,1.0,0.3020833432674408,0.9583333134651184,1.0,0.020025256442307526,0.580078125
4,31,IDLGated,recurring_0,recurring,5,1.0,0.21875,0.9479166865348816,0.9994471669197083,0.02049035909890751,0.724609375
4,32,MLP,recurring_1,recurring,5,1.0,1.0,0.0,1.0,0.0,0.6328125
4,32,ChevronSlow,recurring_1,recurring,5,1.0,1.0,1.0,1.0,0.010057306568687094,0.6328125
4,32,IDLGated,recurring_1,recurring,5,0.9791666865348816,0.96875,1.0,0.9994471669197083,0.010799216485861738,0.767578125
4,33,MLP,recurring_3,recurring,6,0.9895833134651184,0.9375,0.0,1.0,0.0,0.701171875
4,33,ChevronSlow,recurring_3,recurring,6,0.9791666865348816,0.9479166865348816,0.9583333134651184,1.0,0.011343174870378546,0.828125
4,33,IDLGated,recurring_3,recurring,6,0.96875,0.9583333134651184,0.9583333134651184,0.9999724626541138,0.01196513725200789,0.798828125
4,34,MLP,recurring_2,recurring,8,1.0,0.65625,0.0,1.0,0.0,0.537109375
4,34,ChevronSlow,recurring_2,recurring,8,1.0,0.0729166641831398,1.0,1.0,0.012852813944310261,0.6328125
4,34,IDLGated,recurring_2,recurring,8,1.0,0.1458333283662796,0.6041666865348816,0.9999998807907104,0.013993971881915424,0.73828125
4,35,MLP,recurring_2,recurring,9,1.0,1.0,0.0,1.0,0.0,0.48828125
4,35,ChevronSlow,recurring_2,recurring,9,1.0,1.0,1.0,1.0,0.012184977379214493,0.6171875
4,35,IDLGated,recurring_2,recurring,9,1.0,0.46875,0.8229166865348816,1.0,0.017847361236725465,0.677734375
4,36,MLP,recurring_2,recurring,10,1.0,1.0,0.0,1.0,0.0,0.583984375
4,36,ChevronSlow,recurring_2,recurring,10,1.0,1.0,1.0,1.0,0.014657760636300672,0.634765625
4,36,IDLGated,recurring_2,recurring,10,1.0,0.875,1.0,1.0,0.011282705820007018,0.65625
4,37,MLP,recurring_1,recurring,6,1.0,1.0,0.0,1.0,0.0,0.619140625
4,37,ChevronSlow,recurring_1,recurring,6,1.0,0.8333333134651184,0.9583333134651184,1.0,0.012358608523466392,0.607421875
4,37,IDLGated,recurring_1,recurring,6,1.0,0.7604166865348816,0.9791666865348816,0.9999724626541138,0.012798206592534576,0.67578125
4,38,MLP,recurring_3,recurring,7,0.8541666865348816,0.8958333134651184,0.0,1.0,0.0,0.779296875
4,38,ChevronSlow,recurring_3,recurring,7,0.8541666865348816,0.78125,0.8541666865348816,1.0,0.018052804119840418,0.857421875
4,38,IDLGated,recurring_3,recurring,7,0.8541666865348816,0.6875,0.8125,0.9999985694885254,0.018450889513406343,0.83984375
4,39,MLP,recurring_3,recurring,8,0.9583333134651184,0.9166666865348816,0.0,1.0,0.0,0.810546875
4,39,ChevronSlow,recurring_3,recurring,8,1.0,0.9166666865348816,0.96875,1.0,0.013808983838543683,0.849609375
4,39,IDLGated,recurring_3,recurring,8,1.0,0.8645833134651184,0.9583333134651184,0.9999998807907104,0.012200924661765573,0.822265625
4,40,MLP,one_shot_4,one_shot,1,0.75,0.7708333134651184,0.0,1.0,0.0,0.8359375
4,40,ChevronSlow,one_shot_4,one_shot,1,0.6770833134651184,0.625,0.625,1.0,0.011947343440677504,0.873046875
4,40,IDLGated,one_shot_4,one_shot,1,0.7395833134651184,0.6770833134651184,0.6770833134651184,0.010986942797899246,0.012314902591339721,0.82421875
4,41,MLP,recurring_3,recurring,9,0.8854166865348816,0.8229166865348816,0.0,1.0,0.0,0.841796875
4,41,ChevronSlow,recurring_3,recurring,9,0.9166666865348816,0.8229166865348816,0.8645833134651184,1.0,0.00608137249052004,0.8671875
4,41,IDLGated,recurring_3,recurring,9,0.875,0.8958333134651184,0.8854166865348816,1.0,0.010737364124714007,0.82421875
4,42,MLP,one_shot_13,one_shot,1,1.0,0.53125,0.0,1.0,0.0,0.697265625
4,42,ChevronSlow,one_shot_13,one_shot,1,1.0,0.3229166567325592,0.7395833134651184,1.0,0.020739581827202612,0.8359375
4,42,IDLGated,one_shot_13,one_shot,1,1.0,0.5416666865348816,0.5625,0.010986942797899246,0.011594418062241704,0.822265625
4,43,MLP,recurring_1,recurring,7,0.9791666865348816,0.96875,0.0,1.0,0.0,0.72265625
4,43,ChevronSlow,recurring_1,recurring,7,0.9895833134651184,0.59375,0.8541666865348816,1.0,0.011483941400265,0.8125
4,43,IDLGated,recurring_1,recurring,7,1.0,0.3333333432674408,0.6354166865348816,0.9999985694885254,0.014053000556008104,0.80859375
4,44,MLP,recurring_0,recurring,6,1.0,0.6145833134651184,0.0,1.0,0.0,0.626953125
4,44,ChevronSlow,recurring_0,recurring,6,1.0,0.3854166567325592,0.9479166865348816,1.0,0.017486631749643454,0.705078125
4,44,IDLGated,recurring_0,recurring,6,1.0,0.21875,0.78125,0.9999724626541138,0.016317800013261115,0.751953125
4,45,MLP,recurring_3,recurring,10,1.0,1.0,0.0,1.0,0.0,0.650390625
4,45,ChevronSlow,recurring_3,recurring,10,1.0,0.9166666865348816,1.0,1.0,0.015659260912351928,0.779296875
4,45,IDLGated,recurring_3,recurring,10,1.0,0.9479166865348816,1.0,1.0,0.01476871689664273,0.796875
4,46,MLP,recurring_0,recurring,7,1.0,1.0,0.0,1.0,0.0,0.646484375
4,46,ChevronSlow,recurring_0,recurring,7,0.96875,0.4583333432674408,0.9375,1.0,0.015349098602770056,0.74609375
4,46,IDLGated,recurring_0,recurring,7,1.0,0.2291666716337204,0.8020833134651184,0.9999985694885254,0.015410867362213579,0.763671875
4,47,MLP,recurring_1,recurring,8,1.0,1.0,0.0,1.0,0.0,0.740234375
4,47,ChevronSlow,recurring_1,recurring,8,0.9166666865348816,1.0,0.96875,1.0,0.010848670266335113,0.724609375
4,47,IDLGated,recurring_1,recurring,8,1.0,1.0,1.0,0.9999998807907104,0.010806900668153128,0.712890625
4,48,MLP,recurring_0,recurring,8,1.0,0.9479166865348816,0.0,1.0,0.0,0.6640625
4,48,ChevronSlow,recurring_0,recurring,8,1.0,0.9270833134651184,1.0,1.0,0.009294169410691847,0.701171875
4,48,IDLGated,recurring_0,recurring,8,1.0,1.0,1.0,0.9999998807907104,0.007124625606952238,0.66796875
4,49,MLP,recurring_0,recurring,9,1.0,1.0,0.0,1.0,0.0,0.66796875
4,49,ChevronSlow,recurring_0,recurring,9,0.9479166865348816,1.0,0.9895833134651184,1.0,0.009871223370243414,0.68359375
4,49,IDLGated,recurring_0,recurring,9,1.0,1.0,1.0,1.0,0.006745939044529392,0.666015625
4,50,MLP,one_shot_10,one_shot,1,1.0,0.7395833134651184,0.0,1.0,0.0,0.759765625
4,50,ChevronSlow,one_shot_10,one_shot,1,1.0,0.8020833134651184,1.0,1.0,0.020946126929071517,0.734375
4,50,IDLGated,one_shot_10,one_shot,1,1.0,0.9270833134651184,0.9270833134651184,0.010986942797899246,0.015534348830209302,0.666015625
4,51,MLP,recurring_1,recurring,9,1.0,0.8958333134651184,0.0,1.0,0.0,0.72265625
4,51,ChevronSlow,recurring_1,recurring,9,1.0,0.8645833134651184,1.0,1.0,0.018892868461808876,0.740234375
4,51,IDLGated,recurring_1,recurring,9,1.0,1.0,1.0,1.0,0.013933507340604426,0.7265625
4,52,MLP,one_shot_15,one_shot,1,1.0,0.9583333134651184,0.0,1.0,0.0,0.833984375
4,52,ChevronSlow,one_shot_15,one_shot,1,0.9895833134651184,0.875,0.9479166865348816,1.0,0.022119368480223278,0.861328125
4,52,IDLGated,one_shot_15,one_shot,1,1.0,1.0,1.0,0.010986942797899246,0.01741704664535344,0.7265625
4,53,MLP,one_shot_3,one_shot,1,1.0,0.3958333432674408,0.0,1.0,0.0,0.650390625
4,53,ChevronSlow,one_shot_3,one_shot,1,1.0,0.1145833358168602,0.625,1.0,0.022476427765354124,0.716796875
4,53,IDLGated,one_shot_3,one_shot,1,1.0,0.0833333358168602,0.09375,0.010986942797899246,0.02350476106125974,0.7265625
4,54,MLP,recurring_1,recurring,10,0.9895833134651184,0.71875,0.0,1.0,0.0,0.625
4,54,ChevronSlow,recurring_1,recurring,10,1.0,0.6875,0.8854166865348816,1.0,0.01370134081368199,0.720703125
4,54,IDLGated,recurring_1,recurring,10,1.0,1.0,1.0,1.0,0.008756620800635417,0.724609375
4,55,MLP,recurring_0,recurring,10,1.0,1.0,0.0,1.0,0.0,0.6796875
4,55,ChevronSlow,recurring_0,recurring,10,1.0,0.9375,0.9895833134651184,1.0,0.01368251705969106,0.7265625
4,55,IDLGated,recurring_0,recurring,10,1.0,0.9791666865348816,1.0,1.0,0.006260779999121592,0.70703125
5,0,MLP,recurring_1,recurring,1,0.9479166865348816,0.21875,0.0,1.0,0.0,0.88671875
5,0,ChevronSlow,recurring_1,recurring,1,1.0,0.21875,0.59375,1.0,0.034983920530629355,0.9453125
5,0,IDLGated,recurring_1,recurring,1,1.0,0.1666666716337204,0.1666666716337204,0.010986942797899246,0.03528676832104126,0.99609375
5,1,MLP,recurring_0,recurring,1,0.9479166865348816,0.0,0.0,1.0,0.0,0.666015625
5,1,ChevronSlow,recurring_0,recurring,1,1.0,0.0,0.0,1.0,0.09517946729510236,0.869140625
5,1,IDLGated,recurring_0,recurring,1,0.9895833134651184,0.0,0.0,0.010986942797899246,0.08426085696635523,0.99609375
5,2,MLP,one_shot_11,one_shot,1,1.0,0.78125,0.0,1.0,0.0,0.662109375
5,2,ChevronSlow,one_shot_11,one_shot,1,1.0,0.0,0.2916666567325592,1.0,0.049322619271706794,0.79296875
5,2,IDLGated,one_shot_11,one_shot,1,0.9895833134651184,0.0,0.0,0.010986942797899246,0.08418422185851605,0.99609375
5,3,MLP,recurring_0,recurring,2,0.9895833134651184,1.0,0.0,1.0,0.0,0.736328125
5,3,ChevronSlow,recurring_0,recurring,2,0.96875,0.28125,0.5625,1.0,0.02519590900962621,0.78125
5,3,IDLGated,recurring_0,recurring,2,0.8020833134651184,0.0,0.0,0.18242552876472473,0.06012125489355844,0.974609375
5,4,MLP,recurring_0,recurring,3,0.9791666865348816,0.9791666865348816,0.0,1.0,0.0,0.734375
5,4,ChevronSlow,recurring_0,recurring,3,0.8854166865348816,0.59375,0.7395833134651184,1.0,0.010986585654286495,0.765625
5,4,IDLGated,recurring_0,recurring,3,0.78125,0.0,0.02083333395421505,0.8175744414329529,0.049087969764009955,0.892578125
5,5,MLP,one_shot_4,one_shot,1,1.0,0.59375,0.0,1.0,0.0,0.61328125
5,5,ChevronSlow,one_shot_4,one_shot,1,0.9583333134651184,0.4583333432674408,0.6875,1.0,0.02682101504822821,0.755859375
5,5,IDLGated,one_shot_4,one_shot,1,0.7083333134651184,0.010416666977107525,0.010416666977107525,0.010986942797899246,0.04274829872280254,0.892578125
5,6,MLP,recurring_1,recurring,2,0.9166666865348816,0.8229166865348816,0.0,1.0,0.0,0.765625
5,6,ChevronSlow,recurring_1,recurring,2,0.96875,0.6979166865348816,0.8020833134651184,1.0,0.01961282105914602,0.810546875
5,6,IDLGated,recurring_1,recurring,2,1.0,0.2708333432674408,0.3229166567325592,0.18242552876472473,0.03382738509505399,0.8828125
5,7,MLP,recurring_3,recurring,1,1.0,0.0,0.0,1.0,0.0,0.509765625
5,7,ChevronSlow,recurring_3,recurring,1,1.0,0.0,0.010416666977107525,1.0,0.03524224217330662,0.80078125
5,7,IDLGated,recurring_3,recurring,1,1.0,0.0,0.0,0.010986942797899246,0.08213204018381033,0.8828125
5,8,MLP,recurring_1,recurring,3,1.0,0.8854166865348816,0.0,1.0,0.0,0.85546875
5,8,ChevronSlow,recurring_1,recurring,3,0.96875,0.4791666567325592,0.7395833134651184,1.0,0.024526288491079625,0.85546875
5,8,IDLGated,recurring_1,recurring,3,0.7708333134651184,0.2395833283662796,0.4375,0.8175744414329529,0.03245275920237563,0.919921875
5,9,MLP,recurring_2,recurring,1,0.6458333134651184,0.3645833432674408,0.0,1.0,0.0,0.8125
5,9,ChevronSlow,recurring_2,recurring,1,0.8229166865348816,0.5833333134651184,0.6666666865348816,1.0,0.012009342831853379,0.8515625
5,9,IDLGated,recurring_2,recurring,1,0.6875,0.3020833432674408,0.3020833432674408,0.010986942797899246,0.033043618718002266,0.919921875
5,10,MLP,one_shot_14,one_shot,1,1.0,0.0416666679084301,0.0,1.0,0.0,0.505859375
5,10,ChevronSlow,one_shot_14,one_shot,1,1.0,0.03125,0.4895833432674408,1.0,0.019733941715186134,0.7734375
5,10,IDLGated,one_shot_14,one_shot,1,0.96875,0.0,0.0,0.010986942797899246,0.06049991612741676,0.919921875
5,11,MLP,recurring_2,recurring,2,1.0,1.0,0.0,1.0,0.0,0.595703125
5,11,ChevronSlow,recurring_2,recurring,2,1.0,1.0,1.0,1.0,0.005680961049473251,0.80078125
5,11,IDLGated,recurring_2,recurring,2,0.7708333134651184,0.28125,0.3125,0.18242552876472473,0.027051164849550835,0.912109375
5,12,MLP,recurring_0,recurring,4,1.0,1.0,0.0,1.0,0.0,0.611328125
5,12,ChevronSlow,recurring_0,recurring,4,1.0,0.1979166716337204,0.5520833134651184,1.0,0.01798609133153374,0.767578125
5,12,IDLGated,recurring_0,recurring,4,0.7604166865348816,0.0,0.1145833358168602,0.9890130758285522,0.051161778344391756,0.8515625
5,13,MLP,recurring_2,recurring,3,1.0,1.0,0.0,1.0,0.0,0.591796875
5,13,ChevronSlow,recurring_2,recurring,3,1.0,1.0,1.0,1.0,0.018017807878642874,0.791015625
5,13,IDLGated,recurring_2,recurring,3,0.9895833134651184,0.5416666865348816,0.7395833134651184,0.8175744414329529,0.03640443198653969,0.86328125
5,14,MLP,one_shot_1,one_shot,1,1.0,1.0,0.0,1.0,0.0,0.724609375
5,14,ChevronSlow,one_shot_1,one_shot,1,0.78125,0.9479166865348816,0.8645833134651184,1.0,0.005751176306579491,0.810546875
5,14,IDLGated,one_shot_1,one_shot,1,0.4270833432674408,0.4270833432674408,0.4270833432674408,0.010986942797899246,0.01389811374772193,0.86328125
5,15,MLP,recurring_1,recurring,4,1.0,0.6666666865348816,0.0,1.0,0.0,0.818359375
5,15,ChevronSlow,recurring_1,recurring,4,1.0,0.5104166865348816,0.96875,1.0,0.024408122052203805,0.80859375
5,15,IDLGated,recurring_1,recurring,4,1.0,0.5,0.8229166865348816,0.9890130758285522,0.022740463735126643,0.8515625
5,16,MLP,recurring_3,recurring,2,1.0,0.0,0.0,1.0,0.0,0.48828125
5,16,ChevronSlow,recurring_3,recurring,2,1.0,0.0,0.1041666641831398,1.0,0.024015293911371697,0.78515625
5,16,IDLGated,recurring_3,recurring,2,1.0,0.0,0.0,0.18242552876472473,0.052298780917923234,0.853515625
5,17,MLP,recurring_3,recurring,3,1.0,1.0,0.0,1.0,0.0,0.494140625
5,17,ChevronSlow,recurring_3,recurring,3,1.0,0.09375,0.8020833134651184,1.0,0.016118268020646073,0.66796875
5,17,IDLGated,recurring_3,recurring,3,1.0,0.0,0.0,0.8175744414329529,0.05253641894576056,0.84765625
5,18,MLP,one_shot_7,one_shot,1,1.0,1.0,0.0,1.0,0.0,0.52734375
5,18,ChevronSlow,one_shot_7,one_shot,1,1.0,0.3958333432674408,1.0,1.0,0.020603036573896165,0.65234375
5,18,IDLGated,one_shot_7,one_shot,1,0.9270833134651184,0.1354166716337204,0.1354166716337204,0.010986942797899246,0.02737312325807465,0.84765625
5,19,MLP,recurring_0,recurring,5,1.0,1.0,0.0,1.0,0.0,0.552734375
5,19,ChevronSlow,recurring_0,recurring,5,1.0,1.0,1.0,1.0,0.009050921024273509,0.658203125
5,19,IDLGated,recurring_0,recurring,5,1.0,0.0833333358168602,0.3229166567325592,0.9994471669197083,0.03243461227982497,0.833984375
5,20,MLP,one_shot_6,one_shot,1,1.0,1.0,0.0,1.0,0.0,0.7421875
5,20,ChevronSlow,one_shot_6,one_shot,1,1.0,1.0,1.0,1.0,0.01573739091064559,0.728515625
5,20,IDLGated,one_shot_6,one_shot,1,1.0,1.0,1.0,0.010986942797899246,0.010512951009184831,0.833984375
5,21,MLP,one_shot_10,one_shot,1,1.0,1.0,0.0,1.0,0.0,0.751953125
5,21,ChevronSlow,one_shot_10,one_shot,1,1.0,1.0,1.0,1.0,0.009014193595797297,0.744140625
5,21,IDLGated,one_shot_10,one_shot,1,1.0,0.7291666865348816,0.7291666865348816,0.010986942797899246,0.012755382428084478,0.833984375
5,22,MLP,recurring_2,recurring,4,0.9375,0.5833333134651184,0.0,1.0,0.0,0.669921875
5,22,ChevronSlow,recurring_2,recurring,4,0.9895833134651184,0.6041666865348816,0.8333333134651184,1.0,0.013794336391412029,0.7421875
5,22,IDLGated,recurring_2,recurring,4,0.9479166865348816,0.8229166865348816,0.8958333134651184,0.9890130758285522,0.008222689530324682,0.833984375
5,23,MLP,recurring_0,recurring,6,1.0,1.0,0.0,1.0,0.0,0.681640625
5,23,ChevronSlow,recurring_0,recurring,6,1.0,0.9166666865348816,1.0,1.0,0.008820358121079718,0.7109375
5,23,IDLGated,recurring_0,recurring,6,1.0,0.4479166567325592,0.7083333134651184,0.9999724626541138,0.01530845400085989,0.796875
5,24,MLP,recurring_0,recurring,7,1.0,1.0,0.0,1.0,0.0,0.669921875
5,24,ChevronSlow,recurring_0,recurring,7,1.0,1.0,1.0,1.0,0.012198795679181772,0.685546875
5,24,IDLGated,recurring_0,recurring,7,1.0,0.7083333134651184,0.9270833134651184,0.9999985694885254,0.013567705047448106,0.765625
5,25,MLP,recurring_2,recurring,5,0.8125,0.9895833134651184,0.0,1.0,0.0,0.73046875
5,25,ChevronSlow,recurring_2,recurring,5,0.8020833134651184,0.8541666865348816,0.8333333134651184,1.0,0.012451200657989037,0.7578125
5,25,IDLGated,recurring_2,recurring,5,0.7083333134651184,0.8333333134651184,0.7916666865348816,0.9994471669197083,0.010716460235611788,0.830078125
5,26,MLP,recurring_0,recurring,8,1.0,1.0,0.0,1.0,0.0,0.70703125
5,26,ChevronSlow,recurring_0,recurring,8,1.0,0.7916666865348816,1.0,1.0,0.013897157808374338,0.7265625
5,26,IDLGated,recurring_0,recurring,8,1.0,0.5208333134651184,0.8645833134651184,0.9999998807907104,0.01667909938114029,0.78515625
5,27,MLP,recurring_2,recurring,6,0.6666666865348816,0.7083333134651184,0.0,1.0,0.0,0.759765625
5,27,ChevronSlow,recurring_2,recurring,6,0.75,0.6458333134651184,0.6875,1.0,0.01700648178289915,0.810546875
5,27,IDLGated,recurring_2,recurring,6,0.7083333134651184,0.6145833134651184,0.6666666865348816,0.9999724626541138,0.015904222122839064,0.83984375
5,28,MLP,recurring_1,recurring,5,0.9791666865348816,0.4270833432674408,0.0,1.0,0.0,0.8515625
5,28,ChevronSlow,recurring_1,recurring,5,0.9791666865348816,0.2916666567325592,0.65625,1.0,0.025030768650453852,0.853515625
5,28,IDLGated,recurring_1,recurring,5,0.9479166865348816,0.21875,0.5833333134651184,0.9994471669197083,0.029336571605579346,0.841796875
5,29,MLP,one_shot_13,one_shot,1,1.0,0.4270833432674408,0.0,1.0,0.0,0.73828125
5,29,ChevronSlow,one_shot_13,one_shot,1,1.0,0.8645833134651184,0.96875,1.0,0.01123302866526358,0.833984375
5,29,IDLGated,one_shot_13,one_shot,1,0.9791666865348816,0.9270833134651184,0.9270833134651184,0.010986942797899246,0.010710131918048182,0.841796875
5,30,MLP,one_shot_3,one_shot,1,1.0,0.2708333432674408,0.0,1.0,0.0,0.52734375
5,30,ChevronSlow,one_shot_3,one_shot,1,1.0,0.1875,0.875,1.0,0.019404870483116447,0.73828125
5,30,IDLGated,one_shot_3,one_shot,1,1.0,0.1770833283662796,0.1770833283662796,0.010986942797899246,0.020880311399190415,0.841796875
5,31,MLP,one_shot_12,one_shot,1,1.0,1.0,0.0,1.0,0.0,0.794921875
5,31,ChevronSlow,one_shot_12,one_shot,1,1.0,1.0,1.0,1.0,0.009070882604371467,0.8203125
5,31,IDLGated,one_shot_12,one_shot,1,1.0,1.0,1.0,0.010986942797899246,0.006189238726089849,0.841796875
5,32,MLP,recurring_0,recurring,9,1.0,0.4166666567325592,0.0,1.0,0.0,0.681640625
5,32,ChevronSlow,recurring_0,recurring,9,1.0,0.4166666567325592,0.9270833134651184,1.0,0.014303159384274351,0.76171875
5,32,IDLGated,recurring_0,recurring,9,1.0,0.1979166716337204,0.5833333134651184,1.0,0.020034952751548603,0.822265625
5,33,MLP,recurring_2,recurring,7,0.9583333134651184,0.9166666865348816,0.0,1.0,0.0,0.689453125
5,33,ChevronSlow,recurring_2,recurring,7,1.0,0.8125,0.9583333134651184,1.0,0.016694002378989298,0.798828125
5,33,IDLGated,recurring_2,recurring,7,1.0,0.7708333134651184,0.9166666865348816,0.9999985694885254,0.013967924523069955,0.81640625
5,34,MLP,recurring_3,recurring,4,1.0,0.625,0.0,1.0,0.0,0.59765625
5,34,ChevronSlow,recurring_3,recurring,4,1.0,0.15625,0.9895833134651184,1.0,0.01946184728236822,0.728515625
5,34,IDLGated,recurring_3,recurring,4,1.0,0.0729166641831398,0.625,0.9890130758285522,0.022995908437283493,0.77734375
5,35,MLP,one_shot_5,one_shot,1,1.0,0.9583333134651184,0.0,1.0,0.0,0.5625
5,35,ChevronSlow,one_shot_5,one_shot,1,1.0,0.4895833432674408,0.8958333134651184,1.0,0.014845898375554825,0.65234375
5,35,IDLGated,one_shot_5,one_shot,1,1.0,0.3854166567325592,0.3854166567325592,0.010986942797899246,0.01665588791893115,0.77734375
5,36,MLP,recurring_1,recurring,6,0.9583333134651184,0.3854166567325592,0.0,1.0,0.0,0.80078125
5,36,ChevronSlow,recurring_1,recurring,6,1.0,0.2395833283662796,0.7083333134651184,1.0,0.024719424911981206,0.791015625
5,36,IDLGated,recurring_1,recurring,6,0.9791666865348816,0.28125,0.6770833134651184,0.9999724626541138,0.020807991630276308,0.8125
5,37,MLP,recurring_1,recurring,7,0.9375,0.9479166865348816,0.0,1.0,0.0,0.865234375
5,37,ChevronSlow,recurring_1,recurring,7,0.9166666865348816,0.6666666865348816,0.8125,1.0,0.015571627825643556,0.826171875
5,37,IDLGated,recurring_1,recurring,7,0.90625,0.6979166865348816,0.8125,0.9999985694885254,0.014616993394507088,0.828125
5,38,MLP,one_shot_15,one_shot,1,1.0,0.0,0.0,1.0,0.0,0.634765625
5,38,ChevronSlow,one_shot_15,one_shot,1,1.0,0.0625,0.59375,1.0,0.02161783164208001,0.841796875
5,38,IDLGated,one_shot_15,one_shot,1,1.0,0.125,0.1354166716337204,0.010986942797899246,0.021161939971069244,0.83203125
5,39,MLP,recurring_3,recurring,5,1.0,1.0,0.0,1.0,0.0,0.646484375
5,39,ChevronSlow,recurring_3,recurring,5,1.0,0.0416666679084301,0.9375,1.0,0.0171909520494707,0.755859375
5,39,IDLGated,recurring_3,recurring,5,1.0,0.0,0.125,0.9994471669197083,0.02629457404726925,0.830078125
5,40,MLP,recurring_1,recurring,8,0.9895833134651184,0.40625,0.0,1.0,0.0,0.857421875
5,40,ChevronSlow,recurring_1,recurring,8,0.9895833134651184,0.2604166567325592,0.5729166865348816,1.0,0.023880726386101704,0.85546875
5,40,IDLGated,recurring_1,recurring,8,0.9270833134651184,0.3854166567325592,0.6666666865348816,0.9999998807907104,0.018985172013959037,0.83203125
5,41,MLP,one_shot_2,one_shot,1,1.0,0.0,0.0,1.0,0.0,0.69140625
5,41,ChevronSlow,one_shot_2,one_shot,1,1.0,0.0,0.6666666865348816,1.0,0.02484346588679309,0.828125
5,41,IDLGated,one_shot_2,one_shot,1,1.0,0.0,0.0,0.010986942797899246,0.02717435215000565,0.833984375
5,42,MLP,one_shot_9,one_shot,1,1.0,0.28125,0.0,1.0,0.0,0.560546875
5,42,ChevronSlow,one_shot_9,one_shot,1,1.0,0.0,0.7395833134651184,1.0,0.01906162739936248,0.6953125
5,42,IDLGated,one_shot_9,one_shot,1,1.0,0.0,0.0,0.010986942797899246,0.019800158624542454,0.833984375
5,43,MLP,recurring_3,recurring,6,1.0,1.0,0.0,1.0,0.0,0.634765625
5,43,ChevronSlow,recurring_3,recurring,6,1.0,1.0,1.0,1.0,0.011114045166849471,0.671875
5,43,IDLGated,recurring_3,recurring,6,1.0,0.0,0.46875,0.9999724626541138,0.02154540424686769,0.798828125
5,44,MLP,recurring_1,recurring,9,1.0,0.2083333283662796,0.0,1.0,0.0,0.84375
5,44,ChevronSlow,recurring_1,recurring,9,1.0,0.1041666641831398,0.5104166865348816,1.0,0.025845557166495007,0.865234375
5,44,IDLGated,recurring_1,recurring,9,1.0,0.1979166716337204,0.6354166865348816,1.0,0.0198615962335416,0.828125
5,45,MLP,recurring_3,recurring,7,1.0,0.2291666716337204,0.0,1.0,0.0,0.62890625
5,45,ChevronSlow,recurring_3,recurring,7,1.0,0.0,1.0,1.0,0.013328399153905013,0.71484375
5,45,IDLGated,recurring_3,recurring,7,1.0,0.0,0.7395833134651184,0.9999985694885254,0.017923841130194268,0.779296875
5,46,MLP,recurring_1,recurring,10,1.0,0.6770833134651184,0.0,1.0,0.0,0.859375
5,46,ChevronSlow,recurring_1,recurring,10,1.0,0.5,0.8541666865348816,1.0,0.022662461671305395,0.83984375
5,46,IDLGated,recurring_1,recurring,10,1.0,0.46875,0.8333333134651184,1.0,0.021139178663185633,0.8203125
5,47,MLP,one_shot_8,one_shot,1,1.0,0.0625,0.0,1.0,0.0,0.55078125
5,47,ChevronSlow,one_shot_8,one_shot,1,1.0,0.3541666567325592,0.9479166865348816,1.0,0.010839731572059738,0.8046875
5,47,IDLGated,one_shot_8,one_shot,1,1.0,0.59375,0.59375,0.010986942797899246,0.011677877557948711,0.818359375
5,48,MLP,recurring_2,recurring,8,0.65625,1.0,0.0,1.0,0.0,0.845703125
5,48,ChevronSlow,recurring_2,recurring,8,0.75,0.8645833134651184,0.7395833134651184,1.0,0.015690289674317414,0.828125
5,48,IDLGated,recurring_2,recurring,8,0.78125,0.7291666865348816,0.75,0.9999998807907104,0.014754138842998582,0.822265625
5,49,MLP,recurring_2,recurring,9,1.0,0.7604166865348816,0.0,1.0,0.0,0.662109375
5,49,ChevronSlow,recurring_2,recurring,9,1.0,0.8229166865348816,0.96875,1.0,0.013842492465541305,0.79296875
5,49,IDLGated,recurring_2,recurring,9,1.0,0.8229166865348816,0.96875,1.0,0.014928303556435372,0.787109375
5,50,MLP,recurring_3,recurring,8,1.0,1.0,0.0,1.0,0.0,0.630859375
5,50,ChevronSlow,recurring_3,recurring,8,1.0,0.03125,0.9583333134651184,1.0,0.016341544028830444,0.708984375
5,50,IDLGated,recurring_3,recurring,8,1.0,0.02083333395421505,0.8958333134651184,0.9999998807907104,0.01744482518832915,0.70703125
5,51,MLP,one_shot_0,one_shot,1,1.0,0.96875,0.0,1.0,0.0,0.724609375
5,51,ChevronSlow,one_shot_0,one_shot,1,1.0,0.8125,1.0,1.0,0.02211079386647113,0.796875
5,51,IDLGated,one_shot_0,one_shot,1,1.0,0.7083333134651184,0.7083333134651184,0.010986942797899246,0.021630126180310065,0.70703125
5,52,MLP,recurring_2,recurring,10,1.0,0.59375,0.0,1.0,0.0,0.716796875
5,52,ChevronSlow,recurring_2,recurring,10,1.0,0.875,1.0,1.0,0.012147791569449307,0.798828125
5,52,IDLGated,recurring_2,recurring,10,1.0,1.0,1.0,1.0,0.010021043583432726,0.740234375
5,53,MLP,recurring_0,recurring,10,1.0,0.21875,0.0,1.0,0.0,0.638671875
5,53,ChevronSlow,recurring_0,recurring,10,1.0,0.0416666679084301,0.71875,1.0,0.018633906785798484,0.734375
5,53,IDLGated,recurring_0,recurring,10,1.0,0.5833333134651184,0.9479166865348816,1.0,0.012608954456136422,0.73046875
5,54,MLP,recurring_3,recurring,9,1.0,1.0,0.0,1.0,0.0,0.689453125
5,54,ChevronSlow,recurring_3,recurring,9,1.0,0.9166666865348816,1.0,1.0,0.011036713526849129,0.6796875
5,54,IDLGated,recurring_3,recurring,9,1.0,1.0,1.0,1.0,0.010109628760570538,0.6953125
5,55,MLP,recurring_3,recurring,10,1.0,1.0,0.0,1.0,0.0,0.69140625
5,55,ChevronSlow,recurring_3,recurring,10,1.0,1.0,1.0,1.0,0.010123911082440377,0.671875
5,55,IDLGated,recurring_3,recurring,10,1.0,1.0,1.0,1.0,0.008230195648654792,0.689453125
6,0,MLP,recurring_2,recurring,1,0.96875,0.125,0.0,1.0,0.0,0.81640625
6,0,ChevronSlow,recurring_2,recurring,1,0.9479166865348816,0.125,0.46875,1.0,0.049332897799258646,0.931640625
6,0,IDLGated,recurring_2,recurring,1,0.9270833134651184,0.125,0.125,0.010986942797899246,0.05087910911189483,0.9921875
6,1,MLP,recurring_2,recurring,2,0.8958333134651184,0.9270833134651184,0.0,1.0,0.0,0.8828125
6,1,ChevronSlow,recurring_2,recurring,2,0.90625,0.4166666567325592,0.5625,1.0,0.034533496622430014,0.923828125
6,1,IDLGated,recurring_2,recurring,2,0.8958333134651184,0.09375,0.1458333283662796,0.18242552876472473,0.052427944550719315,0.9921875
6,2,MLP,recurring_2,recurring,3,0.9166666865348816,0.90625,0.0,1.0,0.0,0.8515625
6,2,ChevronSlow,recurring_2,recurring,3,0.9791666865348816,0.6875,0.78125,1.0,0.02762811109851862,0.908203125
6,2,IDLGated,recurring_2,recurring,3,0.9791666865348816,0.1666666716337204,0.46875,0.8175744414329529,0.047855008053075125,0.943359375
6,3,MLP,recurring_2,recurring,4,0.8333333134651184,0.9479166865348816,0.0,1.0,0.0,0.873046875
6,3,ChevronSlow,recurring_2,recurring,4,0.8958333134651184,0.8229166865348816,0.8541666865348816,1.0,0.017452717254045232,0.90625
6,3,IDLGated,recurring_2,recurring,4,0.8333333134651184,0.4166666567325592,0.5833333134651184,0.9890130758285522,0.03185345625226058,0.927734375
6,4,MLP,recurring_3,recurring,1,1.0,0.8854166865348816,0.0,1.0,0.0,0.83203125
6,4,ChevronSlow,recurring_3,recurring,1,1.0,0.8854166865348816,0.96875,1.0,0.016997646455990476,0.87890625
6,4,IDLGated,recurring_3,recurring,1,1.0,0.7916666865348816,0.7916666865348816,0.010986942797899246,0.01670420208486264,0.927734375
6,5,MLP,recurring_3,recurring,2,1.0,1.0,0.0,1.0,0.0,0.875
6,5,ChevronSlow,recurring_3,recurring,2,1.0,0.9479166865348816,1.0,1.0,0.012595523242771672,0.890625
6,5,IDLGated,recurring_3,recurring,2,1.0,0.7604166865348816,0.7916666865348816,0.18242552876472473,0.014543841605723083,0.9296875
6,6,MLP,recurring_3,recurring,3,0.875,1.0,0.0,1.0,0.0,0.904296875
6,6,ChevronSlow,recurring_3,recurring,3,0.875,0.9791666865348816,0.9479166865348816,1.0,0.004277845120726047,0.89453125
6,6,IDLGated,recurring_3,recurring,3,0.8645833134651184,0.7708333134651184,0.8333333134651184,0.8175744414329529,0.0032497933977371414,0.91796875
6,7,MLP,recurring_0,recurring,1,1.0,0.5,0.0,1.0,0.0,0.83984375
6,7,ChevronSlow,recurring_0,recurring,1,1.0,0.40625,0.7395833134651184,1.0,0.028789627891423065,0.884765625
6,7,IDLGated,recurring_0,recurring,1,1.0,0.3333333432674408,0.34375,0.010986942797899246,0.03303157128570285,0.91796875
6,8,MLP,one_shot_11,one_shot,1,0.7708333134651184,0.5416666865348816,0.0,1.0,0.0,0.83203125
6,8,ChevronSlow,one_shot_11,one_shot,1,0.8645833134651184,0.40625,0.5833333134651184,1.0,0.019704138196918138,0.861328125
6,8,IDLGated,one_shot_11,one_shot,1,0.7708333134651184,0.03125,0.03125,0.010986942797899246,0.034632537413275113,0.916015625
6,9,MLP,recurring_1,recurring,1,1.0,0.7708333134651184,0.0,1.0,0.0,0.77734375
6,9,ChevronSlow,recurring_1,recurring,1,1.0,0.5520833134651184,0.84375,1.0,0.021939463306889118,0.830078125
6,9,IDLGated,recurring_1,recurring,1,0.90625,0.2604166567325592,0.2604166567325592,0.010986942797899246,0.02707797637922964,0.916015625
6,10,MLP,recurring_2,recurring,5,0.9791666865348816,1.0,0.0,1.0,0.0,0.859375
6,10,ChevronSlow,recurring_2,recurring,5,1.0,1.0,1.0,1.0,0.008732139148106497,0.8515625
6,10,IDLGated,recurring_2,recurring,5,0.9166666865348816,0.7083333134651184,0.8020833134651184,0.9994471669197083,0.01987035924558405,0.904296875
6,11,MLP,recurring_2,recurring,6,1.0,0.9791666865348816,0.0,1.0,0.0,0.84375
6,11,ChevronSlow,recurring_2,recurring,6,1.0,1.0,1.0,1.0,0.012918589307271036,0.849609375
6,11,IDLGated,recurring_2,recurring,6,1.0,0.7083333134651184,0.9270833134651184,0.9999724626541138,0.022021654082995747,0.88671875
6,12,MLP,recurring_1,recurring,2,1.0,0.7291666865348816,0.0,1.0,0.0,0.76953125
6,12,ChevronSlow,recurring_1,recurring,2,1.0,0.71875,0.9791666865348816,1.0,0.019917478034355833,0.796875
6,12,IDLGated,recurring_1,recurring,2,1.0,0.5625,0.6354166865348816,0.18242552876472473,0.0264850797631004,0.87890625
6,13,MLP,one_shot_0,one_shot,1,0.96875,0.2916666567325592,0.0,1.0,0.0,0.76171875
6,13,ChevronSlow,one_shot_0,one_shot,1,1.0,0.3125,0.6041666865348816,1.0,0.02737851315845116,0.810546875
6,13,IDLGated,one_shot_0,one_shot,1,1.0,0.03125,0.03125,0.010986942797899246,0.04235339756257356,0.87890625
6,14,MLP,one_shot_2,one_shot,1,1.0,0.9895833134651184,0.0,1.0,0.0,0.755859375
6,14,ChevronSlow,one_shot_2,one_shot,1,1.0,0.8125,0.9791666865348816,1.0,0.011174693754194507,0.79296875
6,14,IDLGated,one_shot_2,one_shot,1,0.90625,0.2708333432674408,0.2708333432674408,0.010986942797899246,0.03381466639659755,0.87890625
6,15,MLP,recurring_0,recurring,2,0.9583333134651184,0.7916666865348816,0.0,1.0,0.0,0.87109375
6,15,ChevronSlow,recurring_0,recurring,2,0.9270833134651184,0.6354166865348816,0.7708333134651184,1.0,0.02228357228652163,0.85546875
6,15,IDLGated,recurring_0,recurring,2,0.9791666865348816,0.5416666865348816,0.5625,0.18242552876472473,0.02557055524865667,0.884765625
6,16,MLP,recurring_0,recurring,3,1.0,0.9375,0.0,1.0,0.0,0.828125
6,16,ChevronSlow,recurring_0,recurring,3,1.0,0.875,0.9375,1.0,0.009646751795988033,0.83984375
6,16,IDLGated,recurring_0,recurring,3,1.0,0.6770833134651184,0.8125,0.8175744414329529,0.02319093356491632,0.896484375
6,17,MLP,recurring_3,recurring,4,0.9895833134651184,0.3333333432674408,0.0,1.0,0.0,0.837890625
6,17,ChevronSlow,recurring_3,recurring,4,1.0,0.6458333134651184,0.8854166865348816,1.0,0.01957184704965318,0.861328125
6,17,IDLGated,recurring_3,recurring,4,0.9583333134651184,0.8333333134651184,0.8958333134651184,0.9890130758285522,0.02030366595908817,0.89453125
6,18,MLP,recurring_0,recurring,4,0.8333333134651184,0.7395833134651184,0.0,1.0,0.0,0.8671875
6,18,ChevronSlow,recurring_0,recurring,4,0.8229166865348816,0.7395833134651184,0.7708333134651184,1.0,0.008079783342681016,0.86328125
6,18,IDLGated,recurring_0,recurring,4,0.71875,0.5833333134651184,0.6458333134651184,0.9890130758285522,0.010355440307358773,0.919921875
6,19,MLP,recurring_1,recurring,3,1.0,0.4895833432674408,0.0,1.0,0.0,0.7578125
6,19,ChevronSlow,recurring_1,recurring,3,1.0,0.46875,0.6979166865348816,1.0,0.018210022193486577,0.841796875
6,19,IDLGated,recurring_1,recurring,3,0.9791666865348816,0.34375,0.5104166865348816,0.8175744414329529,0.028544301267381084,0.88671875
6,20,MLP,recurring_0,recurring,5,0.8333333134651184,0.625,0.0,1.0,0.0,0.857421875
6,20,ChevronSlow,recurring_0,recurring,5,0.8229166865348816,0.59375,0.7083333134651184,1.0,0.012630228710228645,0.857421875
6,20,IDLGated,recurring_0,recurring,5,0.71875,0.4895833432674408,0.5833333134651184,0.9994471669197083,0.012929874236804058,0.916015625
6,21,MLP,one_shot_3,one_shot,1,0.9895833134651184,0.25,0.0,1.0,0.0,0.75390625
6,21,ChevronSlow,one_shot_3,one_shot,1,0.9791666865348816,0.0833333358168602,0.4895833432674408,1.0,0.023891476479263693,0.814453125
6,21,IDLGated,one_shot_3,one_shot,1,0.9791666865348816,0.0625,0.0833333358168602,0.010986942797899246,0.02570126496237731,0.91796875
6,22,MLP,recurring_0,recurring,6,1.0,1.0,0.0,1.0,0.0,0.814453125
6,22,ChevronSlow,recurring_0,recurring,6,1.0,1.0,1.0,1.0,0.009938468913101827,0.802734375
6,22,IDLGated,recurring_0,recurring,6,1.0,0.7604166865348816,0.875,0.9999724626541138,0.01145087102657974,0.876953125
6,23,MLP,one_shot_5,one_shot,1,0.9479166865348816,0.21875,0.0,1.0,0.0,0.755859375
6,23,ChevronSlow,one_shot_5,one_shot,1,1.0,0.1770833283662796,0.5625,1.0,0.03386686706532472,0.78125
6,23,IDLGated,one_shot_5,one_shot,1,1.0,0.03125,0.03125,0.010986942797899246,0.04197419711095743,0.876953125
6,24,MLP,recurring_2,recurring,7,0.8854166865348816,0.65625,0.0,1.0,0.0,0.8359375
6,24,ChevronSlow,recurring_2,recurring,7,0.8229166865348816,0.7916666865348816,0.8229166865348816,1.0,0.015501770140419771,0.8359375
6,24,IDLGated,recurring_2,recurring,7,0.6979166865348816,0.90625,0.8020833134651184,0.9999985694885254,0.004885284828046973,0.912109375
6,25,MLP,one_shot_9,one_shot,1,1.0,0.5416666865348816,0.0,1.0,0.0,0.80859375
6,25,ChevronSlow,one_shot_9,one_shot,1,1.0,0.4270833432674408,0.71875,1.0,0.022885157217399383,0.853515625
6,25,IDLGated,one_shot_9,one_shot,1,0.9479166865348816,0.125,0.125,0.010986942797899246,0.02971109413773697,0.912109375
6,26,MLP,recurring_3,recurring,5,0.9375,0.1770833283662796,0.0,1.0,0.0,0.89453125
6,26,ChevronSlow,recurring_3,recurring,5,0.875,0.375,0.65625,1.0,0.027831715884092608,0.9140625
6,26,IDLGated,recurring_3,recurring,5,0.875,0.6875,0.7604166865348816,0.9994471669197083,0.020082440512100973,0.92578125
6,27,MLP,one_shot_7,one_shot,1,1.0,0.010416666977107525,0.0,1.0,0.0,0.6953125
6,27,ChevronSlow,one_shot_7,one_shot,1,1.0,0.0833333358168602,0.5833333134651184,1.0,0.019435176279814437,0.85546875
6,27,IDLGated,one_shot_7,one_shot,1,1.0,0.0,0.0,0.010986942797899246,0.03682378418698209,0.92578125
6,28,MLP,one_shot_8,one_shot,1,1.0,0.5104166865348816,0.0,1.0,0.0,0.578125
6,28,ChevronSlow,one_shot_8,one_shot,1,1.0,0.02083333395421505,0.5,1.0,0.020297953626068656,0.791015625
6,28,IDLGated,one_shot_8,one_shot,1,1.0,0.0,0.0,0.010986942797899246,0.03316084308679225,0.92578125
6,29,MLP,recurring_2,recurring,8,1.0,1.0,0.0,1.0,0.0,0.71875
6,29,ChevronSlow,recurring_2,recurring,8,1.0,0.875,1.0,1.0,0.015223227531710539,0.810546875
6,29,IDLGated,recurring_2,recurring,8,1.0,0.78125,0.96875,0.9999998807907104,0.011810931675400748,0.8828125
6,30,MLP,one_shot_12,one_shot,1,1.0,0.90625,0.0,1.0,0.0,0.876953125
6,30,ChevronSlow,one_shot_12,one_shot,1,1.0,0.8020833134651184,0.8854166865348816,1.0,0.015812222963558168,0.857421875
6,30,IDLGated,one_shot_12,one_shot,1,0.9895833134651184,0.4583333432674408,0.4583333432674408,0.010986942797899246,0.02515122052314972,0.8828125
6,31,MLP,recurring_3,recurring,6,1.0,0.46875,0.0,1.0,0.0,0.83203125
6,31,ChevronSlow,recurring_3,recurring,6,1.0,0.5416666865348816,0.7916666865348816,1.0,0.02456524078470373,0.90234375
6,31,IDLGated,recurring_3,recurring,6,0.9791666865348816,0.9583333134651184,0.9791666865348816,0.9999724626541138,0.019349493644777914,0.875
6,32,MLP,recurring_1,recurring,4,1.0,0.8020833134651184,0.0,1.0,0.0,0.76953125
6,32,ChevronSlow,recurring_1,recurring,4,1.0,0.3854166567325592,0.8333333134651184,1.0,0.0188992263960092,0.818359375
6,32,IDLGated,recurring_1,recurring,4,1.0,0.4791666567325592,0.8541666865348816,0.9890130758285522,0.013031681065048038,0.845703125
6,33,MLP,recurring_3,recurring,7,1.0,1.0,0.0,1.0,0.0,0.828125
6,33,ChevronSlow,recurring_3,recurring,7,1.0,1.0,1.0,1.0,0.006850129583499399,0.8359375
6,33,IDLGated,recurring_3,recurring,7,1.0,1.0,1.0,0.9999985694885254,0.0059074383535433275,0.86328125
6,34,MLP,recurring_3,recurring,8,1.0,1.0,0.0,1.0,0.0,0.814453125
6,34,ChevronSlow,recurring_3,recurring,8,1.0,1.0,1.0,1.0,0.009799919271382974,0.830078125
6,34,IDLGated,recurring_3,recurring,8,1.0,1.0,1.0,0.9999998807907104,0.004697567186452071,0.8515625
6,35,MLP,one_shot_1,one_shot,1,0.96875,0.4375,0.0,1.0,0.0,0.787109375
6,35,ChevronSlow,one_shot_1,one_shot,1,0.96875,0.5104166865348816,0.7916666865348816,1.0,0.01566601693266429,0.83203125
6,35,IDLGated,one_shot_1,one_shot,1,0.8854166865348816,0.375,0.375,0.010986942797899246,0.016301268780676573,0.8515625
6,36,MLP,recurring_1,recurring,5,1.0,1.0,0.0,1.0,0.0,0.787109375
6,36,ChevronSlow,recurring_1,recurring,5,1.0,0.84375,0.9791666865348816,1.0,0.01358791089559432,0.806640625
6,36,IDLGated,recurring_1,recurring,5,1.0,0.8645833134651184,0.96875,0.9994471669197083,0.016704041739016077,0.828125
6,37,MLP,one_shot_14,one_shot,1,1.0,1.0,0.0,1.0,0.0,0.826171875
6,37,ChevronSlow,one_shot_14,one_shot,1,1.0,1.0,1.0,1.0,0.007690935742268099,0.830078125
6,37,IDLGated,one_shot_14,one_shot,1,1.0,1.0,1.0,0.010986942797899246,0.010161641332643127,0.828125
6,38,MLP,recurring_2,recurring,9,1.0,1.0,0.0,1.0,0.0,0.828125
6,38,ChevronSlow,recurring_2,recurring,9,1.0,1.0,1.0,1.0,0.006712927362928023,0.83203125
6,38,IDLGated,recurring_2,recurring,9,1.0,1.0,1.0,1.0,0.004833209634932727,0.830078125
6,39,MLP,recurring_0,recurring,7,0.9895833134651184,0.7291666865348816,0.0,1.0,0.0,0.806640625
6,39,ChevronSlow,recurring_0,recurring,7,1.0,0.71875,0.875,1.0,0.022327824343697674,0.859375
6,39,IDLGated,recurring_0,recurring,7,1.0,0.3958333432674408,0.75,0.9999985694885254,0.031911119573869315,0.880859375
6,40,MLP,recurring_0,recurring,8,1.0,1.0,0.0,1.0,0.0,0.759765625
6,40,ChevronSlow,recurring_0,recurring,8,1.0,0.7395833134651184,1.0,1.0,0.011155197338980674,0.810546875
6,40,IDLGated,recurring_0,recurring,8,1.0,0.4895833432674408,0.8854166865348816,0.9999998807907104,0.014170356183886082,0.84375
6,41,MLP,recurring_3,recurring,9,0.96875,0.9895833134651184,0.0,1.0,0.0,0.87109375
6,41,ChevronSlow,recurring_3,recurring,9,0.9166666865348816,0.8958333134651184,0.90625,1.0,0.011557383619550781,0.87109375
6,41,IDLGated,recurring_3,recurring,9,0.9270833134651184,0.8333333134651184,0.875,1.0,0.012376089947238132,0.869140625
6,42,MLP,recurring_1,recurring,6,1.0,0.5833333134651184,0.0,1.0,0.0,0.798828125
6,42,ChevronSlow,recurring_1,recurring,6,1.0,0.4895833432674408,0.875,1.0,0.01725876319144946,0.8203125
6,42,IDLGated,recurring_1,recurring,6,1.0,0.5,0.84375,0.9999724626541138,0.015944543649997103,0.826171875
6,43,MLP,one_shot_15,one_shot,1,1.0,0.0,0.0,1.0,0.0,0.599609375
6,43,ChevronSlow,one_shot_15,one_shot,1,1.0,0.0,0.2916666567325592,1.0,0.02453802054136463,0.712890625
6,43,IDLGated,one_shot_15,one_shot,1,1.0,0.0,0.0,0.010986942797899246,0.02510974092493753,0.826171875
6,44,MLP,recurring_2,recurring,10,1.0,1.0,0.0,1.0,0.0,0.765625
6,44,ChevronSlow,recurring_2,recurring,10,1.0,1.0,1.0,1.0,0.009009316395059554,0.771484375
6,44,IDLGated,recurring_2,recurring,10,1.0,1.0,1.0,1.0,0.00810429379005361,0.830078125
6,45,MLP,one_shot_4,one_shot,1,0.9479166865348816,0.4479166567325592,0.0,1.0,0.0,0.74609375
6,45,ChevronSlow,one_shot_4,one_shot,1,1.0,0.6041666865348816,0.9375,1.0,0.025342142829330203,0.806640625
6,45,IDLGated,one_shot_4,one_shot,1,1.0,0.25,0.25,0.010986942797899246,0.028157426443015283,0.83203125
6,46,MLP,one_shot_13,one_shot,1,1.0,0.03125,0.0,1.0,0.0,0.79296875
6,46,ChevronSlow,one_shot_13,one_shot,1,1.0,0.010416666977107525,0.59375,1.0,0.03188465787929623,0.853515625
6,46,IDLGated,one_shot_13,one_shot,1,0.9791666865348816,0.0,0.0,0.010986942797899246,0.03722264916525292,0.8359375
6,47,MLP,one_shot_6,one_shot,1,1.0,0.8854166865348816,0.0,1.0,0.0,0.76171875
6,47,ChevronSlow,one_shot_6,one_shot,1,1.0,1.0,1.0,1.0,0.0111616772080494,0.849609375
6,47,IDLGated,one_shot_6,one_shot,1,0.9895833134651184,0.9479166865348816,0.9479166865348816,0.010986942797899246,0.013551017587168887,0.83984375
6,48,MLP,one_shot_10,one_shot,1,0.9479166865348816,0.3229166567325592,0.0,1.0,0.0,0.73046875
6,48,ChevronSlow,one_shot_10,one_shot,1,0.8958333134651184,0.3020833432674408,0.6041666865348816,1.0,0.01819495658023903,0.84375
6,48,IDLGated,one_shot_10,one_shot,1,0.9166666865348816,0.7291666865348816,0.7291666865348816,0.010986942797899246,0.00838573514490173,0.837890625
6,49,MLP,recurring_0,recurring,9,0.9895833134651184,1.0,0.0,1.0,0.0,0.810546875
6,49,ChevronSlow,recurring_0,recurring,9,0.9791666865348816,0.90625,0.9583333134651184,1.0,0.00974569967889943,0.845703125
6,49,IDLGated,recurring_0,recurring,9,0.9375,0.5,0.6875,1.0,0.01581491389253022,0.859375
6,50,MLP,recurring_1,recurring,7,1.0,0.7291666865348816,0.0,1.0,0.0,0.775390625
6,50,ChevronSlow,recurring_1,recurring,7,1.0,0.5,0.90625,1.0,0.022154412506362554,0.806640625
6,50,IDLGated,recurring_1,recurring,7,1.0,0.625,0.9895833134651184,0.9999985694885254,0.018334641539792938,0.8125
6,51,MLP,recurring_0,recurring,10,1.0,0.7708333134651184,0.0,1.0,0.0,0.736328125
6,51,ChevronSlow,recurring_0,recurring,10,1.0,0.7604166865348816,0.9270833134651184,1.0,0.013182196801690913,0.8203125
6,51,IDLGated,recurring_0,recurring,10,1.0,0.5416666865348816,0.78125,1.0,0.01654997665041058,0.837890625
6,52,MLP,recurring_1,recurring,8,1.0,1.0,0.0,1.0,0.0,0.787109375
6,52,ChevronSlow,recurring_1,recurring,8,1.0,0.7395833134651184,0.9895833134651184,1.0,0.018228523514377523,0.80078125
6,52,IDLGated,recurring_1,recurring,8,1.0,0.7291666865348816,0.9895833134651184,0.9999998807907104,0.017550393364346994,0.8125
6,53,MLP,recurring_1,recurring,9,1.0,1.0,0.0,1.0,0.0,0.79296875
6,53,ChevronSlow,recurring_1,recurring,9,1.0,1.0,1.0,1.0,0.011725334002609774,0.798828125
6,53,IDLGated,recurring_1,recurring,9,1.0,1.0,1.0,1.0,0.009600490736888545,0.80859375
6,54,MLP,recurring_3,recurring,10,1.0,1.0,0.0,1.0,0.0,0.83203125
6,54,ChevronSlow,recurring_3,recurring,10,1.0,1.0,1.0,1.0,0.005362108013540016,0.82421875
6,54,IDLGated,recurring_3,recurring,10,1.0,1.0,1.0,1.0,0.004555127824115188,0.833984375
6,55,MLP,recurring_1,recurring,10,1.0,1.0,0.0,1.0,0.0,0.794921875
6,55,ChevronSlow,recurring_1,recurring,10,1.0,1.0,1.0,1.0,0.008949102142636965,0.80078125
6,55,IDLGated,recurring_1,recurring,10,1.0,1.0,1.0,1.0,0.009148996768846602,0.814453125
7,0,MLP,recurring_3,recurring,1,0.5104166865348816,0.0,0.0,1.0,0.0,0.828125
7,0,ChevronSlow,recurring_3,recurring,1,0.5104166865348816,0.0,0.09375,1.0,0.04100899975295623,0.91015625
7,0,IDLGated,recurring_3,recurring,1,0.5208333134651184,0.0,0.0,0.010986942797899246,0.043076714717683706,0.982421875
7,1,MLP,one_shot_9,one_shot,1,0.75,0.25,0.0,1.0,0.0,0.890625
7,1,ChevronSlow,one_shot_9,one_shot,1,0.75,0.15625,0.3645833432674408,1.0,0.03160032446161443,0.921875
7,1,IDLGated,one_shot_9,one_shot,1,0.7395833134651184,0.1875,0.1875,0.010986942797899246,0.025901047471992063,0.982421875
7,2,MLP,recurring_1,recurring,1,0.4895833432674408,0.3333333432674408,0.0,1.0,0.0,0.845703125
7,2,ChevronSlow,recurring_1,recurring,1,0.4895833432674408,0.0833333358168602,0.2604166567325592,1.0,0.040017523236958556,0.912109375
7,2,IDLGated,recurring_1,recurring,1,0.46875,0.0,0.0,0.010986942797899246,0.05167460446943327,0.982421875
7,3,MLP,one_shot_6,one_shot,1,0.7708333134651184,0.5416666865348816,0.0,1.0,0.0,0.8203125
7,3,ChevronSlow,one_shot_6,one_shot,1,0.8541666865348816,0.3958333432674408,0.5520833134651184,1.0,0.033838382199687454,0.884765625
7,3,IDLGated,one_shot_6,one_shot,1,0.78125,0.0416666679084301,0.0416666679084301,0.010986942797899246,0.05638294703069039,0.982421875
7,4,MLP,recurring_1,recurring,2,0.78125,0.625,0.0,1.0,0.0,0.7890625
7,4,ChevronSlow,recurring_1,recurring,2,0.78125,0.3333333432674408,0.5625,1.0,0.013567274532755856,0.8515625
7,4,IDLGated,recurring_1,recurring,2,0.7916666865348816,0.0,0.0,0.18242552876472473,0.045391862787102236,0.970703125
7,5,MLP,one_shot_12,one_shot,1,0.59375,0.2708333432674408,0.0,1.0,0.0,0.748046875
7,5,ChevronSlow,one_shot_12,one_shot,1,0.6354166865348816,0.125,0.3020833432674408,1.0,0.020194898297131864,0.7890625
7,5,IDLGated,one_shot_12,one_shot,1,0.5833333134651184,0.0,0.0,0.010986942797899246,0.06371328536818247,0.970703125
7,6,MLP,recurring_0,recurring,1,0.4270833432674408,0.90625,0.0,1.0,0.0,0.87109375
7,6,ChevronSlow,recurring_0,recurring,1,0.4479166567325592,0.65625,0.5729166865348816,1.0,0.014055153760587902,0.830078125
7,6,IDLGated,recurring_0,recurring,1,0.34375,0.0,0.0,0.010986942797899246,0.04669010702085249,0.96875
7,7,MLP,recurring_0,recurring,2,1.0,0.4166666567325592,0.0,1.0,0.0,0.765625
7,7,ChevronSlow,recurring_0,recurring,2,1.0,0.5520833134651184,0.78125,1.0,0.023901000115653524,0.814453125
7,7,IDLGated,recurring_0,recurring,2,1.0,0.0,0.0,0.18242552876472473,0.07627859558470299,0.9609375
7,8,MLP,recurring_1,recurring,3,0.6770833134651184,0.625,0.0,1.0,0.0,0.837890625
7,8,ChevronSlow,recurring_1,recurring,3,0.7083333134651184,0.6145833134651184,0.6666666865348816,1.0,0.012786464700831099,0.83203125
7,8,IDLGated,recurring_1,recurring,3,0.6770833134651184,0.0,0.1354166716337204,0.8175744414329529,0.05073664166004055,0.94921875
7,9,MLP,one_shot_4,one_shot,1,0.9479166865348816,0.84375,0.0,1.0,0.0,0.888671875
7,9,ChevronSlow,one_shot_4,one_shot,1,0.9583333134651184,0.9479166865348816,0.9583333134651184,1.0,0.019156864195038082,0.880859375
7,9,IDLGated,one_shot_4,one_shot,1,0.9166666865348816,0.7604166865348816,0.7604166865348816,0.010986942797899246,0.014729026024215896,0.94921875
7,10,MLP,recurring_3,recurring,2,0.9895833134651184,0.15625,0.0,1.0,0.0,0.720703125
7,10,ChevronSlow,recurring_3,recurring,2,1.0,0.15625,0.5625,1.0,0.030669933018473122,0.83203125
7,10,IDLGated,recurring_3,recurring,2,0.9895833134651184,0.0,0.0,0.18242552876472473,0.049781166721775204,0.939453125
7,11,MLP,one_shot_10,one_shot,1,1.0,0.3958333432674408,0.0,1.0,0.0,0.78515625
7,11,ChevronSlow,one_shot_10,one_shot,1,1.0,0.4479166567325592,0.7708333134651184,1.0,0.026130222135562334,0.8359375
7,11,IDLGated,one_shot_10,one_shot,1,0.9895833134651184,0.25,0.2604166567325592,0.010986942797899246,0.0365059392903654,0.939453125
7,12,MLP,recurring_0,recurring,3,1.0,0.8645833134651184,0.0,1.0,0.0,0.73046875
7,12,ChevronSlow,recurring_0,recurring,3,1.0,0.5208333134651184,0.8125,1.0,0.010843447211256761,0.798828125
7,12,IDLGated,recurring_0,recurring,3,0.8229166865348816,0.0,0.1875,0.8175744414329529,0.039911182560483836,0.884765625
7,13,MLP,one_shot_14,one_shot,1,1.0,0.6354166865348816,0.0,1.0,0.0,0.728515625
7,13,ChevronSlow,one_shot_14,one_shot,1,1.0,0.5104166865348816,0.7395833134651184,1.0,0.026234727355818065,0.796875
7,13,IDLGated,one_shot_14,one_shot,1,0.9895833134651184,0.1041666641831398,0.1041666641831398,0.010986942797899246,0.042578131142971966,0.88671875
7,14,MLP,recurring_1,recurring,4,1.0,1.0,0.0,1.0,0.0,0.7421875
7,14,ChevronSlow,recurring_1,recurring,4,1.0,0.8020833134651184,0.9791666865348816,1.0,0.020204744716869536,0.787109375
7,14,IDLGated,recurring_1,recurring,4,1.0,0.25,0.59375,0.9890130758285522,0.03905459553381258,0.87109375
7,15,MLP,recurring_1,recurring,5,1.0,1.0,0.0,1.0,0.0,0.73828125
7,15,ChevronSlow,recurring_1,recurring,5,1.0,0.9895833134651184,1.0,1.0,0.011006450440327886,0.7734375
7,15,IDLGated,recurring_1,recurring,5,1.0,0.5833333134651184,0.84375,0.9994471669197083,0.017160090315271968,0.83203125
7,16,MLP,one_shot_11,one_shot,1,1.0,0.4791666567325592,0.0,1.0,0.0,0.765625
7,16,ChevronSlow,one_shot_11,one_shot,1,1.0,0.4375,0.8229166865348816,1.0,0.031144815792794243,0.84375
7,16,IDLGated,one_shot_11,one_shot,1,1.0,0.59375,0.59375,0.010986942797899246,0.03624867913492581,0.833984375
7,17,MLP,one_shot_3,one_shot,1,0.96875,0.96875,0.0,1.0,0.0,0.771484375
7,17,ChevronSlow,one_shot_3,one_shot,1,0.96875,0.6875,0.875,1.0,0.013766749528802375,0.822265625
7,17,IDLGated,one_shot_3,one_shot,1,0.9583333134651184,0.4479166567325592,0.4479166567325592,0.010986942797899246,0.03238163434127701,0.833984375
7,18,MLP,recurring_1,recurring,6,1.0,0.2395833283662796,0.0,1.0,0.0,0.73828125
7,18,ChevronSlow,recurring_1,recurring,6,1.0,0.2604166567325592,0.7083333134651184,1.0,0.02664578962317903,0.828125
7,18,IDLGated,recurring_1,recurring,6,1.0,0.8125,0.9479166865348816,0.9999724626541138,0.02711431674295084,0.833984375
7,19,MLP,recurring_3,recurring,3,0.9375,0.1145833358168602,0.0,1.0,0.0,0.6328125
7,19,ChevronSlow,recurring_3,recurring,3,0.8958333134651184,0.09375,0.46875,1.0,0.01907833207910496,0.779296875
7,19,IDLGated,recurring_3,recurring,3,0.7708333134651184,0.0,0.1666666716337204,0.8175744414329529,0.0353284706729529,0.826171875
7,20,MLP,one_shot_1,one_shot,1,1.0,0.875,0.0,1.0,0.0,0.587890625
7,20,ChevronSlow,one_shot_1,one_shot,1,1.0,0.40625,0.7916666865348816,1.0,0.021303861447276258,0.734375
7,20,IDLGated,one_shot_1,one_shot,1,0.9791666865348816,0.09375,0.09375,0.010986942797899246,0.03963068561739151,0.826171875
7,21,MLP,one_shot_15,one_shot,1,1.0,1.0,0.0,1.0,0.0,0.884765625
7,21,ChevronSlow,one_shot_15,one_shot,1,0.9791666865348816,1.0,1.0,1.0,0.01148451132925976,0.853515625
7,21,IDLGated,one_shot_15,one_shot,1,0.8541666865348816,1.0,1.0,0.010986942797899246,0.011630480474154431,0.830078125
7,22,MLP,recurring_3,recurring,4,0.9375,0.21875,0.0,1.0,0.0,0.70703125
7,22,ChevronSlow,recurring_3,recurring,4,0.8541666865348816,0.34375,0.59375,1.0,0.01563100417782893,0.806640625
7,22,IDLGated,recurring_3,recurring,4,0.7083333134651184,0.1979166716337204,0.4479166567325592,0.9890130758285522,0.024934735396242937,0.798828125
7,23,MLP,recurring_3,recurring,5,1.0,0.9270833134651184,0.0,1.0,0.0,0.669921875
7,23,ChevronSlow,recurring_3,recurring,5,1.0,0.625,0.875,1.0,0.010130208699108644,0.73828125
7,23,IDLGated,recurring_3,recurring,5,0.9583333134651184,0.4375,0.7083333134651184,0.9994471669197083,0.01826779467531564,0.748046875
7,24,MLP,recurring_0,recurring,4,0.875,0.875,0.0,1.0,0.0,0.724609375
7,24,ChevronSlow,recurring_0,recurring,4,0.9375,0.59375,0.8020833134651184,1.0,0.014075950345876342,0.7734375
7,24,IDLGated,recurring_0,recurring,4,0.8854166865348816,0.6041666865348816,0.7604166865348816,0.9890130758285522,0.020449772724738587,0.779296875
7,25,MLP,recurring_0,recurring,5,1.0,0.9166666865348816,0.0,1.0,0.0,0.70703125
7,25,ChevronSlow,recurring_0,recurring,5,1.0,0.7604166865348816,1.0,1.0,0.009531903779800538,0.76171875
7,25,IDLGated,recurring_0,recurring,5,1.0,0.6979166865348816,0.875,0.9994471669197083,0.014399227834612319,0.771484375
7,26,MLP,recurring_3,recurring,6,1.0,0.6979166865348816,0.0,1.0,0.0,0.62890625
7,26,ChevronSlow,recurring_3,recurring,6,1.0,0.5833333134651184,0.78125,1.0,0.015189133023641945,0.736328125
7,26,IDLGated,recurring_3,recurring,6,0.9375,0.4895833432674408,0.6979166865348816,0.9999724626541138,0.019912016774301787,0.75
7,27,MLP,recurring_0,recurring,6,1.0,1.0,0.0,1.0,0.0,0.69140625
7,27,ChevronSlow,recurring_0,recurring,6,1.0,0.71875,1.0,1.0,0.013034056536347706,0.744140625
7,27,IDLGated,recurring_0,recurring,6,1.0,0.6666666865348816,0.90625,0.9999724626541138,0.014915474987956819,0.7578125
7,28,MLP,one_shot_8,one_shot,1,1.0,0.7083333134651184,0.0,1.0,0.0,0.703125
7,28,ChevronSlow,one_shot_8,one_shot,1,1.0,0.5833333134651184,0.8645833134651184,1.0,0.015158213251348687,0.765625
7,28,IDLGated,one_shot_8,one_shot,1,1.0,0.5520833134651184,0.5729166865348816,0.010986942797899246,0.015224381449770508,0.7578125
7,29,MLP,recurring_3,recurring,7,1.0,0.9791666865348816,0.0,1.0,0.0,0.705078125
7,29,ChevronSlow,recurring_3,recurring,7,1.0,0.78125,0.9791666865348816,1.0,0.014266337886470658,0.7421875
7,29,IDLGated,recurring_3,recurring,7,1.0,0.625,0.8958333134651184,0.9999985694885254,0.019813948543107893,0.734375
7,30,MLP,recurring_0,recurring,7,1.0,0.6875,0.0,1.0,0.0,0.595703125
7,30,ChevronSlow,recurring_0,recurring,7,1.0,0.5625,0.7916666865348816,1.0,0.010487533693881099,0.693359375
7,30,IDLGated,recurring_0,recurring,7,1.0,0.7604166865348816,0.875,0.9999985694885254,0.009418819658860053,0.73046875
7,31,MLP,recurring_0,recurring,8,1.0,1.0,0.0,1.0,0.0,0.673828125
7,31,ChevronSlow,recurring_0,recurring,8,1.0,0.7916666865348816,1.0,1.0,0.020061087124615934,0.76171875
7,31,IDLGated,recurring_0,recurring,8,0.96875,0.9270833134651184,1.0,0.9999998807907104,0.019682377588360632,0.765625
7,32,MLP,recurring_1,recurring,7,0.9375,0.5416666865348816,0.0,1.0,0.0,0.716796875
7,32,ChevronSlow,recurring_1,recurring,7,0.9479166865348816,0.4895833432674408,0.6979166865348816,1.0,0.014975887741831756,0.78515625
7,32,IDLGated,recurring_1,recurring,7,0.9270833134651184,0.4895833432674408,0.6875,0.9999985694885254,0.016274554864761738,0.796875
7,33,MLP,recurring_3,recurring,8,0.9479166865348816,0.5520833134651184,0.0,1.0,0.0,0.669921875
7,33,ChevronSlow,recurring_3,recurring,8,0.9375,0.2604166567325592,0.6354166865348816,1.0,0.0174822733971991,0.78125
7,33,IDLGated,recurring_3,recurring,8,0.9270833134651184,0.1875,0.59375,0.9999998807907104,0.019541917294166974,0.783203125
7,34,MLP,recurring_2,recurring,1,1.0,1.0,0.0,1.0,0.0,0.876953125
7,34,ChevronSlow,recurring_2,recurring,1,1.0,1.0,1.0,1.0,0.011631378912657673,0.8671875
7,34,IDLGated,recurring_2,recurring,1,1.0,1.0,1.0,0.010986942797899246,0.012095091498049129,0.783203125
7,35,MLP,one_shot_0,one_shot,1,1.0,0.0,0.0,1.0,0.0,0.537109375
7,35,ChevronSlow,one_shot_0,one_shot,1,1.0,0.0,0.40625,1.0,0.022428669036807968,0.73828125
7,35,IDLGated,one_shot_0,one_shot,1,1.0,0.125,0.125,0.010986942797899246,0.018636730757878424,0.783203125
7,36,MLP,recurring_2,recurring,2,1.0,1.0,0.0,1.0,0.0,0.708984375
7,36,ChevronSlow,recurring_2,recurring,2,1.0,1.0,1.0,1.0,0.014738527692908765,0.775390625
7,36,IDLGated,recurring_2,recurring,2,1.0,1.0,1.0,0.18242552876472473,0.012504507209919944,0.7890625
7,37,MLP,recurring_2,recurring,3,1.0,1.0,0.0,1.0,0.0,0.857421875
7,37,ChevronSlow,recurring_2,recurring,3,1.0,1.0,1.0,1.0,0.010002007127080317,0.85546875
7,37,IDLGated,recurring_2,recurring,3,1.0,1.0,1.0,0.8175744414329529,0.011609561076343984,0.845703125
7,38,MLP,recurring_3,recurring,9,0.9895833134651184,0.1979166716337204,0.0,1.0,0.0,0.6796875
7,38,ChevronSlow,recurring_3,recurring,9,0.9895833134651184,0.28125,0.5729166865348816,1.0,0.01376034268266132,0.80859375
7,38,IDLGated,recurring_3,recurring,9,0.96875,0.2708333432674408,0.5520833134651184,1.0,0.014778699325078701,0.80078125
7,39,MLP,one_shot_7,one_shot,1,1.0,1.0,0.0,1.0,0.0,0.607421875
7,39,ChevronSlow,one_shot_7,one_shot,1,1.0,0.625,0.9791666865348816,1.0,0.01327345054061705,0.72265625
7,39,IDLGated,one_shot_7,one_shot,1,1.0,0.6145833134651184,0.6145833134651184,0.010986942797899246,0.014071774632256897,0.798828125
7,40,MLP,recurring_0,recurring,9,1.0,0.96875,0.0,1.0,0.0,0.7109375
7,40,ChevronSlow,recurring_0,recurring,9,1.0,0.6979166865348816,0.9791666865348816,1.0,0.01599132928396858,0.759765625
7,40,IDLGated,recurring_0,recurring,9,1.0,0.6041666865348816,0.9270833134651184,1.0,0.013566647041235499,0.779296875
7,41,MLP,recurring_2,recurring,4,1.0,1.0,0.0,1.0,0.0,0.8203125
7,41,ChevronSlow,recurring_2,recurring,4,1.0,1.0,1.0,1.0,0.006596886895767542,0.8203125
7,41,IDLGated,recurring_2,recurring,4,1.0,1.0,1.0,0.9890130758285522,0.006271788988618356,0.83203125
7,42,MLP,recurring_0,recurring,10,1.0,0.6666666865348816,0.0,1.0,0.0,0.650390625
7,42,ChevronSlow,recurring_0,recurring,10,1.0,0.6979166865348816,1.0,1.0,0.01004040026613919,0.75
7,42,IDLGated,recurring_0,recurring,10,1.0,0.6041666865348816,1.0,1.0,0.011238307313277393,0.765625
7,43,MLP,recurring_2,recurring,5,1.0,1.0,0.0,1.0,0.0,0.900390625
7,43,ChevronSlow,recurring_2,recurring,5,1.0,1.0,1.0,1.0,0.015550712851184242,0.85546875
7,43,IDLGated,recurring_2,recurring,5,0.9791666865348816,1.0,1.0,0.9994471669197083,0.015410741702180049,0.859375
7,44,MLP,recurring_2,recurring,6,1.0,1.0,0.0,1.0,0.0,0.875
7,44,ChevronSlow,recurring_2,recurring,6,1.0,1.0,1.0,1.0,0.007424985999003506,0.87890625
7,44,IDLGated,recurring_2,recurring,6,1.0,1.0,1.0,0.9999724626541138,0.00700600868951918,0.87890625
7,45,MLP,recurring_1,recurring,8,1.0,0.3125,0.0,1.0,0.0,0.71875
7,45,ChevronSlow,recurring_1,recurring,8,1.0,0.3229166567325592,0.7291666865348816,1.0,0.013974710865035378,0.810546875
7,45,IDLGated,recurring_1,recurring,8,1.0,0.3333333432674408,0.7291666865348816,0.9999998807907104,0.014443720009752489,0.830078125
7,46,MLP,recurring_2,recurring,7,1.0,1.0,0.0,1.0,0.0,0.853515625
7,46,ChevronSlow,recurring_2,recurring,7,1.0,1.0,1.0,1.0,0.0065605061153834665,0.845703125
7,46,IDLGated,recurring_2,recurring,7,1.0,1.0,1.0,0.9999985694885254,0.006955961937144492,0.86328125
7,47,MLP,recurring_2,recurring,8,1.0,1.0,0.0,1.0,0.0,0.86328125
7,47,ChevronSlow,recurring_2,recurring,8,1.0,1.0,1.0,1.0,0.009318040151897758,0.875
7,47,IDLGated,recurring_2,recurring,8,1.0,1.0,1.0,0.9999998807907104,0.009236995238534473,0.880859375
7,48,MLP,recurring_2,recurring,9,1.0,1.0,0.0,1.0,0.0,0.908203125
7,48,ChevronSlow,recurring_2,recurring,9,1.0,1.0,1.0,1.0,0.006986395026345513,0.904296875
7,48,IDLGated,recurring_2,recurring,9,0.9895833134651184,1.0,1.0,1.0,0.007379264170459667,0.91015625
7,49,MLP,recurring_3,recurring,10,1.0,0.125,0.0,1.0,0.0,0.6796875
7,49,ChevronSlow,recurring_3,recurring,10,1.0,0.1145833358168602,0.53125,1.0,0.02221262842264149,0.845703125
7,49,IDLGated,recurring_3,recurring,10,1.0,0.0625,0.4479166567325592,1.0,0.023024670038117076,0.83984375
7,50,MLP,recurring_2,recurring,10,1.0,1.0,0.0,1.0,0.0,0.7890625
7,50,ChevronSlow,recurring_2,recurring,10,1.0,1.0,1.0,1.0,0.006535015633462748,0.833984375
7,50,IDLGated,recurring_2,recurring,10,1.0,1.0,1.0,1.0,0.005788693605628592,0.8359375
7,51,MLP,one_shot_5,one_shot,1,0.9895833134651184,0.5625,0.0,1.0,0.0,0.72265625
7,51,ChevronSlow,one_shot_5,one_shot,1,1.0,0.4270833432674408,0.71875,1.0,0.017869989845195694,0.81640625
7,51,IDLGated,one_shot_5,one_shot,1,1.0,0.4166666567325592,0.4166666567325592,0.010986942797899246,0.018598570617904913,0.833984375
7,52,MLP,recurring_1,recurring,9,0.7395833134651184,0.21875,0.0,1.0,0.0,0.77734375
7,52,ChevronSlow,recurring_1,recurring,9,0.8541666865348816,0.1770833283662796,0.5104166865348816,1.0,0.023875365324981957,0.83984375
7,52,IDLGated,recurring_1,recurring,9,0.84375,0.46875,0.625,1.0,0.018592521086646593,0.83984375
7,53,MLP,recurring_1,recurring,10,0.9479166865348816,0.8125,0.0,1.0,0.0,0.732421875
7,53,ChevronSlow,recurring_1,recurring,10,0.9479166865348816,0.4166666567325592,0.7395833134651184,1.0,0.010801747055416137,0.79296875
7,53,IDLGated,recurring_1,recurring,10,0.9479166865348816,0.59375,0.8125,1.0,0.008950897742583019,0.80078125
7,54,MLP,one_shot_13,one_shot,1,1.0,0.7916666865348816,0.0,1.0,0.0,0.65234375
7,54,ChevronSlow,one_shot_13,one_shot,1,1.0,0.75,0.9583333134651184,1.0,0.009022477148836014,0.765625
7,54,IDLGated,one_shot_13,one_shot,1,1.0,0.65625,0.65625,0.010986942797899246,0.010918990529560394,0.80078125
7,55,MLP,one_shot_2,one_shot,1,1.0,0.6041666865348816,0.0,1.0,0.0,0.751953125
7,55,ChevronSlow,one_shot_2,one_shot,1,1.0,0.34375,0.7708333134651184,1.0,0.0306742279279743,0.79296875
7,55,IDLGated,one_shot_2,one_shot,1,1.0,0.34375,0.34375,0.010986942797899246,0.028984784112515698,0.80078125
