seed,episode,model,rule_id,rule_kind,occurrence,provisional_acc,before_acc,n_query_acc,rho,a_n_distance,background_acc
0,0,MLP,recurring_0,recurring,1,0.9479166865348816,0.0,0.0,1.0,0.0,0.779296875
0,0,ChevronSlow,recurring_0,recurring,1,0.9479166865348816,0.010416666977107525,0.2291666716337204,1.0,0.04642857299392916,0.951171875
0,0,IDLGated,recurring_0,recurring,1,0.9270833134651184,0.010416666977107525,0.010416666977107525,0.010986942797899246,0.047243752253828375,0.99609375
0,1,MLP,one_shot_10,one_shot,1,0.9791666865348816,0.0,0.0,1.0,0.0,0.640625
0,1,ChevronSlow,one_shot_10,one_shot,1,1.0,0.0,0.0,1.0,0.10431562629596124,0.91015625
0,1,IDLGated,one_shot_10,one_shot,1,1.0,0.0,0.0,0.010986942797899246,0.12372551020860804,0.99609375
0,2,MLP,recurring_0,recurring,2,0.65625,1.0,0.0,1.0,0.0,0.845703125
0,2,ChevronSlow,recurring_0,recurring,2,0.8854166865348816,0.3020833432674408,0.4375,1.0,0.023357898940119744,0.880859375
0,2,IDLGated,recurring_0,recurring,2,0.8541666865348816,0.02083333395421505,0.0416666679084301,0.18242552876472473,0.04379300836957331,0.990234375
0,3,MLP,recurring_3,recurring,1,0.59375,0.2291666716337204,0.0,1.0,0.0,0.841796875
0,3,ChevronSlow,recurring_3,recurring,1,0.6354166865348816,0.1458333283662796,0.3541666567325592,1.0,0.021386117127258693,0.8671875
0,3,IDLGated,recurring_3,recurring,1,0.6145833134651184,0.0,0.0,0.010986942797899246,0.04461927880053423,0.990234375
0,4,MLP,recurring_2,recurring,1,0.7395833134651184,1.0,0.0,1.0,0.0,0.896484375
0,4,ChevronSlow,recurring_2,recurring,1,0.8229166865348816,0.875,0.8541666865348816,1.0,0.015274767066271032,0.87890625
0,4,IDLGated,recurring_2,recurring,1,0.8229166865348816,0.3125,0.3125,0.010986942797899246,0.0408678541124296,0.990234375
0,5,MLP,recurring_1,recurring,1,0.96875,1.0,0.0,1.0,0.0,0.90625
0,5,ChevronSlow,recurring_1,recurring,1,0.9375,1.0,1.0,1.0,0.01698185923978488,0.892578125
0,5,IDLGated,recurring_1,recurring,1,0.9166666865348816,0.53125,0.53125,0.010986942797899246,0.03789342695407556,0.990234375
0,6,MLP,recurring_1,recurring,2,1.0,0.9895833134651184,0.0,1.0,0.0,0.900390625
0,6,ChevronSlow,recurring_1,recurring,2,1.0,1.0,1.0,1.0,0.00991261814682389,0.904296875
0,6,IDLGated,recurring_1,recurring,2,0.9895833134651184,0.6770833134651184,0.6875,0.18242552876472473,0.03295423551871119,0.990234375
0,7,MLP,recurring_0,recurring,3,0.71875,0.6145833134651184,0.0,1.0,0.0,0.89453125
0,7,ChevronSlow,recurring_0,recurring,3,0.78125,0.5208333134651184,0.6041666865348816,1.0,0.015349706477643273,0.89453125
0,7,IDLGated,recurring_0,recurring,3,0.75,0.0416666679084301,0.1979166716337204,0.8175744414329529,0.041693299067397965,0.962890625
0,8,MLP,recurring_3,recurring,2,1.0,0.3541666567325592,0.0,1.0,0.0,0.783203125
0,8,ChevronSlow,recurring_3,recurring,2,1.0,0.3020833432674408,0.5104166865348816,1.0,0.024297660601602482,0.876953125
0,8,IDLGated,recurring_3,recurring,2,0.9375,0.0,0.0,0.18242552876472473,0.04816895228270987,0.953125
0,9,MLP,recurring_2,recurring,2,1.0,1.0,0.0,1.0,0.0,0.861328125
0,9,ChevronSlow,recurring_2,recurring,2,1.0,1.0,1.0,1.0,0.006431044489231413,0.876953125
0,9,IDLGated,recurring_2,recurring,2,0.9895833134651184,0.5833333134651184,0.6041666865348816,0.18242552876472473,0.02616157321781673,0.953125
0,10,MLP,recurring_1,recurring,3,1.0,1.0,0.0,1.0,0.0,0.896484375
0,10,ChevronSlow,recurring_1,recurring,3,1.0,1.0,1.0,1.0,0.008932312781662826,0.89453125
0,10,IDLGated,recurring_1,recurring,3,1.0,0.7291666865348816,0.8333333134651184,0.8175744414329529,0.0196862891061594,0.94140625
0,11,MLP,recurring_1,recurring,4,1.0,1.0,0.0,1.0,0.0,0.90625
0,11,ChevronSlow,recurring_1,recurring,4,1.0,1.0,1.0,1.0,0.008615379564429792,0.90625
0,11,IDLGated,recurring_1,recurring,4,0.9479166865348816,0.8854166865348816,0.9166666865348816,0.9890130758285522,0.020490518045152506,0.927734375
0,12,MLP,one_shot_2,one_shot,1,0.9479166865348816,0.0,0.0,1.0,0.0,0.7265625
0,12,ChevronSlow,one_shot_2,one_shot,1,0.9583333134651184,0.0,0.1354166716337204,1.0,0.032950395030322835,0.875
0,12,IDLGated,one_shot_2,one_shot,1,0.9375,0.0,0.0,0.010986942797899246,0.05307032502471992,0.9296875
0,13,MLP,recurring_1,recurring,5,1.0,1.0,0.0,1.0,0.0,0.87109375
0,13,ChevronSlow,recurring_1,recurring,5,1.0,1.0,1.0,1.0,0.012861654398843667,0.89453125
0,13,IDLGated,recurring_1,recurring,5,0.96875,0.9270833134651184,0.9583333134651184,0.9994471669197083,0.016006937838078404,0.9375
0,14,MLP,one_shot_12,one_shot,1,1.0,1.0,0.0,1.0,0.0,0.896484375
0,14,ChevronSlow,one_shot_12,one_shot,1,0.9270833134651184,1.0,0.9895833134651184,1.0,0.006452291943646891,0.90234375
0,14,IDLGated,one_shot_12,one_shot,1,0.84375,0.875,0.875,0.010986942797899246,0.007728656712756114,0.9375
0,15,MLP,recurring_3,recurring,3,0.9791666865348816,0.1354166716337204,0.0,1.0,0.0,0.744140625
0,15,ChevronSlow,recurring_3,recurring,3,1.0,0.2083333283662796,0.4895833432674408,1.0,0.018775753785491036,0.8828125
0,15,IDLGated,recurring_3,recurring,3,0.96875,0.0625,0.1458333283662796,0.8175744414329529,0.03803588523384048,0.90234375
0,16,MLP,recurring_0,recurring,4,1.0,1.0,0.0,1.0,0.0,0.8046875
0,16,ChevronSlow,recurring_0,recurring,4,1.0,0.8645833134651184,0.9895833134651184,1.0,0.007927300609193721,0.865234375
0,16,IDLGated,recurring_0,recurring,4,1.0,0.6145833134651184,0.7395833134651184,0.9890130758285522,0.022426745896371118,0.884765625
0,17,MLP,recurring_3,recurring,4,0.96875,0.8333333134651184,0.0,1.0,0.0,0.779296875
0,17,ChevronSlow,recurring_3,recurring,4,0.9791666865348816,0.5625,0.6979166865348816,1.0,0.013185889879764748,0.85546875
0,17,IDLGated,recurring_3,recurring,4,0.8854166865348816,0.3333333432674408,0.4895833432674408,0.9890130758285522,0.020592029236369724,0.87109375
0,18,MLP,recurring_1,recurring,6,1.0,1.0,0.0,1.0,0.0,0.8671875
0,18,ChevronSlow,recurring_1,recurring,6,1.0,1.0,1.0,1.0,0.009153406653033285,0.87109375
0,18,IDLGated,recurring_1,recurring,6,1.0,1.0,1.0,0.9999724626541138,0.007921520125615098,0.87890625
0,19,MLP,one_shot_9,one_shot,1,0.84375,0.3958333432674408,0.0,1.0,0.0,0.806640625
0,19,ChevronSlow,one_shot_9,one_shot,1,0.8541666865348816,0.40625,0.5208333134651184,1.0,0.017024375784289898,0.865234375
0,19,IDLGated,one_shot_9,one_shot,1,0.8645833134651184,0.2916666567325592,0.3020833432674408,0.010986942797899246,0.030088317204470628,0.880859375
0,20,MLP,recurring_0,recurring,5,1.0,1.0,0.0,1.0,0.0,0.833984375
0,20,ChevronSlow,recurring_0,recurring,5,1.0,0.9895833134651184,0.9895833134651184,1.0,0.003016438253210003,0.86328125
0,20,IDLGated,recurring_0,recurring,5,0.90625,0.6666666865348816,0.7083333134651184,0.9994471669197083,0.014931730675134914,0.87890625
0,21,MLP,one_shot_6,one_shot,1,1.0,0.1770833283662796,0.0,1.0,0.0,0.7109375
0,21,ChevronSlow,one_shot_6,one_shot,1,1.0,0.3333333432674408,0.6041666865348816,1.0,0.02118337090545489,0.83984375
0,21,IDLGated,one_shot_6,one_shot,1,0.9375,0.21875,0.2291666716337204,0.010986942797899246,0.026585076178448908,0.87890625
0,22,MLP,one_shot_14,one_shot,1,1.0,1.0,0.0,1.0,0.0,0.80078125
0,22,ChevronSlow,one_shot_14,one_shot,1,1.0,0.6979166865348816,0.7708333134651184,1.0,0.01025260041674836,0.833984375
0,22,IDLGated,one_shot_14,one_shot,1,0.96875,0.3333333432674408,0.3333333432674408,0.010986942797899246,0.02650392407419008,0.880859375
0,23,MLP,recurring_2,recurring,3,0.9166666865348816,1.0,0.0,1.0,0.0,0.888671875
0,23,ChevronSlow,recurring_2,recurring,3,0.9166666865348816,1.0,1.0,1.0,0.009334360706122757,0.8515625
0,23,IDLGated,recurring_2,recurring,3,0.875,0.8854166865348816,0.8854166865348816,0.8175744414329529,0.013735733221354999,0.884765625
0,24,MLP,recurring_2,recurring,4,1.0,0.9375,0.0,1.0,0.0,0.83203125
0,24,ChevronSlow,recurring_2,recurring,4,1.0,1.0,1.0,1.0,0.005121226577979214,0.849609375
0,24,IDLGated,recurring_2,recurring,4,0.9895833134651184,0.9270833134651184,0.9375,0.9890130758285522,0.008870753041145586,0.880859375
0,25,MLP,one_shot_13,one_shot,1,1.0,0.2395833283662796,0.0,1.0,0.0,0.7265625
0,25,ChevronSlow,one_shot_13,one_shot,1,1.0,0.0729166641831398,0.3645833432674408,1.0,0.026077749307809622,0.841796875
0,25,IDLGated,one_shot_13,one_shot,1,0.8020833134651184,0.0,0.0,0.010986942797899246,0.03717009616849304,0.880859375
0,26,MLP,one_shot_11,one_shot,1,0.9375,0.625,0.0,1.0,0.0,0.8203125
0,26,ChevronSlow,one_shot_11,one_shot,1,0.9583333134651184,0.4791666567325592,0.6458333134651184,1.0,0.030334013291829696,0.873046875
0,26,IDLGated,one_shot_11,one_shot,1,0.9375,0.2916666567325592,0.2916666567325592,0.010986942797899246,0.03722245052238885,0.8828125
0,27,MLP,recurring_1,recurring,7,1.0,0.9895833134651184,0.0,1.0,0.0,0.81640625
0,27,ChevronSlow,recurring_1,recurring,7,1.0,1.0,1.0,1.0,0.007105460389893339,0.892578125
0,27,IDLGated,recurring_1,recurring,7,0.9479166865348816,1.0,1.0,0.9999985694885254,0.010609177382509053,0.90234375
0,28,MLP,recurring_1,recurring,8,1.0,1.0,0.0,1.0,0.0,0.89453125
0,28,ChevronSlow,recurring_1,recurring,8,1.0,1.0,1.0,1.0,0.007190907109401741,0.8984375
0,28,IDLGated,recurring_1,recurring,8,0.9479166865348816,1.0,1.0,0.9999998807907104,0.010057976716176007,0.916015625
0,29,MLP,recurring_3,recurring,5,1.0,0.1354166716337204,0.0,1.0,0.0,0.734375
0,29,ChevronSlow,recurring_3,recurring,5,1.0,0.2083333283662796,0.5208333134651184,1.0,0.023993089610234348,0.875
0,29,IDLGated,recurring_3,recurring,5,1.0,0.1770833283662796,0.3645833432674408,0.9994471669197083,0.030081408859311137,0.896484375
0,30,MLP,recurring_2,recurring,5,1.0,1.0,0.0,1.0,0.0,0.81640625
0,30,ChevronSlow,recurring_2,recurring,5,1.0,0.9375,0.9791666865348816,1.0,0.01154168896137714,0.869140625
0,30,IDLGated,recurring_2,recurring,5,0.9895833134651184,0.875,0.9270833134651184,0.9994471669197083,0.010928393131525417,0.890625
0,31,MLP,recurring_0,recurring,6,1.0,1.0,0.0,1.0,0.0,0.841796875
0,31,ChevronSlow,recurring_0,recurring,6,1.0,0.9895833134651184,1.0,1.0,0.00738134327508194,0.87109375
0,31,IDLGated,recurring_0,recurring,6,0.96875,0.8333333134651184,0.8541666865348816,0.9999724626541138,0.006227072882745054,0.888671875
0,32,MLP,one_shot_8,one_shot,1,0.8020833134651184,0.4270833432674408,0.0,1.0,0.0,0.865234375
0,32,ChevronSlow,one_shot_8,one_shot,1,0.8645833134651184,0.3958333432674408,0.5416666865348816,1.0,0.02231190290227976,0.880859375
0,32,IDLGated,one_shot_8,one_shot,1,0.7083333134651184,0.5,0.5,0.010986942797899246,0.021955694921166412,0.890625
0,33,MLP,recurring_3,recurring,6,1.0,0.5520833134651184,0.0,1.0,0.0,0.771484375
0,33,ChevronSlow,recurring_3,recurring,6,1.0,0.4375,0.6666666865348816,1.0,0.015993995582550793,0.85546875
0,33,IDLGated,recurring_3,recurring,6,1.0,0.4583333432674408,0.5416666865348816,0.9999724626541138,0.021778177076258683,0.876953125
0,34,MLP,recurring_3,recurring,7,0.9895833134651184,1.0,0.0,1.0,0.0,0.83203125
0,34,ChevronSlow,recurring_3,recurring,7,0.875,0.8020833134651184,0.8333333134651184,1.0,0.0047519143467535515,0.853515625
0,34,IDLGated,recurring_3,recurring,7,0.7083333134651184,0.7708333134651184,0.7604166865348816,0.9999985694885254,0.007386557841082788,0.8828125
0,35,MLP,one_shot_7,one_shot,1,1.0,0.0,0.0,1.0,0.0,0.66015625
0,35,ChevronSlow,one_shot_7,one_shot,1,1.0,0.0,0.010416666977107525,1.0,0.03281850731085983,0.833984375
0,35,IDLGated,one_shot_7,one_shot,1,0.9895833134651184,0.0,0.0,0.010986942797899246,0.04049572133933477,0.8828125
0,36,MLP,recurring_0,recurring,7,1.0,1.0,0.0,1.0,0.0,0.8359375
0,36,ChevronSlow,recurring_0,recurring,7,1.0,1.0,1.0,1.0,0.007084759890837933,0.8515625
0,36,IDLGated,recurring_0,recurring,7,0.8541666865348816,0.90625,0.90625,0.9999985694885254,0.00891894461194894,0.8828125
0,37,MLP,recurring_1,recurring,9,1.0,1.0,0.0,1.0,0.0,0.83984375
0,37,ChevronSlow,recurring_1,recurring,9,1.0,1.0,1.0,1.0,0.005938807345041788,0.861328125
0,37,IDLGated,recurring_1,recurring,9,1.0,1.0,1.0,1.0,0.01059645884262015,0.896484375
0,38,MLP,one_shot_5,one_shot,1,0.9479166865348816,0.4791666567325592,0.0,1.0,0.0,0.7734375
0,38,ChevronSlow,one_shot_5,one_shot,1,0.90625,0.4479166567325592,0.6458333134651184,1.0,0.017099853674488248,0.861328125
0,38,IDLGated,one_shot_5,one_shot,1,0.8645833134651184,0.3229166567325592,0.3229166567325592,0.010986942797899246,0.019594821404493923,0.896484375
0,39,MLP,recurring_2,recurring,6,1.0,0.84375,0.0,1.0,0.0,0.85546875
0,39,ChevronSlow,recurring_2,recurring,6,1.0,0.9479166865348816,0.9895833134651184,1.0,0.013992459925401851,0.87109375
0,39,IDLGated,recurring_2,recurring,6,1.0,0.875,0.9583333134651184,0.9999724626541138,0.010099371468725471,0.904296875
0,40,MLP,one_shot_15,one_shot,1,1.0,0.1979166716337204,0.0,1.0,0.0,0.5703125
0,40,ChevronSlow,one_shot_15,one_shot,1,1.0,0.1041666641831398,0.4583333432674408,1.0,0.024702286906922746,0.8125
0,40,IDLGated,one_shot_15,one_shot,1,1.0,0.0,0.0,0.010986942797899246,0.03951789119119498,0.904296875
0,41,MLP,one_shot_3,one_shot,1,1.0,1.0,0.0,1.0,0.0,0.677734375
0,41,ChevronSlow,one_shot_3,one_shot,1,1.0,0.5625,0.8125,1.0,0.01159137113829405,0.78515625
0,41,IDLGated,one_shot_3,one_shot,1,0.9583333134651184,0.0520833320915699,0.0520833320915699,0.010986942797899246,0.03032355500087496,0.90234375
0,42,MLP,recurring_2,recurring,7,1.0,1.0,0.0,1.0,0.0,0.814453125
0,42,ChevronSlow,recurring_2,recurring,7,1.0,1.0,1.0,1.0,0.012139892338590174,0.826171875
0,42,IDLGated,recurring_2,recurring,7,1.0,0.9583333134651184,0.9895833134651184,0.9999985694885254,0.008161602507954424,0.89453125
0,43,MLP,recurring_3,recurring,8,1.0,0.875,0.0,1.0,0.0,0.740234375
0,43,ChevronSlow,recurring_3,recurring,8,1.0,0.8541666865348816,0.9375,1.0,0.007534885069344009,0.814453125
0,43,IDLGated,recurring_3,recurring,8,0.9791666865348816,0.46875,0.6041666865348816,0.9999998807907104,0.010973770540563213,0.884765625
0,44,MLP,recurring_0,recurring,8,1.0,1.0,0.0,1.0,0.0,0.845703125
0,44,ChevronSlow,recurring_0,recurring,8,1.0,1.0,1.0,1.0,0.00653056868701081,0.841796875
0,44,IDLGated,recurring_0,recurring,8,0.9375,0.8854166865348816,0.8958333134651184,0.9999998807907104,0.00688469863887781,0.8828125
0,45,MLP,recurring_0,recurring,9,1.0,1.0,0.0,1.0,0.0,0.853515625
0,45,ChevronSlow,recurring_0,recurring,9,1.0,1.0,1.0,1.0,0.004385370362641405,0.849609375
0,45,IDLGated,recurring_0,recurring,9,1.0,0.96875,0.9895833134651184,1.0,0.011019346799821006,0.884765625
0,46,MLP,recurring_3,recurring,9,1.0,0.7604166865348816,0.0,1.0,0.0,0.775390625
0,46,ChevronSlow,recurring_3,recurring,9,1.0,0.7916666865348816,0.9166666865348816,1.0,0.007127922708614576,0.828125
0,46,IDLGated,recurring_3,recurring,9,0.9895833134651184,0.5833333134651184,0.6979166865348816,1.0,0.011673510827789804,0.87109375
0,47,MLP,recurring_2,recurring,8,0.8541666865348816,1.0,0.0,1.0,0.0,0.876953125
0,47,ChevronSlow,recurring_2,recurring,8,0.84375,1.0,1.0,1.0,0.010192753738533105,0.853515625
0,47,IDLGated,recurring_2,recurring,8,0.8125,0.9791666865348816,0.9375,0.9999998807907104,0.012025667854556782,0.87890625
0,48,MLP,recurring_1,recurring,10,1.0,1.0,0.0,1.0,0.0,0.900390625
0,48,ChevronSlow,recurring_1,recurring,10,1.0,1.0,1.0,1.0,0.010393933748782535,0.873046875
0,48,IDLGated,recurring_1,recurring,10,0.9375,1.0,1.0,1.0,0.013692317898703038,0.9140625
0,49,MLP,recurring_2,recurring,9,0.9791666865348816,0.8125,0.0,1.0,0.0,0.873046875
0,49,ChevronSlow,recurring_2,recurring,9,1.0,0.9583333134651184,0.96875,1.0,0.006271677961796728,0.87890625
0,49,IDLGated,recurring_2,recurring,9,0.9583333134651184,0.8541666865348816,0.8958333134651184,1.0,0.008743265177388236,0.91015625
0,50,MLP,one_shot_1,one_shot,1,0.9791666865348816,0.4583333432674408,0.0,1.0,0.0,0.779296875
0,50,ChevronSlow,one_shot_1,one_shot,1,0.9895833134651184,0.4270833432674408,0.6354166865348816,1.0,0.018958222417241207,0.880859375
0,50,IDLGated,one_shot_1,one_shot,1,0.9791666865348816,0.28125,0.2916666567325592,0.010986942797899246,0.0278111931519991,0.91015625
0,51,MLP,recurring_3,recurring,10,1.0,0.7083333134651184,0.0,1.0,0.0,0.728515625
0,51,ChevronSlow,recurring_3,recurring,10,1.0,0.5104166865348816,0.7083333134651184,1.0,0.011304939238673591,0.849609375
0,51,IDLGated,recurring_3,recurring,10,1.0,0.3229166567325592,0.625,1.0,0.0163812021117537,0.888671875
0,52,MLP,one_shot_4,one_shot,1,0.7291666865348816,0.5208333134651184,0.0,1.0,0.0,0.80859375
0,52,ChevronSlow,one_shot_4,one_shot,1,0.8333333134651184,0.3541666567325592,0.4791666567325592,1.0,0.019390574346172498,0.853515625
0,52,IDLGated,one_shot_4,one_shot,1,0.78125,0.3020833432674408,0.3125,0.010986942797899246,0.02087513275478233,0.888671875
0,53,MLP,recurring_0,recurring,10,1.0,1.0,0.0,1.0,0.0,0.8359375
0,53,ChevronSlow,recurring_0,recurring,10,1.0,0.9895833134651184,1.0,1.0,0.006550020806258044,0.8515625
0,53,IDLGated,recurring_0,recurring,10,0.9895833134651184,0.9166666865348816,0.96875,1.0,0.0046556487839952395,0.884765625
0,54,MLP,recurring_2,recurring,10,0.96875,1.0,0.0,1.0,0.0,0.908203125
0,54,ChevronSlow,recurring_2,recurring,10,0.90625,1.0,1.0,1.0,0.007617127986693216,0.876953125
0,54,IDLGated,recurring_2,recurring,10,0.9166666865348816,0.9895833134651184,0.96875,1.0,0.00987631569247176,0.900390625
0,55,MLP,one_shot_0,one_shot,1,1.0,0.0,0.0,1.0,0.0,0.548828125
0,55,ChevronSlow,one_shot_0,one_shot,1,1.0,0.0,0.0729166641831398,1.0,0.026107481510065696,0.83203125
0,55,IDLGated,one_shot_0,one_shot,1,0.9791666865348816,0.0,0.0,0.010986942797899246,0.041697803564861406,0.900390625
1,0,MLP,one_shot_14,one_shot,1,1.0,0.3854166567325592,0.0,1.0,0.0,0.904296875
1,0,ChevronSlow,one_shot_14,one_shot,1,1.0,0.3854166567325592,0.6041666865348816,1.0,0.030905885165969905,0.970703125
1,0,IDLGated,one_shot_14,one_shot,1,1.0,0.3645833432674408,0.3645833432674408,0.010986942797899246,0.027579828001984195,0.98828125
1,1,MLP,recurring_3,recurring,1,0.8229166865348816,0.0,0.0,1.0,0.0,0.765625
1,1,ChevronSlow,recurring_3,recurring,1,0.875,0.0,0.0,1.0,0.05848121706751812,0.94921875
1,1,IDLGated,recurring_3,recurring,1,0.8645833134651184,0.0,0.0,0.010986942797899246,0.06255852900266258,0.98828125
1,2,MLP,one_shot_1,one_shot,1,0.7708333134651184,0.02083333395421505,0.0,1.0,0.0,0.66796875
1,2,ChevronSlow,one_shot_1,one_shot,1,1.0,0.0,0.0,1.0,0.06623389780373899,0.93359375
1,2,IDLGated,one_shot_1,one_shot,1,1.0,0.0,0.0,0.010986942797899246,0.11871384644893941,0.98828125
1,3,MLP,recurring_0,recurring,1,0.90625,0.3958333432674408,0.0,1.0,0.0,0.701171875
1,3,ChevronSlow,recurring_0,recurring,1,1.0,0.0,0.0,1.0,0.05078025155724875,0.916015625
1,3,IDLGated,recurring_0,recurring,1,1.0,0.0,0.0,0.010986942797899246,0.1185453307742403,0.98828125
1,4,MLP,one_shot_3,one_shot,1,0.9479166865348816,0.9895833134651184,0.0,1.0,0.0,0.765625
1,4,ChevronSlow,one_shot_3,one_shot,1,1.0,0.0,0.0,1.0,0.03659041051529474,0.89453125
1,4,IDLGated,one_shot_3,one_shot,1,0.7708333134651184,0.0,0.0,0.010986942797899246,0.08960102824747242,0.98828125
1,5,MLP,one_shot_11,one_shot,1,1.0,0.1041666641831398,0.0,1.0,0.0,0.677734375
1,5,ChevronSlow,one_shot_11,one_shot,1,1.0,0.1875,0.4583333432674408,1.0,0.01911554305214398,0.87109375
1,5,IDLGated,one_shot_11,one_shot,1,0.8541666865348816,0.0416666679084301,0.0520833320915699,0.010986942797899246,0.03663557175790141,0.9921875
1,6,MLP,recurring_1,recurring,1,0.7916666865348816,0.1666666716337204,0.0,1.0,0.0,0.8203125
1,6,ChevronSlow,recurring_1,recurring,1,0.7083333134651184,0.03125,0.1666666716337204,1.0,0.03395160493943892,0.888671875
1,6,IDLGated,recurring_1,recurring,1,0.7708333134651184,0.0,0.0,0.010986942797899246,0.04096940256476955,0.9921875
1,7,MLP,one_shot_10,one_shot,1,1.0,0.625,0.0,1.0,0.0,0.76953125
1,7,ChevronSlow,one_shot_10,one_shot,1,1.0,0.0833333358168602,0.3958333432674408,1.0,0.02689237820123096,0.853515625
1,7,IDLGated,one_shot_10,one_shot,1,0.7916666865348816,0.0,0.0,0.010986942797899246,0.0648572885802927,0.994140625
1,8,MLP,one_shot_7,one_shot,1,0.9479166865348816,0.6145833134651184,0.0,1.0,0.0,0.755859375
1,8,ChevronSlow,one_shot_7,one_shot,1,1.0,0.625,0.6666666865348816,1.0,0.020135714918508754,0.8671875
1,8,IDLGated,one_shot_7,one_shot,1,0.9583333134651184,0.03125,0.03125,0.010986942797899246,0.041330238813941406,0.994140625
1,9,MLP,recurring_0,recurring,2,1.0,0.0416666679084301,0.0,1.0,0.0,0.638671875
1,9,ChevronSlow,recurring_0,recurring,2,1.0,0.0,0.0833333358168602,1.0,0.019188663343012557,0.833984375
1,9,IDLGated,recurring_0,recurring,2,1.0,0.0,0.0,0.18242552876472473,0.11775507277628731,0.99609375
1,10,MLP,recurring_2,recurring,1,0.7708333134651184,0.1979166716337204,0.0,1.0,0.0,0.744140625
1,10,ChevronSlow,recurring_2,recurring,1,0.96875,0.1666666716337204,0.3645833432674408,1.0,0.023001292974575,0.8359375
1,10,IDLGated,recurring_2,recurring,1,0.9791666865348816,0.0,0.0,0.010986942797899246,0.03381323092971272,0.99609375
1,11,MLP,recurring_1,recurring,2,1.0,1.0,0.0,1.0,0.0,0.759765625
1,11,ChevronSlow,recurring_1,recurring,2,0.9166666865348816,0.3125,0.5729166865348816,1.0,0.01814347718872668,0.818359375
1,11,IDLGated,recurring_1,recurring,2,0.8229166865348816,0.0,0.0,0.18242552876472473,0.035362842038315315,0.9921875
1,12,MLP,recurring_2,recurring,2,0.9895833134651184,0.9895833134651184,0.0,1.0,0.0,0.83203125
1,12,ChevronSlow,recurring_2,recurring,2,0.75,0.6875,0.6666666865348816,1.0,0.01755534151763772,0.83984375
1,12,IDLGated,recurring_2,recurring,2,0.6458333134651184,0.010416666977107525,0.0520833320915699,0.18242552876472473,0.02982700413791264,0.990234375
1,13,MLP,recurring_3,recurring,2,1.0,0.0,0.0,1.0,0.0,0.541015625
1,13,ChevronSlow,recurring_3,recurring,2,1.0,0.0,0.1041666641831398,1.0,0.037186961569633296,0.888671875
1,13,IDLGated,recurring_3,recurring,2,0.9583333134651184,0.0,0.0,0.18242552876472473,0.0678270803626174,0.982421875
1,14,MLP,one_shot_9,one_shot,1,1.0,1.0,0.0,1.0,0.0,0.83203125
1,14,ChevronSlow,one_shot_9,one_shot,1,1.0,1.0,1.0,1.0,0.008973359721077276,0.892578125
1,14,IDLGated,one_shot_9,one_shot,1,0.8229166865348816,0.5104166865348816,0.5104166865348816,0.010986942797899246,0.010689524748761918,0.982421875
1,15,MLP,recurring_0,recurring,3,1.0,0.0,0.0,1.0,0.0,0.541015625
1,15,ChevronSlow,recurring_0,recurring,3,1.0,0.0,0.0,1.0,0.024404141369924033,0.8515625
1,15,IDLGated,recurring_0,recurring,3,1.0,0.0,0.0,0.8175744414329529,0.10590963945449411,0.9765625
1,16,MLP,recurring_0,recurring,4,1.0,1.0,0.0,1.0,0.0,0.544921875
1,16,ChevronSlow,recurring_0,recurring,4,1.0,0.0,0.375,1.0,0.015152418417321015,0.8203125
1,16,IDLGated,recurring_0,recurring,4,1.0,0.0,0.0,0.9890130758285522,0.07611777928986062,0.966796875
1,17,MLP,recurring_1,recurring,3,1.0,0.78125,0.0,1.0,0.0,0.6796875
1,17,ChevronSlow,recurring_1,recurring,3,0.9583333134651184,0.09375,0.3020833432674408,1.0,0.020536801186239812,0.7890625
1,17,IDLGated,recurring_1,recurring,3,1.0,0.0,0.1145833358168602,0.8175744414329529,0.03549211314649661,0.94140625
1,18,MLP,one_shot_0,one_shot,1,1.0,0.9479166865348816,0.0,1.0,0.0,0.78125
1,18,ChevronSlow,one_shot_0,one_shot,1,0.7604166865348816,0.8020833134651184,0.8125,1.0,0.016791436145154416,0.833984375
1,18,IDLGated,one_shot_0,one_shot,1,0.46875,0.1979166716337204,0.1979166716337204,0.010986942797899246,0.019273484689631467,0.94140625
1,19,MLP,recurring_0,recurring,5,1.0,0.15625,0.0,1.0,0.0,0.54296875
1,19,ChevronSlow,recurring_0,recurring,5,1.0,0.0833333358168602,0.6770833134651184,1.0,0.015198773968853505,0.7890625
1,19,IDLGated,recurring_0,recurring,5,1.0,0.0,0.0,0.9994471669197083,0.04546296563349829,0.912109375
1,20,MLP,recurring_0,recurring,6,1.0,1.0,0.0,1.0,0.0,0.5546875
1,20,ChevronSlow,recurring_0,recurring,6,1.0,0.6145833134651184,1.0,1.0,0.019790921037298532,0.73828125
1,20,IDLGated,recurring_0,recurring,6,1.0,0.0,0.0,0.9999724626541138,0.03203065924057002,0.896484375
1,21,MLP,recurring_2,recurring,3,1.0,0.0729166641831398,0.0,1.0,0.0,0.55078125
1,21,ChevronSlow,recurring_2,recurring,3,1.0,0.0625,0.4375,1.0,0.030761946031638936,0.84765625
1,21,IDLGated,recurring_2,recurring,3,1.0,0.34375,0.6458333134651184,0.8175744414329529,0.022898157398033362,0.880859375
1,22,MLP,recurring_1,recurring,4,1.0,1.0,0.0,1.0,0.0,0.703125
1,22,ChevronSlow,recurring_1,recurring,4,1.0,0.1666666716337204,0.5520833134651184,1.0,0.02104563960708715,0.765625
1,22,IDLGated,recurring_1,recurring,4,1.0,0.4375,0.7604166865348816,0.9890130758285522,0.01762224643260418,0.826171875
1,23,MLP,recurring_2,recurring,4,1.0,1.0,0.0,1.0,0.0,0.751953125
1,23,ChevronSlow,recurring_2,recurring,4,1.0,0.5625,0.8541666865348816,1.0,0.016655230320602014,0.751953125
1,23,IDLGated,recurring_2,recurring,4,1.0,0.8958333134651184,1.0,0.9890130758285522,0.01229280594742451,0.8046875
1,24,MLP,recurring_3,recurring,3,1.0,0.0,0.0,1.0,0.0,0.501953125
1,24,ChevronSlow,recurring_3,recurring,3,1.0,0.0,0.3541666567325592,1.0,0.02785376933078069,0.810546875
1,24,IDLGated,recurring_3,recurring,3,1.0,0.010416666977107525,0.1666666716337204,0.8175744414329529,0.021416560388732978,0.75
1,25,MLP,recurring_1,recurring,5,1.0,1.0,0.0,1.0,0.0,0.767578125
1,25,ChevronSlow,recurring_1,recurring,5,0.8958333134651184,0.2395833283662796,0.4375,1.0,0.021013099566897855,0.837890625
1,25,IDLGated,recurring_1,recurring,5,1.0,1.0,1.0,0.9994471669197083,0.01574676965563669,0.787109375
1,26,MLP,one_shot_6,one_shot,1,0.96875,0.7708333134651184,0.0,1.0,0.0,0.802734375
1,26,ChevronSlow,one_shot_6,one_shot,1,0.9166666865348816,0.84375,0.8541666865348816,1.0,0.010580851141135572,0.880859375
1,26,IDLGated,one_shot_6,one_shot,1,0.84375,0.84375,0.84375,0.010986942797899246,0.010195967333792562,0.787109375
1,27,MLP,recurring_3,recurring,4,1.0,0.1458333283662796,0.0,1.0,0.0,0.56640625
1,27,ChevronSlow,recurring_3,recurring,4,1.0,0.010416666977107525,0.46875,1.0,0.023846068878564435,0.826171875
1,27,IDLGated,recurring_3,recurring,4,1.0,0.02083333395421505,0.15625,0.9890130758285522,0.021913350652621573,0.736328125
1,28,MLP,recurring_2,recurring,5,0.9375,0.2604166567325592,0.0,1.0,0.0,0.833984375
1,28,ChevronSlow,recurring_2,recurring,5,0.8125,0.2291666716337204,0.3541666567325592,1.0,0.018124400622501875,0.9140625
1,28,IDLGated,recurring_2,recurring,5,0.9270833134651184,1.0,1.0,0.9994471669197083,0.014782895242859175,0.8046875
1,29,MLP,recurring_0,recurring,7,1.0,0.0,0.0,1.0,0.0,0.5234375
1,29,ChevronSlow,recurring_0,recurring,7,1.0,0.0,0.0,1.0,0.018606288926300212,0.861328125
1,29,IDLGated,recurring_0,recurring,7,1.0,0.0,0.0,0.9999985694885254,0.01761152382538727,0.74609375
1,30,MLP,recurring_3,recurring,5,1.0,1.0,0.0,1.0,0.0,0.56640625
1,30,ChevronSlow,recurring_3,recurring,5,1.0,0.3854166567325592,0.5833333134651184,1.0,0.012106595616701799,0.81640625
1,30,IDLGated,recurring_3,recurring,5,1.0,0.2291666716337204,0.4791666567325592,0.9994471669197083,0.012429487962174334,0.650390625
1,31,MLP,recurring_1,recurring,6,1.0,0.6666666865348816,0.0,1.0,0.0,0.787109375
1,31,ChevronSlow,recurring_1,recurring,6,0.9375,0.1875,0.4166666567325592,1.0,0.022923068157368862,0.880859375
1,31,IDLGated,recurring_1,recurring,6,0.96875,1.0,1.0,0.9999724626541138,0.012559571041063495,0.744140625
1,32,MLP,recurring_1,recurring,7,1.0,1.0,0.0,1.0,0.0,0.80078125
1,32,ChevronSlow,recurring_1,recurring,7,0.9166666865348816,0.3229166567325592,0.5729166865348816,1.0,0.023070568233306735,0.87109375
1,32,IDLGated,recurring_1,recurring,7,1.0,1.0,1.0,0.9999985694885254,0.007011977653063087,0.740234375
1,33,MLP,one_shot_15,one_shot,1,1.0,0.6770833134651184,0.0,1.0,0.0,0.7734375
1,33,ChevronSlow,one_shot_15,one_shot,1,1.0,0.6145833134651184,0.8125,1.0,0.019491805151094253,0.89453125
1,33,IDLGated,one_shot_15,one_shot,1,0.96875,0.84375,0.84375,0.010986942797899246,0.017976778455601257,0.740234375
1,34,MLP,recurring_2,recurring,6,1.0,0.40625,0.0,1.0,0.0,0.83984375
1,34,ChevronSlow,recurring_2,recurring,6,0.8854166865348816,0.3020833432674408,0.6458333134651184,1.0,0.02234295327449222,0.91015625
1,34,IDLGated,recurring_2,recurring,6,1.0,1.0,1.0,0.9999724626541138,0.012380096121763351,0.787109375
1,35,MLP,recurring_0,recurring,8,1.0,0.0,0.0,1.0,0.0,0.48828125
1,35,ChevronSlow,recurring_0,recurring,8,1.0,0.0,0.0,1.0,0.021851758469327638,0.8984375
1,35,IDLGated,recurring_0,recurring,8,1.0,0.0,0.0,0.9999998807907104,0.018273747331307336,0.7578125
1,36,MLP,recurring_3,recurring,6,1.0,1.0,0.0,1.0,0.0,0.48828125
1,36,ChevronSlow,recurring_3,recurring,6,1.0,0.09375,0.53125,1.0,0.015311938109387047,0.830078125
1,36,IDLGated,recurring_3,recurring,6,1.0,0.1458333283662796,0.5520833134651184,0.9999724626541138,0.013082166510742406,0.62109375
1,37,MLP,one_shot_4,one_shot,1,0.9791666865348816,1.0,0.0,1.0,0.0,0.78515625
1,37,ChevronSlow,one_shot_4,one_shot,1,0.7708333134651184,0.53125,0.59375,1.0,0.018827667682257195,0.912109375
1,37,IDLGated,one_shot_4,one_shot,1,0.8020833134651184,1.0,1.0,0.010986942797899246,0.01655923689002489,0.62109375
1,38,MLP,one_shot_13,one_shot,1,1.0,0.7708333134651184,0.0,1.0,0.0,0.701171875
1,38,ChevronSlow,one_shot_13,one_shot,1,1.0,0.4166666567325592,0.8125,1.0,0.021836823623499715,0.884765625
1,38,IDLGated,one_shot_13,one_shot,1,1.0,1.0,1.0,0.010986942797899246,0.02000466234552888,0.62109375
1,39,MLP,recurring_1,recurring,8,1.0,0.4166666567325592,0.0,1.0,0.0,0.556640625
1,39,ChevronSlow,recurring_1,recurring,8,1.0,0.1145833358168602,0.5,1.0,0.02276415836832247,0.912109375
1,39,IDLGated,recurring_1,recurring,8,1.0,1.0,1.0,0.9999998807907104,0.014282156566368697,0.724609375
1,40,MLP,one_shot_5,one_shot,1,1.0,1.0,0.0,1.0,0.0,0.578125
1,40,ChevronSlow,one_shot_5,one_shot,1,1.0,0.0,0.2291666716337204,1.0,0.016877007136301653,0.833984375
1,40,IDLGated,one_shot_5,one_shot,1,1.0,0.28125,0.28125,0.010986942797899246,0.016790556184677206,0.72265625
1,41,MLP,one_shot_8,one_shot,1,1.0,1.0,0.0,1.0,0.0,0.69921875
1,41,ChevronSlow,one_shot_8,one_shot,1,1.0,0.84375,0.9791666865348816,1.0,0.01474806672478954,0.82421875
1,41,IDLGated,one_shot_8,one_shot,1,0.9479166865348816,1.0,1.0,0.010986942797899246,0.013475962231081823,0.724609375
1,42,MLP,recurring_2,recurring,7,1.0,0.375,0.0,1.0,0.0,0.84765625
1,42,ChevronSlow,recurring_2,recurring,7,0.9479166865348816,0.25,0.71875,1.0,0.024764652922394367,0.8984375
1,42,IDLGated,recurring_2,recurring,7,1.0,1.0,1.0,0.9999985694885254,0.01215158119005571,0.77734375
1,43,MLP,recurring_3,recurring,7,1.0,0.0,0.0,1.0,0.0,0.49609375
1,43,ChevronSlow,recurring_3,recurring,7,1.0,0.0416666679084301,0.4479166567325592,1.0,0.016439907140259547,0.818359375
1,43,IDLGated,recurring_3,recurring,7,1.0,0.010416666977107525,0.3229166567325592,0.9999985694885254,0.01645903447658526,0.66015625
1,44,MLP,recurring_2,recurring,8,1.0,1.0,0.0,1.0,0.0,0.8125
1,44,ChevronSlow,recurring_2,recurring,8,1.0,0.375,0.71875,1.0,0.020363431999654617,0.912109375
1,44,IDLGated,recurring_2,recurring,8,1.0,1.0,1.0,0.9999998807907104,0.014851369983803582,0.78515625
1,45,MLP,recurring_0,recurring,9,1.0,0.0,0.0,1.0,0.0,0.48828125
1,45,ChevronSlow,recurring_0,recurring,9,1.0,0.0,0.0,1.0,0.020798181099372936,0.875
1,45,IDLGated,recurring_0,recurring,9,1.0,0.0,0.02083333395421505,1.0,0.014740724503071036,0.69140625
1,46,MLP,one_shot_12,one_shot,1,1.0,1.0,0.0,1.0,0.0,0.48828125
1,46,ChevronSlow,one_shot_12,one_shot,1,1.0,0.15625,0.6770833134651184,1.0,0.018726515112491796,0.810546875
1,46,IDLGated,one_shot_12,one_shot,1,1.0,1.0,1.0,0.010986942797899246,0.010146361517218443,0.689453125
1,47,MLP,recurring_3,recurring,8,1.0,1.0,0.0,1.0,0.0,0.509765625
1,47,ChevronSlow,recurring_3,recurring,8,1.0,0.1770833283662796,0.7916666865348816,1.0,0.018125840906722448,0.755859375
1,47,IDLGated,recurring_3,recurring,8,1.0,0.2708333432674408,1.0,0.9999998807907104,0.014709867498198168,0.48828125
1,48,MLP,recurring_1,recurring,9,1.0,1.0,0.0,1.0,0.0,0.58203125
1,48,ChevronSlow,recurring_1,recurring,9,0.96875,0.09375,0.3958333432674408,1.0,0.020770956973140017,0.884765625
1,48,IDLGated,recurring_1,recurring,9,0.9583333134651184,1.0,1.0,1.0,0.017746439920606816,0.78125
1,49,MLP,recurring_2,recurring,9,1.0,1.0,0.0,1.0,0.0,0.833984375
1,49,ChevronSlow,recurring_2,recurring,9,1.0,0.40625,0.90625,1.0,0.017730315883066988,0.88671875
1,49,IDLGated,recurring_2,recurring,9,1.0,1.0,1.0,1.0,0.015182108470861912,0.8125
1,50,MLP,one_shot_2,one_shot,1,1.0,0.0,0.0,1.0,0.0,0.509765625
1,50,ChevronSlow,one_shot_2,one_shot,1,1.0,0.0,0.1354166716337204,1.0,0.013879431383009344,0.84375
1,50,IDLGated,one_shot_2,one_shot,1,1.0,0.03125,0.03125,0.010986942797899246,0.014090014553071292,0.8125
1,51,MLP,recurring_0,recurring,10,1.0,1.0,0.0,1.0,0.0,0.5
1,51,ChevronSlow,recurring_0,recurring,10,1.0,0.0,0.78125,1.0,0.01911892927233877,0.76953125
1,51,IDLGated,recurring_0,recurring,10,1.0,0.0,0.0,1.0,0.019568275734991213,0.8125
1,52,MLP,recurring_3,recurring,9,1.0,1.0,0.0,1.0,0.0,0.521484375
1,52,ChevronSlow,recurring_3,recurring,9,1.0,0.1666666716337204,0.5104166865348816,1.0,0.019683542245311526,0.775390625
1,52,IDLGated,recurring_3,recurring,9,0.9791666865348816,0.0,0.9166666865348816,1.0,0.014658342277571033,0.671875
1,53,MLP,recurring_1,recurring,10,1.0,1.0,0.0,1.0,0.0,0.5390625
1,53,ChevronSlow,recurring_1,recurring,10,0.9270833134651184,0.1770833283662796,0.4166666567325592,1.0,0.01851953221125112,0.859375
1,53,IDLGated,recurring_1,recurring,10,0.9895833134651184,0.5833333134651184,0.8645833134651184,1.0,0.013001269197306233,0.8203125
1,54,MLP,recurring_3,recurring,10,1.0,1.0,0.0,1.0,0.0,0.595703125
1,54,ChevronSlow,recurring_3,recurring,10,1.0,0.2395833283662796,0.625,1.0,0.015591916337271708,0.837890625
1,54,IDLGated,recurring_3,recurring,10,1.0,0.0,0.7916666865348816,1.0,0.014996548710307717,0.732421875
1,55,MLP,recurring_2,recurring,10,1.0,0.2708333432674408,0.0,1.0,0.0,0.84765625
1,55,ChevronSlow,recurring_2,recurring,10,0.9791666865348816,0.1875,0.59375,1.0,0.022738649917534947,0.923828125
1,55,IDLGated,recurring_2,recurring,10,1.0,0.71875,0.9270833134651184,1.0,0.01758241739636898,0.873046875
2,0,MLP,recurring_1,recurring,1,0.6875,0.0729166641831398,0.0,1.0,0.0,0.78125
2,0,ChevronSlow,recurring_1,recurring,1,0.6770833134651184,0.0729166641831398,0.2083333283662796,1.0,0.05084783985245536,0.94921875
2,0,IDLGated,recurring_1,recurring,1,0.8333333134651184,0.0833333358168602,0.0833333358168602,0.010986942797899246,0.051150659769770644,0.982421875
2,1,MLP,recurring_3,recurring,1,0.7604166865348816,0.9270833134651184,0.0,1.0,0.0,0.8671875
2,1,ChevronSlow,recurring_3,recurring,1,0.75,0.2604166567325592,0.4375,1.0,0.02307910772653647,0.921875
2,1,IDLGated,recurring_3,recurring,1,0.7604166865348816,0.0520833320915699,0.0520833320915699,0.010986942797899246,0.035974548479485204,0.982421875
2,2,MLP,recurring_0,recurring,1,0.7604166865348816,0.0,0.0,1.0,0.0,0.705078125
2,2,ChevronSlow,recurring_0,recurring,1,0.6354166865348816,0.0,0.0,1.0,0.08350923379137237,0.8984375
2,2,IDLGated,recurring_0,recurring,1,0.7083333134651184,0.0,0.0,0.010986942797899246,0.10754963618738872,0.982421875
2,3,MLP,recurring_2,recurring,1,1.0,1.0,0.0,1.0,0.0,0.85546875
2,3,ChevronSlow,recurring_2,recurring,1,0.9791666865348816,0.7916666865348816,0.84375,1.0,0.015708079562741537,0.89453125
2,3,IDLGated,recurring_2,recurring,1,0.9583333134651184,0.2708333432674408,0.2708333432674408,0.010986942797899246,0.03986600366591835,0.982421875
2,4,MLP,one_shot_15,one_shot,1,0.875,0.8333333134651184,0.0,1.0,0.0,0.85546875
2,4,ChevronSlow,one_shot_15,one_shot,1,0.8333333134651184,0.5729166865348816,0.65625,1.0,0.021466132797564604,0.87109375
2,4,IDLGated,one_shot_15,one_shot,1,0.8958333134651184,0.1145833358168602,0.1145833358168602,0.010986942797899246,0.0515814337325867,0.982421875
2,5,MLP,recurring_3,recurring,2,0.9375,0.8125,0.0,1.0,0.0,0.833984375
2,5,ChevronSlow,recurring_3,recurring,2,0.9791666865348816,0.78125,0.8229166865348816,1.0,0.029261540862603717,0.876953125
2,5,IDLGated,recurring_3,recurring,2,0.9375,0.1354166716337204,0.1770833283662796,0.18242552876472473,0.06344077364589412,0.974609375
2,6,MLP,recurring_0,recurring,2,0.9791666865348816,0.0,0.0,1.0,0.0,0.72265625
2,6,ChevronSlow,recurring_0,recurring,2,0.9791666865348816,0.0,0.0,1.0,0.03805930727363366,0.837890625
2,6,IDLGated,recurring_0,recurring,2,0.8645833134651184,0.0,0.0,0.18242552876472473,0.10434631951355514,0.974609375
2,7,MLP,recurring_1,recurring,2,0.8958333134651184,0.5729166865348816,0.0,1.0,0.0,0.783203125
2,7,ChevronSlow,recurring_1,recurring,2,0.9375,0.4375,0.5625,1.0,0.015874173196859076,0.845703125
2,7,IDLGated,recurring_1,recurring,2,0.8958333134651184,0.0416666679084301,0.1041666641831398,0.18242552876472473,0.03832093250466454,0.96875
2,8,MLP,recurring_2,recurring,2,1.0,1.0,0.0,1.0,0.0,0.833984375
2,8,ChevronSlow,recurring_2,recurring,2,1.0,1.0,1.0,1.0,0.007458968277561431,0.83984375
2,8,IDLGated,recurring_2,recurring,2,1.0,0.46875,0.4791666567325592,0.18242552876472473,0.03889366005281326,0.966796875
2,9,MLP,one_shot_3,one_shot,1,1.0,0.46875,0.0,1.0,0.0,0.791015625
2,9,ChevronSlow,one_shot_3,one_shot,1,0.9791666865348816,0.46875,0.6354166865348816,1.0,0.01707729658495559,0.837890625
2,9,IDLGated,one_shot_3,one_shot,1,0.8854166865348816,0.0,0.0,0.010986942797899246,0.05250081201760434,0.966796875
2,10,MLP,one_shot_2,one_shot,1,0.9479166865348816,0.3125,0.0,1.0,0.0,0.8046875
2,10,ChevronSlow,one_shot_2,one_shot,1,0.9791666865348816,0.3229166567325592,0.5833333134651184,1.0,0.029261528829914733,0.845703125
2,10,IDLGated,one_shot_2,one_shot,1,0.9791666865348816,0.46875,0.46875,0.010986942797899246,0.02166109497554811,0.966796875
2,11,MLP,recurring_3,recurring,3,1.0,0.9479166865348816,0.0,1.0,0.0,0.80859375
2,11,ChevronSlow,recurring_3,recurring,3,1.0,0.9270833134651184,0.9479166865348816,1.0,0.013545724854378665,0.83984375
2,11,IDLGated,recurring_3,recurring,3,0.9375,0.2916666567325592,0.4479166567325592,0.8175744414329529,0.03569719122182887,0.927734375
2,12,MLP,recurring_0,recurring,3,0.9895833134651184,0.02083333395421505,0.0,1.0,0.0,0.703125
2,12,ChevronSlow,recurring_0,recurring,3,1.0,0.0,0.0,1.0,0.03438492058581025,0.8359375
2,12,IDLGated,recurring_0,recurring,3,0.96875,0.0,0.0,0.8175744414329529,0.0728336277587557,0.92578125
2,13,MLP,recurring_1,recurring,3,0.9166666865348816,0.9479166865348816,0.0,1.0,0.0,0.76171875
2,13,ChevronSlow,recurring_1,recurring,3,0.9479166865348816,0.6875,0.78125,1.0,0.014667200446887014,0.83203125
2,13,IDLGated,recurring_1,recurring,3,0.9479166865348816,0.3333333432674408,0.4479166567325592,0.8175744414329529,0.03179438163518572,0.908203125
2,14,MLP,recurring_1,recurring,4,0.65625,0.8125,0.0,1.0,0.0,0.810546875
2,14,ChevronSlow,recurring_1,recurring,4,0.6354166865348816,0.65625,0.65625,1.0,0.004534022391827354,0.837890625
2,14,IDLGated,recurring_1,recurring,4,0.5104166865348816,0.34375,0.375,0.9890130758285522,0.013804467305645551,0.89453125
2,15,MLP,one_shot_8,one_shot,1,0.9895833134651184,0.6875,0.0,1.0,0.0,0.818359375
2,15,ChevronSlow,one_shot_8,one_shot,1,0.9791666865348816,0.5833333134651184,0.8020833134651184,1.0,0.01944949135557725,0.841796875
2,15,IDLGated,one_shot_8,one_shot,1,0.9479166865348816,0.5208333134651184,0.5208333134651184,0.010986942797899246,0.018261868310929307,0.89453125
2,16,MLP,recurring_1,recurring,5,0.8125,0.3958333432674408,0.0,1.0,0.0,0.798828125
2,16,ChevronSlow,recurring_1,recurring,5,0.8854166865348816,0.5104166865348816,0.625,1.0,0.012839690714727089,0.841796875
2,16,IDLGated,recurring_1,recurring,5,0.7708333134651184,0.4375,0.53125,0.9994471669197083,0.017718000133406894,0.880859375
2,17,MLP,recurring_0,recurring,4,0.9895833134651184,0.0416666679084301,0.0,1.0,0.0,0.677734375
2,17,ChevronSlow,recurring_0,recurring,4,0.9791666865348816,0.0,0.0833333358168602,1.0,0.02471546384126117,0.814453125
2,17,IDLGated,recurring_0,recurring,4,0.9375,0.0,0.0,0.9890130758285522,0.04162317895774529,0.841796875
2,18,MLP,recurring_2,recurring,3,1.0,1.0,0.0,1.0,0.0,0.822265625
2,18,ChevronSlow,recurring_2,recurring,3,1.0,1.0,1.0,1.0,0.005558934662457867,0.83203125
2,18,IDLGated,recurring_2,recurring,3,0.9479166865348816,1.0,1.0,0.8175744414329529,0.00562091121246947,0.85546875
2,19,MLP,recurring_1,recurring,6,0.8854166865348816,0.6458333134651184,0.0,1.0,0.0,0.81640625
2,19,ChevronSlow,recurring_1,recurring,6,0.8541666865348816,0.6666666865348816,0.7604166865348816,1.0,0.016586063939994858,0.845703125
2,19,IDLGated,recurring_1,recurring,6,0.7708333134651184,0.6041666865348816,0.6666666865348816,0.9999724626541138,0.023096919865031738,0.86328125
2,20,MLP,recurring_2,recurring,4,1.0,1.0,0.0,1.0,0.0,0.82421875
2,20,ChevronSlow,recurring_2,recurring,4,1.0,1.0,1.0,1.0,0.007650721156792565,0.84375
2,20,IDLGated,recurring_2,recurring,4,1.0,1.0,1.0,0.9890130758285522,0.008495994510678803,0.87109375
2,21,MLP,recurring_3,recurring,4,0.96875,1.0,0.0,1.0,0.0,0.833984375
2,21,ChevronSlow,recurring_3,recurring,4,0.8645833134651184,1.0,0.96875,1.0,0.005720126772079859,0.84375
2,21,IDLGated,recurring_3,recurring,4,0.71875,0.8541666865348816,0.8020833134651184,0.9890130758285522,0.00528549595740725,0.876953125
2,22,MLP,recurring_2,recurring,5,1.0,1.0,0.0,1.0,0.0,0.873046875
2,22,ChevronSlow,recurring_2,recurring,5,0.9895833134651184,1.0,1.0,1.0,0.005770560383194175,0.85546875
2,22,IDLGated,recurring_2,recurring,5,0.9375,1.0,1.0,0.9994471669197083,0.005530200830740117,0.88671875
2,23,MLP,recurring_1,recurring,7,0.96875,0.4270833432674408,0.0,1.0,0.0,0.810546875
2,23,ChevronSlow,recurring_1,recurring,7,0.9895833134651184,0.4479166567325592,0.59375,1.0,0.01496652668215533,0.85546875
2,23,IDLGated,recurring_1,recurring,7,0.96875,0.375,0.5,0.9999985694885254,0.018466417755228438,0.873046875
2,24,MLP,one_shot_7,one_shot,1,0.9791666865348816,0.0,0.0,1.0,0.0,0.55859375
2,24,ChevronSlow,one_shot_7,one_shot,1,1.0,0.0,0.2395833283662796,1.0,0.020525584339351362,0.81640625
2,24,IDLGated,one_shot_7,one_shot,1,0.9270833134651184,0.0,0.0,0.010986942797899246,0.026913227790842494,0.875
2,25,MLP,recurring_2,recurring,6,1.0,1.0,0.0,1.0,0.0,0.791015625
2,25,ChevronSlow,recurring_2,recurring,6,1.0,1.0,1.0,1.0,0.0073742277621845756,0.822265625
2,25,IDLGated,recurring_2,recurring,6,1.0,0.96875,1.0,0.9999724626541138,0.0052890803705054334,0.861328125
2,26,MLP,recurring_3,recurring,5,1.0,1.0,0.0,1.0,0.0,0.830078125
2,26,ChevronSlow,recurring_3,recurring,5,1.0,1.0,1.0,1.0,0.009844336407607448,0.8359375
2,26,IDLGated,recurring_3,recurring,5,1.0,0.8541666865348816,0.8854166865348816,0.9994471669197083,0.010505191264877584,0.857421875
2,27,MLP,recurring_1,recurring,8,0.7708333134651184,0.7395833134651184,0.0,1.0,0.0,0.822265625
2,27,ChevronSlow,recurring_1,recurring,8,0.8125,0.7604166865348816,0.78125,1.0,0.006370882790443555,0.826171875
2,27,IDLGated,recurring_1,recurring,8,0.7395833134651184,0.65625,0.6979166865348816,0.9999998807907104,0.0041619028274558455,0.859375
2,28,MLP,one_shot_14,one_shot,1,1.0,0.9583333134651184,0.0,1.0,0.0,0.859375
2,28,ChevronSlow,one_shot_14,one_shot,1,1.0,0.9583333134651184,1.0,1.0,0.01753929847027352,0.845703125
2,28,IDLGated,one_shot_14,one_shot,1,0.9895833134651184,0.8958333134651184,0.8958333134651184,0.010986942797899246,0.018819051259503235,0.859375
2,29,MLP,recurring_2,recurring,7,1.0,1.0,0.0,1.0,0.0,0.82421875
2,29,ChevronSlow,recurring_2,recurring,7,1.0,1.0,1.0,1.0,0.005419108209050275,0.837890625
2,29,IDLGated,recurring_2,recurring,7,1.0,1.0,1.0,0.9999985694885254,0.004054801436657767,0.857421875
2,30,MLP,one_shot_11,one_shot,1,1.0,0.28125,0.0,1.0,0.0,0.72265625
2,30,ChevronSlow,one_shot_11,one_shot,1,1.0,0.21875,0.4583333432674408,1.0,0.02465836631324724,0.8359375
2,30,IDLGated,one_shot_11,one_shot,1,0.9479166865348816,0.34375,0.34375,0.010986942797899246,0.023967755833167334,0.857421875
2,31,MLP,recurring_2,recurring,8,1.0,1.0,0.0,1.0,0.0,0.85546875
2,31,ChevronSlow,recurring_2,recurring,8,1.0,1.0,1.0,1.0,0.013682487650288021,0.84765625
2,31,IDLGated,recurring_2,recurring,8,1.0,1.0,1.0,0.9999998807907104,0.011818367695873928,0.859375
2,32,MLP,recurring_0,recurring,5,1.0,0.0,0.0,1.0,0.0,0.646484375
2,32,ChevronSlow,recurring_0,recurring,5,1.0,0.0,0.0729166641831398,1.0,0.029608092828293534,0.81640625
2,32,IDLGated,recurring_0,recurring,5,1.0,0.0,0.03125,0.9994471669197083,0.036830804477098626,0.841796875
2,33,MLP,one_shot_1,one_shot,1,1.0,1.0,0.0,1.0,0.0,0.689453125
2,33,ChevronSlow,one_shot_1,one_shot,1,1.0,0.7395833134651184,0.9895833134651184,1.0,0.010299392870192544,0.78515625
2,33,IDLGated,one_shot_1,one_shot,1,1.0,0.5833333134651184,0.5833333134651184,0.010986942797899246,0.014595509987657889,0.841796875
2,34,MLP,recurring_0,recurring,6,1.0,0.875,0.0,1.0,0.0,0.671875
2,34,ChevronSlow,recurring_0,recurring,6,1.0,0.1875,0.5520833134651184,1.0,0.017801713986661093,0.748046875
2,34,IDLGated,recurring_0,recurring,6,0.9583333134651184,0.010416666977107525,0.1875,0.9999724626541138,0.021016760428302368,0.8046875
2,35,MLP,one_shot_6,one_shot,1,0.90625,0.7708333134651184,0.0,1.0,0.0,0.66796875
2,35,ChevronSlow,one_shot_6,one_shot,1,0.875,0.5833333134651184,0.71875,1.0,0.009829235621671033,0.763671875
2,35,IDLGated,one_shot_6,one_shot,1,0.8020833134651184,0.5520833134651184,0.5520833134651184,0.010986942797899246,0.009768527601541547,0.8046875
2,36,MLP,one_shot_0,one_shot,1,1.0,1.0,0.0,1.0,0.0,0.68359375
2,36,ChevronSlow,one_shot_0,one_shot,1,1.0,0.7916666865348816,0.9895833134651184,1.0,0.010176271726001825,0.732421875
2,36,IDLGated,one_shot_0,one_shot,1,1.0,0.4270833432674408,0.4375,0.010986942797899246,0.01366213543010198,0.8046875
2,37,MLP,one_shot_5,one_shot,1,1.0,1.0,0.0,1.0,0.0,0.796875
2,37,ChevronSlow,one_shot_5,one_shot,1,0.96875,0.90625,0.9166666865348816,1.0,0.015530802881988002,0.80078125
2,37,IDLGated,one_shot_5,one_shot,1,0.8125,0.6041666865348816,0.6041666865348816,0.010986942797899246,0.017604998699213496,0.8046875
2,38,MLP,recurring_3,recurring,6,1.0,1.0,0.0,1.0,0.0,0.779296875
2,38,ChevronSlow,recurring_3,recurring,6,1.0,1.0,1.0,1.0,0.0059870374563388866,0.802734375
2,38,IDLGated,recurring_3,recurring,6,1.0,0.9895833134651184,1.0,0.9999724626541138,0.012360515161596431,0.8125
2,39,MLP,recurring_2,recurring,9,1.0,1.0,0.0,1.0,0.0,0.845703125
2,39,ChevronSlow,recurring_2,recurring,9,1.0,1.0,1.0,1.0,0.010660159312831544,0.837890625
2,39,IDLGated,recurring_2,recurring,9,1.0,1.0,1.0,1.0,0.01523090105440817,0.845703125
2,40,MLP,one_shot_13,one_shot,1,1.0,0.125,0.0,1.0,0.0,0.599609375
2,40,ChevronSlow,one_shot_13,one_shot,1,1.0,0.1770833283662796,0.5104166865348816,1.0,0.014697873251784694,0.78125
2,40,IDLGated,one_shot_13,one_shot,1,1.0,0.1666666716337204,0.1666666716337204,0.010986942797899246,0.018388352734587794,0.84375
2,41,MLP,recurring_1,recurring,9,0.9895833134651184,0.9791666865348816,0.0,1.0,0.0,0.75
2,41,ChevronSlow,recurring_1,recurring,9,1.0,0.84375,0.8958333134651184,1.0,0.011779449825735122,0.791015625
2,41,IDLGated,recurring_1,recurring,9,1.0,0.6458333134651184,0.7708333134651184,1.0,0.01574845453770871,0.84765625
2,42,MLP,one_shot_12,one_shot,1,0.96875,0.9166666865348816,0.0,1.0,0.0,0.802734375
2,42,ChevronSlow,one_shot_12,one_shot,1,0.96875,0.7916666865348816,0.8854166865348816,1.0,0.014304285109186042,0.818359375
2,42,IDLGated,one_shot_12,one_shot,1,0.9375,0.59375,0.59375,0.010986942797899246,0.014218368107716203,0.8515625
2,43,MLP,recurring_2,recurring,10,0.84375,1.0,0.0,1.0,0.0,0.896484375
2,43,ChevronSlow,recurring_2,recurring,10,0.84375,1.0,1.0,1.0,0.009775498304297919,0.861328125
2,43,IDLGated,recurring_2,recurring,10,0.8020833134651184,1.0,1.0,1.0,0.009130186323256215,0.865234375
2,44,MLP,recurring_3,recurring,7,1.0,0.4895833432674408,0.0,1.0,0.0,0.8046875
2,44,ChevronSlow,recurring_3,recurring,7,1.0,0.9270833134651184,1.0,1.0,0.006202608262368569,0.841796875
2,44,IDLGated,recurring_3,recurring,7,1.0,0.8645833134651184,1.0,0.9999985694885254,0.006092810405140969,0.86328125
2,45,MLP,recurring_0,recurring,7,1.0,0.0,0.0,1.0,0.0,0.658203125
2,45,ChevronSlow,recurring_0,recurring,7,1.0,0.0,0.0625,1.0,0.026565307711180406,0.814453125
2,45,IDLGated,recurring_0,recurring,7,1.0,0.0,0.0625,0.9999985694885254,0.02749178446535562,0.837890625
2,46,MLP,one_shot_10,one_shot,1,0.9895833134651184,0.8020833134651184,0.0,1.0,0.0,0.7734375
2,46,ChevronSlow,one_shot_10,one_shot,1,0.9791666865348816,0.4166666567325592,0.6145833134651184,1.0,0.020619332261906192,0.83984375
2,46,IDLGated,one_shot_10,one_shot,1,0.90625,0.3229166567325592,0.3229166567325592,0.010986942797899246,0.0218298973062969,0.837890625
2,47,MLP,recurring_1,recurring,10,0.90625,0.5104166865348816,0.0,1.0,0.0,0.734375
2,47,ChevronSlow,recurring_1,recurring,10,0.875,0.53125,0.625,1.0,0.0126727271322497,0.830078125
2,47,IDLGated,recurring_1,recurring,10,0.8958333134651184,0.6145833134651184,0.6666666865348816,1.0,0.017363460183334557,0.84765625
2,48,MLP,one_shot_9,one_shot,1,1.0,0.65625,0.0,1.0,0.0,0.73046875
2,48,ChevronSlow,one_shot_9,one_shot,1,1.0,0.4375,0.7083333134651184,1.0,0.021759825199877392,0.796875
2,48,IDLGated,one_shot_9,one_shot,1,1.0,0.1666666716337204,0.1666666716337204,0.010986942797899246,0.03015002402756228,0.849609375
2,49,MLP,recurring_0,recurring,8,1.0,0.1458333283662796,0.0,1.0,0.0,0.58984375
2,49,ChevronSlow,recurring_0,recurring,8,1.0,0.0,0.1354166716337204,1.0,0.02972010940043507,0.7734375
2,49,IDLGated,recurring_0,recurring,8,1.0,0.010416666977107525,0.3020833432674408,0.9999998807907104,0.03314197445200258,0.818359375
2,50,MLP,recurring_3,recurring,8,1.0,1.0,0.0,1.0,0.0,0.6953125
2,50,ChevronSlow,recurring_3,recurring,8,1.0,0.9583333134651184,1.0,1.0,0.015368176198212086,0.8046875
2,50,IDLGated,recurring_3,recurring,8,1.0,1.0,1.0,0.9999998807907104,0.011887938871208707,0.8125
2,51,MLP,recurring_3,recurring,9,1.0,1.0,0.0,1.0,0.0,0.7265625
2,51,ChevronSlow,recurring_3,recurring,9,0.96875,1.0,1.0,1.0,0.01008532402772302,0.818359375
2,51,IDLGated,recurring_3,recurring,9,0.9895833134651184,1.0,1.0,1.0,0.010655896533315045,0.83203125
2,52,MLP,one_shot_4,one_shot,1,1.0,0.2083333283662796,0.0,1.0,0.0,0.67578125
2,52,ChevronSlow,one_shot_4,one_shot,1,1.0,0.1354166716337204,0.375,1.0,0.026293784001612565,0.822265625
2,52,IDLGated,one_shot_4,one_shot,1,1.0,0.1145833358168602,0.125,0.010986942797899246,0.026088643899336367,0.830078125
2,53,MLP,recurring_0,recurring,9,1.0,0.2604166567325592,0.0,1.0,0.0,0.578125
2,53,ChevronSlow,recurring_0,recurring,9,1.0,0.0,0.2604166567325592,1.0,0.024346330260252538,0.791015625
2,53,IDLGated,recurring_0,recurring,9,1.0,0.1041666641831398,0.4479166567325592,1.0,0.020411701262130596,0.783203125
2,54,MLP,recurring_0,recurring,10,1.0,1.0,0.0,1.0,0.0,0.548828125
2,54,ChevronSlow,recurring_0,recurring,10,1.0,0.2395833283662796,0.59375,1.0,0.010520680527597916,0.7421875
2,54,IDLGated,recurring_0,recurring,10,1.0,0.4375,0.71875,1.0,0.01683384126567091,0.75390625
2,55,MLP,recurring_3,recurring,10,1.0,1.0,0.0,1.0,0.0,0.677734375
2,55,ChevronSlow,recurring_3,recurring,10,1.0,1.0,1.0,1.0,0.006179707176527452,0.767578125
2,55,IDLGated,recurring_3,recurring,10,1.0,1.0,1.0,1.0,0.00974428218765748,0.798828125
3,0,MLP,recurring_0,recurring,1,1.0,0.1875,0.0,1.0,0.0,0.841796875
3,0,ChevronSlow,recurring_0,recurring,1,1.0,0.2083333283662796,0.46875,1.0,0.0314158757358944,0.931640625
3,0,IDLGated,recurring_0,recurring,1,1.0,0.1666666716337204,0.1666666716337204,0.010986942797899246,0.036208992381546366,0.990234375
3,1,MLP,one_shot_4,one_shot,1,0.7395833134651184,0.71875,0.0,1.0,0.0,0.908203125
3,1,ChevronSlow,one_shot_4,one_shot,1,0.6979166865348816,0.5104166865348816,0.5833333134651184,1.0,0.02986829997626451,0.943359375
3,1,IDLGated,one_shot_4,one_shot,1,0.6979166865348816,0.2708333432674408,0.28125,0.010986942797899246,0.02624204842083977,0.990234375
3,2,MLP,recurring_1,recurring,1,0.7291666865348816,0.1875,0.0,1.0,0.0,0.8125
3,2,ChevronSlow,recurring_1,recurring,1,0.7083333134651184,0.0729166641831398,0.1979166716337204,1.0,0.03767336008550668,0.9140625
3,2,IDLGated,recurring_1,recurring,1,0.7291666865348816,0.0,0.0,0.010986942797899246,0.047992470125172264,0.990234375
3,3,MLP,recurring_2,recurring,1,0.9895833134651184,0.0,0.0,1.0,0.0,0.86328125
3,3,ChevronSlow,recurring_2,recurring,1,0.9895833134651184,0.1458333283662796,0.3854166567325592,1.0,0.034950336496131884,0.91796875
3,3,IDLGated,recurring_2,recurring,1,0.9895833134651184,0.0833333358168602,0.0833333358168602,0.010986942797899246,0.032777021380211394,0.990234375
3,4,MLP,recurring_1,recurring,2,1.0,0.0625,0.0,1.0,0.0,0.763671875
3,4,ChevronSlow,recurring_1,recurring,2,1.0,0.0520833320915699,0.21875,1.0,0.046986745276795354,0.892578125
3,4,IDLGated,recurring_1,recurring,2,0.9895833134651184,0.0,0.0,0.18242552876472473,0.05825668021604837,0.984375
3,5,MLP,recurring_0,recurring,2,0.9583333134651184,0.7604166865348816,0.0,1.0,0.0,0.826171875
3,5,ChevronSlow,recurring_0,recurring,2,0.9375,0.3958333432674408,0.6041666865348816,1.0,0.028554314678159456,0.890625
3,5,IDLGated,recurring_0,recurring,2,0.9375,0.1770833283662796,0.1875,0.18242552876472473,0.038192504513582685,0.982421875
3,6,MLP,recurring_3,recurring,1,0.8645833134651184,0.4166666567325592,0.0,1.0,0.0,0.76953125
3,6,ChevronSlow,recurring_3,recurring,1,0.8958333134651184,0.010416666977107525,0.2395833283662796,1.0,0.04781540812456767,0.88671875
3,6,IDLGated,recurring_3,recurring,1,0.9479166865348816,0.0,0.0,0.010986942797899246,0.06876079151251727,0.982421875
3,7,MLP,one_shot_8,one_shot,1,0.8229166865348816,0.03125,0.0,1.0,0.0,0.634765625
3,7,ChevronSlow,one_shot_8,one_shot,1,0.9270833134651184,0.0,0.0,1.0,0.051159851350348645,0.87109375
3,7,IDLGated,one_shot_8,one_shot,1,1.0,0.0,0.0,0.010986942797899246,0.1109533476237426,0.982421875
3,8,MLP,one_shot_11,one_shot,1,0.9583333134651184,1.0,0.0,1.0,0.0,0.833984375
3,8,ChevronSlow,one_shot_11,one_shot,1,0.8958333134651184,0.6875,0.75,1.0,0.009275772330996723,0.869140625
3,8,IDLGated,one_shot_11,one_shot,1,0.8854166865348816,0.0833333358168602,0.0833333358168602,0.010986942797899246,0.04440851264692083,0.982421875
3,9,MLP,recurring_0,recurring,3,1.0,0.65625,0.0,1.0,0.0,0.828125
3,9,ChevronSlow,recurring_0,recurring,3,0.8645833134651184,0.6666666865348816,0.6979166865348816,1.0,0.008694638619787034,0.869140625
3,9,IDLGated,recurring_0,recurring,3,0.6041666865348816,0.1666666716337204,0.3020833432674408,0.8175744414329529,0.0185494100480923,0.958984375
3,10,MLP,one_shot_9,one_shot,1,0.8645833134651184,1.0,0.0,1.0,0.0,0.857421875
3,10,ChevronSlow,one_shot_9,one_shot,1,0.875,0.78125,0.8125,1.0,0.012216859876585415,0.86328125
3,10,IDLGated,one_shot_9,one_shot,1,0.7395833134651184,0.15625,0.15625,0.010986942797899246,0.036335837412321145,0.958984375
3,11,MLP,one_shot_6,one_shot,1,0.9895833134651184,0.5833333134651184,0.0,1.0,0.0,0.80859375
3,11,ChevronSlow,one_shot_6,one_shot,1,0.9270833134651184,0.4479166567325592,0.5625,1.0,0.02549999223394805,0.853515625
3,11,IDLGated,one_shot_6,one_shot,1,0.9791666865348816,0.0416666679084301,0.0416666679084301,0.010986942797899246,0.05929303527599135,0.958984375
3,12,MLP,one_shot_0,one_shot,1,1.0,0.3541666567325592,0.0,1.0,0.0,0.705078125
3,12,ChevronSlow,one_shot_0,one_shot,1,1.0,0.09375,0.375,1.0,0.02363747380069706,0.80859375
3,12,IDLGated,one_shot_0,one_shot,1,1.0,0.0,0.0,0.010986942797899246,0.08053651447099268,0.958984375
3,13,MLP,recurring_3,recurring,2,1.0,1.0,0.0,1.0,0.0,0.73046875
3,13,ChevronSlow,recurring_3,recurring,2,0.9583333134651184,0.8125,0.8854166865348816,1.0,0.012133549871184847,0.80078125
3,13,IDLGated,recurring_3,recurring,2,0.8541666865348816,0.0,0.0,0.18242552876472473,0.06274668944159868,0.95703125
3,14,MLP,recurring_0,recurring,4,0.9583333134651184,0.9791666865348816,0.0,1.0,0.0,0.82421875
3,14,ChevronSlow,recurring_0,recurring,4,0.90625,0.84375,0.875,1.0,0.019481834640859258,0.849609375
3,14,IDLGated,recurring_0,recurring,4,0.8958333134651184,0.3854166567325592,0.53125,0.9890130758285522,0.031959367766612505,0.939453125
3,15,MLP,recurring_1,recurring,3,1.0,0.2083333283662796,0.0,1.0,0.0,0.69140625
3,15,ChevronSlow,recurring_1,recurring,3,0.9791666865348816,0.1666666716337204,0.4270833432674408,1.0,0.026651233196231285,0.83984375
3,15,IDLGated,recurring_1,recurring,3,0.90625,0.0,0.0833333358168602,0.8175744414329529,0.040848257881226,0.91015625
3,16,MLP,recurring_1,recurring,4,1.0,0.9895833134651184,0.0,1.0,0.0,0.73828125
3,16,ChevronSlow,recurring_1,recurring,4,1.0,0.4479166567325592,0.6145833134651184,1.0,0.022792092443627024,0.83984375
3,16,IDLGated,recurring_1,recurring,4,0.90625,0.1145833358168602,0.2604166567325592,0.9890130758285522,0.037702056040716636,0.8828125
3,17,MLP,recurring_2,recurring,2,1.0,0.0,0.0,1.0,0.0,0.71875
3,17,ChevronSlow,recurring_2,recurring,2,0.9479166865348816,0.03125,0.1875,1.0,0.02685840352143798,0.8828125
3,17,IDLGated,recurring_2,recurring,2,0.84375,0.09375,0.1354166716337204,0.18242552876472473,0.027713168900934382,0.888671875
3,18,MLP,recurring_3,recurring,3,1.0,1.0,0.0,1.0,0.0,0.6953125
3,18,ChevronSlow,recurring_3,recurring,3,1.0,0.34375,0.59375,1.0,0.012300823193263853,0.857421875
3,18,IDLGated,recurring_3,recurring,3,1.0,0.0625,0.2083333283662796,0.8175744414329529,0.038614066776763815,0.87890625
3,19,MLP,one_shot_10,one_shot,1,1.0,0.3854166567325592,0.0,1.0,0.0,0.693359375
3,19,ChevronSlow,one_shot_10,one_shot,1,1.0,0.1666666716337204,0.4479166567325592,1.0,0.026818006788956652,0.841796875
3,19,IDLGated,one_shot_10,one_shot,1,0.9479166865348816,0.2916666567325592,0.2916666567325592,0.010986942797899246,0.023826751173313596,0.87890625
3,20,MLP,recurring_1,recurring,5,0.8958333134651184,1.0,0.0,1.0,0.0,0.810546875
3,20,ChevronSlow,recurring_1,recurring,5,0.8020833134651184,0.6145833134651184,0.6875,1.0,0.015297451924353968,0.8359375
3,20,IDLGated,recurring_1,recurring,5,0.65625,0.3125,0.3958333432674408,0.9994471669197083,0.03245324277475257,0.859375
3,21,MLP,recurring_1,recurring,6,1.0,0.8541666865348816,0.0,1.0,0.0,0.72265625
3,21,ChevronSlow,recurring_1,recurring,6,1.0,0.6458333134651184,0.8645833134651184,1.0,0.01822468344369057,0.810546875
3,21,IDLGated,recurring_1,recurring,6,1.0,0.4270833432674408,0.6145833134651184,0.9999724626541138,0.032184937126493784,0.841796875
3,22,MLP,recurring_0,recurring,5,0.8854166865348816,0.6770833134651184,0.0,1.0,0.0,0.8046875
3,22,ChevronSlow,recurring_0,recurring,5,0.8020833134651184,0.4479166567325592,0.5833333134651184,1.0,0.022461691049277577,0.873046875
3,22,IDLGated,recurring_0,recurring,5,0.7395833134651184,0.4479166567325592,0.5104166865348816,0.9994471669197083,0.026894021290056275,0.890625
3,23,MLP,one_shot_5,one_shot,1,1.0,0.84375,0.0,1.0,0.0,0.775390625
3,23,ChevronSlow,one_shot_5,one_shot,1,0.9583333134651184,0.40625,0.5625,1.0,0.008530893980809395,0.86328125
3,23,IDLGated,one_shot_5,one_shot,1,0.90625,0.2395833283662796,0.2395833283662796,0.010986942797899246,0.015096924220830837,0.890625
3,24,MLP,one_shot_3,one_shot,1,1.0,1.0,0.0,1.0,0.0,0.873046875
3,24,ChevronSlow,one_shot_3,one_shot,1,1.0,1.0,1.0,1.0,0.007147062440769133,0.87890625
3,24,IDLGated,one_shot_3,one_shot,1,1.0,0.9895833134651184,0.9895833134651184,0.010986942797899246,0.010222319395639544,0.890625
3,25,MLP,recurring_2,recurring,3,1.0,0.3854166567325592,0.0,1.0,0.0,0.787109375
3,25,ChevronSlow,recurring_2,recurring,3,1.0,0.2916666567325592,0.53125,1.0,0.02446832811601895,0.861328125
3,25,IDLGated,recurring_2,recurring,3,1.0,0.15625,0.3958333432674408,0.8175744414329529,0.03171141678893203,0.896484375
3,26,MLP,recurring_3,recurring,4,1.0,0.71875,0.0,1.0,0.0,0.6640625
3,26,ChevronSlow,recurring_3,recurring,4,1.0,0.21875,0.5,1.0,0.016865370844201255,0.849609375
3,26,IDLGated,recurring_3,recurring,4,1.0,0.1354166716337204,0.3229166567325592,0.9890130758285522,0.02635677732454102,0.875
3,27,MLP,recurring_2,recurring,4,1.0,1.0,0.0,1.0,0.0,0.779296875
3,27,ChevronSlow,recurring_2,recurring,4,0.9479166865348816,0.6458333134651184,0.7291666865348816,1.0,0.019383187153670375,0.85546875
3,27,IDLGated,recurring_2,recurring,4,0.8645833134651184,0.4375,0.625,0.9890130758285522,0.029932406406207725,0.8828125
3,28,MLP,recurring_0,recurring,6,1.0,1.0,0.0,1.0,0.0,0.837890625
3,28,ChevronSlow,recurring_0,recurring,6,0.8541666865348816,0.8854166865348816,0.8645833134651184,1.0,0.00946798427163078,0.865234375
3,28,IDLGated,recurring_0,recurring,6,0.8125,0.8125,0.8125,0.9999724626541138,0.006806536746686269,0.87890625
3,29,MLP,recurring_1,recurring,7,1.0,0.09375,0.0,1.0,0.0,0.703125
3,29,ChevronSlow,recurring_1,recurring,7,1.0,0.0625,0.3958333432674408,1.0,0.022845921846357475,0.87109375
3,29,IDLGated,recurring_1,recurring,7,1.0,0.0520833320915699,0.34375,0.9999985694885254,0.029071050185525558,0.890625
3,30,MLP,one_shot_14,one_shot,1,0.9479166865348816,1.0,0.0,1.0,0.0,0.818359375
3,30,ChevronSlow,one_shot_14,one_shot,1,0.9375,0.7291666865348816,0.8229166865348816,1.0,0.014247401836409624,0.873046875
3,30,IDLGated,one_shot_14,one_shot,1,0.9375,0.65625,0.65625,0.010986942797899246,0.018639681806921358,0.890625
3,31,MLP,recurring_3,recurring,5,1.0,0.4270833432674408,0.0,1.0,0.0,0.642578125
3,31,ChevronSlow,recurring_3,recurring,5,1.0,0.1041666641831398,0.3541666567325592,1.0,0.023117660138924526,0.86328125
3,31,IDLGated,recurring_3,recurring,5,1.0,0.2395833283662796,0.4270833432674408,0.9994471669197083,0.028529706952482123,0.8671875
3,32,MLP,recurring_2,recurring,5,1.0,1.0,0.0,1.0,0.0,0.7578125
3,32,ChevronSlow,recurring_2,recurring,5,0.96875,0.5208333134651184,0.6875,1.0,0.012769015282859782,0.861328125
3,32,IDLGated,recurring_2,recurring,5,0.8645833134651184,0.3541666567325592,0.5104166865348816,0.9994471669197083,0.02059173122997681,0.8671875
3,33,MLP,recurring_3,recurring,6,1.0,0.8333333134651184,0.0,1.0,0.0,0.685546875
3,33,ChevronSlow,recurring_3,recurring,6,1.0,0.1666666716337204,0.4375,1.0,0.01111851400233931,0.841796875
3,33,IDLGated,recurring_3,recurring,6,1.0,0.28125,0.4791666567325592,0.9999724626541138,0.013798380080774131,0.853515625
3,34,MLP,recurring_0,recurring,7,1.0,1.0,0.0,1.0,0.0,0.8125
3,34,ChevronSlow,recurring_0,recurring,7,1.0,1.0,1.0,1.0,0.008123627243038946,0.849609375
3,34,IDLGated,recurring_0,recurring,7,0.9791666865348816,0.9791666865348816,0.9791666865348816,0.9999985694885254,0.008380884200813343,0.861328125
3,35,MLP,recurring_1,recurring,8,0.9166666865348816,0.2604166567325592,0.0,1.0,0.0,0.775390625
3,35,ChevronSlow,recurring_1,recurring,8,1.0,0.15625,0.375,1.0,0.017405441949132572,0.865234375
3,35,IDLGated,recurring_1,recurring,8,0.8958333134651184,0.125,0.28125,0.9999998807907104,0.02132242884168358,0.87109375
3,36,MLP,recurring_3,recurring,7,0.9375,0.7604166865348816,0.0,1.0,0.0,0.7265625
3,36,ChevronSlow,recurring_3,recurring,7,0.9791666865348816,0.3958333432674408,0.6458333134651184,1.0,0.00900079859761953,0.84375
3,36,IDLGated,recurring_3,recurring,7,0.96875,0.4895833432674408,0.6666666865348816,0.9999985694885254,0.008289617670934685,0.85546875
3,37,MLP,recurring_2,recurring,6,1.0,0.7708333134651184,0.0,1.0,0.0,0.80078125
3,37,ChevronSlow,recurring_2,recurring,6,1.0,0.4166666567325592,0.7291666865348816,1.0,0.015989199699969488,0.8515625
3,37,IDLGated,recurring_2,recurring,6,0.96875,0.40625,0.6666666865348816,0.9999724626541138,0.017769967691753506,0.859375
3,38,MLP,one_shot_2,one_shot,1,0.9479166865348816,1.0,0.0,1.0,0.0,0.86328125
3,38,ChevronSlow,one_shot_2,one_shot,1,0.8333333134651184,0.96875,0.9375,1.0,0.013768328740804506,0.873046875
3,38,IDLGated,one_shot_2,one_shot,1,0.7604166865348816,0.90625,0.90625,0.010986942797899246,0.015075087087084068,0.859375
3,39,MLP,one_shot_15,one_shot,1,1.0,0.0,0.0,1.0,0.0,0.669921875
3,39,ChevronSlow,one_shot_15,one_shot,1,1.0,0.0,0.09375,1.0,0.020840612982625527,0.828125
3,39,IDLGated,one_shot_15,one_shot,1,1.0,0.03125,0.03125,0.010986942797899246,0.021126926976824438,0.859375
3,40,MLP,one_shot_12,one_shot,1,1.0,1.0,0.0,1.0,0.0,0.71875
3,40,ChevronSlow,one_shot_12,one_shot,1,1.0,0.2395833283662796,0.5833333134651184,1.0,0.013874743833035757,0.78515625
3,40,IDLGated,one_shot_12,one_shot,1,1.0,0.2083333283662796,0.21875,0.010986942797899246,0.015070128109212827,0.857421875
3,41,MLP,recurring_1,recurring,9,1.0,0.2604166567325592,0.0,1.0,0.0,0.537109375
3,41,ChevronSlow,recurring_1,recurring,9,1.0,0.1458333283662796,0.34375,1.0,0.025543260258679444,0.80859375
3,41,IDLGated,recurring_1,recurring,9,1.0,0.1666666716337204,0.4375,1.0,0.02445724646955294,0.86328125
3,42,MLP,recurring_0,recurring,8,1.0,1.0,0.0,1.0,0.0,0.724609375
3,42,ChevronSlow,recurring_0,recurring,8,1.0,1.0,1.0,1.0,0.009374973576075233,0.818359375
3,42,IDLGated,recurring_0,recurring,8,1.0,0.8020833134651184,0.90625,0.9999998807907104,0.012903215205367309,0.857421875
3,43,MLP,recurring_2,recurring,7,1.0,1.0,0.0,1.0,0.0,0.802734375
3,43,ChevronSlow,recurring_2,recurring,7,1.0,0.8645833134651184,0.9583333134651184,1.0,0.015999109134489247,0.84765625
3,43,IDLGated,recurring_2,recurring,7,0.9895833134651184,0.4375,0.6458333134651184,0.9999985694885254,0.021074108070487485,0.865234375
3,44,MLP,recurring_3,recurring,8,1.0,0.4895833432674408,0.0,1.0,0.0,0.62890625
3,44,ChevronSlow,recurring_3,recurring,8,1.0,0.2291666716337204,0.4479166567325592,1.0,0.024434553472324934,0.83984375
3,44,IDLGated,recurring_3,recurring,8,1.0,0.3333333432674408,0.46875,0.9999998807907104,0.024359261990135377,0.857421875
3,45,MLP,recurring_0,recurring,9,1.0,1.0,0.0,1.0,0.0,0.75390625
3,45,ChevronSlow,recurring_0,recurring,9,1.0,1.0,1.0,1.0,0.009041598257238348,0.83203125
3,45,IDLGated,recurring_0,recurring,9,1.0,0.9270833134651184,1.0,1.0,0.013020213470512663,0.857421875
3,46,MLP,recurring_2,recurring,8,1.0,1.0,0.0,1.0,0.0,0.787109375
3,46,ChevronSlow,recurring_2,recurring,8,1.0,0.7708333134651184,1.0,1.0,0.014774165169772308,0.828125
3,46,IDLGated,recurring_2,recurring,8,1.0,0.6666666865348816,0.8645833134651184,0.9999998807907104,0.01710552468811291,0.8359375
3,47,MLP,one_shot_13,one_shot,1,1.0,0.9791666865348816,0.0,1.0,0.0,0.779296875
3,47,ChevronSlow,one_shot_13,one_shot,1,1.0,0.8020833134651184,0.9270833134651184,1.0,0.007869317084617019,0.80859375
3,47,IDLGated,one_shot_13,one_shot,1,1.0,0.65625,0.65625,0.010986942797899246,0.0102615701839591,0.8359375
3,48,MLP,one_shot_7,one_shot,1,1.0,1.0,0.0,1.0,0.0,0.7734375
3,48,ChevronSlow,one_shot_7,one_shot,1,1.0,0.9791666865348816,1.0,1.0,0.007671943629429749,0.798828125
3,48,IDLGated,one_shot_7,one_shot,1,1.0,0.5833333134651184,0.5833333134651184,0.010986942797899246,0.011920542530347687,0.8359375
3,49,MLP,recurring_3,recurring,9,1.0,0.7395833134651184,0.0,1.0,0.0,0.7109375
3,49,ChevronSlow,recurring_3,recurring,9,1.0,0.5625,0.78125,1.0,0.01773385528198293,0.779296875
3,49,IDLGated,recurring_3,recurring,9,1.0,0.5416666865348816,0.8125,1.0,0.015291072536868995,0.828125
3,50,MLP,one_shot_1,one_shot,1,0.9270833134651184,0.3020833432674408,0.0,1.0,0.0,0.796875
3,50,ChevronSlow,one_shot_1,one_shot,1,0.90625,0.09375,0.3541666567325592,1.0,0.020240727339755203,0.86328125
3,50,IDLGated,one_shot_1,one_shot,1,0.8229166865348816,0.0520833320915699,0.0520833320915699,0.010986942797899246,0.020991862606921367,0.828125
3,51,MLP,recurring_1,recurring,10,1.0,0.8125,0.0,1.0,0.0,0.6796875
3,51,ChevronSlow,recurring_1,recurring,10,1.0,0.3541666567325592,0.6145833134651184,1.0,0.013539273323843764,0.833984375
3,51,IDLGated,recurring_1,recurring,10,1.0,0.28125,0.5520833134651184,1.0,0.015523058080159854,0.8125
3,52,MLP,recurring_0,recurring,10,1.0,1.0,0.0,1.0,0.0,0.744140625
3,52,ChevronSlow,recurring_0,recurring,10,1.0,0.8854166865348816,0.9583333134651184,1.0,0.009338241386353065,0.84375
3,52,IDLGated,recurring_0,recurring,10,1.0,0.9583333134651184,1.0,1.0,0.00913988548368062,0.82421875
3,53,MLP,recurring_3,recurring,10,1.0,0.75,0.0,1.0,0.0,0.6640625
3,53,ChevronSlow,recurring_3,recurring,10,1.0,0.6041666865348816,0.78125,1.0,0.010672558639082962,0.8046875
3,53,IDLGated,recurring_3,recurring,10,1.0,0.8333333134651184,0.9791666865348816,1.0,0.00918582245846887,0.798828125
3,54,MLP,recurring_2,recurring,9,1.0,1.0,0.0,1.0,0.0,0.8046875
3,54,ChevronSlow,recurring_2,recurring,9,1.0,0.78125,0.9479166865348816,1.0,0.015849610828478623,0.826171875
3,54,IDLGated,recurring_2,recurring,9,1.0,0.6875,0.8333333134651184,1.0,0.01635452495661147,0.828125
3,55,MLP,recurring_2,recurring,10,1.0,1.0,0.0,1.0,0.0,0.82421875
3,55,ChevronSlow,recurring_2,recurring,10,1.0,0.9375,0.9895833134651184,1.0,0.012288739594451934,0.84765625
3,55,IDLGated,recurring_2,recurring,10,1.0,0.84375,0.9375,1.0,0.013926761416687706,0.83984375
4,0,MLP,one_shot_14,one_shot,1,0.8020833134651184,0.4895833432674408,0.0,1.0,0.0,0.90234375
4,0,ChevronSlow,one_shot_14,one_shot,1,0.7708333134651184,0.5,0.5729166865348816,1.0,0.033032236726744615,0.974609375
4,0,IDLGated,one_shot_14,one_shot,1,0.75,0.4791666567325592,0.4895833432674408,0.010986942797899246,0.034880289814967366,0.994140625
4,1,MLP,one_shot_5,one_shot,1,0.7395833134651184,0.4791666567325592,0.0,1.0,0.0,0.9375
4,1,ChevronSlow,one_shot_5,one_shot,1,0.75,0.4583333432674408,0.5520833134651184,1.0,0.011866576858409987,0.966796875
4,1,IDLGated,one_shot_5,one_shot,1,0.7395833134651184,0.46875,0.46875,0.010986942797899246,0.009404739124855165,0.994140625
4,2,MLP,one_shot_6,one_shot,1,0.96875,0.0,0.0,1.0,0.0,0.541015625
4,2,ChevronSlow,one_shot_6,one_shot,1,1.0,0.0,0.0,1.0,0.10562310683105988,0.978515625
4,2,IDLGated,one_shot_6,one_shot,1,1.0,0.0,0.0,0.010986942797899246,0.1133900930256579,0.994140625
4,3,MLP,recurring_2,recurring,1,0.9375,1.0,0.0,1.0,0.0,0.68359375
4,3,ChevronSlow,recurring_2,recurring,1,0.875,0.0,0.0,1.0,0.058195370168400144,0.9140625
4,3,IDLGated,recurring_2,recurring,1,0.7916666865348816,0.0,0.0,0.010986942797899246,0.06693971685619572,0.994140625
4,4,MLP,recurring_0,recurring,1,1.0,0.4583333432674408,0.0,1.0,0.0,0.580078125
4,4,ChevronSlow,recurring_0,recurring,1,1.0,0.0,0.0,1.0,0.05478951824207757,0.896484375
4,4,IDLGated,recurring_0,recurring,1,1.0,0.0,0.0,0.010986942797899246,0.11217846066800359,0.994140625
4,5,MLP,recurring_2,recurring,2,1.0,1.0,0.0,1.0,0.0,0.615234375
4,5,ChevronSlow,recurring_2,recurring,2,1.0,0.0,0.1770833283662796,1.0,0.03338767633773675,0.845703125
4,5,IDLGated,recurring_2,recurring,2,0.71875,0.0,0.0,0.18242552876472473,0.06534822275174204,0.982421875
4,6,MLP,recurring_0,recurring,2,1.0,0.8958333134651184,0.0,1.0,0.0,0.55078125
4,6,ChevronSlow,recurring_0,recurring,2,1.0,0.0,0.0625,1.0,0.026012628195416714,0.806640625
4,6,IDLGated,recurring_0,recurring,2,1.0,0.0,0.0,0.18242552876472473,0.09045226475811344,0.9765625
4,7,MLP,recurring_1,recurring,1,1.0,1.0,0.0,1.0,0.0,0.607421875
4,7,ChevronSlow,recurring_1,recurring,1,1.0,0.3229166567325592,0.625,1.0,0.01727843815275586,0.76953125
4,7,IDLGated,recurring_1,recurring,1,0.9270833134651184,0.0,0.0,0.010986942797899246,0.053172857864962966,0.978515625
4,8,MLP,one_shot_0,one_shot,1,1.0,1.0,0.0,1.0,0.0,0.705078125
4,8,ChevronSlow,one_shot_0,one_shot,1,1.0,1.0,1.0,1.0,0.01349363764478399,0.7890625
4,8,IDLGated,one_shot_0,one_shot,1,0.9583333134651184,0.2291666716337204,0.2291666716337204,0.010986942797899246,0.035124003612626506,0.978515625
4,9,MLP,one_shot_2,one_shot,1,1.0,0.8541666865348816,0.0,1.0,0.0,0.65234375
4,9,ChevronSlow,one_shot_2,one_shot,1,1.0,0.4270833432674408,0.6458333134651184,1.0,0.01290992859099367,0.748046875
4,9,IDLGated,one_shot_2,one_shot,1,0.8229166865348816,0.0,0.0,0.010986942797899246,0.05572654723681315,0.978515625
4,10,MLP,one_shot_8,one_shot,1,0.9791666865348816,0.8333333134651184,0.0,1.0,0.0,0.63671875
4,10,ChevronSlow,one_shot_8,one_shot,1,1.0,0.28125,0.5729166865348816,1.0,0.01088787418854838,0.701171875
4,10,IDLGated,one_shot_8,one_shot,1,0.8229166865348816,0.0,0.0,0.010986942797899246,0.06298586479200617,0.9765625
4,11,MLP,recurring_0,recurring,3,1.0,1.0,0.0,1.0,0.0,0.650390625
4,11,ChevronSlow,recurring_0,recurring,3,0.9895833134651184,0.7083333134651184,1.0,1.0,0.018305894220332398,0.6171875
4,11,IDLGated,recurring_0,recurring,3,0.90625,0.0,0.0,0.8175744414329529,0.07473483417906582,0.955078125
4,12,MLP,recurring_2,recurring,3,0.9270833134651184,0.8229166865348816,0.0,1.0,0.0,0.681640625
4,12,ChevronSlow,recurring_2,recurring,3,1.0,0.9895833134651184,1.0,1.0,0.009826612008788095,0.611328125
4,12,IDLGated,recurring_2,recurring,3,0.8541666865348816,0.0,0.0,0.8175744414329529,0.046491342133414194,0.919921875
4,13,MLP,one_shot_1,one_shot,1,0.8125,0.1145833358168602,0.0,1.0,0.0,0.740234375
4,13,ChevronSlow,one_shot_1,one_shot,1,0.8020833134651184,0.1354166716337204,0.375,1.0,0.03311865147542944,0.806640625
4,13,IDLGated,one_shot_1,one_shot,1,0.7291666865348816,0.0833333358168602,0.0833333358168602,0.010986942797899246,0.025435744191717482,0.921875
4,14,MLP,recurring_3,recurring,1,1.0,1.0,0.0,1.0,0.0,0.802734375
4,14,ChevronSlow,recurring_3,recurring,1,1.0,0.8333333134651184,0.9166666865348816,1.0,0.01655409202355683,0.841796875
4,14,IDLGated,recurring_3,recurring,1,0.8541666865348816,0.40625,0.40625,0.010986942797899246,0.017368593360722932,0.923828125
4,15,MLP,one_shot_7,one_shot,1,1.0,0.2604166567325592,0.0,1.0,0.0,0.5703125
4,15,ChevronSlow,one_shot_7,one_shot,1,1.0,0.3854166567325592,0.6354166865348816,1.0,0.020491849708497933,0.818359375
4,15,IDLGated,one_shot_7,one_shot,1,1.0,0.2291666716337204,0.2291666716337204,0.010986942797899246,0.037915609078527285,0.921875
4,16,MLP,recurring_3,recurring,2,0.9895833134651184,1.0,0.0,1.0,0.0,0.755859375
4,16,ChevronSlow,recurring_3,recurring,2,0.9479166865348816,0.8645833134651184,0.90625,1.0,0.012602817617378186,0.84765625
4,16,IDLGated,recurring_3,recurring,2,0.8854166865348816,0.4791666567325592,0.5,0.18242552876472473,0.012713417977550727,0.921875
4,17,MLP,recurring_2,recurring,4,1.0,0.28125,0.0,1.0,0.0,0.578125
4,17,ChevronSlow,recurring_2,recurring,4,1.0,0.0625,0.3229166567325592,1.0,0.016928719574895088,0.791015625
4,17,IDLGated,recurring_2,recurring,4,0.9479166865348816,0.0,0.09375,0.9890130758285522,0.03259692281937112,0.861328125
4,18,MLP,recurring_1,recurring,2,1.0,1.0,0.0,1.0,0.0,0.560546875
4,18,ChevronSlow,recurring_1,recurring,2,1.0,0.7916666865348816,1.0,1.0,0.011482578054774284,0.7421875
4,18,IDLGated,recurring_1,recurring,2,1.0,0.1354166716337204,0.1875,0.18242552876472473,0.03115433483896169,0.85546875
4,19,MLP,recurring_0,recurring,4,1.0,1.0,0.0,1.0,0.0,0.59375
4,19,ChevronSlow,recurring_0,recurring,4,1.0,0.6354166865348816,0.9791666865348816,1.0,0.010838258766398464,0.650390625
4,19,IDLGated,recurring_0,recurring,4,0.875,0.0,0.02083333395421505,0.9890130758285522,0.028551130535380363,0.8203125
4,20,MLP,recurring_3,recurring,3,0.9375,0.9791666865348816,0.0,1.0,0.0,0.775390625
4,20,ChevronSlow,recurring_3,recurring,3,0.9270833134651184,0.875,0.90625,1.0,0.019708495857598433,0.8203125
4,20,IDLGated,recurring_3,recurring,3,0.8333333134651184,0.625,0.6979166865348816,0.8175744414329529,0.018766560062135652,0.869140625
4,21,MLP,recurring_2,recurring,5,1.0,0.2395833283662796,0.0,1.0,0.0,0.572265625
4,21,ChevronSlow,recurring_2,recurring,5,1.0,0.1770833283662796,0.5104166865348816,1.0,0.017596380284089507,0.73828125
4,21,IDLGated,recurring_2,recurring,5,1.0,0.09375,0.2604166567325592,0.9994471669197083,0.03154632813185214,0.841796875
4,22,MLP,one_shot_12,one_shot,1,1.0,1.0,0.0,1.0,0.0,0.77734375
4,22,ChevronSlow,one_shot_12,one_shot,1,1.0,1.0,1.0,1.0,0.01489561838460533,0.75390625
4,22,IDLGated,one_shot_12,one_shot,1,1.0,0.8645833134651184,0.8645833134651184,0.010986942797899246,0.012988179301661166,0.841796875
4,23,MLP,recurring_2,recurring,6,0.9895833134651184,0.8333333134651184,0.0,1.0,0.0,0.724609375
4,23,ChevronSlow,recurring_2,recurring,6,1.0,0.625,0.9166666865348816,1.0,0.012029481835545702,0.6953125
4,23,IDLGated,recurring_2,recurring,6,0.8958333134651184,0.2604166567325592,0.4270833432674408,0.9999724626541138,0.013642947432756028,0.806640625
4,24,MLP,recurring_1,recurring,3,0.9791666865348816,0.375,0.0,1.0,0.0,0.6484375
4,24,ChevronSlow,recurring_1,recurring,3,1.0,0.6979166865348816,0.8958333134651184,1.0,0.014152334432061599,0.705078125
4,24,IDLGated,recurring_1,recurring,3,0.9791666865348816,0.34375,0.4583333432674408,0.8175744414329529,0.016275183031313825,0.802734375
4,25,MLP,recurring_2,recurring,7,1.0,0.9375,0.0,1.0,0.0,0.654296875
4,25,ChevronSlow,recurring_2,recurring,7,1.0,0.71875,1.0,1.0,0.010632955257656498,0.658203125
4,25,IDLGated,recurring_2,recurring,7,1.0,0.4166666567325592,0.5625,0.9999985694885254,0.019143548819498823,0.802734375
4,26,MLP,one_shot_9,one_shot,1,1.0,0.2708333432674408,0.0,1.0,0.0,0.529296875
4,26,ChevronSlow,one_shot_9,one_shot,1,1.0,0.25,0.5,1.0,0.02909145441639786,0.751953125
4,26,IDLGated,one_shot_9,one_shot,1,1.0,0.125,0.1354166716337204,0.010986942797899246,0.029926836946958985,0.802734375
4,27,MLP,recurring_3,recurring,4,1.0,1.0,0.0,1.0,0.0,0.66796875
4,27,ChevronSlow,recurring_3,recurring,4,1.0,0.8958333134651184,0.96875,1.0,0.013275909675703182,0.78125
4,27,IDLGated,recurring_3,recurring,4,1.0,0.5416666865348816,0.75,0.9890130758285522,0.017408077301305492,0.796875
4,28,MLP,recurring_3,recurring,5,0.9895833134651184,1.0,0.0,1.0,0.0,0.794921875
4,28,ChevronSlow,recurring_3,recurring,5,1.0,1.0,1.0,1.0,0.013631648138609377,0.8203125
4,28,IDLGated,recurring_3,recurring,5,0.9583333134651184,0.8020833134651184,0.8645833134651184,0.9994471669197083,0.01780808936004797,0.8515625
4,29,MLP,one_shot_11,one_shot,1,1.0,0.09375,0.0,1.0,0.0,0.716796875
4,29,ChevronSlow,one_shot_11,one_shot,1,1.0,0.1458333283662796,0.3333333432674408,1.0,0.02951236328615598,0.849609375
4,29,IDLGated,one_shot_11,one_shot,1,1.0,0.1875,0.1875,0.010986942797899246,0.031477557567109085,0.8515625
4,30,MLP,recurring_1,recurring,4,1.0,0.5104166865348816,0.0,1.0,0.0,0.544921875
4,30,ChevronSlow,recurring_1,recurring,4,1.0,0.4270833432674408,0.6875,1.0,0.012886843597996522,0.7890625
4,30,IDLGated,recurring_1,recurring,4,1.0,0.4791666567325592,0.65625,0.9890130758285522,0.014131824217897744,0.810546875
4,31,MLP,recurring_0,recurring,5,1.0,1.0,0.0,1.0,0.0,0.50390625
4,31,ChevronSlow,recurring_0,recurring,5,1.0,0.1666666716337204,0.6458333134651184,1.0,0.018238264943989266,0.73828125
4,31,IDLGated,recurring_0,recurring,5,1.0,0.1354166716337204,0.4270833432674408,0.9994471669197083,0.0218941023959301,0.77734375
4,32,MLP,recurring_1,recurring,5,1.0,1.0,0.0,1.0,0.0,0.6328125
4,32,ChevronSlow,recurring_1,recurring,5,1.0,0.9791666865348816,0.9895833134651184,1.0,0.009402160226644137,0.763671875
4,32,IDLGated,recurring_1,recurring,5,0.8854166865348816,0.8125,0.8125,0.9994471669197083,0.01131081637340944,0.79296875
4,33,MLP,recurring_3,recurring,6,0.9895833134651184,0.9375,0.0,1.0,0.0,0.701171875
4,33,ChevronSlow,recurring_3,recurring,6,0.9791666865348816,0.9270833134651184,0.9375,1.0,0.010464130182001126,0.80859375
4,33,IDLGated,recurring_3,recurring,6,0.9583333134651184,0.9375,0.9479166865348816,0.9999724626541138,0.011014257199365492,0.8125
4,34,MLP,recurring_2,recurring,8,1.0,0.65625,0.0,1.0,0.0,0.537109375
4,34,ChevronSlow,recurring_2,recurring,8,1.0,0.1770833283662796,0.5625,1.0,0.011832558342525772,0.73828125
4,34,IDLGated,recurring_2,recurring,8,0.9895833134651184,0.1458333283662796,0.46875,0.9999998807907104,0.014606259945504126,0.767578125
4,35,MLP,recurring_2,recurring,9,1.0,1.0,0.0,1.0,0.0,0.48828125
4,35,ChevronSlow,recurring_2,recurring,9,1.0,0.4479166567325592,0.9375,1.0,0.013641437129906953,0.623046875
4,35,IDLGated,recurring_2,recurring,9,1.0,0.3125,0.5416666865348816,1.0,0.020486393635378124,0.75
4,36,MLP,recurring_2,recurring,10,1.0,1.0,0.0,1.0,0.0,0.583984375
4,36,ChevronSlow,recurring_2,recurring,10,1.0,0.9583333134651184,1.0,1.0,0.015372211216333167,0.591796875
4,36,IDLGated,recurring_2,recurring,10,1.0,0.625,0.8541666865348816,1.0,0.01303958685115255,0.72265625
4,37,MLP,recurring_1,recurring,6,1.0,1.0,0.0,1.0,0.0,0.619140625
4,37,ChevronSlow,recurring_1,recurring,6,1.0,0.9791666865348816,1.0,1.0,0.008672786178568192,0.59765625
4,37,IDLGated,recurring_1,recurring,6,1.0,0.7708333134651184,0.90625,0.9999724626541138,0.011138439288432273,0.724609375
4,38,MLP,recurring_3,recurring,7,0.8541666865348816,0.8958333134651184,0.0,1.0,0.0,0.779296875
4,38,ChevronSlow,recurring_3,recurring,7,0.8645833134651184,0.7604166865348816,0.8645833134651184,1.0,0.0192453301996057,0.81640625
4,38,IDLGated,recurring_3,recurring,7,0.8541666865348816,0.6875,0.7395833134651184,0.9999985694885254,0.017592878271348318,0.81640625
4,39,MLP,recurring_3,recurring,8,0.9583333134651184,0.9166666865348816,0.0,1.0,0.0,0.810546875
4,39,ChevronSlow,recurring_3,recurring,8,1.0,0.875,0.96875,1.0,0.01543038689625024,0.8359375
4,39,IDLGated,recurring_3,recurring,8,1.0,0.8020833134651184,0.9270833134651184,0.9999998807907104,0.013808660107209691,0.83203125
4,40,MLP,one_shot_4,one_shot,1,0.75,0.7708333134651184,0.0,1.0,0.0,0.8359375
4,40,ChevronSlow,one_shot_4,one_shot,1,0.7083333134651184,0.71875,0.71875,1.0,0.0117617348584593,0.865234375
4,40,IDLGated,one_shot_4,one_shot,1,0.7395833134651184,0.7708333134651184,0.7708333134651184,0.010986942797899246,0.012014369365278662,0.83203125
4,41,MLP,recurring_3,recurring,9,0.8854166865348816,0.8229166865348816,0.0,1.0,0.0,0.841796875
4,41,ChevronSlow,recurring_3,recurring,9,0.9583333134651184,0.8125,0.8541666865348816,1.0,0.00879572648349787,0.859375
4,41,IDLGated,recurring_3,recurring,9,0.8645833134651184,0.8020833134651184,0.8229166865348816,1.0,0.011875724761891967,0.837890625
4,42,MLP,one_shot_13,one_shot,1,1.0,0.53125,0.0,1.0,0.0,0.697265625
4,42,ChevronSlow,one_shot_13,one_shot,1,1.0,0.4895833432674408,0.6979166865348816,1.0,0.01629451221945172,0.83984375
4,42,IDLGated,one_shot_13,one_shot,1,1.0,0.6041666865348816,0.6041666865348816,0.010986942797899246,0.009569124887041465,0.837890625
4,43,MLP,recurring_1,recurring,7,0.9791666865348816,0.96875,0.0,1.0,0.0,0.72265625
4,43,ChevronSlow,recurring_1,recurring,7,1.0,0.5416666865348816,0.7083333134651184,1.0,0.009965020822430355,0.814453125
4,43,IDLGated,recurring_1,recurring,7,1.0,0.3854166567325592,0.6041666865348816,0.9999985694885254,0.012124714728674232,0.822265625
4,44,MLP,recurring_0,recurring,6,1.0,0.6145833134651184,0.0,1.0,0.0,0.626953125
4,44,ChevronSlow,recurring_0,recurring,6,1.0,0.28125,0.6354166865348816,1.0,0.016375400050169752,0.76171875
4,44,IDLGated,recurring_0,recurring,6,1.0,0.1979166716337204,0.3958333432674408,0.9999724626541138,0.016360698741447653,0.79296875
4,45,MLP,recurring_3,recurring,10,1.0,1.0,0.0,1.0,0.0,0.650390625
4,45,ChevronSlow,recurring_3,recurring,10,1.0,0.90625,1.0,1.0,0.015305767689875493,0.7890625
4,45,IDLGated,recurring_3,recurring,10,1.0,0.9166666865348816,1.0,1.0,0.014634740679161694,0.8125
4,46,MLP,recurring_0,recurring,7,1.0,1.0,0.0,1.0,0.0,0.646484375
4,46,ChevronSlow,recurring_0,recurring,7,1.0,0.3333333432674408,0.625,1.0,0.015260136824048875,0.76953125
4,46,IDLGated,recurring_0,recurring,7,1.0,0.21875,0.5104166865348816,0.9999985694885254,0.015130217570805958,0.787109375
4,47,MLP,recurring_1,recurring,8,1.0,1.0,0.0,1.0,0.0,0.740234375
4,47,ChevronSlow,recurring_1,recurring,8,0.9583333134651184,0.9895833134651184,0.9791666865348816,1.0,0.012719813361959563,0.755859375
4,47,IDLGated,recurring_1,recurring,8,1.0,0.9583333134651184,0.9895833134651184,0.9999998807907104,0.012392377300939715,0.76171875
4,48,MLP,recurring_0,recurring,8,1.0,0.9479166865348816,0.0,1.0,0.0,0.6640625
4,48,ChevronSlow,recurring_0,recurring,8,1.0,0.875,1.0,1.0,0.010362343238007173,0.712890625
4,48,IDLGated,recurring_0,recurring,8,1.0,0.8854166865348816,1.0,0.9999998807907104,0.0083833478982045,0.703125
4,49,MLP,recurring_0,recurring,9,1.0,1.0,0.0,1.0,0.0,0.66796875
4,49,ChevronSlow,recurring_0,recurring,9,0.96875,1.0,1.0,1.0,0.01064744793535846,0.673828125
4,49,IDLGated,recurring_0,recurring,9,1.0,1.0,1.0,1.0,0.007703184945112111,0.6796875
4,50,MLP,one_shot_10,one_shot,1,1.0,0.7395833134651184,0.0,1.0,0.0,0.759765625
4,50,ChevronSlow,one_shot_10,one_shot,1,1.0,0.7291666865348816,1.0,1.0,0.019541832998194775,0.66015625
4,50,IDLGated,one_shot_10,one_shot,1,1.0,0.8229166865348816,0.8333333134651184,0.010986942797899246,0.01616960501688891,0.6796875
4,51,MLP,recurring_1,recurring,9,1.0,0.8958333134651184,0.0,1.0,0.0,0.72265625
4,51,ChevronSlow,recurring_1,recurring,9,1.0,0.9375,0.9895833134651184,1.0,0.014901163719286483,0.70703125
4,51,IDLGated,recurring_1,recurring,9,1.0,1.0,1.0,1.0,0.012861540985323404,0.7265625
4,52,MLP,one_shot_15,one_shot,1,1.0,0.9583333134651184,0.0,1.0,0.0,0.833984375
4,52,ChevronSlow,one_shot_15,one_shot,1,1.0,1.0,1.0,1.0,0.020721258023293818,0.802734375
4,52,IDLGated,one_shot_15,one_shot,1,1.0,1.0,1.0,0.010986942797899246,0.016911661266065026,0.7265625
4,53,MLP,one_shot_3,one_shot,1,1.0,0.3958333432674408,0.0,1.0,0.0,0.650390625
4,53,ChevronSlow,one_shot_3,one_shot,1,1.0,0.1875,0.6041666865348816,1.0,0.018903709070872174,0.74609375
4,53,IDLGated,one_shot_3,one_shot,1,1.0,0.1145833358168602,0.1145833358168602,0.010986942797899246,0.022687985946194245,0.724609375
4,54,MLP,recurring_1,recurring,10,0.9895833134651184,0.71875,0.0,1.0,0.0,0.625
4,54,ChevronSlow,recurring_1,recurring,10,1.0,0.7604166865348816,0.8854166865348816,1.0,0.010696311416647498,0.748046875
4,54,IDLGated,recurring_1,recurring,10,1.0,1.0,1.0,1.0,0.008696366744076017,0.720703125
4,55,MLP,recurring_0,recurring,10,1.0,1.0,0.0,1.0,0.0,0.6796875
4,55,ChevronSlow,recurring_0,recurring,10,1.0,0.9375,0.96875,1.0,0.010519386592354267,0.71875
4,55,IDLGated,recurring_0,recurring,10,1.0,0.9895833134651184,1.0,1.0,0.006845474259084926,0.69921875
5,0,MLP,recurring_1,recurring,1,0.9479166865348816,0.21875,0.0,1.0,0.0,0.88671875
5,0,ChevronSlow,recurring_1,recurring,1,1.0,0.21875,0.5208333134651184,1.0,0.034983920530629355,0.94921875
5,0,IDLGated,recurring_1,recurring,1,1.0,0.1666666716337204,0.1666666716337204,0.010986942797899246,0.03528676832104126,0.99609375
5,1,MLP,recurring_0,recurring,1,0.9479166865348816,0.0,0.0,1.0,0.0,0.666015625
5,1,ChevronSlow,recurring_0,recurring,1,1.0,0.0,0.0,1.0,0.09294898759728752,0.908203125
5,1,IDLGated,recurring_0,recurring,1,0.9895833134651184,0.0,0.0,0.010986942797899246,0.0842401761792112,0.99609375
5,2,MLP,one_shot_11,one_shot,1,1.0,0.78125,0.0,1.0,0.0,0.662109375
5,2,ChevronSlow,one_shot_11,one_shot,1,1.0,0.0,0.0,1.0,0.05920402414345959,0.869140625
5,2,IDLGated,one_shot_11,one_shot,1,0.9895833134651184,0.0,0.0,0.010986942797899246,0.08435077608631887,0.99609375
5,3,MLP,recurring_0,recurring,2,0.9895833134651184,1.0,0.0,1.0,0.0,0.736328125
5,3,ChevronSlow,recurring_0,recurring,2,0.90625,0.09375,0.21875,1.0,0.03375973455721815,0.8359375
5,3,IDLGated,recurring_0,recurring,2,0.8020833134651184,0.0,0.0,0.18242552876472473,0.06030861249796189,0.982421875
5,4,MLP,recurring_0,recurring,3,0.9791666865348816,0.9791666865348816,0.0,1.0,0.0,0.734375
5,4,ChevronSlow,recurring_0,recurring,3,0.8229166865348816,0.2604166567325592,0.375,1.0,0.0184528522130501,0.802734375
5,4,IDLGated,recurring_0,recurring,3,0.78125,0.0,0.0,0.8175744414329529,0.05079426758001562,0.9296875
5,5,MLP,one_shot_4,one_shot,1,1.0,0.59375,0.0,1.0,0.0,0.61328125
5,5,ChevronSlow,one_shot_4,one_shot,1,0.8541666865348816,0.2291666716337204,0.4166666567325592,1.0,0.030443755482651325,0.8046875
5,5,IDLGated,one_shot_4,one_shot,1,0.6979166865348816,0.0,0.0,0.010986942797899246,0.044859569438173104,0.927734375
5,6,MLP,recurring_1,recurring,2,0.9166666865348816,0.8229166865348816,0.0,1.0,0.0,0.765625
5,6,ChevronSlow,recurring_1,recurring,2,0.96875,0.6354166865348816,0.7395833134651184,1.0,0.022556916271587783,0.833984375
5,6,IDLGated,recurring_1,recurring,2,0.8958333134651184,0.2395833283662796,0.2708333432674408,0.18242552876472473,0.030774329525102288,0.927734375
5,7,MLP,recurring_3,recurring,1,1.0,0.0,0.0,1.0,0.0,0.509765625
5,7,ChevronSlow,recurring_3,recurring,1,1.0,0.0,0.0,1.0,0.04764075205675908,0.8359375
5,7,IDLGated,recurring_3,recurring,1,1.0,0.0,0.0,0.010986942797899246,0.08924688569911715,0.927734375
5,8,MLP,recurring_1,recurring,3,1.0,0.8854166865348816,0.0,1.0,0.0,0.85546875
5,8,ChevronSlow,recurring_1,recurring,3,0.90625,0.4166666567325592,0.6145833134651184,1.0,0.02639923365928941,0.865234375
5,8,IDLGated,recurring_1,recurring,3,0.7708333134651184,0.1666666716337204,0.3645833432674408,0.8175744414329529,0.030335348098001938,0.9296875
5,9,MLP,recurring_2,recurring,1,0.6458333134651184,0.3645833432674408,0.0,1.0,0.0,0.8125
5,9,ChevronSlow,recurring_2,recurring,1,0.8125,0.5625,0.6145833134651184,1.0,0.01092508909909592,0.8671875
5,9,IDLGated,recurring_2,recurring,1,0.6875,0.2604166567325592,0.2604166567325592,0.010986942797899246,0.034884793060419965,0.9296875
5,10,MLP,one_shot_14,one_shot,1,1.0,0.0416666679084301,0.0,1.0,0.0,0.505859375
5,10,ChevronSlow,one_shot_14,one_shot,1,1.0,0.0,0.2083333283662796,1.0,0.02381693174797316,0.828125
5,10,IDLGated,one_shot_14,one_shot,1,0.96875,0.0,0.0,0.010986942797899246,0.06379460815167529,0.9296875
5,11,MLP,recurring_2,recurring,2,1.0,1.0,0.0,1.0,0.0,0.595703125
5,11,ChevronSlow,recurring_2,recurring,2,0.9375,0.9479166865348816,0.9375,1.0,0.0038815056666138717,0.83984375
5,11,IDLGated,recurring_2,recurring,2,0.7708333134651184,0.21875,0.2291666716337204,0.18242552876472473,0.029223232935460246,0.92578125
5,12,MLP,recurring_0,recurring,4,1.0,1.0,0.0,1.0,0.0,0.611328125
5,12,ChevronSlow,recurring_0,recurring,4,0.9895833134651184,0.09375,0.3125,1.0,0.021823304147930597,0.8203125
5,12,IDLGated,recurring_0,recurring,4,0.7604166865348816,0.0,0.0,0.9890130758285522,0.05392086092541025,0.87890625
5,13,MLP,recurring_2,recurring,3,1.0,1.0,0.0,1.0,0.0,0.591796875
5,13,ChevronSlow,recurring_2,recurring,3,1.0,0.8958333134651184,1.0,1.0,0.01856462423078818,0.822265625
5,13,IDLGated,recurring_2,recurring,3,0.9479166865348816,0.3958333432674408,0.5416666865348816,0.8175744414329529,0.038181540286309004,0.8828125
5,14,MLP,one_shot_1,one_shot,1,1.0,1.0,0.0,1.0,0.0,0.724609375
5,14,ChevronSlow,one_shot_1,one_shot,1,0.6458333134651184,0.78125,0.71875,1.0,0.006813682905095407,0.826171875
5,14,IDLGated,one_shot_1,one_shot,1,0.4166666567325592,0.2604166567325592,0.2604166567325592,0.010986942797899246,0.017262244843125364,0.8828125
5,15,MLP,recurring_1,recurring,4,1.0,0.6666666865348816,0.0,1.0,0.0,0.818359375
5,15,ChevronSlow,recurring_1,recurring,4,1.0,0.4791666567325592,0.7291666865348816,1.0,0.02501137148898626,0.82421875
5,15,IDLGated,recurring_1,recurring,4,1.0,0.3854166567325592,0.6458333134651184,0.9890130758285522,0.022878481222510044,0.873046875
5,16,MLP,recurring_3,recurring,2,1.0,0.0,0.0,1.0,0.0,0.48828125
5,16,ChevronSlow,recurring_3,recurring,2,1.0,0.0,0.03125,1.0,0.025703687705840448,0.818359375
5,16,IDLGated,recurring_3,recurring,2,1.0,0.0,0.0,0.18242552876472473,0.060096532397639534,0.869140625
5,17,MLP,recurring_3,recurring,3,1.0,1.0,0.0,1.0,0.0,0.494140625
5,17,ChevronSlow,recurring_3,recurring,3,1.0,0.03125,0.2604166567325592,1.0,0.022754507077092843,0.791015625
5,17,IDLGated,recurring_3,recurring,3,1.0,0.0,0.0,0.8175744414329529,0.06261333057227711,0.869140625
5,18,MLP,one_shot_7,one_shot,1,1.0,1.0,0.0,1.0,0.0,0.52734375
5,18,ChevronSlow,one_shot_7,one_shot,1,1.0,0.1979166716337204,0.4270833432674408,1.0,0.023013536901536367,0.78515625
5,18,IDLGated,one_shot_7,one_shot,1,0.8333333134651184,0.09375,0.09375,0.010986942797899246,0.030115954780194583,0.869140625
5,19,MLP,recurring_0,recurring,5,1.0,1.0,0.0,1.0,0.0,0.552734375
5,19,ChevronSlow,recurring_0,recurring,5,1.0,0.5729166865348816,0.7916666865348816,1.0,0.01422228151087443,0.765625
5,19,IDLGated,recurring_0,recurring,5,1.0,0.010416666977107525,0.15625,0.9994471669197083,0.04168604790332641,0.865234375
5,20,MLP,one_shot_6,one_shot,1,1.0,1.0,0.0,1.0,0.0,0.7421875
5,20,ChevronSlow,one_shot_6,one_shot,1,1.0,1.0,1.0,1.0,0.012861967747379901,0.783203125
5,20,IDLGated,one_shot_6,one_shot,1,1.0,1.0,1.0,0.010986942797899246,0.009170990020587176,0.865234375
5,21,MLP,one_shot_10,one_shot,1,1.0,1.0,0.0,1.0,0.0,0.751953125
5,21,ChevronSlow,one_shot_10,one_shot,1,1.0,0.9895833134651184,1.0,1.0,0.010098650213510264,0.783203125
5,21,IDLGated,one_shot_10,one_shot,1,1.0,0.65625,0.65625,0.010986942797899246,0.015483649821423936,0.865234375
5,22,MLP,recurring_2,recurring,4,0.9375,0.5833333134651184,0.0,1.0,0.0,0.669921875
5,22,ChevronSlow,recurring_2,recurring,4,0.9895833134651184,0.5833333134651184,0.75,1.0,0.013371539361788937,0.787109375
5,22,IDLGated,recurring_2,recurring,4,0.96875,0.6875,0.7916666865348816,0.9890130758285522,0.014262982758327917,0.853515625
5,23,MLP,recurring_0,recurring,6,1.0,1.0,0.0,1.0,0.0,0.681640625
5,23,ChevronSlow,recurring_0,recurring,6,1.0,0.71875,0.9375,1.0,0.010430646922856286,0.775390625
5,23,IDLGated,recurring_0,recurring,6,0.9583333134651184,0.1666666716337204,0.4166666567325592,0.9999724626541138,0.020562149732338636,0.833984375
5,24,MLP,recurring_0,recurring,7,1.0,1.0,0.0,1.0,0.0,0.669921875
5,24,ChevronSlow,recurring_0,recurring,7,1.0,0.9270833134651184,1.0,1.0,0.013169620463349246,0.71875
5,24,IDLGated,recurring_0,recurring,7,0.9479166865348816,0.3645833432674408,0.5208333134651184,0.9999985694885254,0.016679353452527662,0.818359375
5,25,MLP,recurring_2,recurring,5,0.8125,0.9895833134651184,0.0,1.0,0.0,0.73046875
5,25,ChevronSlow,recurring_2,recurring,5,0.8125,0.7604166865348816,0.7916666865348816,1.0,0.0118703476740267,0.78125
5,25,IDLGated,recurring_2,recurring,5,0.6458333134651184,0.7916666865348816,0.7291666865348816,0.9994471669197083,0.009909606745791171,0.8359375
5,26,MLP,recurring_0,recurring,8,1.0,1.0,0.0,1.0,0.0,0.70703125
5,26,ChevronSlow,recurring_0,recurring,8,1.0,0.75,1.0,1.0,0.014710830889445508,0.7421875
5,26,IDLGated,recurring_0,recurring,8,1.0,0.3229166567325592,0.59375,0.9999998807907104,0.01914179489671791,0.810546875
5,27,MLP,recurring_2,recurring,6,0.6666666865348816,0.7083333134651184,0.0,1.0,0.0,0.759765625
5,27,ChevronSlow,recurring_2,recurring,6,0.7708333134651184,0.6354166865348816,0.6770833134651184,1.0,0.016144026248481956,0.814453125
5,27,IDLGated,recurring_2,recurring,6,0.6770833134651184,0.6354166865348816,0.6666666865348816,0.9999724626541138,0.01381933332239396,0.837890625
5,28,MLP,recurring_1,recurring,5,0.9791666865348816,0.4270833432674408,0.0,1.0,0.0,0.8515625
5,28,ChevronSlow,recurring_1,recurring,5,0.9791666865348816,0.25,0.4479166567325592,1.0,0.02638242805401142,0.845703125
5,28,IDLGated,recurring_1,recurring,5,0.9479166865348816,0.1979166716337204,0.4166666567325592,0.9994471669197083,0.03169395315275537,0.84765625
5,29,MLP,one_shot_13,one_shot,1,1.0,0.4270833432674408,0.0,1.0,0.0,0.73828125
5,29,ChevronSlow,one_shot_13,one_shot,1,1.0,0.96875,0.9791666865348816,1.0,0.00837932887446651,0.83984375
5,29,IDLGated,one_shot_13,one_shot,1,0.9791666865348816,0.9479166865348816,0.9479166865348816,0.010986942797899246,0.007598440842231593,0.84765625
5,30,MLP,one_shot_3,one_shot,1,1.0,0.2708333432674408,0.0,1.0,0.0,0.52734375
5,30,ChevronSlow,one_shot_3,one_shot,1,1.0,0.2291666716337204,0.6354166865348816,1.0,0.018858189580378104,0.80859375
5,30,IDLGated,one_shot_3,one_shot,1,1.0,0.1979166716337204,0.1979166716337204,0.010986942797899246,0.022862594546010473,0.84765625
5,31,MLP,one_shot_12,one_shot,1,1.0,1.0,0.0,1.0,0.0,0.794921875
5,31,ChevronSlow,one_shot_12,one_shot,1,1.0,1.0,1.0,1.0,0.006653958462521152,0.837890625
5,31,IDLGated,one_shot_12,one_shot,1,1.0,1.0,1.0,0.010986942797899246,0.005980381714633722,0.84765625
5,32,MLP,recurring_0,recurring,9,1.0,0.4166666567325592,0.0,1.0,0.0,0.681640625
5,32,ChevronSlow,recurring_0,recurring,9,1.0,0.40625,0.7604166865348816,1.0,0.014475922729059138,0.80078125
5,32,IDLGated,recurring_0,recurring,9,1.0,0.2395833283662796,0.40625,1.0,0.02045411969365151,0.833984375
5,33,MLP,recurring_2,recurring,7,0.9583333134651184,0.9166666865348816,0.0,1.0,0.0,0.689453125
5,33,ChevronSlow,recurring_2,recurring,7,1.0,0.7916666865348816,0.8958333134651184,1.0,0.015408038947460529,0.8203125
5,33,IDLGated,recurring_2,recurring,7,1.0,0.75,0.8645833134651184,0.9999985694885254,0.013694126079404319,0.833984375
5,34,MLP,recurring_3,recurring,4,1.0,0.625,0.0,1.0,0.0,0.59765625
5,34,ChevronSlow,recurring_3,recurring,4,1.0,0.15625,0.53125,1.0,0.01937620341212609,0.791015625
5,34,IDLGated,recurring_3,recurring,4,1.0,0.0416666679084301,0.2083333283662796,0.9890130758285522,0.02491359991244857,0.81640625
5,35,MLP,one_shot_5,one_shot,1,1.0,0.9583333134651184,0.0,1.0,0.0,0.5625
5,35,ChevronSlow,one_shot_5,one_shot,1,1.0,0.3333333432674408,0.6875,1.0,0.016845370942375086,0.71875
5,35,IDLGated,one_shot_5,one_shot,1,1.0,0.125,0.1354166716337204,0.010986942797899246,0.01949838053453866,0.81640625
5,36,MLP,recurring_1,recurring,6,0.9583333134651184,0.3854166567325592,0.0,1.0,0.0,0.80078125
5,36,ChevronSlow,recurring_1,recurring,6,1.0,0.2291666716337204,0.53125,1.0,0.023016594407058475,0.810546875
5,36,IDLGated,recurring_1,recurring,6,0.9791666865348816,0.28125,0.53125,0.9999724626541138,0.02143659880119135,0.830078125
5,37,MLP,recurring_1,recurring,7,0.9375,0.9479166865348816,0.0,1.0,0.0,0.865234375
5,37,ChevronSlow,recurring_1,recurring,7,0.90625,0.5416666865348816,0.71875,1.0,0.016847166143549495,0.83203125
5,37,IDLGated,recurring_1,recurring,7,0.90625,0.5625,0.7291666865348816,0.9999985694885254,0.016565340453158627,0.83984375
5,38,MLP,one_shot_15,one_shot,1,1.0,0.0,0.0,1.0,0.0,0.634765625
5,38,ChevronSlow,one_shot_15,one_shot,1,1.0,0.15625,0.5104166865348816,1.0,0.01886152333310356,0.83984375
5,38,IDLGated,one_shot_15,one_shot,1,1.0,0.2395833283662796,0.2395833283662796,0.010986942797899246,0.01874258723783161,0.837890625
5,39,MLP,recurring_3,recurring,5,1.0,1.0,0.0,1.0,0.0,0.646484375
5,39,ChevronSlow,recurring_3,recurring,5,1.0,0.03125,0.40625,1.0,0.017641114709243014,0.810546875
5,39,IDLGated,recurring_3,recurring,5,1.0,0.0,0.02083333395421505,0.9994471669197083,0.026295189998601365,0.83984375
5,40,MLP,recurring_1,recurring,8,0.9895833134651184,0.40625,0.0,1.0,0.0,0.857421875
5,40,ChevronSlow,recurring_1,recurring,8,0.9895833134651184,0.2604166567325592,0.53125,1.0,0.0227326909507004,0.849609375
5,40,IDLGated,recurring_1,recurring,8,0.9166666865348816,0.3854166567325592,0.6041666865348816,0.9999998807907104,0.0195463928237913,0.83984375
5,41,MLP,one_shot_2,one_shot,1,1.0,0.0,0.0,1.0,0.0,0.69140625
5,41,ChevronSlow,one_shot_2,one_shot,1,1.0,0.0,0.3020833432674408,1.0,0.024448006384085577,0.865234375
5,41,IDLGated,one_shot_2,one_shot,1,1.0,0.0,0.0,0.010986942797899246,0.027052161476375656,0.83984375
5,42,MLP,one_shot_9,one_shot,1,1.0,0.28125,0.0,1.0,0.0,0.560546875
5,42,ChevronSlow,one_shot_9,one_shot,1,1.0,0.0,0.2291666716337204,1.0,0.01855218791284432,0.79296875
5,42,IDLGated,one_shot_9,one_shot,1,1.0,0.0,0.0,0.010986942797899246,0.0199895471104894,0.83984375
5,43,MLP,recurring_3,recurring,6,1.0,1.0,0.0,1.0,0.0,0.634765625
5,43,ChevronSlow,recurring_3,recurring,6,1.0,0.6354166865348816,1.0,1.0,0.013637290196088317,0.73046875
5,43,IDLGated,recurring_3,recurring,6,1.0,0.0,0.1041666641831398,0.9999724626541138,0.022465700222978988,0.833984375
5,44,MLP,recurring_1,recurring,9,1.0,0.2083333283662796,0.0,1.0,0.0,0.84375
5,44,ChevronSlow,recurring_1,recurring,9,1.0,0.0625,0.25,1.0,0.024152211731490607,0.85546875
5,44,IDLGated,recurring_1,recurring,9,0.9895833134651184,0.21875,0.4895833432674408,1.0,0.019417564359249195,0.833984375
5,45,MLP,recurring_3,recurring,7,1.0,0.2291666716337204,0.0,1.0,0.0,0.62890625
5,45,ChevronSlow,recurring_3,recurring,7,1.0,0.0,0.8125,1.0,0.012239397237431282,0.7890625
5,45,IDLGated,recurring_3,recurring,7,1.0,0.0,0.1354166716337204,0.9999985694885254,0.01752285896335863,0.82421875
5,46,MLP,recurring_1,recurring,10,1.0,0.6770833134651184,0.0,1.0,0.0,0.859375
5,46,ChevronSlow,recurring_1,recurring,10,1.0,0.34375,0.6354166865348816,1.0,0.02246728533416574,0.853515625
5,46,IDLGated,recurring_1,recurring,10,1.0,0.4895833432674408,0.6979166865348816,1.0,0.021280632672875673,0.8359375
5,47,MLP,one_shot_8,one_shot,1,1.0,0.0625,0.0,1.0,0.0,0.55078125
5,47,ChevronSlow,one_shot_8,one_shot,1,1.0,0.59375,0.875,1.0,0.008220294324244657,0.833984375
5,47,IDLGated,one_shot_8,one_shot,1,1.0,0.71875,0.71875,0.010986942797899246,0.009851820204468748,0.8359375
5,48,MLP,recurring_2,recurring,8,0.65625,1.0,0.0,1.0,0.0,0.845703125
5,48,ChevronSlow,recurring_2,recurring,8,0.7604166865348816,0.75,0.7291666865348816,1.0,0.01515926262279542,0.82421875
5,48,IDLGated,recurring_2,recurring,8,0.78125,0.7708333134651184,0.78125,0.9999998807907104,0.013204507384663522,0.830078125
5,49,MLP,recurring_2,recurring,9,1.0,0.7604166865348816,0.0,1.0,0.0,0.662109375
5,49,ChevronSlow,recurring_2,recurring,9,1.0,0.8229166865348816,0.8854166865348816,1.0,0.012854308319036518,0.810546875
5,49,IDLGated,recurring_2,recurring,9,1.0,0.84375,0.9375,1.0,0.012871518526700435,0.810546875
5,50,MLP,recurring_3,recurring,8,1.0,1.0,0.0,1.0,0.0,0.630859375
5,50,ChevronSlow,recurring_3,recurring,8,1.0,0.03125,0.6979166865348816,1.0,0.016150569363950512,0.763671875
5,50,IDLGated,recurring_3,recurring,8,1.0,0.0,0.2395833283662796,0.9999998807907104,0.01795767745812927,0.77734375
5,51,MLP,one_shot_0,one_shot,1,1.0,0.96875,0.0,1.0,0.0,0.724609375
5,51,ChevronSlow,one_shot_0,one_shot,1,1.0,0.7291666865348816,0.8854166865348816,1.0,0.02255827088467877,0.810546875
5,51,IDLGated,one_shot_0,one_shot,1,1.0,0.71875,0.71875,0.010986942797899246,0.02085647585286432,0.775390625
5,52,MLP,recurring_2,recurring,10,1.0,0.59375,0.0,1.0,0.0,0.716796875
5,52,ChevronSlow,recurring_2,recurring,10,1.0,0.8854166865348816,0.9791666865348816,1.0,0.012738546407271342,0.8046875
5,52,IDLGated,recurring_2,recurring,10,1.0,0.9895833134651184,1.0,1.0,0.009852576439813725,0.76953125
5,53,MLP,recurring_0,recurring,10,1.0,0.21875,0.0,1.0,0.0,0.638671875
5,53,ChevronSlow,recurring_0,recurring,10,1.0,0.0416666679084301,0.3958333432674408,1.0,0.01766070690575032,0.794921875
5,53,IDLGated,recurring_0,recurring,10,1.0,0.4375,0.7604166865348816,1.0,0.013294741154420921,0.763671875
5,54,MLP,recurring_3,recurring,9,1.0,1.0,0.0,1.0,0.0,0.689453125
5,54,ChevronSlow,recurring_3,recurring,9,1.0,0.4479166567325592,1.0,1.0,0.013248344327054027,0.73046875
5,54,IDLGated,recurring_3,recurring,9,1.0,0.7291666865348816,1.0,1.0,0.011741872903369099,0.72265625
5,55,MLP,recurring_3,recurring,10,1.0,1.0,0.0,1.0,0.0,0.69140625
5,55,ChevronSlow,recurring_3,recurring,10,1.0,1.0,1.0,1.0,0.011433486681696732,0.689453125
5,55,IDLGated,recurring_3,recurring,10,1.0,1.0,1.0,1.0,0.010411110534977614,0.693359375
6,0,MLP,recurring_2,recurring,1,0.96875,0.125,0.0,1.0,0.0,0.81640625
6,0,ChevronSlow,recurring_2,recurring,1,0.9479166865348816,0.125,0.3125,1.0,0.049332897799258646,0.958984375
6,0,IDLGated,recurring_2,recurring,1,0.9270833134651184,0.125,0.125,0.010986942797899246,0.05087910911189483,0.9921875
6,1,MLP,recurring_2,recurring,2,0.8958333134651184,0.9270833134651184,0.0,1.0,0.0,0.8828125
6,1,ChevronSlow,recurring_2,recurring,2,0.90625,0.3020833432674408,0.4479166567325592,1.0,0.038802422790537555,0.943359375
6,1,IDLGated,recurring_2,recurring,2,0.8958333134651184,0.09375,0.125,0.18242552876472473,0.052490780101084475,0.9921875
6,2,MLP,recurring_2,recurring,3,0.9166666865348816,0.90625,0.0,1.0,0.0,0.8515625
6,2,ChevronSlow,recurring_2,recurring,3,0.9895833134651184,0.5625,0.6458333134651184,1.0,0.03275505250515676,0.935546875
6,2,IDLGated,recurring_2,recurring,3,0.9791666865348816,0.1666666716337204,0.3645833432674408,0.8175744414329529,0.04868092221564068,0.9609375
6,3,MLP,recurring_2,recurring,4,0.8333333134651184,0.9479166865348816,0.0,1.0,0.0,0.873046875
6,3,ChevronSlow,recurring_2,recurring,4,0.8541666865348816,0.6666666865348816,0.71875,1.0,0.022032192602865323,0.92578125
6,3,IDLGated,recurring_2,recurring,4,0.8125,0.3020833432674408,0.4479166567325592,0.9890130758285522,0.03595654506600904,0.9375
6,4,MLP,recurring_3,recurring,1,1.0,0.8854166865348816,0.0,1.0,0.0,0.83203125
6,4,ChevronSlow,recurring_3,recurring,1,1.0,0.78125,0.8854166865348816,1.0,0.01888806032581596,0.904296875
6,4,IDLGated,recurring_3,recurring,1,1.0,0.6145833134651184,0.6145833134651184,0.010986942797899246,0.02087631098216242,0.9375
6,5,MLP,recurring_3,recurring,2,1.0,1.0,0.0,1.0,0.0,0.875
6,5,ChevronSlow,recurring_3,recurring,2,1.0,0.8958333134651184,0.9479166865348816,1.0,0.012868833590299474,0.8984375
6,5,IDLGated,recurring_3,recurring,2,1.0,0.6875,0.7083333134651184,0.18242552876472473,0.017306452256226856,0.935546875
6,6,MLP,recurring_3,recurring,3,0.875,1.0,0.0,1.0,0.0,0.904296875
6,6,ChevronSlow,recurring_3,recurring,3,0.8645833134651184,0.9375,0.90625,1.0,0.002906733132892173,0.904296875
6,6,IDLGated,recurring_3,recurring,3,0.8645833134651184,0.6979166865348816,0.7291666865348816,0.8175744414329529,0.006585062064690746,0.935546875
6,7,MLP,recurring_0,recurring,1,1.0,0.5,0.0,1.0,0.0,0.83984375
6,7,ChevronSlow,recurring_0,recurring,1,1.0,0.40625,0.5729166865348816,1.0,0.030591311408070594,0.896484375
6,7,IDLGated,recurring_0,recurring,1,1.0,0.28125,0.28125,0.010986942797899246,0.03627392081042447,0.935546875
6,8,MLP,one_shot_11,one_shot,1,0.7708333134651184,0.5416666865348816,0.0,1.0,0.0,0.83203125
6,8,ChevronSlow,one_shot_11,one_shot,1,0.8541666865348816,0.3125,0.4166666567325592,1.0,0.024154399398586646,0.884765625
6,8,IDLGated,one_shot_11,one_shot,1,0.7604166865348816,0.0,0.0,0.010986942797899246,0.04048157644691965,0.935546875
6,9,MLP,recurring_1,recurring,1,1.0,0.7708333134651184,0.0,1.0,0.0,0.77734375
6,9,ChevronSlow,recurring_1,recurring,1,1.0,0.4583333432674408,0.6875,1.0,0.022994021801348134,0.859375
6,9,IDLGated,recurring_1,recurring,1,0.90625,0.15625,0.15625,0.010986942797899246,0.030897644042873873,0.93359375
6,10,MLP,recurring_2,recurring,5,0.9791666865348816,1.0,0.0,1.0,0.0,0.859375
6,10,ChevronSlow,recurring_2,recurring,5,0.9791666865348816,1.0,0.9791666865348816,1.0,0.011273018697577065,0.869140625
6,10,IDLGated,recurring_2,recurring,5,0.90625,0.6041666865348816,0.6875,0.9994471669197083,0.023892457539704405,0.9296875
6,11,MLP,recurring_2,recurring,6,1.0,0.9791666865348816,0.0,1.0,0.0,0.84375
6,11,ChevronSlow,recurring_2,recurring,6,1.0,0.9791666865348816,1.0,1.0,0.015553286517048017,0.859375
6,11,IDLGated,recurring_2,recurring,6,1.0,0.625,0.7604166865348816,0.9999724626541138,0.02625511161054024,0.900390625
6,12,MLP,recurring_1,recurring,2,1.0,0.7291666865348816,0.0,1.0,0.0,0.76953125
6,12,ChevronSlow,recurring_1,recurring,2,1.0,0.65625,0.8854166865348816,1.0,0.02158245704808107,0.826171875
6,12,IDLGated,recurring_1,recurring,2,1.0,0.4166666567325592,0.4791666567325592,0.18242552876472473,0.029942262179055556,0.900390625
6,13,MLP,one_shot_0,one_shot,1,0.96875,0.2916666567325592,0.0,1.0,0.0,0.76171875
6,13,ChevronSlow,one_shot_0,one_shot,1,1.0,0.21875,0.3958333432674408,1.0,0.032056492038761805,0.830078125
6,13,IDLGated,one_shot_0,one_shot,1,1.0,0.0,0.0,0.010986942797899246,0.0508347786020254,0.900390625
6,14,MLP,one_shot_2,one_shot,1,1.0,0.9895833134651184,0.0,1.0,0.0,0.755859375
6,14,ChevronSlow,one_shot_2,one_shot,1,1.0,0.6354166865348816,0.75,1.0,0.01678131343915076,0.814453125
6,14,IDLGated,one_shot_2,one_shot,1,0.875,0.0416666679084301,0.0416666679084301,0.010986942797899246,0.041241101435626024,0.900390625
6,15,MLP,recurring_0,recurring,2,0.9583333134651184,0.7916666865348816,0.0,1.0,0.0,0.87109375
6,15,ChevronSlow,recurring_0,recurring,2,0.9270833134651184,0.625,0.7083333134651184,1.0,0.022557745772715646,0.857421875
6,15,IDLGated,recurring_0,recurring,2,0.9791666865348816,0.4375,0.4791666567325592,0.18242552876472473,0.027699229859587664,0.900390625
6,16,MLP,recurring_0,recurring,3,1.0,0.9375,0.0,1.0,0.0,0.828125
6,16,ChevronSlow,recurring_0,recurring,3,1.0,0.8229166865348816,0.90625,1.0,0.012084923998466486,0.853515625
6,16,IDLGated,recurring_0,recurring,3,1.0,0.5625,0.6770833134651184,0.8175744414329529,0.027977394145966717,0.904296875
6,17,MLP,recurring_3,recurring,4,0.9895833134651184,0.3333333432674408,0.0,1.0,0.0,0.837890625
6,17,ChevronSlow,recurring_3,recurring,4,0.9895833134651184,0.7916666865348816,0.8854166865348816,1.0,0.01760634934240865,0.8671875
6,17,IDLGated,recurring_3,recurring,4,0.9583333134651184,0.8333333134651184,0.8645833134651184,0.9890130758285522,0.020247284953365356,0.908203125
6,18,MLP,recurring_0,recurring,4,0.8333333134651184,0.7395833134651184,0.0,1.0,0.0,0.8671875
6,18,ChevronSlow,recurring_0,recurring,4,0.8020833134651184,0.75,0.7604166865348816,1.0,0.008291617509840058,0.880859375
6,18,IDLGated,recurring_0,recurring,4,0.6770833134651184,0.5833333134651184,0.59375,0.9890130758285522,0.010280181350169972,0.91796875
6,19,MLP,recurring_1,recurring,3,1.0,0.4895833432674408,0.0,1.0,0.0,0.7578125
6,19,ChevronSlow,recurring_1,recurring,3,1.0,0.46875,0.5729166865348816,1.0,0.020152289283066935,0.861328125
6,19,IDLGated,recurring_1,recurring,3,0.9583333134651184,0.3541666567325592,0.4270833432674408,0.8175744414329529,0.03297841451538955,0.8984375
6,20,MLP,recurring_0,recurring,5,0.8333333134651184,0.625,0.0,1.0,0.0,0.857421875
6,20,ChevronSlow,recurring_0,recurring,5,0.8020833134651184,0.6041666865348816,0.6666666865348816,1.0,0.011175234445041557,0.869140625
6,20,IDLGated,recurring_0,recurring,5,0.6666666865348816,0.4479166567325592,0.5416666865348816,0.9994471669197083,0.01500011197248212,0.91796875
6,21,MLP,one_shot_3,one_shot,1,0.9895833134651184,0.25,0.0,1.0,0.0,0.75390625
6,21,ChevronSlow,one_shot_3,one_shot,1,0.9791666865348816,0.0833333358168602,0.3541666567325592,1.0,0.024157535299211646,0.84765625
6,21,IDLGated,one_shot_3,one_shot,1,0.9791666865348816,0.0625,0.0625,0.010986942797899246,0.028774111799358522,0.916015625
6,22,MLP,recurring_0,recurring,6,1.0,1.0,0.0,1.0,0.0,0.814453125
6,22,ChevronSlow,recurring_0,recurring,6,1.0,0.9375,0.9791666865348816,1.0,0.008271967913495042,0.837890625
6,22,IDLGated,recurring_0,recurring,6,1.0,0.6770833134651184,0.7916666865348816,0.9999724626541138,0.014772667094970248,0.91015625
6,23,MLP,one_shot_5,one_shot,1,0.9479166865348816,0.21875,0.0,1.0,0.0,0.755859375
6,23,ChevronSlow,one_shot_5,one_shot,1,1.0,0.1041666641831398,0.3541666567325592,1.0,0.03545510645697541,0.81640625
6,23,IDLGated,one_shot_5,one_shot,1,0.9479166865348816,0.02083333395421505,0.02083333395421505,0.010986942797899246,0.04462701140316212,0.91015625
6,24,MLP,recurring_2,recurring,7,0.8854166865348816,0.65625,0.0,1.0,0.0,0.8359375
6,24,ChevronSlow,recurring_2,recurring,7,0.78125,0.8229166865348816,0.8125,1.0,0.01240239515496377,0.84375
6,24,IDLGated,recurring_2,recurring,7,0.625,0.8125,0.7604166865348816,0.9999985694885254,0.005186752281932105,0.919921875
6,25,MLP,one_shot_9,one_shot,1,1.0,0.5416666865348816,0.0,1.0,0.0,0.80859375
6,25,ChevronSlow,one_shot_9,one_shot,1,0.96875,0.40625,0.59375,1.0,0.022677317448035757,0.869140625
6,25,IDLGated,one_shot_9,one_shot,1,0.9479166865348816,0.1145833358168602,0.125,0.010986942797899246,0.030737105165795916,0.919921875
6,26,MLP,recurring_3,recurring,5,0.9375,0.1770833283662796,0.0,1.0,0.0,0.89453125
6,26,ChevronSlow,recurring_3,recurring,5,0.875,0.4166666567325592,0.6458333134651184,1.0,0.02616453583778776,0.8984375
6,26,IDLGated,recurring_3,recurring,5,0.8645833134651184,0.6875,0.7604166865348816,0.9994471669197083,0.01961935780723851,0.92578125
6,27,MLP,one_shot_7,one_shot,1,1.0,0.010416666977107525,0.0,1.0,0.0,0.6953125
6,27,ChevronSlow,one_shot_7,one_shot,1,1.0,0.15625,0.4791666567325592,1.0,0.019279586008428412,0.8671875
6,27,IDLGated,one_shot_7,one_shot,1,0.9791666865348816,0.0,0.0,0.010986942797899246,0.037919982663982776,0.92578125
6,28,MLP,one_shot_8,one_shot,1,1.0,0.5104166865348816,0.0,1.0,0.0,0.578125
6,28,ChevronSlow,one_shot_8,one_shot,1,1.0,0.0,0.2291666716337204,1.0,0.020092880267749264,0.826171875
6,28,IDLGated,one_shot_8,one_shot,1,1.0,0.0,0.0,0.010986942797899246,0.0355895688764078,0.927734375
6,29,MLP,recurring_2,recurring,8,1.0,1.0,0.0,1.0,0.0,0.71875
6,29,ChevronSlow,recurring_2,recurring,8,1.0,0.7916666865348816,0.9479166865348816,1.0,0.01570556008663896,0.8359375
6,29,IDLGated,recurring_2,recurring,8,1.0,0.7604166865348816,0.875,0.9999998807907104,0.013044714294676117,0.89453125
6,30,MLP,one_shot_12,one_shot,1,1.0,0.90625,0.0,1.0,0.0,0.876953125
6,30,ChevronSlow,one_shot_12,one_shot,1,0.9791666865348816,0.7604166865348816,0.84375,1.0,0.014202525749207256,0.8515625
6,30,IDLGated,one_shot_12,one_shot,1,0.9791666865348816,0.5,0.5,0.010986942797899246,0.024315870907878158,0.89453125
6,31,MLP,recurring_3,recurring,6,1.0,0.46875,0.0,1.0,0.0,0.83203125
6,31,ChevronSlow,recurring_3,recurring,6,1.0,0.5416666865348816,0.7395833134651184,1.0,0.025257819903992937,0.904296875
6,31,IDLGated,recurring_3,recurring,6,0.9583333134651184,0.8645833134651184,0.9270833134651184,0.9999724626541138,0.02171846085784874,0.89453125
6,32,MLP,recurring_1,recurring,4,1.0,0.8020833134651184,0.0,1.0,0.0,0.76953125
6,32,ChevronSlow,recurring_1,recurring,4,1.0,0.3125,0.6145833134651184,1.0,0.021352005327341685,0.8515625
6,32,IDLGated,recurring_1,recurring,4,1.0,0.4270833432674408,0.6145833134651184,0.9890130758285522,0.015724582665572983,0.869140625
6,33,MLP,recurring_3,recurring,7,1.0,1.0,0.0,1.0,0.0,0.828125
6,33,ChevronSlow,recurring_3,recurring,7,1.0,0.9895833134651184,1.0,1.0,0.008532287196772766,0.853515625
6,33,IDLGated,recurring_3,recurring,7,1.0,1.0,1.0,0.9999985694885254,0.006439946814875235,0.873046875
6,34,MLP,recurring_3,recurring,8,1.0,1.0,0.0,1.0,0.0,0.814453125
6,34,ChevronSlow,recurring_3,recurring,8,1.0,1.0,1.0,1.0,0.011865378825368249,0.837890625
6,34,IDLGated,recurring_3,recurring,8,1.0,1.0,1.0,0.9999998807907104,0.005757482477656889,0.86328125
6,35,MLP,one_shot_1,one_shot,1,0.96875,0.4375,0.0,1.0,0.0,0.787109375
6,35,ChevronSlow,one_shot_1,one_shot,1,0.9479166865348816,0.625,0.7395833134651184,1.0,0.01401300362106191,0.853515625
6,35,IDLGated,one_shot_1,one_shot,1,0.90625,0.4375,0.4375,0.010986942797899246,0.01545666666430378,0.86328125
6,36,MLP,recurring_1,recurring,5,1.0,1.0,0.0,1.0,0.0,0.787109375
6,36,ChevronSlow,recurring_1,recurring,5,1.0,0.7083333134651184,0.8645833134651184,1.0,0.013185893694393224,0.822265625
6,36,IDLGated,recurring_1,recurring,5,1.0,0.6666666865348816,0.8541666865348816,0.9994471669197083,0.020542966188682163,0.84375
6,37,MLP,one_shot_14,one_shot,1,1.0,1.0,0.0,1.0,0.0,0.826171875
6,37,ChevronSlow,one_shot_14,one_shot,1,1.0,1.0,1.0,1.0,0.00784019157886253,0.8359375
6,37,IDLGated,one_shot_14,one_shot,1,1.0,1.0,1.0,0.010986942797899246,0.010376679450395191,0.845703125
6,38,MLP,recurring_2,recurring,9,1.0,1.0,0.0,1.0,0.0,0.828125
6,38,ChevronSlow,recurring_2,recurring,9,1.0,1.0,1.0,1.0,0.006785239368005229,0.83203125
6,38,IDLGated,recurring_2,recurring,9,1.0,0.9895833134651184,0.9895833134651184,1.0,0.00401213427553599,0.841796875
6,39,MLP,recurring_0,recurring,7,0.9895833134651184,0.7291666865348816,0.0,1.0,0.0,0.806640625
6,39,ChevronSlow,recurring_0,recurring,7,1.0,0.71875,0.7916666865348816,1.0,0.022413939070144384,0.859375
6,39,IDLGated,recurring_0,recurring,7,1.0,0.4166666567325592,0.6666666865348816,0.9999985694885254,0.03288083922521349,0.888671875
6,40,MLP,recurring_0,recurring,8,1.0,1.0,0.0,1.0,0.0,0.759765625
6,40,ChevronSlow,recurring_0,recurring,8,1.0,0.6145833134651184,0.90625,1.0,0.012363474243121557,0.8359375
6,40,IDLGated,recurring_0,recurring,8,1.0,0.4270833432674408,0.6041666865348816,0.9999998807907104,0.016813632592757033,0.876953125
6,41,MLP,recurring_3,recurring,9,0.96875,0.9895833134651184,0.0,1.0,0.0,0.87109375
6,41,ChevronSlow,recurring_3,recurring,9,0.9166666865348816,0.8958333134651184,0.90625,1.0,0.010274286234623715,0.865234375
6,41,IDLGated,recurring_3,recurring,9,0.90625,0.8541666865348816,0.8645833134651184,1.0,0.008963370241140231,0.880859375
6,42,MLP,recurring_1,recurring,6,1.0,0.5833333134651184,0.0,1.0,0.0,0.798828125
6,42,ChevronSlow,recurring_1,recurring,6,1.0,0.5104166865348816,0.7708333134651184,1.0,0.016611285284650237,0.828125
6,42,IDLGated,recurring_1,recurring,6,1.0,0.4791666567325592,0.71875,0.9999724626541138,0.016292345854197286,0.8515625
6,43,MLP,one_shot_15,one_shot,1,1.0,0.0,0.0,1.0,0.0,0.599609375
6,43,ChevronSlow,one_shot_15,one_shot,1,1.0,0.0,0.0520833320915699,1.0,0.023066411239279,0.771484375
6,43,IDLGated,one_shot_15,one_shot,1,1.0,0.0,0.0,0.010986942797899246,0.026806278107129468,0.8515625
6,44,MLP,recurring_2,recurring,10,1.0,1.0,0.0,1.0,0.0,0.765625
6,44,ChevronSlow,recurring_2,recurring,10,1.0,1.0,1.0,1.0,0.008201130875067667,0.787109375
6,44,IDLGated,recurring_2,recurring,10,1.0,1.0,1.0,1.0,0.009859024418836038,0.8515625
6,45,MLP,one_shot_4,one_shot,1,0.9479166865348816,0.4479166567325592,0.0,1.0,0.0,0.74609375
6,45,ChevronSlow,one_shot_4,one_shot,1,1.0,0.5625,0.8229166865348816,1.0,0.025142092440589375,0.826171875
6,45,IDLGated,one_shot_4,one_shot,1,1.0,0.25,0.25,0.010986942797899246,0.02810323152668291,0.8515625
6,46,MLP,one_shot_13,one_shot,1,1.0,0.03125,0.0,1.0,0.0,0.79296875
6,46,ChevronSlow,one_shot_13,one_shot,1,0.9895833134651184,0.010416666977107525,0.3333333432674408,1.0,0.030884875157905622,0.861328125
6,46,IDLGated,one_shot_13,one_shot,1,0.9583333134651184,0.0,0.0,0.010986942797899246,0.03735652442374429,0.8515625
6,47,MLP,one_shot_6,one_shot,1,1.0,0.8854166865348816,0.0,1.0,0.0,0.76171875
6,47,ChevronSlow,one_shot_6,one_shot,1,1.0,1.0,1.0,1.0,0.009843871116084703,0.865234375
6,47,IDLGated,one_shot_6,one_shot,1,0.9895833134651184,0.9479166865348816,0.9479166865348816,0.010986942797899246,0.011501180054649238,0.8515625
6,48,MLP,one_shot_10,one_shot,1,0.9479166865348816,0.3229166567325592,0.0,1.0,0.0,0.73046875
6,48,ChevronSlow,one_shot_10,one_shot,1,0.8958333134651184,0.375,0.5625,1.0,0.016077478040055597,0.85546875
6,48,IDLGated,one_shot_10,one_shot,1,0.8958333134651184,0.6041666865348816,0.6041666865348816,0.010986942797899246,0.010261685679936211,0.8515625
6,49,MLP,recurring_0,recurring,9,0.9895833134651184,1.0,0.0,1.0,0.0,0.810546875
6,49,ChevronSlow,recurring_0,recurring,9,0.9791666865348816,0.7916666865348816,0.875,1.0,0.010004350328608705,0.85546875
6,49,IDLGated,recurring_0,recurring,9,0.9270833134651184,0.53125,0.6145833134651184,1.0,0.014867148530155142,0.8671875
6,50,MLP,recurring_1,recurring,7,1.0,0.7291666865348816,0.0,1.0,0.0,0.775390625
6,50,ChevronSlow,recurring_1,recurring,7,1.0,0.46875,0.7916666865348816,1.0,0.02178772525520619,0.8359375
6,50,IDLGated,recurring_1,recurring,7,1.0,0.6041666865348816,0.8333333134651184,0.9999985694885254,0.019177154998242865,0.83984375
6,51,MLP,recurring_0,recurring,10,1.0,0.7708333134651184,0.0,1.0,0.0,0.736328125
6,51,ChevronSlow,recurring_0,recurring,10,1.0,0.7291666865348816,0.8541666865348816,1.0,0.012801791889937042,0.8359375
6,51,IDLGated,recurring_0,recurring,10,0.9791666865348816,0.53125,0.6770833134651184,1.0,0.016207548734314816,0.861328125
6,52,MLP,recurring_1,recurring,8,1.0,1.0,0.0,1.0,0.0,0.787109375
6,52,ChevronSlow,recurring_1,recurring,8,1.0,0.6458333134651184,0.8958333134651184,1.0,0.019683232400903514,0.806640625
6,52,IDLGated,recurring_1,recurring,8,1.0,0.6458333134651184,0.8958333134651184,0.9999998807907104,0.01901914333310414,0.830078125
6,53,MLP,recurring_1,recurring,9,1.0,1.0,0.0,1.0,0.0,0.79296875
6,53,ChevronSlow,recurring_1,recurring,9,1.0,0.8541666865348816,1.0,1.0,0.01337907561871384,0.802734375
6,53,IDLGated,recurring_1,recurring,9,1.0,0.8541666865348816,1.0,1.0,0.010662886809653079,0.814453125
6,54,MLP,recurring_3,recurring,10,1.0,1.0,0.0,1.0,0.0,0.83203125
6,54,ChevronSlow,recurring_3,recurring,10,1.0,1.0,1.0,1.0,0.004670578658495569,0.81640625
6,54,IDLGated,recurring_3,recurring,10,1.0,1.0,1.0,1.0,0.003521094491679532,0.830078125
6,55,MLP,recurring_1,recurring,10,1.0,1.0,0.0,1.0,0.0,0.794921875
6,55,ChevronSlow,recurring_1,recurring,10,1.0,0.9479166865348816,1.0,1.0,0.009620185142848592,0.8046875
6,55,IDLGated,recurring_1,recurring,10,1.0,0.9479166865348816,1.0,1.0,0.010545753244084402,0.814453125
7,0,MLP,recurring_3,recurring,1,0.5104166865348816,0.0,0.0,1.0,0.0,0.828125
7,0,ChevronSlow,recurring_3,recurring,1,0.5104166865348816,0.0,0.010416666977107525,1.0,0.04100899975295623,0.931640625
7,0,IDLGated,recurring_3,recurring,1,0.5208333134651184,0.0,0.0,0.010986942797899246,0.043076714717683706,0.982421875
7,1,MLP,one_shot_9,one_shot,1,0.75,0.25,0.0,1.0,0.0,0.890625
7,1,ChevronSlow,one_shot_9,one_shot,1,0.75,0.15625,0.3125,1.0,0.028931732204198035,0.931640625
7,1,IDLGated,one_shot_9,one_shot,1,0.7395833134651184,0.1875,0.1875,0.010986942797899246,0.02589757401047322,0.982421875
7,2,MLP,recurring_1,recurring,1,0.4895833432674408,0.3333333432674408,0.0,1.0,0.0,0.845703125
7,2,ChevronSlow,recurring_1,recurring,1,0.5625,0.0729166641831398,0.1666666716337204,1.0,0.0436362583260094,0.927734375
7,2,IDLGated,recurring_1,recurring,1,0.4583333432674408,0.0,0.0,0.010986942797899246,0.05155250677818887,0.982421875
7,3,MLP,one_shot_6,one_shot,1,0.7708333134651184,0.5416666865348816,0.0,1.0,0.0,0.8203125
7,3,ChevronSlow,one_shot_6,one_shot,1,0.8541666865348816,0.2916666567325592,0.4895833432674408,1.0,0.03877531952137195,0.90625
7,3,IDLGated,one_shot_6,one_shot,1,0.78125,0.0416666679084301,0.0416666679084301,0.010986942797899246,0.05646467917138455,0.982421875
7,4,MLP,recurring_1,recurring,2,0.78125,0.625,0.0,1.0,0.0,0.7890625
7,4,ChevronSlow,recurring_1,recurring,2,0.78125,0.25,0.3854166567325592,1.0,0.01834138906522335,0.876953125
7,4,IDLGated,recurring_1,recurring,2,0.7916666865348816,0.0,0.0,0.18242552876472473,0.04557008740252283,0.974609375
7,5,MLP,one_shot_12,one_shot,1,0.59375,0.2708333432674408,0.0,1.0,0.0,0.748046875
7,5,ChevronSlow,one_shot_12,one_shot,1,0.6041666865348816,0.010416666977107525,0.1458333283662796,1.0,0.02562048798225395,0.83984375
7,5,IDLGated,one_shot_12,one_shot,1,0.59375,0.0,0.0,0.010986942797899246,0.06635561196103293,0.974609375
7,6,MLP,recurring_0,recurring,1,0.4270833432674408,0.90625,0.0,1.0,0.0,0.87109375
7,6,ChevronSlow,recurring_0,recurring,1,0.4166666567325592,0.3541666567325592,0.3645833432674408,1.0,0.017550626941100322,0.849609375
7,6,IDLGated,recurring_0,recurring,1,0.34375,0.0,0.0,0.010986942797899246,0.04783200496886839,0.974609375
7,7,MLP,recurring_0,recurring,2,1.0,0.4166666567325592,0.0,1.0,0.0,0.765625
7,7,ChevronSlow,recurring_0,recurring,2,1.0,0.3958333432674408,0.5625,1.0,0.030833766315181175,0.83203125
7,7,IDLGated,recurring_0,recurring,2,1.0,0.0,0.0,0.18242552876472473,0.07822147898734895,0.966796875
7,8,MLP,recurring_1,recurring,3,0.6770833134651184,0.625,0.0,1.0,0.0,0.837890625
7,8,ChevronSlow,recurring_1,recurring,3,0.6875,0.5833333134651184,0.625,1.0,0.014231485767192572,0.84765625
7,8,IDLGated,recurring_1,recurring,3,0.6666666865348816,0.0,0.0625,0.8175744414329529,0.053614092963163676,0.955078125
7,9,MLP,one_shot_4,one_shot,1,0.9479166865348816,0.84375,0.0,1.0,0.0,0.888671875
7,9,ChevronSlow,one_shot_4,one_shot,1,0.9375,0.9479166865348816,0.9583333134651184,1.0,0.0194992285807709,0.8828125
7,9,IDLGated,one_shot_4,one_shot,1,0.8958333134651184,0.6979166865348816,0.6979166865348816,0.010986942797899246,0.014897126886247083,0.955078125
7,10,MLP,recurring_3,recurring,2,0.9895833134651184,0.15625,0.0,1.0,0.0,0.720703125
7,10,ChevronSlow,recurring_3,recurring,2,0.9895833134651184,0.15625,0.3854166567325592,1.0,0.03312221581300479,0.85546875
7,10,IDLGated,recurring_3,recurring,2,0.9895833134651184,0.0,0.0,0.18242552876472473,0.052824619131212766,0.9453125
7,11,MLP,one_shot_10,one_shot,1,1.0,0.3958333432674408,0.0,1.0,0.0,0.78515625
7,11,ChevronSlow,one_shot_10,one_shot,1,1.0,0.4791666567325592,0.7291666865348816,1.0,0.024087089697534213,0.859375
7,11,IDLGated,one_shot_10,one_shot,1,0.9791666865348816,0.1354166716337204,0.1354166716337204,0.010986942797899246,0.04295276597691969,0.9453125
7,12,MLP,recurring_0,recurring,3,1.0,0.8645833134651184,0.0,1.0,0.0,0.73046875
7,12,ChevronSlow,recurring_0,recurring,3,0.96875,0.4375,0.5729166865348816,1.0,0.013766084086502695,0.8359375
7,12,IDLGated,recurring_0,recurring,3,0.8229166865348816,0.0,0.03125,0.8175744414329529,0.046487457927359734,0.9140625
7,13,MLP,one_shot_14,one_shot,1,1.0,0.6354166865348816,0.0,1.0,0.0,0.728515625
7,13,ChevronSlow,one_shot_14,one_shot,1,1.0,0.4166666567325592,0.5729166865348816,1.0,0.030018518784129047,0.828125
7,13,IDLGated,one_shot_14,one_shot,1,0.9791666865348816,0.0,0.0,0.010986942797899246,0.04848240320493659,0.9140625
7,14,MLP,recurring_1,recurring,4,1.0,1.0,0.0,1.0,0.0,0.7421875
7,14,ChevronSlow,recurring_1,recurring,4,1.0,0.65625,0.8333333134651184,1.0,0.025218043546442286,0.83203125
7,14,IDLGated,recurring_1,recurring,4,1.0,0.1666666716337204,0.4166666567325592,0.9890130758285522,0.040699167470315094,0.91015625
7,15,MLP,recurring_1,recurring,5,1.0,1.0,0.0,1.0,0.0,0.73828125
7,15,ChevronSlow,recurring_1,recurring,5,1.0,0.8333333134651184,0.9270833134651184,1.0,0.011877380715285588,0.802734375
7,15,IDLGated,recurring_1,recurring,5,1.0,0.4583333432674408,0.59375,0.9994471669197083,0.023704324463454746,0.87109375
7,16,MLP,one_shot_11,one_shot,1,1.0,0.4791666567325592,0.0,1.0,0.0,0.765625
7,16,ChevronSlow,one_shot_11,one_shot,1,1.0,0.4895833432674408,0.71875,1.0,0.03152349201893546,0.861328125
7,16,IDLGated,one_shot_11,one_shot,1,1.0,0.6354166865348816,0.6354166865348816,0.010986942797899246,0.03449349153961054,0.873046875
7,17,MLP,one_shot_3,one_shot,1,0.96875,0.96875,0.0,1.0,0.0,0.771484375
7,17,ChevronSlow,one_shot_3,one_shot,1,0.96875,0.6145833134651184,0.7604166865348816,1.0,0.01777615213598647,0.853515625
7,17,IDLGated,one_shot_3,one_shot,1,0.9583333134651184,0.4583333432674408,0.46875,0.010986942797899246,0.032718771842766094,0.873046875
7,18,MLP,recurring_1,recurring,6,1.0,0.2395833283662796,0.0,1.0,0.0,0.73828125
7,18,ChevronSlow,recurring_1,recurring,6,1.0,0.3125,0.5729166865348816,1.0,0.027810820578241583,0.84765625
7,18,IDLGated,recurring_1,recurring,6,0.9895833134651184,0.5416666865348816,0.6666666865348816,0.9999724626541138,0.03260211637353464,0.857421875
7,19,MLP,recurring_3,recurring,3,0.9375,0.1145833358168602,0.0,1.0,0.0,0.6328125
7,19,ChevronSlow,recurring_3,recurring,3,0.8541666865348816,0.0833333358168602,0.2916666567325592,1.0,0.020390696383685757,0.81640625
7,19,IDLGated,recurring_3,recurring,3,0.7604166865348816,0.0,0.1041666641831398,0.8175744414329529,0.035832629031706094,0.859375
7,20,MLP,one_shot_1,one_shot,1,1.0,0.875,0.0,1.0,0.0,0.587890625
7,20,ChevronSlow,one_shot_1,one_shot,1,1.0,0.2395833283662796,0.5,1.0,0.026867780654377827,0.802734375
7,20,IDLGated,one_shot_1,one_shot,1,0.9791666865348816,0.02083333395421505,0.02083333395421505,0.010986942797899246,0.04595288807877568,0.859375
7,21,MLP,one_shot_15,one_shot,1,1.0,1.0,0.0,1.0,0.0,0.884765625
7,21,ChevronSlow,one_shot_15,one_shot,1,0.96875,1.0,1.0,1.0,0.009256076686348397,0.857421875
7,21,IDLGated,one_shot_15,one_shot,1,0.84375,1.0,1.0,0.010986942797899246,0.010276222280590611,0.859375
7,22,MLP,recurring_3,recurring,4,0.9375,0.21875,0.0,1.0,0.0,0.70703125
7,22,ChevronSlow,recurring_3,recurring,4,0.8125,0.28125,0.4375,1.0,0.016481108648037115,0.8359375
7,22,IDLGated,recurring_3,recurring,4,0.7083333134651184,0.1458333283662796,0.3125,0.9890130758285522,0.0275860098913534,0.837890625
7,23,MLP,recurring_3,recurring,5,1.0,0.9270833134651184,0.0,1.0,0.0,0.669921875
7,23,ChevronSlow,recurring_3,recurring,5,1.0,0.4479166567325592,0.65625,1.0,0.013232100383350162,0.79296875
7,23,IDLGated,recurring_3,recurring,5,0.9270833134651184,0.2604166567325592,0.4583333432674408,0.9994471669197083,0.024286075471071568,0.80859375
7,24,MLP,recurring_0,recurring,4,0.875,0.875,0.0,1.0,0.0,0.724609375
7,24,ChevronSlow,recurring_0,recurring,4,0.9375,0.5416666865348816,0.6666666865348816,1.0,0.012999231632137469,0.794921875
7,24,IDLGated,recurring_0,recurring,4,0.90625,0.4479166567325592,0.5833333134651184,0.9890130758285522,0.024126930373251622,0.814453125
7,25,MLP,recurring_0,recurring,5,1.0,0.9166666865348816,0.0,1.0,0.0,0.70703125
7,25,ChevronSlow,recurring_0,recurring,5,1.0,0.65625,0.8854166865348816,1.0,0.010390253420712068,0.798828125
7,25,IDLGated,recurring_0,recurring,5,1.0,0.5,0.6666666865348816,0.9994471669197083,0.018955437716825566,0.80078125
7,26,MLP,recurring_3,recurring,6,1.0,0.6979166865348816,0.0,1.0,0.0,0.62890625
7,26,ChevronSlow,recurring_3,recurring,6,0.9895833134651184,0.5520833134651184,0.65625,1.0,0.016448522966048103,0.767578125
7,26,IDLGated,recurring_3,recurring,6,0.9166666865348816,0.4375,0.5416666865348816,0.9999724626541138,0.023434258087899465,0.791015625
7,27,MLP,recurring_0,recurring,6,1.0,1.0,0.0,1.0,0.0,0.69140625
7,27,ChevronSlow,recurring_0,recurring,6,1.0,0.6354166865348816,0.7916666865348816,1.0,0.012929138003081877,0.775390625
7,27,IDLGated,recurring_0,recurring,6,1.0,0.46875,0.6458333134651184,0.9999724626541138,0.016139802420359003,0.791015625
7,28,MLP,one_shot_8,one_shot,1,1.0,0.7083333134651184,0.0,1.0,0.0,0.703125
7,28,ChevronSlow,one_shot_8,one_shot,1,1.0,0.5729166865348816,0.7604166865348816,1.0,0.01446905338336288,0.783203125
7,28,IDLGated,one_shot_8,one_shot,1,0.9895833134651184,0.5520833134651184,0.5520833134651184,0.010986942797899246,0.01434066501012154,0.791015625
7,29,MLP,recurring_3,recurring,7,1.0,0.9791666865348816,0.0,1.0,0.0,0.705078125
7,29,ChevronSlow,recurring_3,recurring,7,1.0,0.7395833134651184,0.8645833134651184,1.0,0.01622244929539729,0.7578125
7,29,IDLGated,recurring_3,recurring,7,1.0,0.5520833134651184,0.75,0.9999985694885254,0.022091666411494994,0.779296875
7,30,MLP,recurring_0,recurring,7,1.0,0.6875,0.0,1.0,0.0,0.595703125
7,30,ChevronSlow,recurring_0,recurring,7,1.0,0.6041666865348816,0.7395833134651184,1.0,0.010661164882053032,0.74609375
7,30,IDLGated,recurring_0,recurring,7,0.96875,0.6354166865348816,0.7604166865348816,0.9999985694885254,0.01149361212680298,0.751953125
7,31,MLP,recurring_0,recurring,8,1.0,1.0,0.0,1.0,0.0,0.673828125
7,31,ChevronSlow,recurring_0,recurring,8,0.9791666865348816,0.7291666865348816,0.875,1.0,0.02057116692103866,0.791015625
7,31,IDLGated,recurring_0,recurring,8,0.90625,0.7708333134651184,0.8229166865348816,0.9999998807907104,0.02145036083367155,0.798828125
7,32,MLP,recurring_1,recurring,7,0.9375,0.5416666865348816,0.0,1.0,0.0,0.716796875
7,32,ChevronSlow,recurring_1,recurring,7,0.9166666865348816,0.4270833432674408,0.5104166865348816,1.0,0.01667015993755071,0.8125
7,32,IDLGated,recurring_1,recurring,7,0.8854166865348816,0.4583333432674408,0.5104166865348816,0.9999985694885254,0.01853074255430849,0.814453125
7,33,MLP,recurring_3,recurring,8,0.9479166865348816,0.5520833134651184,0.0,1.0,0.0,0.669921875
7,33,ChevronSlow,recurring_3,recurring,8,0.8854166865348816,0.3645833432674408,0.5520833134651184,1.0,0.015839780932316194,0.80859375
7,33,IDLGated,recurring_3,recurring,8,0.8645833134651184,0.2395833283662796,0.5,0.9999998807907104,0.018947027401687078,0.8046875
7,34,MLP,recurring_2,recurring,1,1.0,1.0,0.0,1.0,0.0,0.876953125
7,34,ChevronSlow,recurring_2,recurring,1,1.0,1.0,1.0,1.0,0.01117071681899207,0.86328125
7,34,IDLGated,recurring_2,recurring,1,0.9791666865348816,1.0,1.0,0.010986942797899246,0.012701301189854136,0.8046875
7,35,MLP,one_shot_0,one_shot,1,1.0,0.0,0.0,1.0,0.0,0.537109375
7,35,ChevronSlow,one_shot_0,one_shot,1,1.0,0.0,0.2083333283662796,1.0,0.02148481162988002,0.787109375
7,35,IDLGated,one_shot_0,one_shot,1,1.0,0.0520833320915699,0.0520833320915699,0.010986942797899246,0.02184588107829199,0.8046875
7,36,MLP,recurring_2,recurring,2,1.0,1.0,0.0,1.0,0.0,0.708984375
7,36,ChevronSlow,recurring_2,recurring,2,1.0,1.0,1.0,1.0,0.013208263247802257,0.8046875
7,36,IDLGated,recurring_2,recurring,2,1.0,1.0,1.0,0.18242552876472473,0.01217103025861112,0.81640625
7,37,MLP,recurring_2,recurring,3,1.0,1.0,0.0,1.0,0.0,0.857421875
7,37,ChevronSlow,recurring_2,recurring,3,1.0,1.0,1.0,1.0,0.009753000654346583,0.857421875
7,37,IDLGated,recurring_2,recurring,3,1.0,1.0,1.0,0.8175744414329529,0.01239716028542821,0.853515625
7,38,MLP,recurring_3,recurring,9,0.9895833134651184,0.1979166716337204,0.0,1.0,0.0,0.6796875
7,38,ChevronSlow,recurring_3,recurring,9,0.9895833134651184,0.3020833432674408,0.5104166865348816,1.0,0.013400558287128257,0.830078125
7,38,IDLGated,recurring_3,recurring,9,0.9583333134651184,0.2708333432674408,0.4791666567325592,1.0,0.016126399912042223,0.830078125
7,39,MLP,one_shot_7,one_shot,1,1.0,1.0,0.0,1.0,0.0,0.607421875
7,39,ChevronSlow,one_shot_7,one_shot,1,1.0,0.5520833134651184,0.8020833134651184,1.0,0.014166133290179898,0.77734375
7,39,IDLGated,one_shot_7,one_shot,1,1.0,0.5104166865348816,0.5104166865348816,0.010986942797899246,0.016699854887857614,0.830078125
7,40,MLP,recurring_0,recurring,9,1.0,0.96875,0.0,1.0,0.0,0.7109375
7,40,ChevronSlow,recurring_0,recurring,9,1.0,0.6458333134651184,0.875,1.0,0.014030915302522212,0.775390625
7,40,IDLGated,recurring_0,recurring,9,1.0,0.5104166865348816,0.71875,1.0,0.012523352462319304,0.810546875
7,41,MLP,recurring_2,recurring,4,1.0,1.0,0.0,1.0,0.0,0.8203125
7,41,ChevronSlow,recurring_2,recurring,4,1.0,1.0,1.0,1.0,0.005884040017570522,0.818359375
7,41,IDLGated,recurring_2,recurring,4,1.0,1.0,1.0,0.9890130758285522,0.0064450923744054775,0.837890625
7,42,MLP,recurring_0,recurring,10,1.0,0.6666666865348816,0.0,1.0,0.0,0.650390625
7,42,ChevronSlow,recurring_0,recurring,10,1.0,0.6979166865348816,0.9166666865348816,1.0,0.010142137267622267,0.7734375
7,42,IDLGated,recurring_0,recurring,10,1.0,0.5416666865348816,0.8020833134651184,1.0,0.011359769817615585,0.794921875
7,43,MLP,recurring_2,recurring,5,1.0,1.0,0.0,1.0,0.0,0.900390625
7,43,ChevronSlow,recurring_2,recurring,5,1.0,1.0,1.0,1.0,0.014985699442732765,0.83984375
7,43,IDLGated,recurring_2,recurring,5,0.9270833134651184,1.0,1.0,0.9994471669197083,0.014731422289076883,0.849609375
7,44,MLP,recurring_2,recurring,6,1.0,1.0,0.0,1.0,0.0,0.875
7,44,ChevronSlow,recurring_2,recurring,6,1.0,1.0,1.0,1.0,0.007458702748970648,0.859375
7,44,IDLGated,recurring_2,recurring,6,1.0,1.0,1.0,0.9999724626541138,0.007077781718879007,0.865234375
7,45,MLP,recurring_1,recurring,8,1.0,0.3125,0.0,1.0,0.0,0.71875
7,45,ChevronSlow,recurring_1,recurring,8,1.0,0.34375,0.5833333134651184,1.0,0.014341504583271807,0.8203125
7,45,IDLGated,recurring_1,recurring,8,1.0,0.34375,0.5625,0.9999998807907104,0.015013720036244453,0.845703125
7,46,MLP,recurring_2,recurring,7,1.0,1.0,0.0,1.0,0.0,0.853515625
7,46,ChevronSlow,recurring_2,recurring,7,1.0,1.0,1.0,1.0,0.006447301337555682,0.845703125
7,46,IDLGated,recurring_2,recurring,7,1.0,1.0,1.0,0.9999985694885254,0.006621047735882278,0.869140625
7,47,MLP,recurring_2,recurring,8,1.0,1.0,0.0,1.0,0.0,0.86328125
7,47,ChevronSlow,recurring_2,recurring,8,1.0,1.0,1.0,1.0,0.008056660915398469,0.86328125
7,47,IDLGated,recurring_2,recurring,8,1.0,1.0,1.0,0.9999998807907104,0.008240492903590496,0.875
7,48,MLP,recurring_2,recurring,9,1.0,1.0,0.0,1.0,0.0,0.908203125
7,48,ChevronSlow,recurring_2,recurring,9,1.0,1.0,1.0,1.0,0.007205119703746401,0.892578125
7,48,IDLGated,recurring_2,recurring,9,0.9895833134651184,1.0,1.0,1.0,0.007465015555626272,0.896484375
7,49,MLP,recurring_3,recurring,10,1.0,0.125,0.0,1.0,0.0,0.6796875
7,49,ChevronSlow,recurring_3,recurring,10,1.0,0.125,0.3854166567325592,1.0,0.02096912417574832,0.86328125
7,49,IDLGated,recurring_3,recurring,10,1.0,0.1041666641831398,0.3333333432674408,1.0,0.022667669124027904,0.85546875
7,50,MLP,recurring_2,recurring,10,1.0,1.0,0.0,1.0,0.0,0.7890625
7,50,ChevronSlow,recurring_2,recurring,10,1.0,1.0,1.0,1.0,0.005537088281837712,0.849609375
7,50,IDLGated,recurring_2,recurring,10,1.0,1.0,1.0,1.0,0.004516525520226613,0.85546875
7,51,MLP,one_shot_5,one_shot,1,0.9895833134651184,0.5625,0.0,1.0,0.0,0.72265625
7,51,ChevronSlow,one_shot_5,one_shot,1,1.0,0.40625,0.5416666865348816,1.0,0.01845236973540669,0.833984375
7,51,IDLGated,one_shot_5,one_shot,1,1.0,0.3645833432674408,0.3645833432674408,0.010986942797899246,0.020055480632449347,0.85546875
7,52,MLP,recurring_1,recurring,9,0.7395833134651184,0.21875,0.0,1.0,0.0,0.77734375
7,52,ChevronSlow,recurring_1,recurring,9,0.8541666865348816,0.2395833283662796,0.4583333432674408,1.0,0.0218270503478324,0.8515625
7,52,IDLGated,recurring_1,recurring,9,0.8645833134651184,0.4479166567325592,0.5625,1.0,0.01838619643861655,0.84765625
7,53,MLP,recurring_1,recurring,10,0.9479166865348816,0.8125,0.0,1.0,0.0,0.732421875
7,53,ChevronSlow,recurring_1,recurring,10,0.9479166865348816,0.3645833432674408,0.5520833134651184,1.0,0.011809356381694499,0.810546875
7,53,IDLGated,recurring_1,recurring,10,0.9479166865348816,0.4895833432674408,0.6666666865348816,1.0,0.010027705831074284,0.82421875
7,54,MLP,one_shot_13,one_shot,1,1.0,0.7916666865348816,0.0,1.0,0.0,0.65234375
7,54,ChevronSlow,one_shot_13,one_shot,1,1.0,0.7395833134651184,0.8541666865348816,1.0,0.008207994900638177,0.7890625
7,54,IDLGated,one_shot_13,one_shot,1,1.0,0.6354166865348816,0.6354166865348816,0.010986942797899246,0.010474963971821643,0.822265625
7,55,MLP,one_shot_2,one_shot,1,1.0,0.6041666865348816,0.0,1.0,0.0,0.751953125
7,55,ChevronSlow,one_shot_2,one_shot,1,1.0,0.2916666567325592,0.6041666865348816,1.0,0.030608692601985763,0.802734375
7,55,IDLGated,one_shot_2,one_shot,1,1.0,0.2395833283662796,0.2395833283662796,0.010986942797899246,0.031051744041609545,0.82421875
