seed,step,return_step,phase,model,combined_task1,combined_task2,a_channel_task1,a_channel_task2,n_channel_task1,n_channel_task2,rho,persistence,a_n_distance
0,0,0,task1_initial,MLP,0.72998046875,0.3642578125,0.0,0.0,0.0,0.0,1.0,0.0,0.0
0,0,0,task1_initial,ChevronSlow,0.52392578125,0.3720703125,0.52392578125,0.3720703125,0.52392578125,0.3720703125,1.0,0.0,0.0
0,0,0,task1_initial,IDLGated,0.47607421875,0.6279296875,0.47607421875,0.6279296875,0.47607421875,0.6279296875,1.0,0.0,0.0
0,10,0,task1_initial,MLP,0.849609375,0.3056640625,0.0,0.0,0.0,0.0,1.0,0.0,0.0
0,10,0,task1_initial,ChevronSlow,0.66357421875,0.29931640625,0.72216796875,0.27099609375,0.5263671875,0.36962890625,1.0,0.00038861182870612127,0.020816765458097686
0,10,0,task1_initial,IDLGated,0.8271484375,0.36669921875,0.7890625,0.388671875,0.47607421875,0.6279296875,0.0003680515510495752,0.0005945689832603635,0.022282766465784896
0,20,0,task1_initial,MLP,0.896484375,0.275390625,0.0,0.0,0.0,0.0,1.0,0.0,0.0
0,20,0,task1_initial,ChevronSlow,0.88623046875,0.21435546875,0.9296875,0.2001953125,0.67529296875,0.27734375,1.0,0.003062099255592464,0.04189700809167091
0,20,0,task1_initial,IDLGated,0.8671875,0.31640625,0.8525390625,0.32763671875,0.7333984375,0.36669921875,0.0003943330666515976,0.003730902576564252,0.040233681528292875
0,30,0,task1_initial,MLP,0.919921875,0.2373046875,0.0,0.0,0.0,0.0,1.0,0.0,0.0
0,30,0,task1_initial,ChevronSlow,0.9326171875,0.19873046875,0.93359375,0.2021484375,0.80322265625,0.2333984375,1.0,0.010733541671613401,0.06357785271105519
0,30,0,task1_initial,IDLGated,0.90478515625,0.27099609375,0.90087890625,0.27783203125,0.798828125,0.3046875,0.00045867630979046226,0.010604221834818569,0.06049670092617667
0,40,0,task1_initial,MLP,0.9169921875,0.22216796875,0.0,0.0,0.0,0.0,1.0,0.0,0.0
0,40,0,task1_initial,ChevronSlow,0.9296875,0.2021484375,0.93408203125,0.208984375,0.86181640625,0.22607421875,1.0,0.02610141145854195,0.08367142269995838
0,40,0,task1_initial,IDLGated,0.91650390625,0.25634765625,0.91015625,0.25732421875,0.85107421875,0.265625,0.0006068358197808266,0.023334299540443807,0.0823677152443251
0,50,0,task1_initial,MLP,0.92138671875,0.22265625,0.0,0.0,0.0,0.0,1.0,0.0,0.0
0,50,0,task1_initial,ChevronSlow,0.9267578125,0.21826171875,0.92822265625,0.21435546875,0.9013671875,0.23681640625,1.0,0.052228490515034,0.10099171254684751
0,50,0,task1_initial,IDLGated,0.919921875,0.2431640625,0.9208984375,0.240234375,0.88671875,0.25244140625,0.000991128501482308,0.045651152878571244,0.1024801603764725
0,60,0,task1_initial,MLP,0.92578125,0.23095703125,0.0,0.0,0.0,0.0,1.0,0.0,0.0
0,60,0,task1_initial,ChevronSlow,0.92919921875,0.22802734375,0.9287109375,0.22705078125,0.90185546875,0.2451171875,1.0,0.08982666148499562,0.11305092730470119
0,60,0,task1_initial,IDLGated,0.92431640625,0.2412109375,0.9248046875,0.24072265625,0.91455078125,0.25732421875,0.0020945121068507433,0.07971189989929532,0.11745176081562317
0,70,0,task1_initial,MLP,0.923828125,0.23095703125,0.0,0.0,0.0,0.0,1.0,0.0,0.0
0,70,0,task1_initial,ChevronSlow,0.927734375,0.22705078125,0.92724609375,0.2294921875,0.91357421875,0.2490234375,1.0,0.13917501580339459,0.12084857913546652
0,70,0,task1_initial,IDLGated,0.92822265625,0.2265625,0.9296875,0.2265625,0.9169921875,0.25341796875,0.00591330835595727,0.12706276452908694,0.1278019121516
0,80,0,task1_initial,MLP,0.92431640625,0.22998046875,0.0,0.0,0.0,0.0,1.0,0.0,0.0
0,80,0,task1_initial,ChevronSlow,0.93115234375,0.22412109375,0.92919921875,0.22119140625,0.92431640625,0.236328125,1.0,0.19673759017955025,0.1274381929730086
0,80,0,task1_initial,IDLGated,0.931640625,0.22265625,0.92919921875,0.2197265625,0.916015625,0.24951171875,0.02071886882185936,0.18473754381163268,0.1361703351135043
0,90,0,task1_initial,MLP,0.9248046875,0.23095703125,0.0,0.0,0.0,0.0,1.0,0.0,0.0
0,90,0,task1_initial,ChevronSlow,0.9296875,0.224609375,0.931640625,0.2255859375,0.92578125,0.23876953125,1.0,0.2600169370762991,0.13050164663747874
0,90,0,task1_initial,IDLGated,0.9287109375,0.224609375,0.93017578125,0.22314453125,0.9169921875,0.2529296875,0.08256276696920395,0.25054430808127137,0.1401763751449635
0,100,0,task1_initial,MLP,0.931640625,0.21826171875,0.0,0.0,0.0,0.0,1.0,0.0,0.0
0,100,0,task1_initial,ChevronSlow,0.93505859375,0.205078125,0.935546875,0.201171875,0.9267578125,0.22607421875,1.0,0.3271929278732113,0.1334198147783253
0,100,0,task1_initial,IDLGated,0.9345703125,0.20556640625,0.9345703125,0.20263671875,0.9228515625,0.240234375,0.3043067157268524,0.3224148705047927,0.14273269765242783
0,110,0,task1_initial,MLP,0.93212890625,0.19677734375,0.0,0.0,0.0,0.0,1.0,0.0,0.0
0,110,0,task1_initial,ChevronSlow,0.939453125,0.18896484375,0.93994140625,0.18798828125,0.93310546875,0.21533203125,1.0,0.3957931412414488,0.13517387808345113
0,110,0,task1_initial,IDLGated,0.93994140625,0.1884765625,0.9404296875,0.1875,0.92626953125,0.2314453125,0.6947182416915894,0.39737596063047137,0.1441959100986498
0,120,0,task1_initial,MLP,0.93408203125,0.19921875,0.0,0.0,0.0,0.0,1.0,0.0,0.0
0,120,0,task1_initial,ChevronSlow,0.939453125,0.19970703125,0.94091796875,0.19970703125,0.93359375,0.21630859375,1.0,0.4641408678152409,0.13569550320916576
0,120,0,task1_initial,IDLGated,0.93798828125,0.2001953125,0.939453125,0.19775390625,0.9248046875,0.23681640625,0.9236065149307251,0.47329036379322587,0.14476065521802428
0,130,0,task1_initial,MLP,0.92919921875,0.220703125,0.0,0.0,0.0,0.0,1.0,0.0,0.0
0,130,0,task1_initial,ChevronSlow,0.93603515625,0.21923828125,0.9365234375,0.21923828125,0.9287109375,0.23046875,1.0,0.5301163631829904,0.136272232736112
0,130,0,task1_initial,IDLGated,0.93408203125,0.21875,0.9365234375,0.21875,0.9189453125,0.24951171875,0.9840971231460571,0.5475101442786984,0.14520499444745547
0,140,0,task1_initial,MLP,0.93017578125,0.224609375,0.0,0.0,0.0,0.0,1.0,0.0,0.0
0,140,0,task1_initial,ChevronSlow,0.9365234375,0.21826171875,0.9375,0.2158203125,0.92919921875,0.228515625,1.0,0.5935021325067105,0.13537150361567257
0,140,0,task1_initial,IDLGated,0.93798828125,0.21728515625,0.939453125,0.21484375,0.9208984375,0.248046875,0.996698260307312,0.619545621931314,0.14357583571327817
0,150,0,task1_initial,MLP,0.931640625,0.22314453125,0.0,0.0,0.0,0.0,1.0,0.0,0.0
0,150,0,task1_initial,ChevronSlow,0.939453125,0.21337890625,0.94189453125,0.2119140625,0.9306640625,0.2275390625,1.0,0.6531150197925712,0.13380591442294384
0,150,0,task1_initial,IDLGated,0.93994140625,0.21142578125,0.9404296875,0.20849609375,0.92333984375,0.24609375,0.9992621541023254,0.6877753065039778,0.1412160722571023
0,160,0,task1_initial,MLP,0.93359375,0.212890625,0.0,0.0,0.0,0.0,1.0,0.0,0.0
0,160,0,task1_initial,ChevronSlow,0.9423828125,0.20361328125,0.9462890625,0.20068359375,0.93408203125,0.22119140625,1.0,0.7087951720381883,0.1335742189751629
0,160,0,task1_initial,IDLGated,0.94287109375,0.203125,0.943359375,0.1953125,0.92431640625,0.23974609375,0.9998195767402649,0.7518071828857692,0.14032615299481865
0,170,0,task1_initial,MLP,0.93408203125,0.2021484375,0.0,0.0,0.0,0.0,1.0,0.0,0.0
0,170,0,task1_initial,ChevronSlow,0.94677734375,0.201171875,0.94921875,0.20068359375,0.93408203125,0.2177734375,1.0,0.7602371087972621,0.1338451728076683
0,170,0,task1_initial,IDLGated,0.94677734375,0.2001953125,0.947265625,0.19384765625,0.92626953125,0.23681640625,0.9999512434005737,0.81125052512867,0.14033353901000606
0,180,0,task1_initial,MLP,0.93603515625,0.20068359375,0.0,0.0,0.0,0.0,1.0,0.0,0.0
0,180,0,task1_initial,ChevronSlow,0.94873046875,0.2001953125,0.9501953125,0.19873046875,0.93603515625,0.21435546875,1.0,0.8075506012687808,0.13424612237113345
0,180,0,task1_initial,IDLGated,0.9482421875,0.19921875,0.94970703125,0.19287109375,0.9287109375,0.2333984375,0.9999854564666748,0.8662150442948219,0.14029840279149788
0,190,0,task1_initial,MLP,0.93701171875,0.21240234375,0.0,0.0,0.0,0.0,1.0,0.0,0.0
0,190,0,task1_initial,ChevronSlow,0.94580078125,0.205078125,0.947265625,0.20263671875,0.93798828125,0.22216796875,1.0,0.85087206105527,0.13397788329321686
0,190,0,task1_initial,IDLGated,0.9453125,0.2060546875,0.947265625,0.2001953125,0.92919921875,0.24365234375,0.999995231628418,0.9168342964173559,0.1396474492522749
0,200,0,task1_initial,MLP,0.93603515625,0.2158203125,0.0,0.0,0.0,0.0,1.0,0.0,0.0
0,200,0,task1_initial,ChevronSlow,0.94873046875,0.2138671875,0.9521484375,0.21484375,0.9375,0.22509765625,1.0,0.8899450981401947,0.1322273603272476
0,200,0,task1_initial,IDLGated,0.94921875,0.2099609375,0.95068359375,0.20751953125,0.9296875,0.24658203125,0.9999982118606567,0.9625778301504048,0.13774349558566187
0,210,0,task1_initial,MLP,0.9384765625,0.203125,0.0,0.0,0.0,0.0,1.0,0.0,0.0
0,210,0,task1_initial,ChevronSlow,0.9541015625,0.19775390625,0.95361328125,0.1953125,0.939453125,0.21630859375,1.0,0.924112948355658,0.1317836806524565
0,210,0,task1_initial,IDLGated,0.95361328125,0.19482421875,0.95703125,0.18603515625,0.93408203125,0.234375,0.9999992847442627,1.002587304608158,0.13675644841321286
0,220,0,task1_initial,MLP,0.9404296875,0.197265625,0.0,0.0,0.0,0.0,1.0,0.0,0.0
0,220,0,task1_initial,ChevronSlow,0.95458984375,0.19140625,0.9560546875,0.18505859375,0.94140625,0.21484375,1.0,0.9527320274320272,0.13071983635307563
0,220,0,task1_initial,IDLGated,0.95458984375,0.19140625,0.95458984375,0.18408203125,0.93603515625,0.2353515625,0.9999996423721313,1.0364059213060937,0.13489463594599743
0,230,0,task1_initial,MLP,0.9404296875,0.20947265625,0.0,0.0,0.0,0.0,1.0,0.0,0.0
0,230,0,task1_initial,ChevronSlow,0.95703125,0.20703125,0.96044921875,0.205078125,0.9384765625,0.2265625,1.0,0.9765351681449266,0.1297749740385791
0,230,0,task1_initial,IDLGated,0.95654296875,0.2080078125,0.9580078125,0.201171875,0.9287109375,0.2431640625,0.9999997615814209,1.0647202678761496,0.13395951124606
0,240,0,task1_initial,MLP,0.93994140625,0.2099609375,0.0,0.0,0.0,0.0,1.0,0.0,0.0
0,240,0,task1_initial,ChevronSlow,0.95947265625,0.2021484375,0.96240234375,0.19970703125,0.93994140625,0.220703125,1.0,0.9955803004251238,0.13039185282007953
0,240,0,task1_initial,IDLGated,0.9580078125,0.201171875,0.96240234375,0.19677734375,0.93408203125,0.23828125,0.9999998807907104,1.0876405772543674,0.13444354712685616
0,250,0,task1_initial,MLP,0.94091796875,0.20068359375,0.0,0.0,0.0,0.0,1.0,0.0,0.0
0,250,0,task1_initial,ChevronSlow,0.96240234375,0.19287109375,0.96533203125,0.18701171875,0.9443359375,0.2109375,1.0,1.0108268935809752,0.13164066809120295
0,250,0,task1_initial,IDLGated,0.962890625,0.189453125,0.96533203125,0.18212890625,0.939453125,0.228515625,0.9999998807907104,1.1060902601165787,0.13562952733993883
0,260,0,task1_initial,MLP,0.943359375,0.2080078125,0.0,0.0,0.0,0.0,1.0,0.0,0.0
0,260,0,task1_initial,ChevronSlow,0.962890625,0.2021484375,0.9658203125,0.19970703125,0.9462890625,0.21630859375,1.0,1.0227011409319233,0.13139788270762562
0,260,0,task1_initial,IDLGated,0.96240234375,0.20166015625,0.96435546875,0.19677734375,0.9375,0.2353515625,1.0,1.1205298828051775,0.13562582208605028
0,270,0,task1_initial,MLP,0.943359375,0.20068359375,0.0,0.0,0.0,0.0,1.0,0.0,0.0
0,270,0,task1_initial,ChevronSlow,0.96337890625,0.1962890625,0.96630859375,0.193359375,0.94384765625,0.21435546875,1.0,1.0317514786076887,0.131350407963857
0,270,0,task1_initial,IDLGated,0.962890625,0.1953125,0.966796875,0.1904296875,0.93896484375,0.22900390625,1.0,1.1316519970729353,0.1352009131465857
0,280,0,task1_initial,MLP,0.94482421875,0.19921875,0.0,0.0,0.0,0.0,1.0,0.0,0.0
0,280,0,task1_initial,ChevronSlow,0.9658203125,0.19482421875,0.96875,0.1923828125,0.9482421875,0.2109375,1.0,1.0379527567741071,0.13142381161264086
0,280,0,task1_initial,IDLGated,0.96484375,0.193359375,0.966796875,0.18896484375,0.943359375,0.2255859375,1.0,1.1395510852434934,0.13526820275448115
0,290,0,task1_initial,MLP,0.943359375,0.21044921875,0.0,0.0,0.0,0.0,1.0,0.0,0.0
0,290,0,task1_initial,ChevronSlow,0.966796875,0.208984375,0.970703125,0.2041015625,0.94775390625,0.21630859375,1.0,1.0418044891417415,0.1302664925743029
0,290,0,task1_initial,IDLGated,0.96728515625,0.20654296875,0.9716796875,0.19921875,0.939453125,0.23095703125,1.0,1.1447830460019435,0.13430326064588893
0,300,0,task1_initial,MLP,0.9482421875,0.20458984375,0.0,0.0,0.0,0.0,1.0,0.0,0.0
0,300,0,task1_initial,ChevronSlow,0.97021484375,0.1953125,0.9716796875,0.1943359375,0.95068359375,0.2080078125,1.0,1.0434883398619603,0.12980783357100656
0,300,0,task1_initial,IDLGated,0.9697265625,0.1953125,0.97314453125,0.19140625,0.94580078125,0.22119140625,1.0,1.1473835921720001,0.13368421136011904
0,310,0,task1_initial,MLP,0.9501953125,0.20849609375,0.0,0.0,0.0,0.0,1.0,0.0,0.0
0,310,0,task1_initial,ChevronSlow,0.970703125,0.1962890625,0.9755859375,0.19384765625,0.95361328125,0.20849609375,1.0,1.0436821419067412,0.12952349658416
0,310,0,task1_initial,IDLGated,0.9736328125,0.19677734375,0.97412109375,0.1923828125,0.94580078125,0.22265625,1.0,1.148160119818612,0.133134663260184
0,320,0,task1_initial,MLP,0.9453125,0.208984375,0.0,0.0,0.0,0.0,1.0,0.0,0.0
0,320,0,task1_initial,ChevronSlow,0.9716796875,0.205078125,0.97509765625,0.20166015625,0.9541015625,0.21044921875,1.0,1.0422339557704712,0.12858820016225903
0,320,0,task1_initial,IDLGated,0.97216796875,0.20458984375,0.97509765625,0.19775390625,0.94677734375,0.22412109375,1.0,1.146828828510619,0.1321260818582579
0,330,0,task1_initial,MLP,0.953125,0.20849609375,0.0,0.0,0.0,0.0,1.0,0.0,0.0
0,330,0,task1_initial,ChevronSlow,0.97607421875,0.19873046875,0.97509765625,0.197265625,0.9580078125,0.20849609375,1.0,1.039501353191608,0.12751729706571177
0,330,0,task1_initial,IDLGated,0.9775390625,0.1962890625,0.97705078125,0.19140625,0.953125,0.22021484375,1.0,1.1439212728728831,0.13122843665036074
0,340,0,task1_initial,MLP,0.95458984375,0.1982421875,0.0,0.0,0.0,0.0,1.0,0.0,0.0
0,340,0,task1_initial,ChevronSlow,0.97509765625,0.18994140625,0.9765625,0.18603515625,0.95703125,0.20263671875,1.0,1.035260351284053,0.12793395787161901
0,340,0,task1_initial,IDLGated,0.9765625,0.19091796875,0.97802734375,0.18310546875,0.95458984375,0.21533203125,1.0,1.1393453190872107,0.1312995163871885
0,350,0,task1_initial,MLP,0.955078125,0.1962890625,0.0,0.0,0.0,0.0,1.0,0.0,0.0
0,350,0,task1_initial,ChevronSlow,0.97607421875,0.19287109375,0.9765625,0.189453125,0.95751953125,0.2041015625,1.0,1.0297397685421552,0.1281185858144099
0,350,0,task1_initial,IDLGated,0.97509765625,0.19482421875,0.97607421875,0.18896484375,0.953125,0.21630859375,1.0,1.1331714888495363,0.1317210852475046
0,360,0,task1_initial,MLP,0.95751953125,0.201171875,0.0,0.0,0.0,0.0,1.0,0.0,0.0
0,360,0,task1_initial,ChevronSlow,0.97998046875,0.19775390625,0.97998046875,0.197265625,0.962890625,0.2080078125,1.0,1.0238883705899544,0.12792989581411784
0,360,0,task1_initial,IDLGated,0.97998046875,0.19677734375,0.9814453125,0.1943359375,0.95849609375,0.21728515625,1.0,1.126411954750692,0.13212672296856903
0,370,0,task1_initial,MLP,0.95751953125,0.20654296875,0.0,0.0,0.0,0.0,1.0,0.0,0.0
0,370,0,task1_initial,ChevronSlow,0.978515625,0.2021484375,0.9794921875,0.19775390625,0.96484375,0.2099609375,1.0,1.0175515133220552,0.12747935263895793
0,370,0,task1_initial,IDLGated,0.9794921875,0.201171875,0.978515625,0.1962890625,0.96337890625,0.21826171875,1.0,1.1191290339100333,0.13182440768176815
0,380,0,task1_initial,MLP,0.9609375,0.20361328125,0.0,0.0,0.0,0.0,1.0,0.0,0.0
0,380,0,task1_initial,ChevronSlow,0.98095703125,0.19873046875,0.98486328125,0.19775390625,0.96533203125,0.20703125,1.0,1.0107886338268197,0.12755937880745508
0,380,0,task1_initial,IDLGated,0.9794921875,0.19970703125,0.986328125,0.1962890625,0.96044921875,0.21435546875,0.9999998807907104,1.1113627422488617,0.13173752980585113
0,390,0,task1_initial,MLP,0.96044921875,0.1982421875,0.0,0.0,0.0,0.0,1.0,0.0,0.0
0,390,0,task1_initial,ChevronSlow,0.9755859375,0.193359375,0.98046875,0.19140625,0.96484375,0.20458984375,1.0,1.0040426763746513,0.12716795790965346
0,390,0,task1_initial,IDLGated,0.9765625,0.19384765625,0.97900390625,0.1904296875,0.9609375,0.2109375,0.9999998807907104,1.1034957559920482,0.13121805026061983
0,400,0,task1_initial,MLP,0.9599609375,0.20263671875,0.0,0.0,0.0,0.0,1.0,0.0,0.0
0,400,0,task1_initial,ChevronSlow,0.97900390625,0.20068359375,0.97998046875,0.19677734375,0.966796875,0.21240234375,1.0,0.9968980471564616,0.12566877156011894
0,400,0,task1_initial,IDLGated,0.97998046875,0.201171875,0.9794921875,0.19482421875,0.966796875,0.21533203125,0.9999998807907104,1.0950068363241923,0.1301199327029578
0,410,0,task1_initial,MLP,0.9599609375,0.20458984375,0.0,0.0,0.0,0.0,1.0,0.0,0.0
0,410,0,task1_initial,ChevronSlow,0.97900390625,0.2041015625,0.9794921875,0.1982421875,0.966796875,0.21240234375,1.0,0.9890626992899672,0.12438025810500021
0,410,0,task1_initial,IDLGated,0.97900390625,0.2041015625,0.9794921875,0.19775390625,0.96630859375,0.21533203125,0.9999998807907104,1.0856267123869958,0.1288324314420601
0,420,0,task1_initial,MLP,0.9658203125,0.19580078125,0.0,0.0,0.0,0.0,1.0,0.0,0.0
0,420,0,task1_initial,ChevronSlow,0.98681640625,0.1904296875,0.984375,0.1875,0.9716796875,0.20458984375,1.0,0.9799002649218698,0.12357173350275272
0,420,0,task1_initial,IDLGated,0.9853515625,0.19189453125,0.982421875,0.18701171875,0.970703125,0.21044921875,0.9999998807907104,1.0748618760863062,0.1276128061219675
0,430,0,task1_initial,MLP,0.96533203125,0.189453125,0.0,0.0,0.0,0.0,1.0,0.0,0.0
0,430,0,task1_initial,ChevronSlow,0.97412109375,0.18359375,0.97509765625,0.17919921875,0.97119140625,0.19921875,1.0,0.9702351300854793,0.12241057865500521
0,430,0,task1_initial,IDLGated,0.97412109375,0.18359375,0.97412109375,0.1787109375,0.97216796875,0.20458984375,0.9999997615814209,1.063456904344483,0.12619964208639847
0,440,0,task1_initial,MLP,0.966796875,0.1904296875,0.0,0.0,0.0,0.0,1.0,0.0,0.0
0,440,0,task1_initial,ChevronSlow,0.98681640625,0.18994140625,0.9853515625,0.18505859375,0.97314453125,0.1982421875,1.0,0.9600126564823392,0.12036929626378685
0,440,0,task1_initial,IDLGated,0.98583984375,0.1904296875,0.98193359375,0.18505859375,0.97314453125,0.2060546875,0.9999997615814209,1.0513833799578922,0.12455225033215023
0,450,0,task1_initial,MLP,0.96923828125,0.18896484375,0.0,0.0,0.0,0.0,1.0,0.0,0.0
0,450,0,task1_initial,ChevronSlow,0.9853515625,0.1875,0.982421875,0.185546875,0.97607421875,0.19580078125,1.0,0.9486334602939492,0.11962408281155922
0,450,0,task1_initial,IDLGated,0.98583984375,0.18798828125,0.9814453125,0.1826171875,0.9755859375,0.19970703125,0.9999996423721313,1.0380906845617472,0.12344229617613076
0,460,0,task1_initial,MLP,0.96826171875,0.189453125,0.0,0.0,0.0,0.0,1.0,0.0,0.0
0,460,0,task1_initial,ChevronSlow,0.97705078125,0.1875,0.97998046875,0.1826171875,0.97265625,0.1962890625,1.0,0.9363439769843802,0.11949772895439877
0,460,0,task1_initial,IDLGated,0.97900390625,0.1884765625,0.97998046875,0.18212890625,0.97412109375,0.203125,0.9999995231628418,1.0236986999259343,0.12330462230889563
0,470,0,task1_initial,MLP,0.97314453125,0.1962890625,0.0,0.0,0.0,0.0,1.0,0.0,0.0
0,470,0,task1_initial,ChevronSlow,0.984375,0.2021484375,0.986328125,0.1982421875,0.97509765625,0.19921875,1.0,0.9231906556011975,0.11783889570382947
0,470,0,task1_initial,IDLGated,0.98583984375,0.20068359375,0.98681640625,0.1982421875,0.9755859375,0.20458984375,0.9999994039535522,1.0082325285101457,0.12233243983700327
0,480,0,task1_initial,MLP,0.96923828125,0.212890625,0.0,0.0,0.0,0.0,1.0,0.0,0.0
0,480,0,task1_initial,ChevronSlow,0.97998046875,0.20849609375,0.97607421875,0.2099609375,0.9755859375,0.20751953125,1.0,0.9090269914871851,0.11702150731984884
0,480,0,task1_initial,IDLGated,0.97998046875,0.208984375,0.97802734375,0.21044921875,0.97314453125,0.208984375,0.9999990463256836,0.9918624556229391,0.12166695146952633
0,490,0,task1_initial,MLP,0.97119140625,0.20556640625,0.0,0.0,0.0,0.0,1.0,0.0,0.0
0,490,0,task1_initial,ChevronSlow,0.97900390625,0.1982421875,0.97900390625,0.19873046875,0.97607421875,0.20458984375,1.0,0.8935817523576185,0.1166235515874566
0,490,0,task1_initial,IDLGated,0.97900390625,0.1982421875,0.97998046875,0.197265625,0.97509765625,0.205078125,0.9999986886978149,0.974099476872322,0.12043260749195354
0,500,0,task1_initial,MLP,0.9775390625,0.1962890625,0.0,0.0,0.0,0.0,1.0,0.0,0.0
0,500,0,task1_initial,ChevronSlow,0.986328125,0.19921875,0.9873046875,0.197265625,0.9775390625,0.20068359375,1.0,0.876985321697766,0.11498718168430613
0,500,0,task1_initial,IDLGated,0.98583984375,0.1982421875,0.98828125,0.1943359375,0.978515625,0.2041015625,0.9999979734420776,0.9550442719651167,0.11876579185275202
0,510,0,task1_initial,MLP,0.97900390625,0.197265625,0.0,0.0,0.0,0.0,1.0,0.0,0.0
0,510,0,task1_initial,ChevronSlow,0.98486328125,0.19677734375,0.986328125,0.1953125,0.978515625,0.20166015625,1.0,0.8598667342695091,0.11376748789008752
0,510,0,task1_initial,IDLGated,0.9833984375,0.1982421875,0.98486328125,0.19580078125,0.978515625,0.20556640625,0.9999967813491821,0.9355029769030193,0.11743431672856362
0,520,0,task1_initial,MLP,0.97705078125,0.20751953125,0.0,0.0,0.0,0.0,1.0,0.0,0.0
0,520,0,task1_initial,ChevronSlow,0.9853515625,0.20263671875,0.9853515625,0.20361328125,0.9775390625,0.20458984375,1.0,0.8415524771022562,0.11300154776287498
0,520,0,task1_initial,IDLGated,0.982421875,0.20458984375,0.98388671875,0.20361328125,0.97705078125,0.20751953125,0.9999949932098389,0.9147544615920626,0.11658854766629613
0,530,0,task1_initial,MLP,0.97705078125,0.2041015625,0.0,0.0,0.0,0.0,1.0,0.0,0.0
0,530,0,task1_initial,ChevronSlow,0.984375,0.19970703125,0.98291015625,0.19873046875,0.97802734375,0.20458984375,1.0,0.8213119977489481,0.11252107623742962
0,530,0,task1_initial,IDLGated,0.98388671875,0.2001953125,0.9833984375,0.19873046875,0.978515625,0.20654296875,0.999991774559021,0.8920591170928353,0.11580262298650044
0,540,0,task1_initial,MLP,0.98291015625,0.19482421875,0.0,0.0,0.0,0.0,1.0,0.0,0.0
0,540,0,task1_initial,ChevronSlow,0.98779296875,0.19287109375,0.98974609375,0.18896484375,0.98046875,0.20068359375,1.0,0.7992730864206307,0.11130456935385072
0,540,0,task1_initial,IDLGated,0.98681640625,0.19482421875,0.98583984375,0.1875,0.98193359375,0.20166015625,0.9999858140945435,0.8674900266407202,0.11409742602748715
0,550,0,task1_initial,MLP,0.98291015625,0.19580078125,0.0,0.0,0.0,0.0,1.0,0.0,0.0
0,550,0,task1_initial,ChevronSlow,0.9873046875,0.19580078125,0.98779296875,0.19482421875,0.98095703125,0.2021484375,1.0,0.775695151358572,0.11019021504757963
0,550,0,task1_initial,IDLGated,0.98681640625,0.19482421875,0.98828125,0.193359375,0.98046875,0.20361328125,0.9999748468399048,0.8414737265760196,0.112576635522701
0,560,0,task1_initial,MLP,0.98046875,0.20166015625,0.0,0.0,0.0,0.0,1.0,0.0,0.0
0,560,0,task1_initial,ChevronSlow,0.986328125,0.201171875,0.9892578125,0.2001953125,0.9794921875,0.20361328125,1.0,0.7512862072020731,0.10958275209819059
0,560,0,task1_initial,IDLGated,0.98486328125,0.20166015625,0.9853515625,0.201171875,0.97998046875,0.2060546875,0.9999547004699707,0.8146205690102929,0.11193026950240499
0,570,0,task1_initial,MLP,0.98095703125,0.20166015625,0.0,0.0,0.0,0.0,1.0,0.0,0.0
0,570,0,task1_initial,ChevronSlow,0.9873046875,0.19970703125,0.98828125,0.19580078125,0.98046875,0.203125,1.0,0.7267850774478128,0.10866000752104668
0,570,0,task1_initial,IDLGated,0.986328125,0.20068359375,0.986328125,0.19580078125,0.98193359375,0.2041015625,0.99991774559021,0.7875240787019318,0.11060026144579292
0,580,0,task1_initial,MLP,0.98046875,0.1953125,0.0,0.0,0.0,0.0,1.0,0.0,0.0
0,580,0,task1_initial,ChevronSlow,0.9873046875,0.19580078125,0.984375,0.19384765625,0.98486328125,0.19970703125,1.0,0.7027823656879618,0.1080270002788908
0,580,0,task1_initial,IDLGated,0.98486328125,0.19677734375,0.9833984375,0.19482421875,0.98486328125,0.2001953125,0.9998524188995361,0.7609783295137361,0.10917277223419199
0,590,0,task1_initial,MLP,0.9814453125,0.19677734375,0.0,0.0,0.0,0.0,1.0,0.0,0.0
0,590,0,task1_initial,ChevronSlow,0.98828125,0.1962890625,0.98681640625,0.1943359375,0.984375,0.2001953125,1.0,0.6791239728764706,0.10675572130106543
0,590,0,task1_initial,IDLGated,0.986328125,0.19775390625,0.984375,0.19580078125,0.98388671875,0.201171875,0.9997376799583435,0.7348107326753354,0.10745122899920968
0,600,0,task1_initial,MLP,0.9755859375,0.19580078125,0.0,0.0,0.0,0.0,1.0,0.0,0.0
0,600,0,task1_initial,ChevronSlow,0.9794921875,0.197265625,0.978515625,0.2001953125,0.9814453125,0.19921875,1.0,0.6556183440894532,0.1051511027212055
0,600,0,task1_initial,IDLGated,0.98046875,0.1982421875,0.98046875,0.19775390625,0.98046875,0.201171875,0.9995357990264893,0.7088443967259667,0.10559430111741853
0,610,0,task1_initial,MLP,0.9833984375,0.18994140625,0.0,0.0,0.0,0.0,1.0,0.0,0.0
0,610,0,task1_initial,ChevronSlow,0.98779296875,0.18896484375,0.98828125,0.18798828125,0.986328125,0.1962890625,1.0,0.632640409632705,0.10525383184370297
0,610,0,task1_initial,IDLGated,0.9873046875,0.1904296875,0.984375,0.18896484375,0.9833984375,0.19775390625,0.9991893172264099,0.6834903658907658,0.10507324493642661
0,620,0,task1_initial,MLP,0.9794921875,0.1953125,0.0,0.0,0.0,0.0,1.0,0.0,0.0
0,620,0,task1_initial,ChevronSlow,0.98681640625,0.1962890625,0.9853515625,0.1953125,0.9873046875,0.19677734375,1.0,0.6105010430450913,0.10462287701341608
0,620,0,task1_initial,IDLGated,0.98681640625,0.197265625,0.98486328125,0.19580078125,0.98681640625,0.19970703125,0.9986118078231812,0.659018074572976,0.10445470826439389
0,630,0,task1_initial,MLP,0.98486328125,0.19677734375,0.0,0.0,0.0,0.0,1.0,0.0,0.0
0,630,0,task1_initial,ChevronSlow,0.98779296875,0.1962890625,0.9873046875,0.19677734375,0.98828125,0.19580078125,1.0,0.589229577161307,0.10297493456368924
0,630,0,task1_initial,IDLGated,0.9853515625,0.197265625,0.98388671875,0.197265625,0.98828125,0.19775390625,0.9976703524589539,0.6354411582199951,0.10262150020852408
0,640,0,task1_initial,MLP,0.98486328125,0.18798828125,0.0,0.0,0.0,0.0,1.0,0.0,0.0
0,640,0,task1_initial,ChevronSlow,0.9873046875,0.18994140625,0.9853515625,0.189453125,0.98583984375,0.18896484375,1.0,0.5678710695236145,0.10174357915771123
0,640,0,task1_initial,IDLGated,0.98486328125,0.189453125,0.98291015625,0.18798828125,0.98828125,0.19091796875,0.9960936903953552,0.6118754534932175,0.10088884162699911
0,650,0,task1_initial,MLP,0.98681640625,0.18798828125,0.0,0.0,0.0,0.0,1.0,0.0,0.0
0,650,0,task1_initial,ChevronSlow,0.9892578125,0.18603515625,0.98828125,0.18603515625,0.98828125,0.18798828125,1.0,0.5457339974674262,0.10079545512062571
0,650,0,task1_initial,IDLGated,0.98779296875,0.18798828125,0.9892578125,0.1875,0.98681640625,0.18994140625,0.9933615922927856,0.5876464868261739,0.09991633042441996
0,660,0,task1_initial,MLP,0.98291015625,0.19189453125,0.0,0.0,0.0,0.0,1.0,0.0,0.0
0,660,0,task1_initial,ChevronSlow,0.98583984375,0.18896484375,0.98681640625,0.1884765625,0.9853515625,0.1884765625,1.0,0.5228849032715854,0.10104856715771293
0,660,0,task1_initial,IDLGated,0.986328125,0.1904296875,0.986328125,0.189453125,0.98828125,0.1904296875,0.9886147975921631,0.5629085379090053,0.10007030391360267
0,670,0,task1_initial,MLP,0.9716796875,0.189453125,0.0,0.0,0.0,0.0,1.0,0.0,0.0
0,670,0,task1_initial,ChevronSlow,0.9775390625,0.1904296875,0.97705078125,0.18994140625,0.9794921875,0.19140625,1.0,0.49997702978288355,0.10132948285938576
0,670,0,task1_initial,IDLGated,0.97607421875,0.19091796875,0.97509765625,0.189453125,0.982421875,0.19384765625,0.9805764555931091,0.5382569002893869,0.10013942516525255
0,680,0,task1_initial,MLP,0.978515625,0.197265625,0.0,0.0,0.0,0.0,1.0,0.0,0.0
0,680,0,task1_initial,ChevronSlow,0.982421875,0.19677734375,0.98291015625,0.19677734375,0.98095703125,0.1953125,1.0,0.47768916294441655,0.10028321939133124
0,680,0,task1_initial,IDLGated,0.98046875,0.1953125,0.9775390625,0.19580078125,0.984375,0.1962890625,0.9675636887550354,0.5143411181442483,0.0989871715928977
0,690,0,task1_initial,MLP,0.986328125,0.18310546875,0.0,0.0,0.0,0.0,1.0,0.0,0.0
0,690,0,task1_initial,ChevronSlow,0.98828125,0.185546875,0.98974609375,0.18603515625,0.98681640625,0.18701171875,1.0,0.4555470835049016,0.09850895885249213
0,690,0,task1_initial,IDLGated,0.98486328125,0.185546875,0.984375,0.18505859375,0.9853515625,0.1875,0.9465905427932739,0.49067630851650823,0.09629195901499062
0,700,0,task1_initial,MLP,0.990234375,0.19580078125,0.0,0.0,0.0,0.0,1.0,0.0,0.0
0,700,0,task1_initial,ChevronSlow,0.98974609375,0.1943359375,0.98974609375,0.1943359375,0.98974609375,0.19140625,1.0,0.4327938883240039,0.09769658578633922
0,700,0,task1_initial,IDLGated,0.98681640625,0.19482421875,0.986328125,0.1953125,0.9873046875,0.1943359375,0.91225665807724,0.46643209968784227,0.0954713139322318
0,710,0,task1_initial,MLP,0.98486328125,0.19873046875,0.0,0.0,0.0,0.0,1.0,0.0,0.0
0,710,0,task1_initial,ChevronSlow,0.98974609375,0.19775390625,0.9892578125,0.19921875,0.986328125,0.19287109375,1.0,0.40956174082040453,0.0971434558483391
0,710,0,task1_initial,IDLGated,0.9873046875,0.2001953125,0.98583984375,0.20068359375,0.98974609375,0.19677734375,0.85801100730896,0.4417667092212241,0.09489526653411175
0,720,0,task1_initial,MLP,0.98828125,0.19384765625,0.0,0.0,0.0,0.0,1.0,0.0,0.0
0,720,0,task1_initial,ChevronSlow,0.99072265625,0.19580078125,0.99169921875,0.1982421875,0.98681640625,0.1904296875,1.0,0.38630535174218683,0.09607864369352169
0,720,0,task1_initial,IDLGated,0.9892578125,0.19873046875,0.98876953125,0.19921875,0.99072265625,0.19287109375,0.7781011462211609,0.41702885712356025,0.09346894592704069
0,730,0,task1_initial,MLP,0.98828125,0.1923828125,0.0,0.0,0.0,0.0,1.0,0.0,0.0
0,730,0,task1_initial,ChevronSlow,0.99072265625,0.19384765625,0.99169921875,0.1953125,0.98486328125,0.18994140625,1.0,0.3637429366564119,0.09540616304517481
0,730,0,task1_initial,IDLGated,0.98974609375,0.19384765625,0.9892578125,0.1962890625,0.98779296875,0.18994140625,0.6724820733070374,0.39270148408373606,0.09217303597600911
0,740,0,task1_initial,MLP,0.98828125,0.197265625,0.0,0.0,0.0,0.0,1.0,0.0,0.0
0,740,0,task1_initial,ChevronSlow,0.9921875,0.19482421875,0.9912109375,0.19580078125,0.9873046875,0.18994140625,1.0,0.3424982940845486,0.09440243132053683
0,740,0,task1_initial,IDLGated,0.990234375,0.1953125,0.9892578125,0.19677734375,0.9892578125,0.19091796875,0.5535045862197876,0.36976549873241144,0.09113066291139275
0,750,0,task1_initial,MLP,0.98974609375,0.19384765625,0.0,0.0,0.0,0.0,1.0,0.0,0.0
0,750,0,task1_initial,ChevronSlow,0.99072265625,0.1943359375,0.9912109375,0.193359375,0.9873046875,0.18994140625,1.0,0.3224944586666467,0.09329289351029832
0,750,0,task1_initial,IDLGated,0.98828125,0.19384765625,0.98876953125,0.19482421875,0.98828125,0.189453125,0.4352949559688568,0.3481691045091,0.08985637141471374
0,760,0,task1_initial,MLP,0.98681640625,0.1943359375,0.0,0.0,0.0,0.0,1.0,0.0,0.0
0,760,0,task1_initial,ChevronSlow,0.9892578125,0.193359375,0.98876953125,0.1943359375,0.990234375,0.18994140625,1.0,0.3036589602546153,0.09219189432740398
0,760,0,task1_initial,IDLGated,0.9873046875,0.19287109375,0.98681640625,0.1943359375,0.9873046875,0.19189453125,0.3301181495189667,0.32783406172351753,0.08883028376359829
0,770,0,task1_initial,MLP,0.982421875,0.1904296875,0.0,0.0,0.0,0.0,1.0,0.0,0.0
0,770,0,task1_initial,ChevronSlow,0.986328125,0.193359375,0.98388671875,0.19482421875,0.98974609375,0.189453125,1.0,0.285923561366453,0.09080977977806243
0,770,0,task1_initial,IDLGated,0.98681640625,0.19189453125,0.9853515625,0.1923828125,0.98779296875,0.18994140625,0.24436555802822113,0.30868670032533013,0.08727754226257219
0,780,0,task1_initial,MLP,0.990234375,0.1904296875,0.0,0.0,0.0,0.0,1.0,0.0,0.0
0,780,0,task1_initial,ChevronSlow,0.99072265625,0.18896484375,0.990234375,0.19140625,0.9892578125,0.18798828125,1.0,0.269224009974635,0.09022095978008304
0,780,0,task1_initial,IDLGated,0.98876953125,0.19091796875,0.98779296875,0.19091796875,0.98779296875,0.189453125,0.17864839732646942,0.2906576530113637,0.08648300844405013
0,790,0,task1_initial,MLP,0.9853515625,0.193359375,0.0,0.0,0.0,0.0,1.0,0.0,0.0
0,790,0,task1_initial,ChevronSlow,0.98779296875,0.19091796875,0.9892578125,0.1904296875,0.98583984375,0.18896484375,1.0,0.25349980673305417,0.08952554201156857
0,790,0,task1_initial,IDLGated,0.98583984375,0.19140625,0.98486328125,0.19140625,0.98779296875,0.18994140625,0.1302211731672287,0.2736816039208603,0.08594616586859853
0,800,0,task1_initial,MLP,0.984375,0.1982421875,0.0,0.0,0.0,0.0,1.0,0.0,0.0
0,800,0,task1_initial,ChevronSlow,0.98974609375,0.197265625,0.99072265625,0.197265625,0.986328125,0.19287109375,1.0,0.23869398579922455,0.08878119517858678
0,800,0,task1_initial,IDLGated,0.9873046875,0.19921875,0.98486328125,0.19970703125,0.98876953125,0.1953125,0.0952921211719513,0.2576970520083511,0.08570967565230585
0,810,0,task1_initial,MLP,0.98876953125,0.19580078125,0.0,0.0,0.0,0.0,1.0,0.0,0.0
0,810,0,task1_initial,ChevronSlow,0.9921875,0.1943359375,0.9921875,0.19677734375,0.98779296875,0.19287109375,1.0,0.22475290845770646,0.08779423161856138
0,810,0,task1_initial,IDLGated,0.9892578125,0.1982421875,0.98974609375,0.19873046875,0.98828125,0.1943359375,0.07031986862421036,0.2426460882368906,0.08452075915488877
0,820,0,task1_initial,MLP,0.98828125,0.2001953125,0.0,0.0,0.0,0.0,1.0,0.0,0.0
0,820,0,task1_initial,ChevronSlow,0.98828125,0.197265625,0.98779296875,0.19873046875,0.9892578125,0.1943359375,1.0,0.21162606879708942,0.08697723609391886
0,820,0,task1_initial,IDLGated,0.98583984375,0.2001953125,0.9853515625,0.20068359375,0.986328125,0.197265625,0.052472446113824844,0.22847418578446482,0.08360647126481738
0,830,0,task1_initial,MLP,0.990234375,0.1953125,0.0,0.0,0.0,0.0,1.0,0.0,0.0
0,830,0,task1_initial,ChevronSlow,0.9912109375,0.193359375,0.99169921875,0.193359375,0.98876953125,0.19189453125,1.0,0.19926591073653707,0.08620510476554416
0,830,0,task1_initial,IDLGated,0.98779296875,0.1943359375,0.98828125,0.19580078125,0.98779296875,0.193359375,0.03965254873037338,0.21513000250353048,0.0823222071837461
0,840,0,task1_initial,MLP,0.98291015625,0.181640625,0.0,0.0,0.0,0.0,1.0,0.0,0.0
0,840,0,task1_initial,ChevronSlow,0.9892578125,0.185546875,0.98828125,0.1865234375,0.98779296875,0.1875,1.0,0.18762765573901577,0.08505273120996308
0,840,0,task1_initial,IDLGated,0.9833984375,0.185546875,0.98388671875,0.18505859375,0.986328125,0.18701171875,0.030366862192749977,0.20256519491803313,0.08052025247496587
0,850,0,task1_initial,MLP,0.9892578125,0.1865234375,0.0,0.0,0.0,0.0,1.0,0.0,0.0
0,850,0,task1_initial,ChevronSlow,0.9892578125,0.1884765625,0.98779296875,0.189453125,0.98876953125,0.18896484375,1.0,0.17666914058704392,0.08407148122010999
0,850,0,task1_initial,IDLGated,0.9892578125,0.189453125,0.98828125,0.18896484375,0.98876953125,0.1884765625,0.023571878671646118,0.19073424308405035,0.0795828447622818
0,860,0,task1_initial,MLP,0.98486328125,0.20068359375,0.0,0.0,0.0,0.0,1.0,0.0,0.0
0,860,0,task1_initial,ChevronSlow,0.98974609375,0.197265625,0.98876953125,0.19873046875,0.98486328125,0.19287109375,1.0,0.16635066463325424,0.08387344798317713
0,860,0,task1_initial,IDLGated,0.9873046875,0.20068359375,0.98583984375,0.201171875,0.98876953125,0.197265625,0.018543366342782974,0.17959428567956304,0.07995998484913
0,870,0,task1_initial,MLP,0.98388671875,0.19921875,0.0,0.0,0.0,0.0,1.0,0.0,0.0
0,870,0,task1_initial,ChevronSlow,0.98779296875,0.19775390625,0.9873046875,0.19970703125,0.98388671875,0.193359375,1.0,0.15663484597238597,0.08340216171773211
0,870,0,task1_initial,IDLGated,0.984375,0.19970703125,0.98291015625,0.20068359375,0.98779296875,0.197265625,0.014778532087802887,0.16910496472591538,0.0795392913066261
0,880,0,task1_initial,MLP,0.98974609375,0.19580078125,0.0,0.0,0.0,0.0,1.0,0.0,0.0
0,880,0,task1_initial,ChevronSlow,0.99267578125,0.19677734375,0.98974609375,0.19775390625,0.98681640625,0.193359375,1.0,0.14748648601364547,0.08211810413596056
0,880,0,task1_initial,IDLGated,0.98828125,0.19775390625,0.98828125,0.1982421875,0.98828125,0.19580078125,0.011926693841814995,0.15922827937841916,0.07782742903163484
0,890,0,task1_initial,MLP,0.990234375,0.1884765625,0.0,0.0,0.0,0.0,1.0,0.0,0.0
0,890,0,task1_initial,ChevronSlow,0.9912109375,0.1923828125,0.98974609375,0.19091796875,0.98876953125,0.19091796875,1.0,0.13887244196280604,0.08122782522490182
0,890,0,task1_initial,IDLGated,0.98876953125,0.18994140625,0.9892578125,0.1904296875,0.98779296875,0.19189453125,0.009741471149027348,0.1499284482564127,0.07638384895216749
0,900,0,task1_initial,MLP,0.99072265625,0.19482421875,0.0,0.0,0.0,0.0,1.0,0.0,0.0
0,900,0,task1_initial,ChevronSlow,0.99169921875,0.19287109375,0.9921875,0.19287109375,0.98828125,0.19140625,1.0,0.13076150675207376,0.0802870525939115
0,900,0,task1_initial,IDLGated,0.98876953125,0.1943359375,0.98779296875,0.19384765625,0.98779296875,0.19384765625,0.008048241026699543,0.14117177981402235,0.0757468637200256
0,910,0,task1_initial,MLP,0.9853515625,0.19775390625,0.0,0.0,0.0,0.0,1.0,0.0,0.0
0,910,0,task1_initial,ChevronSlow,0.9892578125,0.1953125,0.986328125,0.19580078125,0.99169921875,0.1943359375,1.0,0.12312429598272717,0.07909996520100804
0,910,0,task1_initial,IDLGated,0.98681640625,0.19677734375,0.986328125,0.19677734375,0.98681640625,0.19580078125,0.006722059566527605,0.13292655028200354,0.07484965366001226
0,920,0,task1_initial,MLP,0.98291015625,0.19677734375,0.0,0.0,0.0,0.0,1.0,0.0,0.0
0,920,0,task1_initial,ChevronSlow,0.986328125,0.19482421875,0.98681640625,0.1962890625,0.986328125,0.1943359375,1.0,0.11593314147094584,0.07898930304913472
0,920,0,task1_initial,IDLGated,0.98388671875,0.19873046875,0.982421875,0.19775390625,0.9892578125,0.19873046875,0.00567261315882206,0.12516288873846826,0.07483385901060458
0,930,0,task1_initial,MLP,0.9873046875,0.1962890625,0.0,0.0,0.0,0.0,1.0,0.0,0.0
0,930,0,task1_initial,ChevronSlow,0.99072265625,0.197265625,0.99169921875,0.19677734375,0.9873046875,0.19482421875,1.0,0.10916199101116383,0.07798341267407773
0,930,0,task1_initial,IDLGated,0.98828125,0.2001953125,0.986328125,0.2001953125,0.98974609375,0.19873046875,0.004833970684558153,0.11785266889213111,0.07355913792160822
0,940,0,task1_initial,MLP,0.9873046875,0.19677734375,0.0,0.0,0.0,0.0,1.0,0.0,0.0
0,940,0,task1_initial,ChevronSlow,0.9892578125,0.1962890625,0.98779296875,0.19677734375,0.9921875,0.1943359375,1.0,0.10278631399380984,0.07682593439828395
0,940,0,task1_initial,IDLGated,0.986328125,0.1982421875,0.986328125,0.1982421875,0.98583984375,0.1982421875,0.004157509189099073,0.11096940718602548,0.07213637645204447
0,950,0,task1_initial,MLP,0.9853515625,0.19775390625,0.0,0.0,0.0,0.0,1.0,0.0,0.0
0,950,0,task1_initial,ChevronSlow,0.9873046875,0.1962890625,0.98583984375,0.19775390625,0.98974609375,0.19482421875,1.0,0.09678301253550421,0.07562543100336902
0,950,0,task1_initial,IDLGated,0.98486328125,0.19677734375,0.9853515625,0.19873046875,0.986328125,0.19677734375,0.003607018617913127,0.1044881668525381,0.07088955319569638
0,960,0,task1_initial,MLP,0.98486328125,0.201171875,0.0,0.0,0.0,0.0,1.0,0.0,0.0
0,960,0,task1_initial,ChevronSlow,0.98681640625,0.19921875,0.98095703125,0.20068359375,0.98828125,0.1962890625,1.0,0.0911303377997549,0.07473317879700186
0,960,0,task1_initial,IDLGated,0.9814453125,0.2021484375,0.98046875,0.20263671875,0.984375,0.19873046875,0.003155273385345936,0.09838546757217184,0.07007324840116019
0,970,0,task1_initial,MLP,0.9814453125,0.19091796875,0.0,0.0,0.0,0.0,1.0,0.0,0.0
0,970,0,task1_initial,ChevronSlow,0.98681640625,0.19091796875,0.98681640625,0.19091796875,0.98681640625,0.19140625,1.0,0.08580781120499734,0.07474703701282162
0,970,0,task1_initial,IDLGated,0.984375,0.19287109375,0.9814453125,0.18994140625,0.98876953125,0.1953125,0.002781616523861885,0.09263920040874705,0.06982065075640025
0,980,0,task1_initial,MLP,0.9853515625,0.18310546875,0.0,0.0,0.0,0.0,1.0,0.0,0.0
0,980,0,task1_initial,ChevronSlow,0.98779296875,0.18603515625,0.98876953125,0.18505859375,0.986328125,0.18798828125,1.0,0.08079615023453003,0.07363289121872232
0,980,0,task1_initial,IDLGated,0.98486328125,0.18359375,0.984375,0.18115234375,0.98681640625,0.18994140625,0.002470227424055338,0.08722854771286781,0.0684637946763981
0,990,0,task1_initial,MLP,0.990234375,0.19384765625,0.0,0.0,0.0,0.0,1.0,0.0,0.0
0,990,0,task1_initial,ChevronSlow,0.9931640625,0.1923828125,0.99169921875,0.19189453125,0.98828125,0.19140625,1.0,0.076077198579569,0.0718785128918074
0,990,0,task1_initial,IDLGated,0.9873046875,0.1923828125,0.98779296875,0.1923828125,0.98876953125,0.19287109375,0.002208889927715063,0.08213390770347824,0.0672410301334371
0,1000,0,task1_initial,MLP,0.98291015625,0.20263671875,0.0,0.0,0.0,0.0,1.0,0.0,0.0
0,1000,0,task1_initial,ChevronSlow,0.9892578125,0.19970703125,0.98779296875,0.20068359375,0.98828125,0.1962890625,1.0,0.07163386036234255,0.07088020129483334
0,1000,0,task1_initial,IDLGated,0.986328125,0.20263671875,0.98388671875,0.20361328125,0.990234375,0.19970703125,0.0019880919717252254,0.07733682345428211,0.06735345117501007
0,1010,0,task1_initial,MLP,0.9892578125,0.19287109375,0.0,0.0,0.0,0.0,1.0,0.0,0.0
0,1010,0,task1_initial,ChevronSlow,0.990234375,0.193359375,0.99267578125,0.19384765625,0.98779296875,0.19189453125,1.0,0.06745003820092901,0.07054403950374986
0,1010,0,task1_initial,IDLGated,0.98828125,0.1953125,0.9873046875,0.19482421875,0.9892578125,0.19580078125,0.00180036888923496,0.07281991602775666,0.06634275153470033
0,1020,0,task1_initial,MLP,0.99072265625,0.189453125,0.0,0.0,0.0,0.0,1.0,0.0,0.0
0,1020,0,task1_initial,ChevronSlow,0.99169921875,0.19140625,0.9921875,0.19189453125,0.9873046875,0.19140625,1.0,0.06351057489145776,0.06995426984796728
0,1020,0,task1_initial,IDLGated,0.98974609375,0.1923828125,0.98974609375,0.19091796875,0.98876953125,0.1923828125,0.0016398160951212049,0.06856682151451775,0.0657569826362826
0,1030,0,task1_initial,MLP,0.9912109375,0.189453125,0.0,0.0,0.0,0.0,1.0,0.0,0.0
0,1030,0,task1_initial,ChevronSlow,0.99267578125,0.1923828125,0.990234375,0.19140625,0.98876953125,0.19091796875,1.0,0.059801198496399186,0.0691874485358659
0,1030,0,task1_initial,IDLGated,0.98974609375,0.19140625,0.9892578125,0.19091796875,0.98974609375,0.19287109375,0.0015017320401966572,0.06456213174994194,0.06539201221395517
0,1040,0,task1_initial,MLP,0.98779296875,0.19189453125,0.0,0.0,0.0,0.0,1.0,0.0,0.0
0,1040,0,task1_initial,ChevronSlow,0.98974609375,0.1923828125,0.9912109375,0.1923828125,0.986328125,0.19091796875,1.0,0.056308470640008906,0.06874420385235978
0,1040,0,task1_initial,IDLGated,0.9873046875,0.19287109375,0.9873046875,0.19287109375,0.98974609375,0.193359375,0.001382345100864768,0.0607913384932727,0.06526205748098973
0,1050,0,task1_initial,MLP,0.9853515625,0.20068359375,0.0,0.0,0.0,0.0,1.0,0.0,0.0
0,1050,0,task1_initial,ChevronSlow,0.98876953125,0.1982421875,0.98974609375,0.19970703125,0.9873046875,0.19384765625,1.0,0.05301973782361,0.06773153850684935
0,1050,0,task1_initial,IDLGated,0.98583984375,0.2001953125,0.98486328125,0.201171875,0.9892578125,0.1982421875,0.0012786095030605793,0.05724078086698217,0.06486040053909867
0,1060,0,task1_initial,MLP,0.984375,0.20458984375,0.0,0.0,0.0,0.0,1.0,0.0,0.0
0,1060,0,task1_initial,ChevronSlow,0.98388671875,0.20458984375,0.98046875,0.20703125,0.99072265625,0.19775390625,1.0,0.04992308558433787,0.0668274627316177
0,1060,0,task1_initial,IDLGated,0.98193359375,0.20703125,0.97998046875,0.2099609375,0.98583984375,0.20068359375,0.0011880503734573722,0.05389759586597123,0.0638897991449385
0,1070,0,task1_initial,MLP,0.98974609375,0.19580078125,0.0,0.0,0.0,0.0,1.0,0.0,0.0
0,1070,0,task1_initial,ChevronSlow,0.9921875,0.1962890625,0.9892578125,0.19677734375,0.9912109375,0.1943359375,1.0,0.04700729533127344,0.0664685530251878
0,1070,0,task1_initial,IDLGated,0.98779296875,0.1962890625,0.9873046875,0.19580078125,0.986328125,0.1962890625,0.0011086451122537255,0.0507496717573118,0.06281039735789021
0,1080,0,task1_initial,MLP,0.99169921875,0.193359375,0.0,0.0,0.0,0.0,1.0,0.0,0.0
0,1080,0,task1_initial,ChevronSlow,0.9931640625,0.1943359375,0.99072265625,0.19287109375,0.99169921875,0.19384765625,1.0,0.044261803702589954,0.06569433437366518
0,1080,0,task1_initial,IDLGated,0.98828125,0.1923828125,0.9892578125,0.19140625,0.98779296875,0.1953125,0.001038730493746698,0.04778560420170756,0.06187326887433225
0,1090,0,task1_initial,MLP,0.990234375,0.19140625,0.0,0.0,0.0,0.0,1.0,0.0,0.0
0,1090,0,task1_initial,ChevronSlow,0.99072265625,0.19140625,0.99072265625,0.19140625,0.9892578125,0.1923828125,1.0,0.041676664296472155,0.06510028637193638
0,1090,0,task1_initial,IDLGated,0.98779296875,0.19189453125,0.98681640625,0.18896484375,0.990234375,0.1953125,0.000976930488832295,0.04499465493770922,0.06135554786965889
0,1100,0,task1_initial,MLP,0.98779296875,0.19970703125,0.0,0.0,0.0,0.0,1.0,0.0,0.0
0,1100,0,task1_initial,ChevronSlow,0.98828125,0.19580078125,0.98828125,0.19677734375,0.99267578125,0.19677734375,1.0,0.03924251163716584,0.06341446425360203
0,1100,0,task1_initial,IDLGated,0.98583984375,0.2001953125,0.98583984375,0.19921875,0.98486328125,0.19921875,0.0009221019572578371,0.04236671287900503,0.05989742367980345
0,1110,0,task1_initial,MLP,0.98779296875,0.19189453125,0.0,0.0,0.0,0.0,1.0,0.0,0.0
0,1110,0,task1_initial,ChevronSlow,0.9892578125,0.19287109375,0.9873046875,0.1943359375,0.9921875,0.1953125,1.0,0.036950527245613866,0.06251339568987083
0,1110,0,task1_initial,IDLGated,0.9873046875,0.19482421875,0.9873046875,0.19287109375,0.98681640625,0.1962890625,0.0008732890128158033,0.03989225748384938,0.058780660878945866
0,1120,0,task1_initial,MLP,0.99169921875,0.1884765625,0.0,0.0,0.0,0.0,1.0,0.0,0.0
0,1120,0,task1_initial,ChevronSlow,0.9921875,0.19091796875,0.98974609375,0.189453125,0.9921875,0.193359375,1.0,0.03479240769175854,0.06214593583606797
0,1120,0,task1_initial,IDLGated,0.98974609375,0.18994140625,0.9873046875,0.18603515625,0.98779296875,0.1943359375,0.000829689612146467,0.03756232426392362,0.05835041373124751
0,1130,0,task1_initial,MLP,0.9892578125,0.18701171875,0.0,0.0,0.0,0.0,1.0,0.0,0.0
0,1130,0,task1_initial,ChevronSlow,0.98876953125,0.1865234375,0.98583984375,0.18408203125,0.99169921875,0.19140625,1.0,0.03276033451277016,0.06176436432153671
0,1130,0,task1_initial,IDLGated,0.9873046875,0.18505859375,0.98046875,0.181640625,0.98974609375,0.19140625,0.0007906269747763872,0.03536847230767444,0.05821028436966918
0,1140,0,task1_initial,MLP,0.9921875,0.189453125,0.0,0.0,0.0,0.0,1.0,0.0,0.0
0,1140,0,task1_initial,ChevronSlow,0.98974609375,0.1875,0.98876953125,0.18505859375,0.9912109375,0.1904296875,1.0,0.030846945888221008,0.061154741102247334
0,1140,0,task1_initial,IDLGated,0.9873046875,0.18798828125,0.98583984375,0.18505859375,0.98876953125,0.19287109375,0.0007555269403383136,0.03330275370047261,0.05789844713395475
0,1150,0,task1_initial,MLP,0.9892578125,0.19287109375,0.0,0.0,0.0,0.0,1.0,0.0,0.0
0,1150,0,task1_initial,ChevronSlow,0.9912109375,0.1923828125,0.99169921875,0.19189453125,0.98974609375,0.19140625,1.0,0.029045309969589036,0.060119290202446996
0,1150,0,task1_initial,IDLGated,0.98779296875,0.1953125,0.98681640625,0.19287109375,0.990234375,0.1962890625,0.0007239014375954866,0.031357684730807245,0.05755579338677431
0,1160,0,task1_initial,MLP,0.9892578125,0.189453125,0.0,0.0,0.0,0.0,1.0,0.0,0.0
0,1160,0,task1_initial,ChevronSlow,0.990234375,0.19189453125,0.9912109375,0.1923828125,0.98974609375,0.19140625,1.0,0.02734889976746939,0.059398965520384095
0,1160,0,task1_initial,IDLGated,0.986328125,0.19140625,0.986328125,0.189453125,0.990234375,0.19482421875,0.0006953335250727832,0.029526218778201142,0.05703654946378449
0,1170,0,task1_initial,MLP,0.98779296875,0.19580078125,0.0,0.0,0.0,0.0,1.0,0.0,0.0
0,1170,0,task1_initial,ChevronSlow,0.98828125,0.197265625,0.98779296875,0.19775390625,0.98876953125,0.19384765625,1.0,0.025751569505514563,0.05879419170475779
0,1170,0,task1_initial,IDLGated,0.9873046875,0.19775390625,0.986328125,0.19775390625,0.98974609375,0.1982421875,0.0006694649928249419,0.02780172078462487,0.05699771803506448
0,1180,0,task1_initial,MLP,0.99267578125,0.193359375,0.0,0.0,0.0,0.0,1.0,0.0,0.0
0,1180,0,task1_initial,ChevronSlow,0.99267578125,0.19482421875,0.9931640625,0.19482421875,0.98974609375,0.193359375,1.0,0.0242475323554381,0.05798150740043573
0,1180,0,task1_initial,IDLGated,0.9892578125,0.19384765625,0.98876953125,0.19189453125,0.9892578125,0.19677734375,0.000645986816380173,0.02617794321692461,0.056192443243182205
0,1190,0,task1_initial,MLP,0.98876953125,0.18798828125,0.0,0.0,0.0,0.0,1.0,0.0,0.0
0,1190,0,task1_initial,ChevronSlow,0.98779296875,0.18798828125,0.98828125,0.18603515625,0.9912109375,0.1904296875,1.0,0.02283133947241984,0.05717030398492287
0,1190,0,task1_initial,IDLGated,0.986328125,0.18603515625,0.984375,0.18408203125,0.9873046875,0.19140625,0.0006246328121051192,0.02464900343317996,0.05529743498367907
0,1200,0,task1_initial,MLP,0.98876953125,0.18603515625,0.0,0.0,0.0,0.0,1.0,0.0,0.0
0,1200,0,task1_initial,ChevronSlow,0.9873046875,0.185546875,0.98486328125,0.1845703125,0.9892578125,0.18896484375,1.0,0.02149786025496193,0.05662371587637922
0,1200,0,task1_initial,IDLGated,0.984375,0.185546875,0.982421875,0.181640625,0.9853515625,0.19140625,0.0006051709642633796,0.02320936237099438,0.05518775993056909
0,1210,0,task1_initial,MLP,0.98046875,0.201171875,0.0,0.0,0.0,0.0,1.0,0.0,0.0
0,1210,0,task1_initial,ChevronSlow,0.98681640625,0.19677734375,0.98583984375,0.19873046875,0.98828125,0.193359375,1.0,0.020242263757680824,0.05600401509931629
0,1210,0,task1_initial,IDLGated,0.9833984375,0.201171875,0.98095703125,0.20361328125,0.98779296875,0.2001953125,0.0005874005146324635,0.021853804480509793,0.05611681845210157
0,1220,0,task1_initial,MLP,0.986328125,0.19921875,0.0,0.0,0.0,0.0,1.0,0.0,0.0
0,1220,0,task1_initial,ChevronSlow,0.98828125,0.19873046875,0.98681640625,0.201171875,0.98876953125,0.197265625,1.0,0.019060001189697206,0.05510725918187353
0,1220,0,task1_initial,IDLGated,0.98681640625,0.20263671875,0.98486328125,0.20361328125,0.9892578125,0.19970703125,0.0005711447447538376,0.02057741882944664,0.05550936492201061
0,1230,0,task1_initial,MLP,0.99169921875,0.19140625,0.0,0.0,0.0,0.0,1.0,0.0,0.0
0,1230,0,task1_initial,ChevronSlow,0.994140625,0.19287109375,0.99267578125,0.19287109375,0.990234375,0.1923828125,1.0,0.017946789435218807,0.05436864202005812
0,1230,0,task1_initial,IDLGated,0.98828125,0.19140625,0.98779296875,0.18994140625,0.98876953125,0.19580078125,0.0005562495207414031,0.019375581311716197,0.054289556405645305
0,1240,0,task1_initial,MLP,0.9912109375,0.19580078125,0.0,0.0,0.0,0.0,1.0,0.0,0.0
0,1240,0,task1_initial,ChevronSlow,0.99267578125,0.193359375,0.99267578125,0.193359375,0.99072265625,0.193359375,1.0,0.016898595536614353,0.05383819306894177
0,1240,0,task1_initial,IDLGated,0.98876953125,0.19677734375,0.9892578125,0.1943359375,0.99072265625,0.1982421875,0.0005425793933682144,0.018243937895150546,0.05382897301649433
0,1250,0,task1_initial,MLP,0.98486328125,0.1962890625,0.0,0.0,0.0,0.0,1.0,0.0,0.0
0,1250,0,task1_initial,ChevronSlow,0.986328125,0.1943359375,0.986328125,0.19580078125,0.98828125,0.19384765625,1.0,0.01591162208376358,0.053789153071011286
0,1250,0,task1_initial,IDLGated,0.986328125,0.19873046875,0.9853515625,0.1982421875,0.986328125,0.19921875,0.0005300146876834333,0.017178388847659747,0.05403100815021774
0,1260,0,task1_initial,MLP,0.99267578125,0.19140625,0.0,0.0,0.0,0.0,1.0,0.0,0.0
0,1260,0,task1_initial,ChevronSlow,0.99365234375,0.193359375,0.9931640625,0.19384765625,0.990234375,0.1923828125,1.0,0.014982293456751833,0.05282967014704399
0,1260,0,task1_initial,IDLGated,0.98876953125,0.19287109375,0.98876953125,0.19140625,0.98974609375,0.1962890625,0.0005184499896131456,0.01617507388467054,0.0530835339086912
0,1270,0,task1_initial,MLP,0.99072265625,0.18896484375,0.0,0.0,0.0,0.0,1.0,0.0,0.0
0,1270,0,task1_initial,ChevronSlow,0.9921875,0.19091796875,0.9912109375,0.19091796875,0.990234375,0.19140625,1.0,0.014107242872068956,0.05182683529645504
0,1270,0,task1_initial,IDLGated,0.98779296875,0.18994140625,0.98681640625,0.18701171875,0.9892578125,0.1953125,0.0005077911773696542,0.01523035818403853,0.052408245029830824
0,1280,0,task1_initial,MLP,0.986328125,0.1865234375,0.0,0.0,0.0,0.0,1.0,0.0,0.0
0,1280,0,task1_initial,ChevronSlow,0.98974609375,0.1875,0.9892578125,0.185546875,0.98876953125,0.18896484375,1.0,0.013283300185383415,0.05117631757432238
0,1280,0,task1_initial,IDLGated,0.98681640625,0.18994140625,0.98486328125,0.18603515625,0.98681640625,0.19287109375,0.0004979553050361574,0.014340819217768547,0.05175576669114033
0,1290,0,task1_initial,MLP,0.98974609375,0.197265625,0.0,0.0,0.0,0.0,1.0,0.0,0.0
0,1290,0,task1_initial,ChevronSlow,0.9921875,0.19580078125,0.99072265625,0.1953125,0.990234375,0.193359375,1.0,0.012507480406703285,0.049964651777713254
0,1290,0,task1_initial,IDLGated,0.98779296875,0.19921875,0.98681640625,0.1982421875,0.99072265625,0.19970703125,0.0004888682160526514,0.0135032343528369,0.05138768530834502
0,1300,0,task1_initial,MLP,0.98681640625,0.19482421875,0.0,0.0,0.0,0.0,1.0,0.0,0.0
0,1300,0,task1_initial,ChevronSlow,0.98876953125,0.19384765625,0.986328125,0.197265625,0.99365234375,0.19384765625,1.0,0.01177697288631674,0.04901668968306835
0,1300,0,task1_initial,IDLGated,0.98681640625,0.19482421875,0.98486328125,0.1953125,0.9892578125,0.1953125,0.0004804632335435599,0.012714569176195676,0.050195329849630176
0,1310,0,task1_initial,MLP,0.9912109375,0.19140625,0.0,0.0,0.0,0.0,1.0,0.0,0.0
0,1310,0,task1_initial,ChevronSlow,0.99169921875,0.19140625,0.990234375,0.19140625,0.9921875,0.19287109375,1.0,0.011089131132334699,0.04848953015878084
0,1310,0,task1_initial,IDLGated,0.990234375,0.19189453125,0.98876953125,0.19189453125,0.98876953125,0.19580078125,0.00047268113121390343,0.011971966501662762,0.049034448422704005
0,1320,0,task1_initial,MLP,0.9775390625,0.19287109375,0.0,0.0,0.0,0.0,1.0,0.0,0.0
0,1320,0,task1_initial,ChevronSlow,0.98095703125,0.19287109375,0.978515625,0.1943359375,0.98388671875,0.19384765625,1.0,0.010441463222946526,0.04934028814233046
0,1320,0,task1_initial,IDLGated,0.978515625,0.1953125,0.97607421875,0.193359375,0.9833984375,0.19775390625,0.00046546876546926796,0.011272736018871575,0.04895804597061758
0,1330,0,task1_initial,MLP,0.9921875,0.1904296875,0.0,0.0,0.0,0.0,1.0,0.0,0.0
0,1330,0,task1_initial,ChevronSlow,0.99169921875,0.1923828125,0.99267578125,0.1923828125,0.98974609375,0.19091796875,1.0,0.009831622778654162,0.048702599145616914
0,1330,0,task1_initial,IDLGated,0.9873046875,0.19287109375,0.986328125,0.189453125,0.9892578125,0.19580078125,0.00045877843513153493,0.010614344546780634,0.047283375939008325
0,1340,0,task1_initial,MLP,0.98681640625,0.18896484375,0.0,0.0,0.0,0.0,1.0,0.0,0.0
0,1340,0,task1_initial,ChevronSlow,0.9873046875,0.19140625,0.982421875,0.1923828125,0.994140625,0.1923828125,1.0,0.009257400461778786,0.04807444864351315
0,1340,0,task1_initial,IDLGated,0.986328125,0.1923828125,0.98291015625,0.18896484375,0.990234375,0.19287109375,0.0004525666299741715,0.009994406856433219,0.0464699811527663
0,1350,0,task1_initial,MLP,0.9921875,0.1923828125,0.0,0.0,0.0,0.0,1.0,0.0,0.0
0,1350,0,task1_initial,ChevronSlow,0.990234375,0.19091796875,0.9873046875,0.1904296875,0.99365234375,0.193359375,1.0,0.008716715972444314,0.0473313694980024
0,1350,0,task1_initial,IDLGated,0.98779296875,0.19189453125,0.986328125,0.1923828125,0.990234375,0.1943359375,0.00044679443817585707,0.009410677029719724,0.04562510256374645
0,1360,0,task1_initial,MLP,0.9853515625,0.1884765625,0.0,0.0,0.0,0.0,1.0,0.0,0.0
0,1360,0,task1_initial,ChevronSlow,0.98828125,0.18896484375,0.9873046875,0.1884765625,0.98828125,0.189453125,1.0,0.008207610512040681,0.04779279601969831
0,1360,0,task1_initial,IDLGated,0.98681640625,0.1884765625,0.9853515625,0.1875,0.98681640625,0.193359375,0.0004414266732055694,0.008861040322837114,0.04553887951043083
0,1370,0,task1_initial,MLP,0.99072265625,0.193359375,0.0,0.0,0.0,0.0,1.0,0.0,0.0
0,1370,0,task1_initial,ChevronSlow,0.99169921875,0.1943359375,0.9921875,0.19482421875,0.99072265625,0.1923828125,1.0,0.007728239686863453,0.04691501566777904
0,1370,0,task1_initial,IDLGated,0.99072265625,0.1962890625,0.9912109375,0.1953125,0.98974609375,0.197265625,0.00043643132084980607,0.0083435055049683,0.045365865724724425
0,1380,0,task1_initial,MLP,0.9892578125,0.19580078125,0.0,0.0,0.0,0.0,1.0,0.0,0.0
0,1380,0,task1_initial,ChevronSlow,0.99072265625,0.19482421875,0.99072265625,0.19580078125,0.98974609375,0.19384765625,1.0,0.0072768668262209665,0.04660000214498573
0,1380,0,task1_initial,IDLGated,0.98974609375,0.1982421875,0.98974609375,0.19775390625,0.98974609375,0.1982421875,0.00043177942279726267,0.007856197644425954,0.0452750551777695
0,1390,0,task1_initial,MLP,0.9853515625,0.19775390625,0.0,0.0,0.0,0.0,1.0,0.0,0.0
0,1390,0,task1_initial,ChevronSlow,0.98828125,0.1982421875,0.986328125,0.1982421875,0.98974609375,0.19677734375,1.0,0.00685185669080178,0.04617913098224488
0,1390,0,task1_initial,IDLGated,0.9873046875,0.2001953125,0.986328125,0.20068359375,0.98974609375,0.19873046875,0.0004274445818737149,0.007397351316126256,0.045365566760337546
0,1400,0,task1_initial,MLP,0.99072265625,0.19482421875,0.0,0.0,0.0,0.0,1.0,0.0,0.0
0,1400,0,task1_initial,ChevronSlow,0.9912109375,0.1953125,0.99072265625,0.1953125,0.990234375,0.193359375,1.0,0.006451669548508996,0.04506978067241175
0,1400,0,task1_initial,IDLGated,0.98974609375,0.1962890625,0.98974609375,0.1953125,0.98876953125,0.1982421875,0.0004234027583152056,0.006965304205784561,0.04423287208456681
0,1410,0,task1_initial,MLP,0.98828125,0.18603515625,0.0,0.0,0.0,0.0,1.0,0.0,0.0
0,1410,0,task1_initial,ChevronSlow,0.9892578125,0.1875,0.986328125,0.18603515625,0.99169921875,0.1904296875,1.0,0.00607485559629934,0.04394766775229588
0,1410,0,task1_initial,IDLGated,0.984375,0.185546875,0.982421875,0.1826171875,0.98681640625,0.19189453125,0.0004196318914182484,0.006558491087662172,0.0431973931469017
0,1420,0,task1_initial,MLP,0.98681640625,0.185546875,0.0,0.0,0.0,0.0,1.0,0.0,0.0
0,1420,0,task1_initial,ChevronSlow,0.9892578125,0.18603515625,0.98779296875,0.18408203125,0.990234375,0.189453125,1.0,0.005720049707818349,0.04361038272451357
0,1420,0,task1_initial,IDLGated,0.98681640625,0.1875,0.98583984375,0.1826171875,0.98779296875,0.1904296875,0.00041611172491684556,0.006175438154046731,0.04281593328217507
0,1430,0,task1_initial,MLP,0.9912109375,0.18701171875,0.0,0.0,0.0,0.0,1.0,0.0,0.0
0,1430,0,task1_initial,ChevronSlow,0.990234375,0.1884765625,0.990234375,0.1884765625,0.99072265625,0.19091796875,1.0,0.005385966487803331,0.0428749976310397
0,1430,0,task1_initial,IDLGated,0.98828125,0.19091796875,0.98681640625,0.18896484375,0.98779296875,0.1923828125,0.00041282447637058794,0.005814757675922984,0.04271896877641383
0,1440,0,task1_initial,MLP,0.99267578125,0.19140625,0.0,0.0,0.0,0.0,1.0,0.0,0.0
0,1440,0,task1_initial,ChevronSlow,0.99267578125,0.19189453125,0.99365234375,0.1923828125,0.9912109375,0.19140625,1.0,0.005071395615337156,0.04224368919392207
0,1440,0,task1_initial,IDLGated,0.98974609375,0.19580078125,0.99072265625,0.19482421875,0.98876953125,0.19580078125,0.00040975279989652336,0.005475142975490545,0.042601970417937604
0,1450,0,task1_initial,MLP,0.9931640625,0.19140625,0.0,0.0,0.0,0.0,1.0,0.0,0.0
0,1450,0,task1_initial,ChevronSlow,0.99267578125,0.1923828125,0.990234375,0.19287109375,0.99267578125,0.19384765625,1.0,0.004775197459082309,0.04176000839685511
0,1450,0,task1_initial,IDLGated,0.99072265625,0.19287109375,0.98876953125,0.1923828125,0.990234375,0.1943359375,0.00040688132867217064,0.005155363692315028,0.04205603704080828
0,1460,0,task1_initial,MLP,0.99365234375,0.19287109375,0.0,0.0,0.0,0.0,1.0,0.0,0.0
0,1460,0,task1_initial,ChevronSlow,0.99365234375,0.193359375,0.99169921875,0.19482421875,0.99365234375,0.19384765625,1.0,0.004496298948610063,0.041598362053471824
0,1460,0,task1_initial,IDLGated,0.9912109375,0.19287109375,0.98828125,0.19189453125,0.990234375,0.1943359375,0.0004041960637550801,0.0048542613259626895,0.04216932242277287
0,1470,0,task1_initial,MLP,0.99169921875,0.197265625,0.0,0.0,0.0,0.0,1.0,0.0,0.0
0,1470,0,task1_initial,ChevronSlow,0.99169921875,0.19873046875,0.9873046875,0.19775390625,0.99365234375,0.19482421875,1.0,0.0042336896868673535,0.04157552439847036
0,1470,0,task1_initial,IDLGated,0.98779296875,0.1982421875,0.9853515625,0.19970703125,0.98974609375,0.197265625,0.0004016837337985635,0.004570745038970401,0.04284671682552531
0,1480,0,task1_initial,MLP,0.98828125,0.20068359375,0.0,0.0,0.0,0.0,1.0,0.0,0.0
0,1480,0,task1_initial,ChevronSlow,0.98779296875,0.1982421875,0.9853515625,0.2001953125,0.9931640625,0.1953125,1.0,0.003986418289697542,0.04119343572239286
0,1480,0,task1_initial,IDLGated,0.9853515625,0.2021484375,0.982421875,0.2041015625,0.98828125,0.1982421875,0.00039933243533596396,0.0043037877049458845,0.0429845471831934
0,1490,0,task1_initial,MLP,0.99365234375,0.19482421875,0.0,0.0,0.0,0.0,1.0,0.0,0.0
0,1490,0,task1_initial,ChevronSlow,0.99365234375,0.1943359375,0.99365234375,0.19482421875,0.994140625,0.1943359375,1.0,0.003753588939153863,0.04146892725887916
0,1490,0,task1_initial,IDLGated,0.9912109375,0.1943359375,0.99072265625,0.19384765625,0.98974609375,0.19482421875,0.0003971311671193689,0.0040524221874812215,0.04225632268203229
0,1500,0,task1_initial,MLP,0.99267578125,0.19384765625,0.0,0.0,0.0,0.0,1.0,0.0,0.0
0,1500,0,task1_initial,ChevronSlow,0.99365234375,0.193359375,0.9931640625,0.193359375,0.9931640625,0.1943359375,1.0,0.0035343581381188215,0.04153473271260772
0,1500,0,task1_initial,IDLGated,0.990234375,0.193359375,0.98974609375,0.19287109375,0.990234375,0.19482421875,0.0003950694517698139,0.003815737836398828,0.04204072437196411
0,1510,0,task1_initial,MLP,0.99267578125,0.19189453125,0.0,0.0,0.0,0.0,1.0,0.0,0.0
0,1510,0,task1_initial,ChevronSlow,0.99365234375,0.19140625,0.99267578125,0.18994140625,0.994140625,0.193359375,1.0,0.003327931654472167,0.04137662006216714
0,1510,0,task1_initial,IDLGated,0.99072265625,0.1923828125,0.99072265625,0.19091796875,0.98974609375,0.19384765625,0.00039313797606155276,0.0035928771886364753,0.041817345063806535
0,1520,0,task1_initial,MLP,0.99267578125,0.19384765625,0.0,0.0,0.0,0.0,1.0,0.0,0.0
0,1520,0,task1_initial,ChevronSlow,0.9931640625,0.19482421875,0.99365234375,0.19482421875,0.99365234375,0.19482421875,1.0,0.0031335616437367163,0.04061170823561574
0,1520,0,task1_initial,IDLGated,0.990234375,0.19580078125,0.990234375,0.19482421875,0.990234375,0.19482421875,0.00039132783422246575,0.0033830328618192555,0.04163046461474386
0,1530,0,task1_initial,MLP,0.9921875,0.1923828125,0.0,0.0,0.0,0.0,1.0,0.0,0.0
0,1530,0,task1_initial,ChevronSlow,0.9931640625,0.19189453125,0.99267578125,0.19189453125,0.994140625,0.193359375,1.0,0.002950543939777918,0.040154478451977754
0,1530,0,task1_initial,IDLGated,0.990234375,0.19091796875,0.9892578125,0.18994140625,0.98974609375,0.193359375,0.00038963116821832955,0.003185444629264496,0.041014016566497856
0,1540,0,task1_initial,MLP,0.99267578125,0.18994140625,0.0,0.0,0.0,0.0,1.0,0.0,0.0
0,1540,0,task1_initial,ChevronSlow,0.9931640625,0.19140625,0.9921875,0.1904296875,0.994140625,0.19287109375,1.0,0.0027782155037418678,0.039659012264156614
0,1540,0,task1_initial,IDLGated,0.99072265625,0.19091796875,0.990234375,0.189453125,0.990234375,0.19287109375,0.0003880402073264122,0.0029993966658229125,0.04023334294937055
0,1550,0,task1_initial,MLP,0.99169921875,0.19140625,0.0,0.0,0.0,0.0,1.0,0.0,0.0
0,1550,0,task1_initial,ChevronSlow,0.9921875,0.1923828125,0.9912109375,0.19140625,0.99365234375,0.193359375,1.0,0.002615952021989761,0.03978481271528001
0,1550,0,task1_initial,IDLGated,0.99072265625,0.19384765625,0.990234375,0.1923828125,0.99072265625,0.19482421875,0.0003865482285618782,0.0028242149545782023,0.04028333750327266
0,1560,0,task1_initial,MLP,0.99072265625,0.19482421875,0.0,0.0,0.0,0.0,1.0,0.0,0.0
0,1560,0,task1_initial,ChevronSlow,0.9912109375,0.19482421875,0.9912109375,0.1953125,0.99267578125,0.19482421875,1.0,0.0024631656443265394,0.0394505669190875
0,1560,0,task1_initial,IDLGated,0.99169921875,0.19580078125,0.9912109375,0.197265625,0.99072265625,0.1962890625,0.00038514865445904434,0.0026592648450100265,0.040579976851873506
0,1570,0,task1_initial,MLP,0.9912109375,0.19775390625,0.0,0.0,0.0,0.0,1.0,0.0,0.0
0,1570,0,task1_initial,ChevronSlow,0.9912109375,0.19775390625,0.98779296875,0.20166015625,0.9931640625,0.1962890625,1.0,0.0023193028543297667,0.03877748685000273
0,1570,0,task1_initial,IDLGated,0.98779296875,0.19873046875,0.986328125,0.20068359375,0.9892578125,0.19677734375,0.00038383534410968423,0.0025039487537740763,0.0396636542704659
0,1580,0,task1_initial,MLP,0.990234375,0.19384765625,0.0,0.0,0.0,0.0,1.0,0.0,0.0
0,1580,0,task1_initial,ChevronSlow,0.99072265625,0.1943359375,0.990234375,0.1953125,0.9921875,0.1943359375,1.0,0.0021838424640633273,0.03797715493624218
0,1580,0,task1_initial,IDLGated,0.99072265625,0.1953125,0.98974609375,0.19482421875,0.9912109375,0.19580078125,0.00038260273868218064,0.0023577039997695723,0.037828734802780165
0,1590,0,task1_initial,MLP,0.9892578125,0.1884765625,0.0,0.0,0.0,0.0,1.0,0.0,0.0
0,1590,0,task1_initial,ChevronSlow,0.990234375,0.1904296875,0.98974609375,0.1884765625,0.994140625,0.1923828125,1.0,0.002056293725911177,0.036186961740567604
0,1590,0,task1_initial,IDLGated,0.9892578125,0.189453125,0.98779296875,0.189453125,0.990234375,0.19189453125,0.00038144589052535594,0.002220000765651049,0.036252171760327176
0,1600,0,task1_initial,MLP,0.98876953125,0.1904296875,0.0,0.0,0.0,0.0,1.0,0.0,0.0
0,1600,0,task1_initial,ChevronSlow,0.98876953125,0.19091796875,0.986328125,0.19091796875,0.9921875,0.19189453125,1.0,0.0019361945546906708,0.03570169054624435
0,1600,0,task1_initial,IDLGated,0.98779296875,0.19091796875,0.986328125,0.19140625,0.990234375,0.19140625,0.00038035979378037155,0.002090340178399373,0.036099739535282886
0,1610,0,task1_initial,MLP,0.9931640625,0.19140625,0.0,0.0,0.0,0.0,1.0,0.0,0.0
0,1610,0,task1_initial,ChevronSlow,0.9921875,0.19189453125,0.99169921875,0.19189453125,0.99365234375,0.1923828125,1.0,0.0018231098536045133,0.03628665006574584
0,1610,0,task1_initial,IDLGated,0.99072265625,0.19091796875,0.98974609375,0.19091796875,0.99072265625,0.19287109375,0.00037933990824967623,0.0019682525019982565,0.03587852816490662
0,1620,0,task1_initial,MLP,0.9912109375,0.1884765625,0.0,0.0,0.0,0.0,1.0,0.0,0.0
0,1620,0,task1_initial,ChevronSlow,0.9921875,0.189453125,0.990234375,0.18701171875,0.99267578125,0.19140625,1.0,0.0017166299379665767,0.03734156514571464
0,1620,0,task1_initial,IDLGated,0.986328125,0.18701171875,0.986328125,0.18603515625,0.99072265625,0.19091796875,0.00037838207208551466,0.0018532954356686728,0.035966386071703764
0,1630,0,task1_initial,MLP,0.9931640625,0.19287109375,0.0,0.0,0.0,0.0,1.0,0.0,0.0
0,1630,0,task1_initial,ChevronSlow,0.99365234375,0.19287109375,0.99365234375,0.19287109375,0.994140625,0.19189453125,1.0,0.0016163690509910357,0.037000679479791715
0,1630,0,task1_initial,IDLGated,0.9912109375,0.193359375,0.99169921875,0.193359375,0.990234375,0.19287109375,0.00037748244358226657,0.0017450525114959961,0.03596486608331921
0,1640,0,task1_initial,MLP,0.98876953125,0.19482421875,0.0,0.0,0.0,0.0,1.0,0.0,0.0
0,1640,0,task1_initial,ChevronSlow,0.9892578125,0.19384765625,0.98486328125,0.193359375,0.99169921875,0.19384765625,1.0,0.0015219639662678018,0.03671317315557459
0,1640,0,task1_initial,IDLGated,0.98876953125,0.19677734375,0.984375,0.19580078125,0.9912109375,0.1953125,0.00037663732655346394,0.0016431315856447715,0.035847913874185997
0,1650,0,task1_initial,MLP,0.98974609375,0.18896484375,0.0,0.0,0.0,0.0,1.0,0.0,0.0
0,1650,0,task1_initial,ChevronSlow,0.98876953125,0.18994140625,0.9853515625,0.18798828125,0.9921875,0.19189453125,1.0,0.001433072671861288,0.03563499411752842
0,1650,0,task1_initial,IDLGated,0.98828125,0.19091796875,0.98681640625,0.1884765625,0.9892578125,0.19287109375,0.0003758432576432824,0.0015471634176950641,0.03485252021359053
0,1660,0,task1_initial,MLP,0.99072265625,0.18798828125,0.0,0.0,0.0,0.0,1.0,0.0,0.0
0,1660,0,task1_initial,ChevronSlow,0.99072265625,0.1884765625,0.98779296875,0.1875,0.99365234375,0.19091796875,1.0,0.0013493731312652418,0.0348372053024648
0,1660,0,task1_initial,IDLGated,0.98828125,0.18701171875,0.9873046875,0.18505859375,0.9892578125,0.18896484375,0.0003750970936380327,0.0014568003329535953,0.03440713468906697
0,1670,0,task1_initial,MLP,0.98974609375,0.1953125,0.0,0.0,0.0,0.0,1.0,0.0,0.0
0,1670,0,task1_initial,ChevronSlow,0.99169921875,0.19384765625,0.990234375,0.19384765625,0.99267578125,0.193359375,1.0,0.0012705621167248147,0.03499637137345666
0,1670,0,task1_initial,IDLGated,0.99072265625,0.19677734375,0.9892578125,0.19775390625,0.99072265625,0.19482421875,0.0003743958368431777,0.0013717149628934616,0.034807406354273325
0,1680,0,task1_initial,MLP,0.99267578125,0.193359375,0.0,0.0,0.0,0.0,1.0,0.0,0.0
0,1680,0,task1_initial,ChevronSlow,0.99365234375,0.1953125,0.9931640625,0.1953125,0.994140625,0.1943359375,1.0,0.001196354110699214,0.03469326000479609
0,1680,0,task1_initial,IDLGated,0.9921875,0.1953125,0.99169921875,0.19677734375,0.9921875,0.1943359375,0.0003737368097063154,0.0012915990591592943,0.034513710441888897
0,1690,0,task1_initial,MLP,0.986328125,0.18310546875,0.0,0.0,0.0,0.0,1.0,0.0,0.0
0,1690,0,task1_initial,ChevronSlow,0.98974609375,0.18701171875,0.98681640625,0.1865234375,0.99267578125,0.189453125,1.0,0.0011264802714851425,0.0348492276745217
0,1690,0,task1_initial,IDLGated,0.98388671875,0.18310546875,0.97998046875,0.1806640625,0.98681640625,0.1875,0.00037311739288270473,0.001216162376841217,0.0345475923461612
0,1700,0,task1_initial,MLP,0.99365234375,0.19091796875,0.0,0.0,0.0,0.0,1.0,0.0,0.0
0,1700,0,task1_initial,ChevronSlow,0.99267578125,0.19189453125,0.99169921875,0.19189453125,0.994140625,0.19140625,1.0,0.0010606874592536764,0.0345529348247849
0,1700,0,task1_initial,IDLGated,0.98974609375,0.19140625,0.98974609375,0.1904296875,0.99072265625,0.1923828125,0.0003725348797161132,0.0011451316229719132,0.03427051043284404
0,1710,0,task1_initial,MLP,0.994140625,0.19482421875,0.0,0.0,0.0,0.0,1.0,0.0,0.0
0,1710,0,task1_initial,ChevronSlow,0.9931640625,0.19287109375,0.99267578125,0.1943359375,0.994140625,0.19287109375,1.0,0.0009987373189720863,0.03443084497103037
0,1710,0,task1_initial,IDLGated,0.99072265625,0.1962890625,0.990234375,0.19775390625,0.990234375,0.1943359375,0.0003719874657690525,0.0010782494664374038,0.034225355910836475
0,1720,0,task1_initial,MLP,0.98876953125,0.189453125,0.0,0.0,0.0,0.0,1.0,0.0,0.0
0,1720,0,task1_initial,ChevronSlow,0.99072265625,0.19189453125,0.98876953125,0.1923828125,0.99267578125,0.19189453125,1.0,0.0009404054168882112,0.03454251080150313
0,1720,0,task1_initial,IDLGated,0.98828125,0.18994140625,0.98828125,0.19140625,0.99072265625,0.19140625,0.0003714725316967815,0.001015273605714635,0.033856781738902525
0,1730,0,task1_initial,MLP,0.98974609375,0.19140625,0.0,0.0,0.0,0.0,1.0,0.0,0.0
0,1730,0,task1_initial,ChevronSlow,0.9892578125,0.19140625,0.98828125,0.1904296875,0.9921875,0.19189453125,1.0,0.0008854804274490188,0.03503716410129358
0,1730,0,task1_initial,IDLGated,0.98828125,0.18994140625,0.98779296875,0.19189453125,0.990234375,0.19140625,0.0003709884185809642,0.0009559758910584508,0.03369249914099937
0,1740,0,task1_initial,MLP,0.9921875,0.193359375,0.0,0.0,0.0,0.0,1.0,0.0,0.0
0,1740,0,task1_initial,ChevronSlow,0.99365234375,0.19384765625,0.9931640625,0.1943359375,0.994140625,0.19384765625,1.0,0.00083376336770772,0.036055706146546365
0,1740,0,task1_initial,IDLGated,0.9921875,0.19482421875,0.9921875,0.1962890625,0.99169921875,0.1943359375,0.00037053317646496,0.0009001414979578106,0.033934956142028995
0,1750,0,task1_initial,MLP,0.9921875,0.19287109375,0.0,0.0,0.0,0.0,1.0,0.0,0.0
0,1750,0,task1_initial,ChevronSlow,0.9931640625,0.1943359375,0.99169921875,0.1953125,0.994140625,0.1943359375,1.0,0.0007850668764458287,0.0359731020305232
0,1750,0,task1_initial,IDLGated,0.99169921875,0.19482421875,0.99169921875,0.1953125,0.99267578125,0.1943359375,0.0003701050882227719,0.0008475681488668318,0.033839680251731355
0,1760,0,task1_initial,MLP,0.99365234375,0.19091796875,0.0,0.0,0.0,0.0,1.0,0.0,0.0
0,1760,0,task1_initial,ChevronSlow,0.99365234375,0.193359375,0.99267578125,0.19384765625,0.99365234375,0.19384765625,1.0,0.000739214535398571,0.03550407542536876
0,1760,0,task1_initial,IDLGated,0.99169921875,0.19287109375,0.99169921875,0.19287109375,0.9912109375,0.19287109375,0.00036970237852074206,0.0007980653803911368,0.03360853105076943
0,1770,0,task1_initial,MLP,0.99267578125,0.193359375,0.0,0.0,0.0,0.0,1.0,0.0,0.0
0,1770,0,task1_initial,ChevronSlow,0.99072265625,0.1943359375,0.9892578125,0.1953125,0.9931640625,0.193359375,1.0,0.0006960402301245614,0.03489701494100677
0,1770,0,task1_initial,IDLGated,0.98974609375,0.19482421875,0.98779296875,0.1953125,0.9912109375,0.19384765625,0.00036932353395968676,0.0007514538532746583,0.03349043021400408
0,1780,0,task1_initial,MLP,0.9931640625,0.1962890625,0.0,0.0,0.0,0.0,1.0,0.0,0.0
0,1780,0,task1_initial,ChevronSlow,0.9931640625,0.1962890625,0.9912109375,0.197265625,0.99365234375,0.19482421875,1.0,0.0006553875482043028,0.035181871639023
0,1780,0,task1_initial,IDLGated,0.9921875,0.1982421875,0.98974609375,0.2001953125,0.99169921875,0.19482421875,0.00036896721576340497,0.0007075647026871121,0.03354347347193779
0,1790,0,task1_initial,MLP,0.99267578125,0.19140625,0.0,0.0,0.0,0.0,1.0,0.0,0.0
0,1790,0,task1_initial,ChevronSlow,0.9931640625,0.193359375,0.9931640625,0.19189453125,0.99462890625,0.19384765625,1.0,0.0006171092125872946,0.03503596034899078
0,1790,0,task1_initial,IDLGated,0.9912109375,0.19384765625,0.9912109375,0.1923828125,0.9931640625,0.19384765625,0.0003686321433633566,0.0006662389264583532,0.03265730369325267
0,1800,0,task1_initial,MLP,0.99365234375,0.18994140625,0.0,0.0,0.0,0.0,1.0,0.0,0.0
0,1800,0,task1_initial,ChevronSlow,0.9931640625,0.19140625,0.99267578125,0.19091796875,0.994140625,0.19189453125,1.0,0.0005810665480348693,0.03436626744954192
0,1800,0,task1_initial,IDLGated,0.98974609375,0.18994140625,0.9892578125,0.18896484375,0.9912109375,0.19189453125,0.0003683167160488665,0.0006273268090433023,0.03187212829684551
0,1810,0,task1_initial,MLP,0.99462890625,0.19189453125,0.0,0.0,0.0,0.0,1.0,0.0,0.0
0,1810,0,task1_initial,ChevronSlow,0.99462890625,0.19287109375,0.99462890625,0.1923828125,0.994140625,0.19287109375,1.0,0.0005471289787257837,0.034131397848071655
0,1810,0,task1_initial,IDLGated,0.99169921875,0.19384765625,0.9921875,0.19384765625,0.9912109375,0.193359375,0.00036802011891268194,0.000590687379130574,0.03169019826740471
0,1820,0,task1_initial,MLP,0.99072265625,0.19580078125,0.0,0.0,0.0,0.0,1.0,0.0,0.0
0,1820,0,task1_initial,ChevronSlow,0.9912109375,0.1962890625,0.98974609375,0.19677734375,0.99365234375,0.19482421875,1.0,0.0005151735552044813,0.03453066933122377
0,1820,0,task1_initial,IDLGated,0.98876953125,0.1982421875,0.98681640625,0.19970703125,0.9921875,0.1962890625,0.00036774095497094095,0.0005561878989298261,0.03188683761833172
0,1830,0,task1_initial,MLP,0.9912109375,0.193359375,0.0,0.0,0.0,0.0,1.0,0.0,0.0
0,1830,0,task1_initial,ChevronSlow,0.9912109375,0.193359375,0.9892578125,0.1923828125,0.99365234375,0.19384765625,1.0,0.0004850845089582484,0.03412410152671286
0,1830,0,task1_initial,IDLGated,0.9912109375,0.1953125,0.99072265625,0.19580078125,0.99072265625,0.19482421875,0.0003674783220048994,0.0005237033832876128,0.031041098095827967
0,1840,0,task1_initial,MLP,0.99169921875,0.19384765625,0.0,0.0,0.0,0.0,1.0,0.0,0.0
0,1840,0,task1_initial,ChevronSlow,0.9912109375,0.1943359375,0.9892578125,0.19384765625,0.99462890625,0.193359375,1.0,0.0004567528330095817,0.03313034697151328
0,1840,0,task1_initial,IDLGated,0.990234375,0.19482421875,0.98876953125,0.19384765625,0.9912109375,0.193359375,0.00036723125958815217,0.0004931161468895895,0.030677304681646356
0,1850,0,task1_initial,MLP,0.99462890625,0.19384765625,0.0,0.0,0.0,0.0,1.0,0.0,0.0
0,1850,0,task1_initial,ChevronSlow,0.994140625,0.1953125,0.99462890625,0.19580078125,0.99462890625,0.1943359375,1.0,0.00043007588700433075,0.03298372124500587
0,1850,0,task1_initial,IDLGated,0.99169921875,0.1953125,0.99169921875,0.19580078125,0.9921875,0.19482421875,0.0003669986908789724,0.00046431537790866663,0.03042104105617958
0,1860,0,task1_initial,MLP,0.98974609375,0.18994140625,0.0,0.0,0.0,0.0,1.0,0.0,0.0
0,1860,0,task1_initial,ChevronSlow,0.98974609375,0.1904296875,0.9853515625,0.18896484375,0.9921875,0.193359375,1.0,0.0004049570253649234,0.033860924443251283
0,1860,0,task1_initial,IDLGated,0.98828125,0.1904296875,0.98681640625,0.18896484375,0.99072265625,0.193359375,0.0003667798882815987,0.0004371967365545201,0.03063995761355722
0,1870,0,task1_initial,MLP,0.9912109375,0.18994140625,0.0,0.0,0.0,0.0,1.0,0.0,0.0
0,1870,0,task1_initial,ChevronSlow,0.9912109375,0.19091796875,0.99072265625,0.18994140625,0.99365234375,0.193359375,1.0,0.0003813052471615455,0.03363283616917117
0,1870,0,task1_initial,IDLGated,0.990234375,0.19140625,0.98974609375,0.19091796875,0.99072265625,0.19384765625,0.00036657400778494775,0.0004116619770700787,0.030502346966320988
0,1880,0,task1_initial,MLP,0.99462890625,0.19384765625,0.0,0.0,0.0,0.0,1.0,0.0,0.0
0,1880,0,task1_initial,ChevronSlow,0.99462890625,0.19482421875,0.99365234375,0.1953125,0.99462890625,0.1943359375,1.0,0.00035903486643281985,0.032805972269872294
0,1880,0,task1_initial,IDLGated,0.99267578125,0.19677734375,0.9921875,0.19775390625,0.99267578125,0.1962890625,0.00036638029268942773,0.00038761859180555205,0.030546575661707577
0,1890,0,task1_initial,MLP,0.9951171875,0.19482421875,0.0,0.0,0.0,0.0,1.0,0.0,0.0
0,1890,0,task1_initial,ChevronSlow,0.99365234375,0.1953125,0.99267578125,0.19580078125,0.99462890625,0.1943359375,1.0,0.0003380652017616213,0.032324579884895004
0,1890,0,task1_initial,IDLGated,0.9921875,0.1953125,0.99169921875,0.1962890625,0.99267578125,0.19482421875,0.00036619784077629447,0.0003649794760805463,0.030513210570388118
0,1900,0,task1_initial,MLP,0.9912109375,0.1865234375,0.0,0.0,0.0,0.0,1.0,0.0,0.0
0,1900,0,task1_initial,ChevronSlow,0.99267578125,0.1884765625,0.98876953125,0.1865234375,0.994140625,0.19140625,1.0,0.00031832028398141816,0.0322179541122029
0,1900,0,task1_initial,IDLGated,0.98828125,0.18701171875,0.98681640625,0.18310546875,0.99169921875,0.19140625,0.00036602624459192157,0.00034366261262012564,0.030769347440319988
0,1910,0,task1_initial,MLP,0.9931640625,0.19580078125,0.0,0.0,0.0,0.0,1.0,0.0,0.0
0,1910,0,task1_initial,ChevronSlow,0.99169921875,0.1943359375,0.99072265625,0.19482421875,0.994140625,0.19482421875,1.0,0.00029972858095421353,0.03158885583878368
0,1910,0,task1_initial,IDLGated,0.990234375,0.1962890625,0.98828125,0.19775390625,0.9912109375,0.1953125,0.00036586474743671715,0.00032359077442159105,0.030570029619367937
0,1920,0,task1_initial,MLP,0.99267578125,0.197265625,0.0,0.0,0.0,0.0,1.0,0.0,0.0
0,1920,0,task1_initial,ChevronSlow,0.9921875,0.19677734375,0.9921875,0.19775390625,0.99365234375,0.1953125,1.0,0.0002822227384230117,0.03157737141397296
0,1920,0,task1_initial,IDLGated,0.9912109375,0.1982421875,0.98974609375,0.19970703125,0.99267578125,0.19677734375,0.0003657127090264112,0.0003046912449755175,0.030307955678833123
0,1930,0,task1_initial,MLP,0.98779296875,0.18994140625,0.0,0.0,0.0,0.0,1.0,0.0,0.0
0,1930,0,task1_initial,ChevronSlow,0.98828125,0.19189453125,0.98486328125,0.19287109375,0.99267578125,0.19384765625,1.0,0.0002657393359999624,0.031685737963747795
0,1930,0,task1_initial,IDLGated,0.98974609375,0.193359375,0.98828125,0.19189453125,0.99169921875,0.1943359375,0.00036556963459588587,0.0002868955548274629,0.029851812716306683
0,1940,0,task1_initial,MLP,0.994140625,0.19189453125,0.0,0.0,0.0,0.0,1.0,0.0,0.0
0,1940,0,task1_initial,ChevronSlow,0.99462890625,0.1943359375,0.994140625,0.193359375,0.99462890625,0.19384765625,1.0,0.0002502186574061778,0.030424095256647393
0,1940,0,task1_initial,IDLGated,0.9921875,0.193359375,0.99169921875,0.19287109375,0.99169921875,0.19384765625,0.0003654349420685321,0.00027013923352596324,0.02957492941340784
0,1950,0,task1_initial,MLP,0.994140625,0.19140625,0.0,0.0,0.0,0.0,1.0,0.0,0.0
0,1950,0,task1_initial,ChevronSlow,0.9931640625,0.19189453125,0.9921875,0.19140625,0.994140625,0.19384765625,1.0,0.00023560447413084167,0.030226591325452225
0,1950,0,task1_initial,IDLGated,0.9921875,0.19189453125,0.99072265625,0.1904296875,0.9921875,0.193359375,0.0003653081657830626,0.00025436157605816416,0.02953298706332037
0,1960,0,task1_initial,MLP,0.99462890625,0.19189453125,0.0,0.0,0.0,0.0,1.0,0.0,0.0
0,1960,0,task1_initial,ChevronSlow,0.99462890625,0.19189453125,0.99462890625,0.19189453125,0.99462890625,0.1923828125,1.0,0.00022184384172584863,0.029878805567526562
0,1960,0,task1_initial,IDLGated,0.994140625,0.19384765625,0.99267578125,0.193359375,0.99365234375,0.1943359375,0.0003651887527666986,0.00023950542292693256,0.029552176261957365
0,1970,0,task1_initial,MLP,0.99365234375,0.19287109375,0.0,0.0,0.0,0.0,1.0,0.0,0.0
0,1970,0,task1_initial,ChevronSlow,0.99462890625,0.19482421875,0.99462890625,0.1943359375,0.99462890625,0.1943359375,1.0,0.00020888690799798757,0.029887656787306968
0,1970,0,task1_initial,IDLGated,0.994140625,0.19384765625,0.9921875,0.19384765625,0.99365234375,0.1943359375,0.0003650764701887965,0.00022551695307270714,0.029565908117341423
0,1980,0,task1_initial,MLP,0.9912109375,0.18896484375,0.0,0.0,0.0,0.0,1.0,0.0,0.0
0,1980,0,task1_initial,ChevronSlow,0.99267578125,0.19140625,0.99169921875,0.19091796875,0.994140625,0.19287109375,1.0,0.0001966867324037855,0.030120042450656342
0,1980,0,task1_initial,IDLGated,0.99072265625,0.18896484375,0.98974609375,0.18798828125,0.9921875,0.19140625,0.0003649706777650863,0.0002123454888898826,0.029657185029773478
0,1990,0,task1_initial,MLP,0.9892578125,0.18701171875,0.0,0.0,0.0,0.0,1.0,0.0,0.0
0,1990,0,task1_initial,ChevronSlow,0.98876953125,0.1875,0.986328125,0.18408203125,0.99169921875,0.1904296875,1.0,0.0001851991159927123,0.03085826570206697
0,1990,0,task1_initial,IDLGated,0.98779296875,0.1875,0.98583984375,0.18310546875,0.99072265625,0.19140625,0.0003648711717687547,0.00019994331263133882,0.030102548172326663
0,2000,0,task1_initial,MLP,0.9921875,0.193359375,0.0,0.0,0.0,0.0,1.0,0.0,0.0
0,2000,0,task1_initial,ChevronSlow,0.994140625,0.19384765625,0.994140625,0.19384765625,0.994140625,0.19384765625,1.0,0.00017438244128266365,0.03037951789406447
0,2000,0,task1_initial,IDLGated,0.9931640625,0.19482421875,0.99267578125,0.19482421875,0.99267578125,0.1943359375,0.00036477745743468404,0.0001882654935359828,0.029747329017878733
0,2010,0,task1_initial,MLP,0.9931640625,0.1953125,0.0,0.0,0.0,0.0,1.0,0.0,0.0
0,2010,0,task1_initial,ChevronSlow,0.9921875,0.19580078125,0.98974609375,0.19775390625,0.99462890625,0.19482421875,1.0,0.00016419752148762014,0.030248550069871486
0,2010,0,task1_initial,IDLGated,0.98974609375,0.1953125,0.98876953125,0.1982421875,0.99365234375,0.19482421875,0.0003646893019322306,0.00017726972505301865,0.029912718203002123
0,2020,0,task1_initial,MLP,0.9931640625,0.19287109375,0.0,0.0,0.0,0.0,1.0,0.0,0.0
0,2020,0,task1_initial,ChevronSlow,0.9951171875,0.193359375,0.9921875,0.19384765625,0.994140625,0.19287109375,1.0,0.00015460745855126303,0.02996952052643705
0,2020,0,task1_initial,IDLGated,0.99072265625,0.19189453125,0.98828125,0.1904296875,0.99267578125,0.1923828125,0.0003646062104962766,0.00016691617157324007,0.030015269666568218
0,2030,0,task1_initial,MLP,0.9931640625,0.19482421875,0.0,0.0,0.0,0.0,1.0,0.0,0.0
0,2030,0,task1_initial,ChevronSlow,0.99267578125,0.19677734375,0.99267578125,0.19677734375,0.99462890625,0.1953125,1.0,0.00014557750947222881,0.030064344672057885
0,2030,0,task1_initial,IDLGated,0.9921875,0.1982421875,0.99072265625,0.19873046875,0.9931640625,0.19580078125,0.00036452803760766983,0.00015716732411208127,0.03013340991735855
0,2040,0,task1_initial,MLP,0.98828125,0.19287109375,0.0,0.0,0.0,0.0,1.0,0.0,0.0
0,2040,0,task1_initial,ChevronSlow,0.990234375,0.1923828125,0.9873046875,0.1923828125,0.9931640625,0.1943359375,1.0,0.00013707496043672431,0.03049396678134971
0,2040,0,task1_initial,IDLGated,0.99072265625,0.1953125,0.9873046875,0.1953125,0.9921875,0.19580078125,0.0003644545504357666,0.00014798786442159299,0.03020679472059075
0,2050,0,task1_initial,MLP,0.994140625,0.193359375,0.0,0.0,0.0,0.0,1.0,0.0,0.0
0,2050,0,task1_initial,ChevronSlow,0.994140625,0.1943359375,0.99365234375,0.19482421875,0.99462890625,0.19384765625,1.0,0.00012906900830250795,0.02948538108206967
0,2050,0,task1_initial,IDLGated,0.9921875,0.19384765625,0.9912109375,0.19482421875,0.994140625,0.1943359375,0.00036438522511161864,0.00013934453703904682,0.030183752234163922
0,2060,0,task1_initial,MLP,0.99462890625,0.193359375,0.0,0.0,0.0,0.0,1.0,0.0,0.0
0,2060,0,task1_initial,ChevronSlow,0.99462890625,0.1953125,0.99560546875,0.19580078125,0.99462890625,0.19482421875,1.0,0.00012153064900487648,0.029675384872314095
0,2060,0,task1_initial,IDLGated,0.99365234375,0.193359375,0.99365234375,0.19287109375,0.9931640625,0.19384765625,0.0003643201198428869,0.00013120602880862416,0.029846763786752273
0,2070,0,task1_initial,MLP,0.990234375,0.18798828125,0.0,0.0,0.0,0.0,1.0,0.0,0.0
0,2070,0,task1_initial,ChevronSlow,0.99267578125,0.18994140625,0.99072265625,0.18798828125,0.994140625,0.19287109375,1.0,0.00011443257248037205,0.030529120236542022
0,2070,0,task1_initial,IDLGated,0.9912109375,0.18896484375,0.990234375,0.1865234375,0.9921875,0.19189453125,0.00036425862344913185,0.00012354285543971885,0.029968917119160096
0,2080,0,task1_initial,MLP,0.99365234375,0.18896484375,0.0,0.0,0.0,0.0,1.0,0.0,0.0
0,2080,0,task1_initial,ChevronSlow,0.99365234375,0.19091796875,0.99267578125,0.1875,0.994140625,0.1923828125,1.0,0.00010774906372753893,0.030246584426482582
0,2080,0,task1_initial,IDLGated,0.9921875,0.19091796875,0.990234375,0.1884765625,0.99365234375,0.19189453125,0.0003642007941380143,0.00011632725469087624,0.02985073066121005
0,2090,0,task1_initial,MLP,0.99169921875,0.1943359375,0.0,0.0,0.0,0.0,1.0,0.0,0.0
0,2090,0,task1_initial,ChevronSlow,0.9931640625,0.19482421875,0.99267578125,0.19482421875,0.99462890625,0.19384765625,1.0,0.00010145590964629074,0.030296322437362556
0,2090,0,task1_initial,IDLGated,0.9931640625,0.19580078125,0.9921875,0.19677734375,0.994140625,0.19482421875,0.00036414648639038205,0.00010953308579239349,0.029917389157244016
0,2100,0,task1_initial,MLP,0.99267578125,0.1962890625,0.0,0.0,0.0,0.0,1.0,0.0,0.0
0,2100,0,task1_initial,ChevronSlow,0.9931640625,0.19677734375,0.99267578125,0.1982421875,0.9951171875,0.1953125,1.0,9.553031131838512e-05,0.029720748155083743
0,2100,0,task1_initial,IDLGated,0.9912109375,0.19775390625,0.99169921875,0.19873046875,0.9931640625,0.19482421875,0.0003640952636487782,0.00010313573474320818,0.029695089031245785
0,2110,0,task1_initial,MLP,0.99169921875,0.18896484375,0.0,0.0,0.0,0.0,1.0,0.0,0.0
0,2110,0,task1_initial,ChevronSlow,0.9931640625,0.19091796875,0.9921875,0.189453125,0.99462890625,0.19287109375,1.0,8.995080141121413e-05,0.029987567506955224
0,2110,0,task1_initial,IDLGated,0.9892578125,0.18896484375,0.98779296875,0.1875,0.9921875,0.1904296875,0.0003640470386017114,9.711202513898391e-05,0.029695803169114122
0,2120,0,task1_initial,MLP,0.98974609375,0.1875,0.0,0.0,0.0,0.0,1.0,0.0,0.0
0,2120,0,task1_initial,ChevronSlow,0.9912109375,0.1884765625,0.98828125,0.18603515625,0.99365234375,0.19189453125,1.0,8.469716640568003e-05,0.03031090352320584
0,2120,0,task1_initial,IDLGated,0.990234375,0.1884765625,0.98681640625,0.1865234375,0.99072265625,0.189453125,0.0003640015493147075,9.144013420833935e-05,0.02952477901914728
0,2130,0,task1_initial,MLP,0.9921875,0.189453125,0.0,0.0,0.0,0.0,1.0,0.0,0.0
0,2130,0,task1_initial,ChevronSlow,0.9912109375,0.189453125,0.9912109375,0.1884765625,0.99462890625,0.19189453125,1.0,7.97503733664025e-05,0.0299209132664477
0,2130,0,task1_initial,IDLGated,0.9912109375,0.189453125,0.9912109375,0.18896484375,0.99169921875,0.19140625,0.0003639589122030884,8.60995137530359e-05,0.02887603877528539
0,2140,0,task1_initial,MLP,0.99365234375,0.19287109375,0.0,0.0,0.0,0.0,1.0,0.0,0.0
0,2140,0,task1_initial,ChevronSlow,0.9921875,0.1923828125,0.99072265625,0.19384765625,0.9951171875,0.1923828125,1.0,7.509250098895959e-05,0.029400506301066994
0,2140,0,task1_initial,IDLGated,0.990234375,0.19287109375,0.98876953125,0.19287109375,0.9921875,0.19287109375,0.0003639186325017363,8.107081570570506e-05,0.028906251934409724
0,2150,0,task1_initial,MLP,0.99609375,0.193359375,0.0,0.0,0.0,0.0,1.0,0.0,0.0
0,2150,0,task1_initial,ChevronSlow,0.99462890625,0.19482421875,0.99462890625,0.19580078125,0.99462890625,0.19482421875,1.0,7.070667467435913e-05,0.029144673475917628
0,2150,0,task1_initial,IDLGated,0.99462890625,0.1943359375,0.99462890625,0.1953125,0.994140625,0.193359375,0.00036388065200299025,7.633582203542524e-05,0.028473793086611764
0,2160,0,task1_initial,MLP,0.99169921875,0.19189453125,0.0,0.0,0.0,0.0,1.0,0.0,0.0
0,2160,0,task1_initial,ChevronSlow,0.99169921875,0.19189453125,0.990234375,0.19140625,0.994140625,0.1923828125,1.0,6.657700539552804e-05,0.028752228882959203
0,2160,0,task1_initial,IDLGated,0.9912109375,0.19091796875,0.9892578125,0.189453125,0.9912109375,0.19140625,0.00036384494160301983,7.187737874720865e-05,0.028435135555836065
0,2170,0,task1_initial,MLP,0.99462890625,0.19140625,0.0,0.0,0.0,0.0,1.0,0.0,0.0
0,2170,0,task1_initial,ChevronSlow,0.99462890625,0.19189453125,0.9951171875,0.19189453125,0.99462890625,0.1923828125,1.0,6.268853213434402e-05,0.028984849827828816
0,2170,0,task1_initial,IDLGated,0.99267578125,0.1923828125,0.9921875,0.19189453125,0.994140625,0.19287109375,0.00036381144309416413,6.767933373629123e-05,0.027947648260632906
0,2180,0,task1_initial,MLP,0.99365234375,0.1904296875,0.0,0.0,0.0,0.0,1.0,0.0,0.0
0,2180,0,task1_initial,ChevronSlow,0.99365234375,0.19189453125,0.99267578125,0.19140625,0.99462890625,0.1923828125,1.0,5.9027167680669665e-05,0.02868967157667725
0,2180,0,task1_initial,IDLGated,0.9912109375,0.19189453125,0.99169921875,0.19091796875,0.9931640625,0.19287109375,0.0003637797199189663,6.372647827208323e-05,0.027689395728282624
0,2190,0,task1_initial,MLP,0.98974609375,0.1953125,0.0,0.0,0.0,0.0,1.0,0.0,0.0
0,2190,0,task1_initial,ChevronSlow,0.99267578125,0.19482421875,0.9912109375,0.1962890625,0.99462890625,0.1943359375,1.0,5.5579647597029385e-05,0.0288491541230884
0,2190,0,task1_initial,IDLGated,0.99072265625,0.19677734375,0.9892578125,0.19775390625,0.9931640625,0.19677734375,0.0003637500631157309,6.0004491899787406e-05,0.02747132794963563
0,2200,0,end_task1,MLP,0.99462890625,0.19189453125,0.0,0.0,0.0,0.0,1.0,0.0,0.0
0,2200,0,end_task1,ChevronSlow,0.9951171875,0.193359375,0.994140625,0.193359375,0.99462890625,0.193359375,1.0,5.233348216403746e-05,0.028369958508333785
0,2200,0,end_task1,IDLGated,0.99267578125,0.1923828125,0.99169921875,0.19140625,0.994140625,0.19287109375,0.0003637220070231706,5.649989056007426e-05,0.027009032991380577
0,2210,0,task2,MLP,0.923828125,0.2578125,0.0,0.0,0.0,0.0,1.0,0.0,0.0
0,2210,0,task2,ChevronSlow,0.931640625,0.2470703125,0.8759765625,0.29052734375,0.97314453125,0.212890625,1.0,4.927691113248457e-05,0.05707526901044192
0,2210,0,task2,IDLGated,0.9580078125,0.22802734375,0.88232421875,0.29345703125,0.99072265625,0.19140625,0.0003652050800155848,0.00024154019214178398,0.07868881986108509
0,2220,0,task2,MLP,0.07421875,0.8076171875,0.0,0.0,0.0,0.0,1.0,0.0,0.0
0,2220,0,task2,ChevronSlow,0.060546875,0.82421875,0.04736328125,0.80029296875,0.939453125,0.248046875,1.0,0.013303910520599063,0.09879369030554479
0,2220,0,task2,IDLGated,0.2900390625,0.67041015625,0.03759765625,0.80712890625,0.99072265625,0.19091796875,0.0006294723716564476,0.02500004839168277,0.15271878936583558
0,2230,0,task2,MLP,0.05517578125,0.8203125,0.0,0.0,0.0,0.0,1.0,0.0,0.0
0,2230,0,task2,ChevronSlow,0.05419921875,0.8388671875,0.046875,0.8095703125,0.9052734375,0.27880859375,1.0,0.057687173638793526,0.11294892773411268
0,2230,0,task2,IDLGated,0.1474609375,0.7919921875,0.044921875,0.8369140625,0.99072265625,0.1904296875,0.0033108172938227654,0.10057982592731166,0.19029134712384754
0,2240,0,task2,MLP,0.083984375,0.83837890625,0.0,0.0,0.0,0.0,1.0,0.0,0.0
0,2240,0,task2,ChevronSlow,0.099609375,0.83837890625,0.0556640625,0.82763671875,0.884765625,0.29248046875,1.0,0.12413791679270926,0.11659205791906489
0,2240,0,task2,IDLGated,0.1533203125,0.8359375,0.080078125,0.85888671875,0.99072265625,0.1904296875,0.04371242597699165,0.21975334437690955,0.20497332265319138
0,2250,0,task2,MLP,0.11376953125,0.85546875,0.0,0.0,0.0,0.0,1.0,0.0,0.0
0,2250,0,task2,ChevronSlow,0.12646484375,0.83837890625,0.078125,0.8388671875,0.8720703125,0.3017578125,1.0,0.1995754474380995,0.11979001272593016
0,2250,0,task2,IDLGated,0.1376953125,0.85546875,0.07861328125,0.86181640625,0.9912109375,0.19091796875,0.5450513958930969,0.36821343413973806,0.20606674740896203
0,2260,0,task2,MLP,0.1240234375,0.87158203125,0.0,0.0,0.0,0.0,1.0,0.0,0.0
0,2260,0,task2,ChevronSlow,0.1279296875,0.8466796875,0.06982421875,0.8466796875,0.8642578125,0.30810546875,1.0,0.27592652142331486,0.12380207179952069
0,2260,0,task2,IDLGated,0.11572265625,0.87255859375,0.06640625,0.86474609375,0.98974609375,0.19921875,0.9790313839912415,0.534706199959549,0.2019863277407036
0,2270,0,task2,MLP,0.13037109375,0.88671875,0.0,0.0,0.0,0.0,1.0,0.0,0.0
0,2270,0,task2,ChevronSlow,0.12353515625,0.8525390625,0.06396484375,0.84765625,0.85302734375,0.318359375,1.0,0.3487024627864805,0.13110196703340418
0,2270,0,task2,IDLGated,0.1162109375,0.88427734375,0.0712890625,0.85888671875,0.9775390625,0.208984375,0.9995344877243042,0.708719878166124,0.1976274825617492
0,2280,0,task2,MLP,0.14599609375,0.89794921875,0.0,0.0,0.0,0.0,1.0,0.0,0.0
0,2280,0,task2,ChevronSlow,0.13330078125,0.857421875,0.0703125,0.84765625,0.82763671875,0.34521484375,1.0,0.41542879524683457,0.1361712157952602
0,2280,0,task2,IDLGated,0.13916015625,0.89697265625,0.08935546875,0.86376953125,0.96826171875,0.21533203125,0.9999897480010986,0.8821091796058816,0.19598944329769874
0,2290,0,task2,MLP,0.13818359375,0.9052734375,0.0,0.0,0.0,0.0,1.0,0.0,0.0
0,2290,0,task2,ChevronSlow,0.1298828125,0.86865234375,0.068359375,0.861328125,0.521484375,0.6640625,1.0,0.47475458496529427,0.13798159957278835
0,2290,0,task2,IDLGated,0.14453125,0.90283203125,0.09130859375,0.876953125,0.95947265625,0.22216796875,0.9999997615814209,1.0478052546355594,0.1949881034668843
0,2300,0,task2,MLP,0.13623046875,0.91064453125,0.0,0.0,0.0,0.0,1.0,0.0,0.0
0,2300,0,task2,ChevronSlow,0.11962890625,0.873046875,0.06640625,0.86572265625,0.49072265625,0.681640625,1.0,0.5274612564644776,0.13666051141438298
0,2300,0,task2,IDLGated,0.130859375,0.9091796875,0.09033203125,0.8681640625,0.9482421875,0.224609375,1.0,1.201977129990819,0.19271694332244405
0,2310,0,task2,MLP,0.1513671875,0.9130859375,0.0,0.0,0.0,0.0,1.0,0.0,0.0
0,2310,0,task2,ChevronSlow,0.12158203125,0.875,0.07666015625,0.86376953125,0.47314453125,0.70458984375,1.0,0.5748704051311051,0.13854915669696136
0,2310,0,task2,IDLGated,0.13671875,0.912109375,0.08935546875,0.87841796875,0.93896484375,0.2265625,1.0,1.3431912953918947,0.19348415414965706
0,2320,0,task2,MLP,0.1650390625,0.9287109375,0.0,0.0,0.0,0.0,1.0,0.0,0.0
0,2320,0,task2,ChevronSlow,0.12646484375,0.88330078125,0.09033203125,0.87451171875,0.4580078125,0.71826171875,1.0,0.6176405692925456,0.14303402912672128
0,2320,0,task2,IDLGated,0.1435546875,0.91650390625,0.09521484375,0.8828125,0.93017578125,0.2294921875,1.0,1.4712741112748489,0.19576393570016845
0,2330,0,task2,MLP,0.1728515625,0.93603515625,0.0,0.0,0.0,0.0,1.0,0.0,0.0
0,2330,0,task2,ChevronSlow,0.13818359375,0.89599609375,0.1064453125,0.89453125,0.23828125,0.85302734375,1.0,0.6538130056687567,0.14687855003778666
0,2330,0,task2,IDLGated,0.15380859375,0.9140625,0.1015625,0.89501953125,0.9248046875,0.232421875,1.0,1.5830124349853592,0.19774530419835276
0,2340,0,task2,MLP,0.16064453125,0.94140625,0.0,0.0,0.0,0.0,1.0,0.0,0.0
0,2340,0,task2,ChevronSlow,0.13671875,0.90234375,0.107421875,0.90380859375,0.20849609375,0.8681640625,1.0,0.6838417031001762,0.1476168835255699
0,2340,0,task2,IDLGated,0.14501953125,0.923828125,0.10107421875,0.88916015625,0.916015625,0.23876953125,1.0,1.6797345027143071,0.1971004215966068
0,2350,0,task2,MLP,0.16357421875,0.93701171875,0.0,0.0,0.0,0.0,1.0,0.0,0.0
0,2350,0,task2,ChevronSlow,0.13623046875,0.9033203125,0.11669921875,0.89892578125,0.19580078125,0.8740234375,1.0,0.7091717299479049,0.14641156628886665
0,2350,0,task2,IDLGated,0.14599609375,0.9169921875,0.10986328125,0.884765625,0.91259765625,0.23974609375,1.0,1.763754983483163,0.19476414375420528
0,2360,0,task2,MLP,0.166015625,0.94482421875,0.0,0.0,0.0,0.0,1.0,0.0,0.0
0,2360,0,task2,ChevronSlow,0.1455078125,0.90966796875,0.13037109375,0.9091796875,0.18701171875,0.88134765625,1.0,0.7312194815754713,0.1481561471954292
0,2360,0,task2,IDLGated,0.15625,0.9267578125,0.1171875,0.9033203125,0.90771484375,0.24365234375,1.0,1.8372768043667247,0.19498513569077555
0,2370,0,task2,MLP,0.173828125,0.94970703125,0.0,0.0,0.0,0.0,1.0,0.0,0.0
0,2370,0,task2,ChevronSlow,0.15625,0.9150390625,0.1484375,0.916015625,0.18359375,0.88330078125,1.0,0.7495897766569118,0.15078679610400156
0,2370,0,task2,IDLGated,0.1591796875,0.9306640625,0.12255859375,0.89990234375,0.904296875,0.2451171875,1.0,1.8993331272759744,0.19470655912364643
0,2380,0,task2,MLP,0.171875,0.951171875,0.0,0.0,0.0,0.0,1.0,0.0,0.0
0,2380,0,task2,ChevronSlow,0.16015625,0.9208984375,0.15283203125,0.92578125,0.181640625,0.88720703125,1.0,0.7637670907586733,0.15423635691919235
0,2380,0,task2,IDLGated,0.16015625,0.93603515625,0.125,0.904296875,0.89794921875,0.25048828125,1.0,1.9491220598169532,0.19526799408714685
0,2390,0,task2,MLP,0.18212890625,0.95703125,0.0,0.0,0.0,0.0,1.0,0.0,0.0
0,2390,0,task2,ChevronSlow,0.16455078125,0.9228515625,0.16259765625,0.935546875,0.18603515625,0.88916015625,1.0,0.7739106019892605,0.15780770188661486
0,2390,0,task2,IDLGated,0.17431640625,0.93212890625,0.13623046875,0.91943359375,0.8916015625,0.25390625,1.0,1.9877172760374386,0.1970646171602365
0,2400,0,task2,MLP,0.16259765625,0.9580078125,0.0,0.0,0.0,0.0,1.0,0.0,0.0
0,2400,0,task2,ChevronSlow,0.158203125,0.927734375,0.15283203125,0.9345703125,0.1796875,0.8916015625,1.0,0.7810343089566404,0.15687931963235116
0,2400,0,task2,IDLGated,0.15478515625,0.94140625,0.12451171875,0.90673828125,0.88623046875,0.2568359375,1.0,2.017345962428965,0.1937691839981526
0,2410,0,task2,MLP,0.1572265625,0.9560546875,0.0,0.0,0.0,0.0,1.0,0.0,0.0
0,2410,0,task2,ChevronSlow,0.1513671875,0.9306640625,0.14599609375,0.9306640625,0.1708984375,0.8984375,1.0,0.7861326200874806,0.15652564551494302
0,2410,0,task2,IDLGated,0.14892578125,0.93798828125,0.12353515625,0.90234375,0.88330078125,0.26220703125,1.0,2.039839783145821,0.19054791886829547
0,2420,0,end_task2,MLP,0.177734375,0.9599609375,0.0,0.0,0.0,0.0,1.0,0.0,0.0
0,2420,0,end_task2,ChevronSlow,0.16162109375,0.9365234375,0.162109375,0.94580078125,0.17626953125,0.89794921875,1.0,0.7897475582056588,0.15931114024274023
0,2420,0,end_task2,IDLGated,0.16796875,0.93994140625,0.14306640625,0.92431640625,0.8818359375,0.2646484375,1.0,2.054832779086094,0.1914205902009809
0,2430,10,task1_return,MLP,0.46142578125,0.73876953125,0.0,0.0,0.0,0.0,1.0,0.0,0.0
0,2430,10,task1_return,ChevronSlow,0.31591796875,0.86083984375,0.32373046875,0.85546875,0.287109375,0.84716796875,1.0,0.790341110070793,0.1816523409408637
0,2430,10,task1_return,IDLGated,0.5,0.697265625,0.265625,0.8818359375,0.90380859375,0.228515625,1.0,2.061638443048491,0.2009193673886045
0,2440,20,task1_return,MLP,0.912109375,0.27197265625,0.0,0.0,0.0,0.0,1.0,0.0,0.0
0,2440,20,task1_return,ChevronSlow,0.87744140625,0.3046875,0.89306640625,0.24365234375,0.58642578125,0.59619140625,1.0,0.7813843746706293,0.2101133615527261
0,2440,20,task1_return,IDLGated,0.736328125,0.46435546875,0.6591796875,0.51416015625,0.93310546875,0.19287109375,1.0,2.0498570602432253,0.21761212077457137
0,2450,30,task1_return,MLP,0.97021484375,0.21728515625,0.0,0.0,0.0,0.0,1.0,0.0,0.0
0,2450,30,task1_return,ChevronSlow,0.9677734375,0.18896484375,0.93017578125,0.17919921875,0.955078125,0.21533203125,1.0,0.7716412063790435,0.22480262124262415
0,2450,30,task1_return,IDLGated,0.96630859375,0.17236328125,0.73095703125,0.39794921875,0.95361328125,0.1748046875,1.0,2.01280161225411,0.22641821969683038
0,2460,40,task1_return,MLP,0.97509765625,0.181640625,0.0,0.0,0.0,0.0,1.0,0.0,0.0
0,2460,40,task1_return,ChevronSlow,0.97509765625,0.1806640625,0.94921875,0.173828125,0.9677734375,0.2060546875,1.0,0.7695304683430524,0.22825837388642906
0,2460,40,task1_return,IDLGated,0.96728515625,0.17724609375,0.9228515625,0.21044921875,0.96435546875,0.17919921875,1.0,1.9521460750257582,0.22887236321517487
0,2470,50,task1_return,MLP,0.97216796875,0.17431640625,0.0,0.0,0.0,0.0,1.0,0.0,0.0
0,2470,50,task1_return,ChevronSlow,0.98193359375,0.1884765625,0.97412109375,0.1884765625,0.974609375,0.20654296875,1.0,0.7727402684570907,0.22650446947105782
0,2470,50,task1_return,IDLGated,0.982421875,0.18505859375,0.93896484375,0.22021484375,0.9677734375,0.1904296875,1.0,1.8754064349095778,0.22808102568330677
0,2480,60,task1_return,MLP,0.98486328125,0.18310546875,0.0,0.0,0.0,0.0,1.0,0.0,0.0
0,2480,60,task1_return,ChevronSlow,0.98095703125,0.193359375,0.982421875,0.18505859375,0.97802734375,0.20703125,1.0,0.7783636152931191,0.2224722456358578
0,2480,60,task1_return,IDLGated,0.97998046875,0.18896484375,0.95556640625,0.20947265625,0.9697265625,0.1953125,1.0,1.7897589030651477,0.22464911875550933
0,2490,70,task1_return,MLP,0.98681640625,0.197265625,0.0,0.0,0.0,0.0,1.0,0.0,0.0
0,2490,70,task1_return,ChevronSlow,0.9833984375,0.1962890625,0.98583984375,0.18896484375,0.9814453125,0.2060546875,1.0,0.7845228712255152,0.2172872445405407
0,2490,70,task1_return,IDLGated,0.9794921875,0.1943359375,0.96337890625,0.20703125,0.97021484375,0.197265625,1.0,1.6995866062681335,0.22000169467152184
0,2500,80,task1_return,MLP,0.982421875,0.20263671875,0.0,0.0,0.0,0.0,1.0,0.0,0.0
0,2500,80,task1_return,ChevronSlow,0.9853515625,0.19775390625,0.98095703125,0.2001953125,0.98388671875,0.2041015625,1.0,0.7897248235780905,0.2115480238631463
0,2500,80,task1_return,IDLGated,0.984375,0.19775390625,0.96142578125,0.2138671875,0.9765625,0.20361328125,1.0,1.6074506918214737,0.21490402580563955
0,2510,90,task1_return,MLP,0.98486328125,0.20263671875,0.0,0.0,0.0,0.0,1.0,0.0,0.0
0,2510,90,task1_return,ChevronSlow,0.98974609375,0.1943359375,0.98974609375,0.18994140625,0.984375,0.201171875,1.0,0.7939362839932772,0.20567537084997914
0,2510,90,task1_return,IDLGated,0.984375,0.19384765625,0.96533203125,0.20849609375,0.97900390625,0.201171875,1.0,1.5155027929136762,0.20913979079927553
0,2520,100,task1_return,MLP,0.9912109375,0.19287109375,0.0,0.0,0.0,0.0,1.0,0.0,0.0
0,2520,100,task1_return,ChevronSlow,0.9892578125,0.189453125,0.9833984375,0.18408203125,0.984375,0.19677734375,1.0,0.7959252753412286,0.20007990879692486
0,2520,100,task1_return,IDLGated,0.986328125,0.189453125,0.962890625,0.19775390625,0.98193359375,0.197265625,1.0,1.4269888675353144,0.20376459508832875
0,2530,110,task1_return,MLP,0.98974609375,0.1904296875,0.0,0.0,0.0,0.0,1.0,0.0,0.0
0,2530,110,task1_return,ChevronSlow,0.99072265625,0.19189453125,0.9892578125,0.18798828125,0.98583984375,0.19677734375,1.0,0.7959425157563538,0.19550331403841104
0,2530,110,task1_return,IDLGated,0.98583984375,0.1875,0.9677734375,0.1923828125,0.98095703125,0.19677734375,1.0,1.3436446554841208,0.19990961350913278
0,2540,120,task1_return,MLP,0.98779296875,0.1953125,0.0,0.0,0.0,0.0,1.0,0.0,0.0
0,2540,120,task1_return,ChevronSlow,0.9912109375,0.197265625,0.9951171875,0.19384765625,0.986328125,0.197265625,1.0,0.7934166613167308,0.19141538926750606
0,2540,120,task1_return,IDLGated,0.982421875,0.1904296875,0.9794921875,0.1923828125,0.97705078125,0.19873046875,1.0,1.2651682162939952,0.19696909073737062
0,2550,130,task1_return,MLP,0.9912109375,0.19873046875,0.0,0.0,0.0,0.0,1.0,0.0,0.0
0,2550,130,task1_return,ChevronSlow,0.99267578125,0.1962890625,0.990234375,0.19384765625,0.9873046875,0.19775390625,1.0,0.7883202299603581,0.1858991659006546
0,2550,130,task1_return,IDLGated,0.9873046875,0.19580078125,0.98193359375,0.1982421875,0.9794921875,0.2021484375,1.0,1.1912752445279575,0.19339470396480474
0,2560,140,task1_return,MLP,0.99072265625,0.19482421875,0.0,0.0,0.0,0.0,1.0,0.0,0.0
0,2560,140,task1_return,ChevronSlow,0.9921875,0.19140625,0.98974609375,0.1884765625,0.98876953125,0.19482421875,1.0,0.7808552899572281,0.18041339191383937
0,2560,140,task1_return,IDLGated,0.990234375,0.19287109375,0.97802734375,0.2001953125,0.98291015625,0.20166015625,1.0,1.1216980397928138,0.1893922169509613
0,2570,150,task1_return,MLP,0.990234375,0.19140625,0.0,0.0,0.0,0.0,1.0,0.0,0.0
0,2570,150,task1_return,ChevronSlow,0.99267578125,0.1923828125,0.9892578125,0.1904296875,0.9892578125,0.19482421875,1.0,0.7710833198960411,0.17593437085767802
0,2570,150,task1_return,IDLGated,0.990234375,0.193359375,0.97900390625,0.197265625,0.9833984375,0.201171875,0.9999997615814209,1.0561845369107832,0.1854302540847198
0,2580,160,task1_return,MLP,0.99072265625,0.189453125,0.0,0.0,0.0,0.0,1.0,0.0,0.0
0,2580,160,task1_return,ChevronSlow,0.99169921875,0.19189453125,0.99072265625,0.18896484375,0.99169921875,0.19384765625,1.0,0.7587099137170389,0.17149901377697135
0,2580,160,task1_return,IDLGated,0.98828125,0.18994140625,0.9794921875,0.19140625,0.982421875,0.19775390625,0.9999991655349731,0.9944973927345827,0.1812072644711989
0,2590,170,task1_return,MLP,0.9912109375,0.19677734375,0.0,0.0,0.0,0.0,1.0,0.0,0.0
0,2590,170,task1_return,ChevronSlow,0.990234375,0.193359375,0.986328125,0.19580078125,0.9921875,0.1962890625,1.0,0.7444571522805966,0.16807528337768154
0,2590,170,task1_return,IDLGated,0.98974609375,0.193359375,0.98095703125,0.19677734375,0.98486328125,0.2021484375,0.9999969005584717,0.9364131262976695,0.17811445334624262
0,2600,180,task1_return,MLP,0.98974609375,0.1982421875,0.0,0.0,0.0,0.0,1.0,0.0,0.0
0,2600,180,task1_return,ChevronSlow,0.9921875,0.1962890625,0.9892578125,0.1962890625,0.98974609375,0.19677734375,1.0,0.728904078274333,0.16444441714388355
0,2600,180,task1_return,IDLGated,0.98828125,0.1962890625,0.98828125,0.19189453125,0.9794921875,0.20166015625,0.9999896287918091,0.8817213091845675,0.17487165619424214
0,2610,190,task1_return,MLP,0.98828125,0.19970703125,0.0,0.0,0.0,0.0,1.0,0.0,0.0
0,2610,190,task1_return,ChevronSlow,0.99072265625,0.19482421875,0.98681640625,0.19775390625,0.99267578125,0.19677734375,1.0,0.7121716267397868,0.16061771233457672
0,2610,190,task1_return,IDLGated,0.98876953125,0.1953125,0.9833984375,0.1962890625,0.9833984375,0.203125,0.9999678134918213,0.8302238031881404,0.17177491794869174
0,2620,200,task1_return,MLP,0.98828125,0.19189453125,0.0,0.0,0.0,0.0,1.0,0.0,0.0
0,2620,200,task1_return,ChevronSlow,0.990234375,0.1904296875,0.98388671875,0.18701171875,0.99365234375,0.19384765625,1.0,0.6949365385666282,0.1562166402995333
0,2620,200,task1_return,IDLGated,0.98974609375,0.1923828125,0.9765625,0.1923828125,0.9873046875,0.2001953125,0.9999065399169922,0.7817340424919882,0.1681626767549532
0,2630,210,task1_return,MLP,0.99267578125,0.19482421875,0.0,0.0,0.0,0.0,1.0,0.0,0.0
0,2630,210,task1_return,ChevronSlow,0.99267578125,0.19580078125,0.990234375,0.1943359375,0.98974609375,0.1962890625,1.0,0.6767755532438734,0.15349063864373597
0,2630,210,task1_return,IDLGated,0.98974609375,0.1943359375,0.98583984375,0.18896484375,0.9833984375,0.2021484375,0.9997449517250061,0.736076357777446,0.1656600320332637
0,2640,220,task1_return,MLP,0.98681640625,0.1943359375,0.0,0.0,0.0,0.0,1.0,0.0,0.0
0,2640,220,task1_return,ChevronSlow,0.98828125,0.193359375,0.98291015625,0.193359375,0.99560546875,0.1953125,1.0,0.658112347183924,0.14953298169546525
0,2640,220,task1_return,IDLGated,0.98876953125,0.1923828125,0.97607421875,0.19384765625,0.98828125,0.20068359375,0.9993434548377991,0.693085339806554,0.162615653405117
0,2650,230,task1_return,MLP,0.9931640625,0.189453125,0.0,0.0,0.0,0.0,1.0,0.0,0.0
0,2650,230,task1_return,ChevronSlow,0.9921875,0.1904296875,0.9873046875,0.18505859375,0.9931640625,0.1923828125,1.0,0.6390061802482846,0.14569295626710194
0,2650,230,task1_return,IDLGated,0.98828125,0.19140625,0.97802734375,0.18798828125,0.98876953125,0.19775390625,0.9984018206596375,0.6526052401753762,0.1590335001319086
0,2660,240,task1_return,MLP,0.98583984375,0.18994140625,0.0,0.0,0.0,0.0,1.0,0.0,0.0
0,2660,240,task1_return,ChevronSlow,0.98779296875,0.18896484375,0.98388671875,0.1865234375,0.98876953125,0.1923828125,1.0,0.6189646689178862,0.14269356326522112
0,2660,240,task1_return,IDLGated,0.9873046875,0.1884765625,0.98291015625,0.181640625,0.9833984375,0.19580078125,0.9963112473487854,0.6144894070667128,0.15585648557461754
0,2670,250,task1_return,MLP,0.994140625,0.1923828125,0.0,0.0,0.0,0.0,1.0,0.0,0.0
0,2670,250,task1_return,ChevronSlow,0.99462890625,0.19287109375,0.99365234375,0.19189453125,0.99267578125,0.1953125,1.0,0.5982771782381863,0.13914447777187236
0,2670,250,task1_return,IDLGated,0.98876953125,0.19140625,0.986328125,0.1845703125,0.9853515625,0.19775390625,0.9919115900993347,0.57859975395804,0.15307850463373268
0,2680,260,end_return,MLP,0.9892578125,0.19287109375,0.0,0.0,0.0,0.0,1.0,0.0,0.0
0,2680,260,end_return,ChevronSlow,0.98974609375,0.1923828125,0.9873046875,0.193359375,0.99365234375,0.1943359375,1.0,0.5767447257252654,0.1348905153772427
0,2680,260,end_return,IDLGated,0.9892578125,0.19091796875,0.982421875,0.1865234375,0.98828125,0.197265625,0.983138918876648,0.5448062593599092,0.1496718768969297
1,0,0,task1_initial,MLP,0.51904296875,0.388671875,0.0,0.0,0.0,0.0,1.0,0.0,0.0
1,0,0,task1_initial,ChevronSlow,0.51904296875,0.388671875,0.51904296875,0.388671875,0.51904296875,0.388671875,1.0,0.0,0.0
1,0,0,task1_initial,IDLGated,0.48095703125,0.611328125,0.48095703125,0.611328125,0.48095703125,0.611328125,1.0,0.0,0.0
1,10,0,task1_initial,MLP,0.87548828125,0.2041015625,0.0,0.0,0.0,0.0,1.0,0.0,0.0
1,10,0,task1_initial,ChevronSlow,0.90869140625,0.21728515625,0.94921875,0.18359375,0.66943359375,0.31005859375,1.0,0.0006806076430829557,0.02220732785468256
1,10,0,task1_initial,IDLGated,0.7568359375,0.34716796875,0.90380859375,0.18505859375,0.48095703125,0.611328125,0.00036954451934434474,0.0007786579491885125,0.023230188469394373
1,20,0,task1_initial,MLP,0.943359375,0.2021484375,0.0,0.0,0.0,0.0,1.0,0.0,0.0
1,20,0,task1_initial,ChevronSlow,0.94287109375,0.185546875,0.9033203125,0.20654296875,0.84619140625,0.24609375,1.0,0.004731599100966243,0.04109638907443246
1,20,0,task1_initial,IDLGated,0.91748046875,0.20458984375,0.86279296875,0.22900390625,0.6044921875,0.50732421875,0.00040862042806111276,0.005349316856355712,0.043743549727476336
1,30,0,task1_initial,MLP,0.9326171875,0.21044921875,0.0,0.0,0.0,0.0,1.0,0.0,0.0
1,30,0,task1_initial,ChevronSlow,0.9365234375,0.18896484375,0.92626953125,0.19580078125,0.9130859375,0.2265625,1.0,0.014581407903069858,0.05938475110276361
1,30,0,task1_initial,IDLGated,0.92138671875,0.2138671875,0.9150390625,0.228515625,0.73046875,0.37353515625,0.0005094596999697387,0.015379531029994996,0.06279587334867918
1,40,0,task1_initial,MLP,0.93359375,0.2138671875,0.0,0.0,0.0,0.0,1.0,0.0,0.0
1,40,0,task1_initial,ChevronSlow,0.9306640625,0.20068359375,0.931640625,0.201171875,0.91455078125,0.2265625,1.0,0.03172014244566553,0.07774029885576746
1,40,0,task1_initial,IDLGated,0.92138671875,0.212890625,0.92333984375,0.22412109375,0.81884765625,0.28662109375,0.0007523272652179003,0.03310969821642411,0.08239589053177705
1,50,0,task1_initial,MLP,0.9306640625,0.21630859375,0.0,0.0,0.0,0.0,1.0,0.0,0.0
1,50,0,task1_initial,ChevronSlow,0.9296875,0.2060546875,0.9306640625,0.20654296875,0.92626953125,0.21875,1.0,0.058276866598760364,0.0950374312966359
1,50,0,task1_initial,IDLGated,0.92236328125,0.21240234375,0.92431640625,0.2177734375,0.8720703125,0.23583984375,0.0013967488193884492,0.06126315709743803,0.09930985695868956
1,60,0,task1_initial,MLP,0.9287109375,0.2158203125,0.0,0.0,0.0,0.0,1.0,0.0,0.0
1,60,0,task1_initial,ChevronSlow,0.9296875,0.20751953125,0.9296875,0.20751953125,0.9326171875,0.22314453125,1.0,0.09555955256067365,0.10919810822909434
1,60,0,task1_initial,IDLGated,0.9228515625,0.2109375,0.92578125,0.2158203125,0.9091796875,0.21484375,0.003350581042468548,0.10112429664681423,0.11200757558980053
1,70,0,task1_initial,MLP,0.93212890625,0.212890625,0.0,0.0,0.0,0.0,1.0,0.0,0.0
1,70,0,task1_initial,ChevronSlow,0.93017578125,0.2099609375,0.9306640625,0.20947265625,0.93310546875,0.21630859375,1.0,0.1432171120335546,0.11996561081132175
1,70,0,task1_initial,IDLGated,0.921875,0.21533203125,0.921875,0.21728515625,0.91064453125,0.216796875,0.010139692574739456,0.15176789938490248,0.12020079290074329
1,80,0,task1_initial,MLP,0.93017578125,0.2099609375,0.0,0.0,0.0,0.0,1.0,0.0,0.0
1,80,0,task1_initial,ChevronSlow,0.93115234375,0.20751953125,0.9306640625,0.2080078125,0.93359375,0.21240234375,1.0,0.20070235193208744,0.12697425735515946
1,80,0,task1_initial,IDLGated,0.923828125,0.212890625,0.9248046875,0.21240234375,0.9189453125,0.21630859375,0.037214841693639755,0.21213079085549727,0.12555815143022106
1,90,0,task1_initial,MLP,0.93115234375,0.216796875,0.0,0.0,0.0,0.0,1.0,0.0,0.0
1,90,0,task1_initial,ChevronSlow,0.9287109375,0.21435546875,0.9287109375,0.21435546875,0.93359375,0.2119140625,1.0,0.2657314080439931,0.13061965512777976
1,90,0,task1_initial,IDLGated,0.92578125,0.21435546875,0.92431640625,0.2138671875,0.92431640625,0.216796875,0.14628829061985016,0.27981753341547644,0.12821674244531572
1,100,0,task1_initial,MLP,0.93359375,0.2080078125,0.0,0.0,0.0,0.0,1.0,0.0,0.0
1,100,0,task1_initial,ChevronSlow,0.93310546875,0.20458984375,0.9326171875,0.20458984375,0.9384765625,0.203125,1.0,0.33512508215392095,0.13260735746466712
1,100,0,task1_initial,IDLGated,0.92626953125,0.21044921875,0.9287109375,0.20751953125,0.9248046875,0.2158203125,0.45370519161224365,0.3515585830009223,0.12929733315576034
1,110,0,task1_initial,MLP,0.935546875,0.20751953125,0.0,0.0,0.0,0.0,1.0,0.0,0.0
1,110,0,task1_initial,ChevronSlow,0.93505859375,0.2041015625,0.93505859375,0.20361328125,0.93798828125,0.2021484375,1.0,0.4066969524864816,0.13335109999680878
1,110,0,task1_initial,IDLGated,0.9287109375,0.2080078125,0.92919921875,0.20849609375,0.92431640625,0.21484375,0.8068270087242126,0.42497834180377253,0.1290441209657991
1,120,0,task1_initial,MLP,0.9375,0.2041015625,0.0,0.0,0.0,0.0,1.0,0.0,0.0
1,120,0,task1_initial,ChevronSlow,0.93798828125,0.2021484375,0.93798828125,0.2021484375,0.9384765625,0.20166015625,1.0,0.4777274943318269,0.13397687453001272
1,120,0,task1_initial,IDLGated,0.9296875,0.20458984375,0.9296875,0.203125,0.92626953125,0.2138671875,0.9535058736801147,0.49731001151371135,0.12827535700378329
1,130,0,task1_initial,MLP,0.94287109375,0.2060546875,0.0,0.0,0.0,0.0,1.0,0.0,0.0
1,130,0,task1_initial,ChevronSlow,0.93701171875,0.20458984375,0.93701171875,0.20458984375,0.939453125,0.2041015625,1.0,0.5480114145829673,0.13375725929422183
1,130,0,task1_initial,IDLGated,0.9306640625,0.2080078125,0.93115234375,0.2060546875,0.9267578125,0.21630859375,0.9898617267608643,0.5682386887055321,0.12719488378628782
1,140,0,task1_initial,MLP,0.939453125,0.20361328125,0.0,0.0,0.0,0.0,1.0,0.0,0.0
1,140,0,task1_initial,ChevronSlow,0.939453125,0.201171875,0.93994140625,0.20068359375,0.939453125,0.20361328125,1.0,0.6157164069722414,0.13244964885317856
1,140,0,task1_initial,IDLGated,0.931640625,0.205078125,0.931640625,0.2021484375,0.92529296875,0.21484375,0.9977086782455444,0.6361963748153858,0.1256373142715706
1,150,0,task1_initial,MLP,0.9443359375,0.19970703125,0.0,0.0,0.0,0.0,1.0,0.0,0.0
1,150,0,task1_initial,ChevronSlow,0.94091796875,0.197265625,0.9404296875,0.197265625,0.9404296875,0.2001953125,1.0,0.679381346711266,0.13144641194027154
1,150,0,task1_initial,IDLGated,0.93408203125,0.20361328125,0.93408203125,0.20166015625,0.9248046875,0.21435546875,0.9994342923164368,0.6998598555582007,0.12416218855884222
1,160,0,task1_initial,MLP,0.9453125,0.1962890625,0.0,0.0,0.0,0.0,1.0,0.0,0.0
1,160,0,task1_initial,ChevronSlow,0.943359375,0.1943359375,0.94482421875,0.193359375,0.94140625,0.19873046875,1.0,0.7371672222481324,0.13067556039119413
1,160,0,task1_initial,IDLGated,0.9345703125,0.201171875,0.93505859375,0.19921875,0.92724609375,0.21484375,0.9998408555984497,0.7575454462280752,0.12237975763875711
1,170,0,task1_initial,MLP,0.94580078125,0.21240234375,0.0,0.0,0.0,0.0,1.0,0.0,0.0
1,170,0,task1_initial,ChevronSlow,0.94140625,0.21240234375,0.94189453125,0.212890625,0.9384765625,0.20849609375,1.0,0.788937104406594,0.12985060230048673
1,170,0,task1_initial,IDLGated,0.931640625,0.2119140625,0.93310546875,0.2109375,0.9267578125,0.22265625,0.9999487400054932,0.8090571401258386,0.1204695519864942
1,180,0,task1_initial,MLP,0.94140625,0.21728515625,0.0,0.0,0.0,0.0,1.0,0.0,0.0
1,180,0,task1_initial,ChevronSlow,0.939453125,0.21533203125,0.9404296875,0.2158203125,0.9384765625,0.21240234375,1.0,0.8349479578837742,0.1302110841502404
1,180,0,task1_initial,IDLGated,0.93310546875,0.2158203125,0.93359375,0.21435546875,0.9267578125,0.22509765625,0.999981164932251,0.8546260773763732,0.11986005413924976
1,190,0,task1_initial,MLP,0.94677734375,0.205078125,0.0,0.0,0.0,0.0,1.0,0.0,0.0
1,190,0,task1_initial,ChevronSlow,0.943359375,0.2021484375,0.943359375,0.201171875,0.93994140625,0.2060546875,1.0,0.87650343897172,0.13036801108842583
1,190,0,task1_initial,IDLGated,0.93603515625,0.208984375,0.93603515625,0.20703125,0.927734375,0.22216796875,0.9999923706054688,0.8953678902782484,0.11968191148027837
1,200,0,task1_initial,MLP,0.9482421875,0.1982421875,0.0,0.0,0.0,0.0,1.0,0.0,0.0
1,200,0,task1_initial,ChevronSlow,0.94580078125,0.1982421875,0.94580078125,0.19775390625,0.9404296875,0.20361328125,1.0,0.9133010836856488,0.13108466584812592
1,200,0,task1_initial,IDLGated,0.93994140625,0.201171875,0.93896484375,0.19873046875,0.93115234375,0.22314453125,0.999996542930603,0.9309803332901442,0.12017045058798628
1,210,0,task1_initial,MLP,0.953125,0.20947265625,0.0,0.0,0.0,0.0,1.0,0.0,0.0
1,210,0,task1_initial,ChevronSlow,0.9482421875,0.20849609375,0.9501953125,0.208984375,0.939453125,0.21044921875,1.0,0.9460163888401275,0.13080194749466534
1,210,0,task1_initial,IDLGated,0.9384765625,0.21142578125,0.94140625,0.208984375,0.9287109375,0.22412109375,0.9999982118606567,0.9623845589941734,0.11902493336044566
1,220,0,task1_initial,MLP,0.95458984375,0.2080078125,0.0,0.0,0.0,0.0,1.0,0.0,0.0
1,220,0,task1_initial,ChevronSlow,0.95458984375,0.20556640625,0.95654296875,0.20458984375,0.94287109375,0.2099609375,1.0,0.9745980721590436,0.13035734440739344
1,220,0,task1_initial,IDLGated,0.94287109375,0.20849609375,0.947265625,0.20654296875,0.92919921875,0.2236328125,0.9999990463256836,0.9895055831573015,0.11802966261008338
1,230,0,task1_initial,MLP,0.95556640625,0.19970703125,0.0,0.0,0.0,0.0,1.0,0.0,0.0
1,230,0,task1_initial,ChevronSlow,0.95458984375,0.197265625,0.95751953125,0.19482421875,0.94287109375,0.20458984375,1.0,0.9986267620530764,0.130487336652155
1,230,0,task1_initial,IDLGated,0.94189453125,0.2021484375,0.94482421875,0.19921875,0.9345703125,0.22314453125,0.9999994039535522,1.0118075224988825,0.11831539311365412
1,240,0,task1_initial,MLP,0.9609375,0.197265625,0.0,0.0,0.0,0.0,1.0,0.0,0.0
1,240,0,task1_initial,ChevronSlow,0.95849609375,0.193359375,0.96435546875,0.19091796875,0.9453125,0.203125,1.0,1.0191844329762234,0.1302726881999641
1,240,0,task1_initial,IDLGated,0.94677734375,0.1982421875,0.953125,0.19482421875,0.93359375,0.22021484375,0.9999996423721313,1.0303567054828346,0.117959764820684
1,250,0,task1_initial,MLP,0.96435546875,0.2119140625,0.0,0.0,0.0,0.0,1.0,0.0,0.0
1,250,0,task1_initial,ChevronSlow,0.96142578125,0.20751953125,0.96337890625,0.21142578125,0.947265625,0.20654296875,1.0,1.0363313861337342,0.1298186993655953
1,250,0,task1_initial,IDLGated,0.94873046875,0.20849609375,0.955078125,0.205078125,0.93310546875,0.22119140625,0.9999997615814209,1.0451220204193234,0.11699988701691254
1,260,0,task1_initial,MLP,0.966796875,0.20703125,0.0,0.0,0.0,0.0,1.0,0.0,0.0
1,260,0,task1_initial,ChevronSlow,0.96533203125,0.20458984375,0.9638671875,0.2041015625,0.955078125,0.20166015625,1.0,1.050599485056376,0.12873978636927247
1,260,0,task1_initial,IDLGated,0.95263671875,0.20751953125,0.95654296875,0.20654296875,0.93701171875,0.22119140625,0.9999997615814209,1.0565469063558803,0.11612484070281322
1,270,0,task1_initial,MLP,0.96875,0.19384765625,0.0,0.0,0.0,0.0,1.0,0.0,0.0
1,270,0,task1_initial,ChevronSlow,0.97021484375,0.189453125,0.97265625,0.18798828125,0.95556640625,0.19970703125,1.0,1.06144192321299,0.12860190737278845
1,270,0,task1_initial,IDLGated,0.95556640625,0.1962890625,0.96240234375,0.1884765625,0.93701171875,0.21826171875,0.9999997615814209,1.0645316077918623,0.11656522220940806
1,280,0,task1_initial,MLP,0.9658203125,0.20947265625,0.0,0.0,0.0,0.0,1.0,0.0,0.0
1,280,0,task1_initial,ChevronSlow,0.962890625,0.2119140625,0.96337890625,0.21142578125,0.951171875,0.2119140625,1.0,1.0690664941906738,0.1287348403700768
1,280,0,task1_initial,IDLGated,0.95458984375,0.21240234375,0.9580078125,0.208984375,0.935546875,0.224609375,0.9999998807907104,1.069211404461497,0.11631400015032162
1,290,0,task1_initial,MLP,0.9638671875,0.21337890625,0.0,0.0,0.0,0.0,1.0,0.0,0.0
1,290,0,task1_initial,ChevronSlow,0.96240234375,0.21240234375,0.96484375,0.21337890625,0.94873046875,0.21337890625,1.0,1.0747786270167476,0.1287823924606872
1,290,0,task1_initial,IDLGated,0.94921875,0.2177734375,0.95556640625,0.21484375,0.9375,0.2275390625,0.9999998807907104,1.0717571189586597,0.11666631581623806
1,300,0,task1_initial,MLP,0.97412109375,0.19482421875,0.0,0.0,0.0,0.0,1.0,0.0,0.0
1,300,0,task1_initial,ChevronSlow,0.97216796875,0.1943359375,0.9775390625,0.19140625,0.95703125,0.2021484375,1.0,1.0790030956074506,0.12832747014507373
1,300,0,task1_initial,IDLGated,0.96044921875,0.20361328125,0.96240234375,0.19873046875,0.9404296875,0.22216796875,0.9999998807907104,1.0728493176544056,0.116454376789542
1,310,0,task1_initial,MLP,0.978515625,0.189453125,0.0,0.0,0.0,0.0,1.0,0.0,0.0
1,310,0,task1_initial,ChevronSlow,0.97705078125,0.19091796875,0.97802734375,0.18994140625,0.95849609375,0.2021484375,1.0,1.0818536185181755,0.12799844249807574
1,310,0,task1_initial,IDLGated,0.9609375,0.19580078125,0.9697265625,0.1875,0.9423828125,0.21826171875,0.9999998807907104,1.0726882243358418,0.11626037836901303
1,320,0,task1_initial,MLP,0.9765625,0.19287109375,0.0,0.0,0.0,0.0,1.0,0.0,0.0
1,320,0,task1_initial,ChevronSlow,0.97705078125,0.19482421875,0.97998046875,0.1943359375,0.9609375,0.203125,1.0,1.0821888871228136,0.12796862146760374
1,320,0,task1_initial,IDLGated,0.962890625,0.1953125,0.9697265625,0.1865234375,0.9443359375,0.216796875,0.9999998807907104,1.0702930312215835,0.11654687779017182
1,330,0,task1_initial,MLP,0.9814453125,0.19384765625,0.0,0.0,0.0,0.0,1.0,0.0,0.0
1,330,0,task1_initial,ChevronSlow,0.98193359375,0.19482421875,0.9833984375,0.193359375,0.9619140625,0.2001953125,1.0,1.080415372726314,0.1280992173991091
1,330,0,task1_initial,IDLGated,0.96826171875,0.19921875,0.97412109375,0.1943359375,0.9453125,0.2158203125,0.9999997615814209,1.0659501542034346,0.1169368660118261
1,340,0,task1_initial,MLP,0.98388671875,0.1943359375,0.0,0.0,0.0,0.0,1.0,0.0,0.0
1,340,0,task1_initial,ChevronSlow,0.97802734375,0.19677734375,0.97705078125,0.1953125,0.96533203125,0.197265625,1.0,1.077713895681919,0.12788897789891504
1,340,0,task1_initial,IDLGated,0.9716796875,0.197265625,0.974609375,0.19189453125,0.94970703125,0.2138671875,0.9999997615814209,1.0609421914924118,0.11697746535747511
1,350,0,task1_initial,MLP,0.97802734375,0.20361328125,0.0,0.0,0.0,0.0,1.0,0.0,0.0
1,350,0,task1_initial,ChevronSlow,0.97412109375,0.20703125,0.97412109375,0.20849609375,0.96337890625,0.20263671875,1.0,1.0746672417111771,0.12757999297321534
1,350,0,task1_initial,IDLGated,0.9677734375,0.205078125,0.97314453125,0.2041015625,0.94873046875,0.21875,0.9999997615814209,1.0558841159783927,0.11683492305058508
1,360,0,task1_initial,MLP,0.9755859375,0.19287109375,0.0,0.0,0.0,0.0,1.0,0.0,0.0
1,360,0,task1_initial,ChevronSlow,0.9775390625,0.1923828125,0.9794921875,0.189453125,0.966796875,0.19873046875,1.0,1.0706626885592636,0.12694108420655933
1,360,0,task1_initial,IDLGated,0.97119140625,0.193359375,0.97412109375,0.19287109375,0.94775390625,0.21484375,0.9999997615814209,1.049911966564135,0.1167587997148373
1,370,0,task1_initial,MLP,0.98779296875,0.1884765625,0.0,0.0,0.0,0.0,1.0,0.0,0.0
1,370,0,task1_initial,ChevronSlow,0.9833984375,0.185546875,0.978515625,0.18603515625,0.96923828125,0.1943359375,1.0,1.0655130791577625,0.1262975568266574
1,370,0,task1_initial,IDLGated,0.9775390625,0.1904296875,0.98095703125,0.18701171875,0.95263671875,0.20751953125,0.9999997615814209,1.0431047142842182,0.11620095342758512
1,380,0,task1_initial,MLP,0.984375,0.19482421875,0.0,0.0,0.0,0.0,1.0,0.0,0.0
1,380,0,task1_initial,ChevronSlow,0.97998046875,0.197265625,0.9794921875,0.1962890625,0.96728515625,0.20166015625,1.0,1.0595587231887893,0.12406585661967597
1,380,0,task1_initial,IDLGated,0.9755859375,0.1953125,0.9755859375,0.19189453125,0.953125,0.2119140625,0.9999996423721313,1.0357489170522798,0.11442307319523622
1,390,0,task1_initial,MLP,0.98583984375,0.201171875,0.0,0.0,0.0,0.0,1.0,0.0,0.0
1,390,0,task1_initial,ChevronSlow,0.98095703125,0.201171875,0.97998046875,0.2001953125,0.96435546875,0.20556640625,1.0,1.0509425247835178,0.12240404728501202
1,390,0,task1_initial,IDLGated,0.97998046875,0.201171875,0.982421875,0.1953125,0.9521484375,0.21240234375,0.9999995231628418,1.026258759878661,0.11336347415871742
1,400,0,task1_initial,MLP,0.9677734375,0.20068359375,0.0,0.0,0.0,0.0,1.0,0.0,0.0
1,400,0,task1_initial,ChevronSlow,0.9716796875,0.20166015625,0.97607421875,0.20068359375,0.95751953125,0.208984375,1.0,1.0400840417220985,0.12128975587023101
1,400,0,task1_initial,IDLGated,0.96875,0.19775390625,0.974609375,0.19482421875,0.9501953125,0.21484375,0.9999994039535522,1.0150835182961198,0.11277719452263688
1,410,0,task1_initial,MLP,0.986328125,0.20263671875,0.0,0.0,0.0,0.0,1.0,0.0,0.0
1,410,0,task1_initial,ChevronSlow,0.982421875,0.20068359375,0.9794921875,0.2001953125,0.96630859375,0.205078125,1.0,1.027270414569647,0.12004068372794419
1,410,0,task1_initial,IDLGated,0.97705078125,0.20556640625,0.97998046875,0.19970703125,0.9521484375,0.21484375,0.9999992847442627,1.0024209615835307,0.11152829219737195
1,420,0,task1_initial,MLP,0.9853515625,0.19580078125,0.0,0.0,0.0,0.0,1.0,0.0,0.0
1,420,0,task1_initial,ChevronSlow,0.98046875,0.19873046875,0.97998046875,0.19775390625,0.96826171875,0.2041015625,1.0,1.0121502049848186,0.11945596640053013
1,420,0,task1_initial,IDLGated,0.97802734375,0.19970703125,0.98046875,0.19775390625,0.955078125,0.21142578125,0.9999990463256836,0.9879330320390562,0.11112831668417843
1,430,0,task1_initial,MLP,0.9873046875,0.1923828125,0.0,0.0,0.0,0.0,1.0,0.0,0.0
1,430,0,task1_initial,ChevronSlow,0.982421875,0.1953125,0.98095703125,0.1923828125,0.97119140625,0.2001953125,1.0,0.9949880086956423,0.11899972204473025
1,430,0,task1_initial,IDLGated,0.982421875,0.19677734375,0.98046875,0.193359375,0.9580078125,0.2099609375,0.9999985694885254,0.9719011744549387,0.11095747554306636
1,440,0,task1_initial,MLP,0.98681640625,0.19140625,0.0,0.0,0.0,0.0,1.0,0.0,0.0
1,440,0,task1_initial,ChevronSlow,0.98193359375,0.19384765625,0.98095703125,0.193359375,0.97412109375,0.20068359375,1.0,0.9766713290624288,0.11892575269185891
1,440,0,task1_initial,IDLGated,0.98095703125,0.19580078125,0.98046875,0.193359375,0.96435546875,0.2080078125,0.9999979734420776,0.9550641446007,0.11107149309323164
1,450,0,task1_initial,MLP,0.9716796875,0.1962890625,0.0,0.0,0.0,0.0,1.0,0.0,0.0
1,450,0,task1_initial,ChevronSlow,0.9765625,0.2001953125,0.97998046875,0.1953125,0.966796875,0.20166015625,1.0,0.9572742374633564,0.11886465358737644
1,450,0,task1_initial,IDLGated,0.97314453125,0.1953125,0.97705078125,0.19091796875,0.95751953125,0.20751953125,0.9999969005584717,0.9372661004668877,0.11164664999352632
1,460,0,task1_initial,MLP,0.984375,0.19384765625,0.0,0.0,0.0,0.0,1.0,0.0,0.0
1,460,0,task1_initial,ChevronSlow,0.98095703125,0.1943359375,0.982421875,0.19482421875,0.9697265625,0.19873046875,1.0,0.9373204227362069,0.11763025476824172
1,460,0,task1_initial,IDLGated,0.98095703125,0.197265625,0.98193359375,0.19482421875,0.96142578125,0.20703125,0.9999954700469971,0.9191476553163705,0.11048636922380128
1,470,0,task1_initial,MLP,0.98583984375,0.193359375,0.0,0.0,0.0,0.0,1.0,0.0,0.0
1,470,0,task1_initial,ChevronSlow,0.98193359375,0.19189453125,0.98095703125,0.19189453125,0.9765625,0.1953125,1.0,0.9169639972311878,0.11629009172896689
1,470,0,task1_initial,IDLGated,0.9814453125,0.19580078125,0.98046875,0.1943359375,0.9658203125,0.205078125,0.9999932050704956,0.9007143250638131,0.10921607914354237
1,480,0,task1_initial,MLP,0.98779296875,0.19189453125,0.0,0.0,0.0,0.0,1.0,0.0,0.0
1,480,0,task1_initial,ChevronSlow,0.9814453125,0.1923828125,0.9814453125,0.193359375,0.98046875,0.197265625,1.0,0.8958531937591966,0.11557086863422339
1,480,0,task1_initial,IDLGated,0.97998046875,0.19384765625,0.9794921875,0.1923828125,0.970703125,0.20166015625,0.9999896287918091,0.8816806179352539,0.10875190484115536
1,490,0,task1_initial,MLP,0.98876953125,0.19140625,0.0,0.0,0.0,0.0,1.0,0.0,0.0
1,490,0,task1_initial,ChevronSlow,0.98388671875,0.1943359375,0.98095703125,0.19189453125,0.97802734375,0.1962890625,1.0,0.8741605025328653,0.11460975974903725
1,490,0,task1_initial,IDLGated,0.98486328125,0.193359375,0.9814453125,0.19091796875,0.97119140625,0.201171875,0.9999841451644897,0.8622683621497262,0.10817132101702186
1,500,0,task1_initial,MLP,0.97998046875,0.203125,0.0,0.0,0.0,0.0,1.0,0.0,0.0
1,500,0,task1_initial,ChevronSlow,0.97705078125,0.2060546875,0.978515625,0.20703125,0.97119140625,0.20068359375,1.0,0.8518772798118563,0.11302048868125912
1,500,0,task1_initial,IDLGated,0.97802734375,0.205078125,0.98046875,0.2041015625,0.96728515625,0.20361328125,0.9999754428863525,0.8424506053481661,0.10717767831807155
1,510,0,task1_initial,MLP,0.97802734375,0.205078125,0.0,0.0,0.0,0.0,1.0,0.0,0.0
1,510,0,task1_initial,ChevronSlow,0.97705078125,0.208984375,0.97412109375,0.2109375,0.97998046875,0.203125,1.0,0.8286963049773897,0.11127913562962878
1,510,0,task1_initial,IDLGated,0.974609375,0.21044921875,0.97265625,0.21240234375,0.97119140625,0.20654296875,0.9999613761901855,0.8218630024754592,0.10550874217088176
1,520,0,task1_initial,MLP,0.9892578125,0.18994140625,0.0,0.0,0.0,0.0,1.0,0.0,0.0
1,520,0,task1_initial,ChevronSlow,0.9814453125,0.19287109375,0.97900390625,0.193359375,0.9833984375,0.1923828125,1.0,0.8049584853133223,0.10959416847068365
1,520,0,task1_initial,IDLGated,0.984375,0.1962890625,0.98095703125,0.1943359375,0.97607421875,0.19921875,0.9999386072158813,0.8008185901905039,0.10407983659675295
1,530,0,task1_initial,MLP,0.9755859375,0.18896484375,0.0,0.0,0.0,0.0,1.0,0.0,0.0
1,530,0,task1_initial,ChevronSlow,0.97998046875,0.18994140625,0.97900390625,0.189453125,0.97900390625,0.19287109375,1.0,0.7811229114227989,0.10903376203132718
1,530,0,task1_initial,IDLGated,0.97802734375,0.18701171875,0.978515625,0.18603515625,0.97119140625,0.1953125,0.9999021291732788,0.7796173117971513,0.1039812383015587
1,540,0,task1_initial,MLP,0.98779296875,0.1875,0.0,0.0,0.0,0.0,1.0,0.0,0.0
1,540,0,task1_initial,ChevronSlow,0.98095703125,0.1884765625,0.9794921875,0.1875,0.97900390625,0.19189453125,1.0,0.7576987937821845,0.10822271541627383
1,540,0,task1_initial,IDLGated,0.9814453125,0.1875,0.97900390625,0.18603515625,0.97412109375,0.19287109375,0.9998453855514526,0.7588324013142028,0.1029208225759278
1,550,0,task1_initial,MLP,0.9892578125,0.1865234375,0.0,0.0,0.0,0.0,1.0,0.0,0.0
1,550,0,task1_initial,ChevronSlow,0.98291015625,0.18994140625,0.98291015625,0.18994140625,0.984375,0.19140625,1.0,0.7346100486705552,0.10756914886194265
1,550,0,task1_initial,IDLGated,0.9833984375,0.19091796875,0.982421875,0.19091796875,0.97998046875,0.1962890625,0.999756395816803,0.7381603275631795,0.10200182666779965
1,560,0,task1_initial,MLP,0.98876953125,0.1884765625,0.0,0.0,0.0,0.0,1.0,0.0,0.0
1,560,0,task1_initial,ChevronSlow,0.9814453125,0.1923828125,0.98095703125,0.19384765625,0.98388671875,0.19287109375,1.0,0.7121449561410751,0.10664230164295102
1,560,0,task1_initial,IDLGated,0.98291015625,0.19287109375,0.9814453125,0.1923828125,0.98095703125,0.1962890625,0.9996198415756226,0.7179391648218125,0.10097122215669177
1,570,0,task1_initial,MLP,0.98193359375,0.1796875,0.0,0.0,0.0,0.0,1.0,0.0,0.0
1,570,0,task1_initial,ChevronSlow,0.97998046875,0.18359375,0.9794921875,0.1826171875,0.98291015625,0.18603515625,1.0,0.6896447167660443,0.10531544833017303
1,570,0,task1_initial,IDLGated,0.97998046875,0.18408203125,0.97705078125,0.1806640625,0.974609375,0.189453125,0.9994074106216431,0.6977454579060404,0.10008361845741989
1,580,0,task1_initial,MLP,0.98876953125,0.19091796875,0.0,0.0,0.0,0.0,1.0,0.0,0.0
1,580,0,task1_initial,ChevronSlow,0.98095703125,0.19482421875,0.98095703125,0.19580078125,0.97998046875,0.1904296875,1.0,0.6660763981840964,0.10425874367692968
1,580,0,task1_initial,IDLGated,0.98388671875,0.1943359375,0.982421875,0.19580078125,0.9765625,0.19384765625,0.9990546107292175,0.6764977971243618,0.09910949613376925
1,590,0,task1_initial,MLP,0.982421875,0.201171875,0.0,0.0,0.0,0.0,1.0,0.0,0.0
1,590,0,task1_initial,ChevronSlow,0.97900390625,0.20361328125,0.97705078125,0.20458984375,0.98388671875,0.1953125,1.0,0.6416209798601064,0.10309236134930673
1,590,0,task1_initial,IDLGated,0.9765625,0.20263671875,0.974609375,0.20458984375,0.9814453125,0.19873046875,0.998458743095398,0.6542537871850864,0.09785531167400754
1,600,0,task1_initial,MLP,0.9833984375,0.193359375,0.0,0.0,0.0,0.0,1.0,0.0,0.0
1,600,0,task1_initial,ChevronSlow,0.984375,0.1962890625,0.984375,0.1982421875,0.984375,0.1923828125,1.0,0.6161979302493676,0.10231859072538511
1,600,0,task1_initial,IDLGated,0.98291015625,0.19580078125,0.98486328125,0.19775390625,0.9794921875,0.19482421875,0.9974250793457031,0.6308789116834019,0.0974081491647521
1,610,0,task1_initial,MLP,0.9853515625,0.197265625,0.0,0.0,0.0,0.0,1.0,0.0,0.0
1,610,0,task1_initial,ChevronSlow,0.9814453125,0.20068359375,0.98095703125,0.201171875,0.9814453125,0.19580078125,1.0,0.5899221510538137,0.10142173482946361
1,610,0,task1_initial,IDLGated,0.98193359375,0.19921875,0.98193359375,0.2001953125,0.97900390625,0.197265625,0.9956099390983582,0.6065454152729499,0.09686982576570612
1,620,0,task1_initial,MLP,0.98974609375,0.18798828125,0.0,0.0,0.0,0.0,1.0,0.0,0.0
1,620,0,task1_initial,ChevronSlow,0.98291015625,0.1904296875,0.9833984375,0.189453125,0.98486328125,0.19091796875,1.0,0.5638049783309458,0.10011683527726155
1,620,0,task1_initial,IDLGated,0.984375,0.19140625,0.9833984375,0.1904296875,0.982421875,0.19189453125,0.9924955368041992,0.5820330220708763,0.095261476322243
1,630,0,task1_initial,MLP,0.98876953125,0.1826171875,0.0,0.0,0.0,0.0,1.0,0.0,0.0
1,630,0,task1_initial,ChevronSlow,0.98388671875,0.1884765625,0.9833984375,0.1875,0.98388671875,0.18896484375,1.0,0.5385430239167797,0.09885285859143658
1,630,0,task1_initial,IDLGated,0.984375,0.1875,0.98291015625,0.18798828125,0.984375,0.189453125,0.9873838424682617,0.5581854133776848,0.0940765156755322
1,640,0,task1_initial,MLP,0.97607421875,0.1875,0.0,0.0,0.0,0.0,1.0,0.0,0.0
1,640,0,task1_initial,ChevronSlow,0.98046875,0.18701171875,0.97900390625,0.18701171875,0.9814453125,0.18994140625,1.0,0.513614982900353,0.09765930536481578
1,640,0,task1_initial,IDLGated,0.9775390625,0.18505859375,0.978515625,0.1845703125,0.97607421875,0.189453125,0.9789162278175354,0.5344518693968823,0.09337349501830161
1,650,0,task1_initial,MLP,0.98876953125,0.18408203125,0.0,0.0,0.0,0.0,1.0,0.0,0.0
1,650,0,task1_initial,ChevronSlow,0.98193359375,0.18505859375,0.97998046875,0.18359375,0.982421875,0.1875,1.0,0.4884070401487255,0.09638527024852747
1,650,0,task1_initial,IDLGated,0.982421875,0.18505859375,0.98193359375,0.18408203125,0.97900390625,0.18798828125,0.9647068977355957,0.510369920913571,0.09181124423704064
1,660,0,task1_initial,MLP,0.98681640625,0.18505859375,0.0,0.0,0.0,0.0,1.0,0.0,0.0
1,660,0,task1_initial,ChevronSlow,0.9853515625,0.189453125,0.984375,0.189453125,0.98388671875,0.18994140625,1.0,0.4632652318733587,0.09495051909436726
1,660,0,task1_initial,IDLGated,0.9853515625,0.19091796875,0.982421875,0.19140625,0.98583984375,0.18994140625,0.9414240717887878,0.4862304376972231,0.09026322632390135
1,670,0,task1_initial,MLP,0.9892578125,0.18505859375,0.0,0.0,0.0,0.0,1.0,0.0,0.0
1,670,0,task1_initial,ChevronSlow,0.9833984375,0.18994140625,0.984375,0.18994140625,0.984375,0.1904296875,1.0,0.437831286927716,0.09422460284771915
1,670,0,task1_initial,IDLGated,0.9833984375,0.18994140625,0.98486328125,0.189453125,0.9853515625,0.1884765625,0.90341717004776,0.4616265278357373,0.08978639370987498
1,680,0,task1_initial,MLP,0.98486328125,0.20068359375,0.0,0.0,0.0,0.0,1.0,0.0,0.0
1,680,0,task1_initial,ChevronSlow,0.9814453125,0.2021484375,0.98193359375,0.20361328125,0.98388671875,0.19580078125,1.0,0.41254705218118426,0.09399334257788627
1,680,0,task1_initial,IDLGated,0.9833984375,0.2001953125,0.984375,0.20166015625,0.98388671875,0.19287109375,0.8445448279380798,0.4369291224611429,0.08968393017862049
1,690,0,task1_initial,MLP,0.9853515625,0.20068359375,0.0,0.0,0.0,0.0,1.0,0.0,0.0
1,690,0,task1_initial,ChevronSlow,0.98291015625,0.2021484375,0.98095703125,0.205078125,0.9853515625,0.1962890625,1.0,0.38845197352968064,0.09336518212802353
1,690,0,task1_initial,IDLGated,0.98193359375,0.20166015625,0.9814453125,0.205078125,0.984375,0.19482421875,0.7604942917823792,0.412517797262028,0.08935481101676357
1,700,0,task1_initial,MLP,0.9892578125,0.18701171875,0.0,0.0,0.0,0.0,1.0,0.0,0.0
1,700,0,task1_initial,ChevronSlow,0.98388671875,0.19091796875,0.984375,0.19140625,0.9853515625,0.1904296875,1.0,0.3657641836035541,0.09174256571755857
1,700,0,task1_initial,IDLGated,0.98486328125,0.1923828125,0.98486328125,0.1943359375,0.98486328125,0.19140625,0.6519362926483154,0.3885255224966131,0.08791791534929998
1,710,0,task1_initial,MLP,0.990234375,0.18505859375,0.0,0.0,0.0,0.0,1.0,0.0,0.0
1,710,0,task1_initial,ChevronSlow,0.98388671875,0.1875,0.9814453125,0.18798828125,0.984375,0.1904296875,1.0,0.3444014887903572,0.09067417585186385
1,710,0,task1_initial,IDLGated,0.982421875,0.18896484375,0.9833984375,0.1884765625,0.98486328125,0.1904296875,0.5320399403572083,0.36583343689528164,0.08721370496734754
1,720,0,task1_initial,MLP,0.98193359375,0.193359375,0.0,0.0,0.0,0.0,1.0,0.0,0.0
1,720,0,task1_initial,ChevronSlow,0.9814453125,0.19140625,0.98095703125,0.19189453125,0.98291015625,0.19140625,1.0,0.324286496048986,0.09020930729141924
1,720,0,task1_initial,IDLGated,0.98193359375,0.19091796875,0.9814453125,0.1904296875,0.982421875,0.18994140625,0.41538867354393005,0.34446669729858137,0.0872189567324807
1,730,0,task1_initial,MLP,0.9833984375,0.20068359375,0.0,0.0,0.0,0.0,1.0,0.0,0.0
1,730,0,task1_initial,ChevronSlow,0.982421875,0.1962890625,0.982421875,0.19677734375,0.98388671875,0.193359375,1.0,0.3053463325291915,0.088159102623923
1,730,0,task1_initial,IDLGated,0.98046875,0.1962890625,0.97900390625,0.19970703125,0.9853515625,0.19482421875,0.31338390707969666,0.32434789601191555,0.08501938858870742
1,740,0,task1_initial,MLP,0.990234375,0.19482421875,0.0,0.0,0.0,0.0,1.0,0.0,0.0
1,740,0,task1_initial,ChevronSlow,0.9794921875,0.1953125,0.978515625,0.19580078125,0.98193359375,0.1923828125,1.0,0.28751238156689546,0.08610599552078353
1,740,0,task1_initial,IDLGated,0.97900390625,0.1962890625,0.97802734375,0.19775390625,0.984375,0.19384765625,0.23127803206443787,0.30540414638738905,0.08327929996892108
1,750,0,task1_initial,MLP,0.97998046875,0.18701171875,0.0,0.0,0.0,0.0,1.0,0.0,0.0
1,750,0,task1_initial,ChevronSlow,0.984375,0.19140625,0.98291015625,0.19140625,0.98388671875,0.19287109375,1.0,0.2707200340988716,0.08512782734425692
1,750,0,task1_initial,IDLGated,0.982421875,0.19189453125,0.982421875,0.1923828125,0.9833984375,0.1904296875,0.16888783872127533,0.28756681876913803,0.08305236043835677
1,760,0,task1_initial,MLP,0.9892578125,0.19091796875,0.0,0.0,0.0,0.0,1.0,0.0,0.0
1,760,0,task1_initial,ChevronSlow,0.98486328125,0.19189453125,0.984375,0.1904296875,0.984375,0.1923828125,1.0,0.25490845459621353,0.08423349518663914
1,760,0,task1_initial,IDLGated,0.984375,0.19140625,0.9833984375,0.19189453125,0.98486328125,0.19091796875,0.12313933670520782,0.2707712918609444,0.08198013068912972
1,770,0,task1_initial,MLP,0.9892578125,0.1962890625,0.0,0.0,0.0,0.0,1.0,0.0,0.0
1,770,0,task1_initial,ChevronSlow,0.9853515625,0.193359375,0.984375,0.193359375,0.98486328125,0.19287109375,1.0,0.24002036066861107,0.08370780941957218
1,770,0,task1_initial,IDLGated,0.984375,0.1923828125,0.98388671875,0.19287109375,0.98388671875,0.19189453125,0.09021995961666107,0.25495671861538555,0.08131990323461534
1,780,0,task1_initial,MLP,0.98583984375,0.18994140625,0.0,0.0,0.0,0.0,1.0,0.0,0.0
1,780,0,task1_initial,ChevronSlow,0.984375,0.19287109375,0.9833984375,0.19140625,0.98583984375,0.1923828125,1.0,0.22600181554098164,0.08305233178863104
1,780,0,task1_initial,IDLGated,0.98291015625,0.19189453125,0.9814453125,0.19140625,0.984375,0.1904296875,0.0666981041431427,0.24006580579638184,0.08096006542643133
1,790,0,task1_initial,MLP,0.9814453125,0.1943359375,0.0,0.0,0.0,0.0,1.0,0.0,0.0
1,790,0,task1_initial,ChevronSlow,0.97998046875,0.197265625,0.97998046875,0.19677734375,0.9833984375,0.1953125,1.0,0.21280203265063882,0.08210861115836297
1,790,0,task1_initial,IDLGated,0.98095703125,0.1953125,0.98046875,0.1953125,0.98193359375,0.19287109375,0.04987761005759239,0.2260446064165352,0.0805128851573547
1,800,0,task1_initial,MLP,0.98974609375,0.189453125,0.0,0.0,0.0,0.0,1.0,0.0,0.0
1,800,0,task1_initial,ChevronSlow,0.9833984375,0.1904296875,0.9833984375,0.1904296875,0.984375,0.19189453125,1.0,0.20037319165709058,0.08043121437647968
1,800,0,task1_initial,IDLGated,0.98193359375,0.19140625,0.98193359375,0.19091796875,0.9853515625,0.19140625,0.0377797931432724,0.21284232429730068,0.07862428574022336
1,810,0,task1_initial,MLP,0.98828125,0.19091796875,0.0,0.0,0.0,0.0,1.0,0.0,0.0
1,810,0,task1_initial,ChevronSlow,0.98388671875,0.1904296875,0.9833984375,0.1884765625,0.98388671875,0.19140625,1.0,0.18867026519790447,0.07923283685447663
1,810,0,task1_initial,IDLGated,0.98583984375,0.1904296875,0.98486328125,0.189453125,0.984375,0.19091796875,0.029002128168940544,0.2004111300439481,0.077095327469518
1,820,0,task1_initial,MLP,0.9892578125,0.19140625,0.0,0.0,0.0,0.0,1.0,0.0,0.0
1,820,0,task1_initial,ChevronSlow,0.9853515625,0.19140625,0.98583984375,0.19140625,0.984375,0.19287109375,1.0,0.1776508557630093,0.07850611879337178
1,820,0,task1_initial,IDLGated,0.98583984375,0.19091796875,0.98583984375,0.19140625,0.984375,0.19189453125,0.02256639674305916,0.1887059877686256,0.07653239406983336
1,830,0,task1_initial,MLP,0.98291015625,0.20458984375,0.0,0.0,0.0,0.0,1.0,0.0,0.0
1,830,0,task1_initial,ChevronSlow,0.97705078125,0.2099609375,0.9755859375,0.21142578125,0.98193359375,0.20556640625,1.0,0.16727504209645885,0.0778792454414693
1,830,0,task1_initial,IDLGated,0.9814453125,0.20947265625,0.97705078125,0.21044921875,0.9833984375,0.2021484375,0.01779397763311863,0.17768449193377528,0.07639824243477623
1,840,0,task1_initial,MLP,0.98681640625,0.19482421875,0.0,0.0,0.0,0.0,1.0,0.0,0.0
1,840,0,task1_initial,ChevronSlow,0.9814453125,0.20068359375,0.98193359375,0.20068359375,0.98388671875,0.19677734375,1.0,0.15750523456920104,0.07651028245321188
1,840,0,task1_initial,IDLGated,0.98193359375,0.2001953125,0.97998046875,0.20166015625,0.98291015625,0.1962890625,0.014213437214493752,0.16730671372481482,0.07533677365937506
1,850,0,task1_initial,MLP,0.98828125,0.19580078125,0.0,0.0,0.0,0.0,1.0,0.0,0.0
1,850,0,task1_initial,ChevronSlow,0.984375,0.19970703125,0.98291015625,0.19921875,0.98486328125,0.1962890625,1.0,0.14830603899889394,0.07496412247765695
1,850,0,task1_initial,IDLGated,0.984375,0.19970703125,0.98291015625,0.201171875,0.984375,0.19677734375,0.011495598591864109,0.157535056395523,0.07409116476873323
1,860,0,task1_initial,MLP,0.9892578125,0.19580078125,0.0,0.0,0.0,0.0,1.0,0.0,0.0
1,860,0,task1_initial,ChevronSlow,0.9833984375,0.1953125,0.98291015625,0.19482421875,0.984375,0.19482421875,1.0,0.13964412842341392,0.07405071791599638
1,860,0,task1_initial,IDLGated,0.9833984375,0.1953125,0.98291015625,0.19580078125,0.98388671875,0.1953125,0.009408864192664623,0.1483341190620716,0.07311819946023257
1,870,0,task1_initial,MLP,0.9853515625,0.193359375,0.0,0.0,0.0,0.0,1.0,0.0,0.0
1,870,0,task1_initial,ChevronSlow,0.98388671875,0.2001953125,0.98388671875,0.20068359375,0.984375,0.19677734375,1.0,0.13148812236351584,0.07355675066473681
1,870,0,task1_initial,IDLGated,0.98291015625,0.1982421875,0.98291015625,0.19775390625,0.98486328125,0.1943359375,0.007788812275975943,0.13967056845225556,0.07297124742464452
1,880,0,task1_initial,MLP,0.9892578125,0.18798828125,0.0,0.0,0.0,0.0,1.0,0.0,0.0
1,880,0,task1_initial,ChevronSlow,0.98193359375,0.18701171875,0.9833984375,0.1865234375,0.98486328125,0.19189453125,1.0,0.12380847313723557,0.07295673554055605
1,880,0,task1_initial,IDLGated,0.982421875,0.18798828125,0.98388671875,0.18798828125,0.98388671875,0.19140625,0.006517579313367605,0.13151301814529254,0.0723451899820428
1,890,0,task1_initial,MLP,0.98681640625,0.1845703125,0.0,0.0,0.0,0.0,1.0,0.0,0.0
1,890,0,task1_initial,ChevronSlow,0.98291015625,0.18505859375,0.98388671875,0.18408203125,0.98388671875,0.189453125,1.0,0.11657735881417383,0.07264267933875246
1,890,0,task1_initial,IDLGated,0.9833984375,0.18505859375,0.98486328125,0.18505859375,0.98388671875,0.18798828125,0.005509822629392147,0.12383191486470056,0.07175824011361555
1,900,0,task1_initial,MLP,0.986328125,0.19189453125,0.0,0.0,0.0,0.0,1.0,0.0,0.0
1,900,0,task1_initial,ChevronSlow,0.982421875,0.19384765625,0.982421875,0.19482421875,0.98388671875,0.19482421875,1.0,0.10976858242185476,0.07178294590019567
1,900,0,task1_initial,IDLGated,0.98193359375,0.1943359375,0.98193359375,0.193359375,0.98291015625,0.193359375,0.004703131038695574,0.11659943141231406,0.07160825138967554
1,910,0,task1_initial,MLP,0.98876953125,0.18896484375,0.0,0.0,0.0,0.0,1.0,0.0,0.0
1,910,0,task1_initial,ChevronSlow,0.98291015625,0.1884765625,0.982421875,0.1875,0.98388671875,0.19091796875,1.0,0.10335747703900246,0.07071146714363692
1,910,0,task1_initial,IDLGated,0.98291015625,0.18896484375,0.98291015625,0.1884765625,0.98291015625,0.19140625,0.00405139708891511,0.10978936585555807,0.07072471383028672
1,920,0,task1_initial,MLP,0.98876953125,0.1904296875,0.0,0.0,0.0,0.0,1.0,0.0,0.0
1,920,0,task1_initial,ChevronSlow,0.9833984375,0.18603515625,0.9833984375,0.18408203125,0.98388671875,0.18896484375,1.0,0.09732081643190645,0.06944655366335291
1,920,0,task1_initial,IDLGated,0.98388671875,0.18798828125,0.9833984375,0.18701171875,0.9833984375,0.18896484375,0.003520222380757332,0.10337704660275547,0.06960239746387252
1,930,0,task1_initial,MLP,0.98876953125,0.18994140625,0.0,0.0,0.0,0.0,1.0,0.0,0.0
1,930,0,task1_initial,ChevronSlow,0.982421875,0.1875,0.9833984375,0.1875,0.98388671875,0.189453125,1.0,0.0916367309101283,0.06894408925285718
1,930,0,task1_initial,IDLGated,0.9833984375,0.18798828125,0.98388671875,0.1875,0.9833984375,0.189453125,0.0030836996156722307,0.09733924302257234,0.06925700723827946
1,940,0,task1_initial,MLP,0.98779296875,0.19873046875,0.0,0.0,0.0,0.0,1.0,0.0,0.0
1,940,0,task1_initial,ChevronSlow,0.98388671875,0.19580078125,0.98388671875,0.197265625,0.98486328125,0.19287109375,1.0,0.08628462809671035,0.06863613400372875
1,940,0,task1_initial,IDLGated,0.98486328125,0.19482421875,0.98388671875,0.19775390625,0.984375,0.1923828125,0.0027221422642469406,0.09165408128379293,0.06859720202554294
1,950,0,task1_initial,MLP,0.986328125,0.20166015625,0.0,0.0,0.0,0.0,1.0,0.0,0.0
1,950,0,task1_initial,ChevronSlow,0.98046875,0.20654296875,0.978515625,0.2080078125,0.98388671875,0.19775390625,1.0,0.08124511832585181,0.06806337411442662
1,950,0,task1_initial,IDLGated,0.98291015625,0.20458984375,0.98046875,0.20703125,0.984375,0.197265625,0.002420448698103428,0.08630096511052697,0.06843771338545819
1,960,0,task1_initial,MLP,0.9892578125,0.19482421875,0.0,0.0,0.0,0.0,1.0,0.0,0.0
1,960,0,task1_initial,ChevronSlow,0.984375,0.2021484375,0.984375,0.203125,0.98486328125,0.19580078125,1.0,0.07649994439778224,0.06710852563447418
1,960,0,task1_initial,IDLGated,0.984375,0.20068359375,0.9833984375,0.2001953125,0.984375,0.1982421875,0.0021669422276318073,0.08126050116576083,0.06818684565347906
1,970,0,task1_initial,MLP,0.98974609375,0.1884765625,0.0,0.0,0.0,0.0,1.0,0.0,0.0
1,970,0,task1_initial,ChevronSlow,0.982421875,0.189453125,0.982421875,0.18798828125,0.9853515625,0.19189453125,1.0,0.07203191543634713,0.06632977048036486
1,970,0,task1_initial,IDLGated,0.982421875,0.1884765625,0.98291015625,0.1884765625,0.984375,0.19189453125,0.0019525152165442705,0.07651442879293077,0.06753132327207167
1,980,0,task1_initial,MLP,0.9892578125,0.197265625,0.0,0.0,0.0,0.0,1.0,0.0,0.0
1,980,0,task1_initial,ChevronSlow,0.98388671875,0.19287109375,0.9833984375,0.1923828125,0.98486328125,0.193359375,1.0,0.06782484460968422,0.06571337229423427
1,980,0,task1_initial,IDLGated,0.98486328125,0.193359375,0.9853515625,0.193359375,0.984375,0.193359375,0.001770011498592794,0.07204555386098521,0.0672242583637393
1,990,0,task1_initial,MLP,0.98681640625,0.20263671875,0.0,0.0,0.0,0.0,1.0,0.0,0.0
1,990,0,task1_initial,ChevronSlow,0.98388671875,0.2060546875,0.98095703125,0.2080078125,0.984375,0.20068359375,1.0,0.0638634904883642,0.06490856886926549
1,990,0,task1_initial,IDLGated,0.984375,0.2041015625,0.984375,0.20556640625,0.98388671875,0.20068359375,0.0016137640923261642,0.06783768647326921,0.067282299398397
1,1000,0,task1_initial,MLP,0.98876953125,0.1953125,0.0,0.0,0.0,0.0,1.0,0.0,0.0
1,1000,0,task1_initial,ChevronSlow,0.984375,0.20068359375,0.98388671875,0.20166015625,0.984375,0.19970703125,1.0,0.06013350182854736,0.06412271854600289
1,1000,0,task1_initial,IDLGated,0.98388671875,0.20068359375,0.98291015625,0.20166015625,0.984375,0.19921875,0.0014792538713663816,0.06387558231456203,0.06690160571460764
1,1010,0,task1_initial,MLP,0.9892578125,0.18896484375,0.0,0.0,0.0,0.0,1.0,0.0,0.0
1,1010,0,task1_initial,ChevronSlow,0.9833984375,0.1904296875,0.9833984375,0.1884765625,0.98291015625,0.19189453125,1.0,0.05662136558011566,0.06377056719728696
1,1010,0,task1_initial,IDLGated,0.9833984375,0.1904296875,0.9833984375,0.1884765625,0.9833984375,0.19287109375,0.0013628515880554914,0.060144887423778944,0.06660820740192186
1,1020,0,task1_initial,MLP,0.9873046875,0.189453125,0.0,0.0,0.0,0.0,1.0,0.0,0.0
1,1020,0,task1_initial,ChevronSlow,0.9833984375,0.19140625,0.984375,0.18798828125,0.98291015625,0.1923828125,1.0,0.05331435793142387,0.06373985177206766
1,1020,0,task1_initial,IDLGated,0.98388671875,0.18994140625,0.984375,0.18603515625,0.9833984375,0.1923828125,0.0012616226449608803,0.05663208619225949,0.06666291215835714
1,1030,0,task1_initial,MLP,0.98828125,0.19677734375,0.0,0.0,0.0,0.0,1.0,0.0,0.0
1,1030,0,task1_initial,ChevronSlow,0.984375,0.193359375,0.98388671875,0.19384765625,0.98486328125,0.1943359375,1.0,0.05020049821331373,0.0635701912688688
1,1030,0,task1_initial,IDLGated,0.98291015625,0.19482421875,0.982421875,0.1943359375,0.98388671875,0.19482421875,0.0011731816921383142,0.0533244523992493,0.06633998982097196
1,1040,0,task1_initial,MLP,0.984375,0.1884765625,0.0,0.0,0.0,0.0,1.0,0.0,0.0
1,1040,0,task1_initial,ChevronSlow,0.982421875,0.18994140625,0.98193359375,0.1884765625,0.98291015625,0.19384765625,1.0,0.047268505495394075,0.06307106142760424
1,1040,0,task1_initial,IDLGated,0.982421875,0.18896484375,0.98291015625,0.18798828125,0.9833984375,0.1943359375,0.0010955746984109282,0.05021000310718654,0.06635940187380243
1,1050,0,task1_initial,MLP,0.98828125,0.1962890625,0.0,0.0,0.0,0.0,1.0,0.0,0.0
1,1050,0,task1_initial,ChevronSlow,0.98486328125,0.19287109375,0.98486328125,0.1923828125,0.98388671875,0.1943359375,1.0,0.04450775771734343,0.062166781924255315
1,1050,0,task1_initial,IDLGated,0.98486328125,0.19189453125,0.98583984375,0.19189453125,0.98388671875,0.19384765625,0.0010271945502609015,0.04727745524976404,0.06526983749074897
1,1060,0,task1_initial,MLP,0.9892578125,0.19970703125,0.0,0.0,0.0,0.0,1.0,0.0,0.0
1,1060,0,task1_initial,ChevronSlow,0.98291015625,0.19970703125,0.98095703125,0.19873046875,0.984375,0.197265625,1.0,0.04190825320717554,0.06148088594337899
1,1060,0,task1_initial,IDLGated,0.98388671875,0.2001953125,0.9833984375,0.19970703125,0.9833984375,0.2001953125,0.0009667110280133784,0.04451618475549395,0.06477186603922805
1,1070,0,task1_initial,MLP,0.98779296875,0.1962890625,0.0,0.0,0.0,0.0,1.0,0.0,0.0
1,1070,0,task1_initial,ChevronSlow,0.98388671875,0.2021484375,0.982421875,0.20263671875,0.984375,0.201171875,1.0,0.039460574447055495,0.060305160008441466
1,1070,0,task1_initial,IDLGated,0.98291015625,0.19970703125,0.98388671875,0.1982421875,0.98388671875,0.201171875,0.0009130159742198884,0.041916188058687076,0.06434355030005767
1,1080,0,task1_initial,MLP,0.9873046875,0.2001953125,0.0,0.0,0.0,0.0,1.0,0.0,0.0
1,1080,0,task1_initial,ChevronSlow,0.984375,0.2041015625,0.9833984375,0.20458984375,0.984375,0.20166015625,1.0,0.037155853955396924,0.05975502689273752
1,1080,0,task1_initial,IDLGated,0.984375,0.201171875,0.9833984375,0.20263671875,0.98388671875,0.2021484375,0.0008651838288642466,0.03946804585840851,0.06392421327960622
1,1090,0,task1_initial,MLP,0.98583984375,0.1904296875,0.0,0.0,0.0,0.0,1.0,0.0,0.0
1,1090,0,task1_initial,ChevronSlow,0.98291015625,0.19140625,0.982421875,0.19140625,0.98486328125,0.19775390625,1.0,0.03498574216163751,0.059058899793245974
1,1090,0,task1_initial,IDLGated,0.9833984375,0.1923828125,0.98291015625,0.19091796875,0.9833984375,0.19873046875,0.0008224364719353616,0.03716288899411501,0.06340251617639317
1,1100,0,task1_initial,MLP,0.9892578125,0.19775390625,0.0,0.0,0.0,0.0,1.0,0.0,0.0
1,1100,0,task1_initial,ChevronSlow,0.98388671875,0.19921875,0.98388671875,0.197265625,0.98486328125,0.2001953125,1.0,0.03294237715730909,0.058252819119233926
1,1100,0,task1_initial,IDLGated,0.9833984375,0.19677734375,0.984375,0.19677734375,0.98388671875,0.2001953125,0.0007841169717721641,0.03499236631434796,0.06219211282903966
1,1110,0,task1_initial,MLP,0.9892578125,0.1904296875,0.0,0.0,0.0,0.0,1.0,0.0,0.0
1,1110,0,task1_initial,ChevronSlow,0.98486328125,0.1904296875,0.98486328125,0.189453125,0.984375,0.1943359375,1.0,0.03101835621381619,0.05791619812623272
1,1110,0,task1_initial,IDLGated,0.9833984375,0.18994140625,0.9853515625,0.18896484375,0.98388671875,0.19580078125,0.0007496678736060858,0.03294861442207619,0.06161539238473512
1,1120,0,task1_initial,MLP,0.9853515625,0.20068359375,0.0,0.0,0.0,0.0,1.0,0.0,0.0
1,1120,0,task1_initial,ChevronSlow,0.9833984375,0.2021484375,0.9833984375,0.20263671875,0.984375,0.2021484375,1.0,0.029206708963737157,0.057382486368526074
1,1120,0,task1_initial,IDLGated,0.984375,0.20166015625,0.98291015625,0.19970703125,0.98388671875,0.203125,0.0007186143775470555,0.031024229187081656,0.060836090434490564
1,1130,0,task1_initial,MLP,0.9912109375,0.193359375,0.0,0.0,0.0,0.0,1.0,0.0,0.0
1,1130,0,task1_initial,ChevronSlow,0.984375,0.1953125,0.98388671875,0.1923828125,0.984375,0.19970703125,1.0,0.027500872148488873,0.056294022095894874
1,1130,0,task1_initial,IDLGated,0.98291015625,0.1943359375,0.98388671875,0.19384765625,0.98388671875,0.19970703125,0.000690550310537219,0.029212238922182856,0.059870488025708476
1,1140,0,task1_initial,MLP,0.9833984375,0.2021484375,0.0,0.0,0.0,0.0,1.0,0.0,0.0
1,1140,0,task1_initial,ChevronSlow,0.97900390625,0.20361328125,0.978515625,0.203125,0.982421875,0.2041015625,1.0,0.025894665840870502,0.05512460109732753
1,1140,0,task1_initial,IDLGated,0.978515625,0.203125,0.97802734375,0.20458984375,0.98193359375,0.20458984375,0.0006651277653872967,0.027506079126118233,0.058932524890773906
1,1150,0,task1_initial,MLP,0.9873046875,0.19091796875,0.0,0.0,0.0,0.0,1.0,0.0,0.0
1,1150,0,task1_initial,ChevronSlow,0.98291015625,0.1923828125,0.9833984375,0.19091796875,0.984375,0.197265625,1.0,0.02438227105634504,0.05417362911062091
1,1150,0,task1_initial,IDLGated,0.98291015625,0.193359375,0.9833984375,0.18896484375,0.98291015625,0.19775390625,0.0006420451099984348,0.02589956870158798,0.05874590682835137
1,1160,0,task1_initial,MLP,0.9833984375,0.19189453125,0.0,0.0,0.0,0.0,1.0,0.0,0.0
1,1160,0,task1_initial,ChevronSlow,0.9833984375,0.19482421875,0.982421875,0.193359375,0.984375,0.1982421875,1.0,0.02295820867194847,0.05346849129565723
1,1160,0,task1_initial,IDLGated,0.98388671875,0.1953125,0.982421875,0.19189453125,0.98388671875,0.1982421875,0.0006210432620719075,0.024386887562296483,0.05810068148171175
1,1170,0,task1_initial,MLP,0.98974609375,0.19580078125,0.0,0.0,0.0,0.0,1.0,0.0,0.0
1,1170,0,task1_initial,ChevronSlow,0.9833984375,0.19482421875,0.9814453125,0.19189453125,0.984375,0.1982421875,1.0,0.021617319576453776,0.05232348403049725
1,1170,0,task1_initial,IDLGated,0.98486328125,0.193359375,0.9853515625,0.193359375,0.984375,0.197265625,0.0006018959102220833,0.02296255554787006,0.056492112643289266
1,1180,0,task1_initial,MLP,0.9892578125,0.19970703125,0.0,0.0,0.0,0.0,1.0,0.0,0.0
1,1180,0,task1_initial,ChevronSlow,0.9833984375,0.19921875,0.98388671875,0.19921875,0.98388671875,0.201171875,1.0,0.020354745979877496,0.05160667388319713
1,1180,0,task1_initial,IDLGated,0.9833984375,0.19873046875,0.984375,0.19873046875,0.984375,0.2001953125,0.0005844067200087011,0.021621412570262614,0.05584785838212301
1,1190,0,task1_initial,MLP,0.98388671875,0.19189453125,0.0,0.0,0.0,0.0,1.0,0.0,0.0
1,1190,0,task1_initial,ChevronSlow,0.98193359375,0.1962890625,0.982421875,0.1953125,0.984375,0.19873046875,1.0,0.019165913814616676,0.05124486528022711
1,1190,0,task1_initial,IDLGated,0.98291015625,0.1962890625,0.9833984375,0.1953125,0.98388671875,0.19921875,0.000568403338547796,0.020358599919723337,0.05545621219081913
1,1200,0,task1_initial,MLP,0.9892578125,0.18798828125,0.0,0.0,0.0,0.0,1.0,0.0,0.0
1,1200,0,task1_initial,ChevronSlow,0.9833984375,0.1884765625,0.98388671875,0.18603515625,0.982421875,0.19482421875,1.0,0.018046516164458917,0.0509087385350444
1,1200,0,task1_initial,IDLGated,0.9833984375,0.19140625,0.984375,0.189453125,0.982421875,0.19482421875,0.0005537352408282459,0.019169542662601576,0.054725381497361954
1,1210,0,task1_initial,MLP,0.98876953125,0.18798828125,0.0,0.0,0.0,0.0,1.0,0.0,0.0
1,1210,0,task1_initial,ChevronSlow,0.9833984375,0.18505859375,0.9833984375,0.18310546875,0.9833984375,0.189453125,1.0,0.016992497661431787,0.050851425209760714
1,1210,0,task1_initial,IDLGated,0.984375,0.1875,0.98486328125,0.18408203125,0.98193359375,0.19091796875,0.0005402697715908289,0.018049933067219272,0.054547468064447255
1,1220,0,task1_initial,MLP,0.98974609375,0.19775390625,0.0,0.0,0.0,0.0,1.0,0.0,0.0
1,1220,0,task1_initial,ChevronSlow,0.98486328125,0.1943359375,0.98486328125,0.1953125,0.98486328125,0.1923828125,1.0,0.01600003979396441,0.05059178644077108
1,1220,0,task1_initial,IDLGated,0.986328125,0.19384765625,0.98486328125,0.1943359375,0.98486328125,0.193359375,0.0005278901080600917,0.016995714997766153,0.054398212346511564
1,1230,0,task1_initial,MLP,0.982421875,0.2041015625,0.0,0.0,0.0,0.0,1.0,0.0,0.0
1,1230,0,task1_initial,ChevronSlow,0.9775390625,0.2021484375,0.97705078125,0.20458984375,0.98388671875,0.19873046875,1.0,0.015065547073135458,0.050488372867334846
1,1230,0,task1_initial,IDLGated,0.9794921875,0.201171875,0.978515625,0.203125,0.984375,0.19873046875,0.0005164927570149302,0.016003069219679575,0.05442826498080996
1,1240,0,task1_initial,MLP,0.9833984375,0.19873046875,0.0,0.0,0.0,0.0,1.0,0.0,0.0
1,1240,0,task1_initial,ChevronSlow,0.98193359375,0.20263671875,0.98095703125,0.20166015625,0.984375,0.2001953125,1.0,0.014185634006890347,0.05027813209593406
1,1240,0,task1_initial,IDLGated,0.98193359375,0.19775390625,0.98046875,0.19921875,0.984375,0.2001953125,0.0005059860995970666,0.015068399563273237,0.055436587617533305
1,1250,0,task1_initial,MLP,0.9892578125,0.185546875,0.0,0.0,0.0,0.0,1.0,0.0,0.0
1,1250,0,task1_initial,ChevronSlow,0.982421875,0.18408203125,0.98291015625,0.18115234375,0.9833984375,0.189453125,1.0,0.013357112835037804,0.048965639342083145
1,1250,0,task1_initial,IDLGated,0.98291015625,0.18994140625,0.98388671875,0.18603515625,0.98291015625,0.19189453125,0.0004962884704582393,0.014188319895488112,0.05453498224317189
1,1260,0,task1_initial,MLP,0.98876953125,0.19482421875,0.0,0.0,0.0,0.0,1.0,0.0,0.0
1,1260,0,task1_initial,ChevronSlow,0.9814453125,0.19580078125,0.98193359375,0.19580078125,0.98388671875,0.1953125,1.0,0.012576981980591906,0.04766378737854678
1,1260,0,task1_initial,IDLGated,0.98486328125,0.197265625,0.9853515625,0.19677734375,0.98388671875,0.1953125,0.00048732705181464553,0.013359641852566754,0.053720572017119876
1,1270,0,task1_initial,MLP,0.98876953125,0.19677734375,0.0,0.0,0.0,0.0,1.0,0.0,0.0
1,1270,0,task1_initial,ChevronSlow,0.9833984375,0.201171875,0.98388671875,0.2021484375,0.984375,0.19873046875,1.0,0.011842415175620985,0.047309662240803456
1,1270,0,task1_initial,IDLGated,0.984375,0.1962890625,0.9853515625,0.19677734375,0.98388671875,0.1982421875,0.00047903688391670585,0.012579363289208745,0.05294946800379212
1,1280,0,task1_initial,MLP,0.98681640625,0.20068359375,0.0,0.0,0.0,0.0,1.0,0.0,0.0
1,1280,0,task1_initial,ChevronSlow,0.98291015625,0.2060546875,0.98095703125,0.20654296875,0.9833984375,0.20166015625,1.0,0.011150751222208396,0.04725514654444417
1,1280,0,task1_initial,IDLGated,0.98388671875,0.2021484375,0.984375,0.20263671875,0.9833984375,0.2001953125,0.00047135967179201543,0.011844657402360705,0.0524403796291539
1,1290,0,task1_initial,MLP,0.9912109375,0.1943359375,0.0,0.0,0.0,0.0,1.0,0.0,0.0
1,1290,0,task1_initial,ChevronSlow,0.9833984375,0.19873046875,0.98388671875,0.2001953125,0.984375,0.1982421875,1.0,0.010499484351431047,0.046995162499937355
1,1290,0,task1_initial,IDLGated,0.98388671875,0.19677734375,0.98388671875,0.1962890625,0.98388671875,0.197265625,0.0004642435524147004,0.011152862490238407,0.05232603285984285
1,1300,0,task1_initial,MLP,0.990234375,0.1923828125,0.0,0.0,0.0,0.0,1.0,0.0,0.0
1,1300,0,task1_initial,ChevronSlow,0.98388671875,0.19384765625,0.98388671875,0.19287109375,0.984375,0.1962890625,1.0,0.009886255145428008,0.04660150585720672
1,1300,0,task1_initial,IDLGated,0.984375,0.193359375,0.984375,0.19287109375,0.98388671875,0.1953125,0.0004576410574372858,0.01050147230947988,0.05176371271151172
1,1310,0,task1_initial,MLP,0.98876953125,0.19677734375,0.0,0.0,0.0,0.0,1.0,0.0,0.0
1,1310,0,task1_initial,ChevronSlow,0.98681640625,0.193359375,0.98681640625,0.1923828125,0.98583984375,0.19287109375,1.0,0.009308841989671652,0.0464403248475422
1,1310,0,task1_initial,IDLGated,0.98779296875,0.19482421875,0.9873046875,0.19580078125,0.98583984375,0.19677734375,0.0004515100736171007,0.009888126995495242,0.050964733859489714
1,1320,0,task1_initial,MLP,0.9892578125,0.18310546875,0.0,0.0,0.0,0.0,1.0,0.0,0.0
1,1320,0,task1_initial,ChevronSlow,0.98388671875,0.18505859375,0.98388671875,0.18310546875,0.98486328125,0.18896484375,1.0,0.00876515302447442,0.04684632389285737
1,1320,0,task1_initial,IDLGated,0.98486328125,0.18505859375,0.98486328125,0.17919921875,0.98486328125,0.18798828125,0.00044581230031326413,0.0093106045131194,0.051289669302659435
1,1330,0,task1_initial,MLP,0.98681640625,0.18701171875,0.0,0.0,0.0,0.0,1.0,0.0,0.0
1,1330,0,task1_initial,ChevronSlow,0.98486328125,0.18505859375,0.9833984375,0.1826171875,0.984375,0.189453125,1.0,0.008253218566573071,0.046858776480446784
1,1330,0,task1_initial,IDLGated,0.986328125,0.18359375,0.982421875,0.18115234375,0.9833984375,0.19189453125,0.0004405130457598716,0.00876681260659493,0.051202275949551214
1,1340,0,task1_initial,MLP,0.98828125,0.201171875,0.0,0.0,0.0,0.0,1.0,0.0,0.0
1,1340,0,task1_initial,ChevronSlow,0.984375,0.19921875,0.9853515625,0.20166015625,0.984375,0.197265625,1.0,0.007771183973335229,0.0469252215173264
1,1340,0,task1_initial,IDLGated,0.984375,0.19775390625,0.984375,0.19921875,0.984375,0.1962890625,0.00043558073230087757,0.008254781219721449,0.05049513531343384
1,1350,0,task1_initial,MLP,0.9775390625,0.19384765625,0.0,0.0,0.0,0.0,1.0,0.0,0.0
1,1350,0,task1_initial,ChevronSlow,0.97998046875,0.19482421875,0.97705078125,0.19677734375,0.98291015625,0.1953125,1.0,0.007317302923736599,0.04706819711703894
1,1350,0,task1_initial,IDLGated,0.9794921875,0.1943359375,0.97509765625,0.193359375,0.9833984375,0.19580078125,0.00043098704190924764,0.007772655358711081,0.05128739140813206
1,1360,0,task1_initial,MLP,0.990234375,0.18994140625,0.0,0.0,0.0,0.0,1.0,0.0,0.0
1,1360,0,task1_initial,ChevronSlow,0.98388671875,0.1923828125,0.98388671875,0.19140625,0.98291015625,0.1943359375,1.0,0.006889931091767048,0.046293696101848004
1,1360,0,task1_initial,IDLGated,0.98486328125,0.19091796875,0.984375,0.18994140625,0.98388671875,0.1953125,0.0004267058684490621,0.007318688371893483,0.04949992654354612
1,1370,0,task1_initial,MLP,0.99169921875,0.1904296875,0.0,0.0,0.0,0.0,1.0,0.0,0.0
1,1370,0,task1_initial,ChevronSlow,0.984375,0.189453125,0.984375,0.18896484375,0.984375,0.19091796875,1.0,0.0064875201893455315,0.0461933061916858
1,1370,0,task1_initial,IDLGated,0.9853515625,0.18994140625,0.986328125,0.189453125,0.98388671875,0.193359375,0.00042271355050615966,0.00689123562192408,0.04871060847116708
1,1380,0,task1_initial,MLP,0.98876953125,0.18896484375,0.0,0.0,0.0,0.0,1.0,0.0,0.0
1,1380,0,task1_initial,ChevronSlow,0.984375,0.18701171875,0.98291015625,0.18603515625,0.98388671875,0.18896484375,1.0,0.00610861235716244,0.045838994254748494
1,1380,0,task1_initial,IDLGated,0.98583984375,0.18603515625,0.9853515625,0.18310546875,0.9833984375,0.19140625,0.0004189887549728155,0.006488748527571072,0.04837669764800251
1,1390,0,task1_initial,MLP,0.98486328125,0.18701171875,0.0,0.0,0.0,0.0,1.0,0.0,0.0
1,1390,0,task1_initial,ChevronSlow,0.98388671875,0.18408203125,0.982421875,0.1826171875,0.984375,0.18896484375,1.0,0.00575183488312844,0.044835490996511414
1,1390,0,task1_initial,IDLGated,0.9833984375,0.18505859375,0.98291015625,0.18115234375,0.984375,0.189453125,0.0004155114002060145,0.006109768953495754,0.04813569882249875
1,1400,0,task1_initial,MLP,0.98974609375,0.1962890625,0.0,0.0,0.0,0.0,1.0,0.0,0.0
1,1400,0,task1_initial,ChevronSlow,0.984375,0.19384765625,0.9853515625,0.19482421875,0.98388671875,0.1923828125,1.0,0.005415895229295756,0.04397378364276298
1,1400,0,task1_initial,IDLGated,0.9853515625,0.1953125,0.98779296875,0.1962890625,0.98388671875,0.193359375,0.00041226347093470395,0.005752923927701362,0.04705717785467519
1,1410,0,task1_initial,MLP,0.98876953125,0.1943359375,0.0,0.0,0.0,0.0,1.0,0.0,0.0
1,1410,0,task1_initial,ChevronSlow,0.98388671875,0.1962890625,0.98388671875,0.197265625,0.984375,0.19482421875,1.0,0.005099576349235326,0.04338410814159514
1,1410,0,task1_initial,IDLGated,0.984375,0.19482421875,0.9853515625,0.1962890625,0.98388671875,0.1943359375,0.000409228348871693,0.005416920667512747,0.04720042673264761
1,1420,0,task1_initial,MLP,0.9853515625,0.19287109375,0.0,0.0,0.0,0.0,1.0,0.0,0.0
1,1420,0,task1_initial,ChevronSlow,0.9853515625,0.19970703125,0.984375,0.20068359375,0.98388671875,0.1982421875,1.0,0.004801732278905603,0.04311703819963654
1,1420,0,task1_initial,IDLGated,0.98486328125,0.19677734375,0.98486328125,0.19677734375,0.98388671875,0.19677734375,0.00040639116195961833,0.005100541896066934,0.047392836972179844
1,1430,0,task1_initial,MLP,0.9892578125,0.19677734375,0.0,0.0,0.0,0.0,1.0,0.0,0.0
1,1430,0,task1_initial,ChevronSlow,0.984375,0.19873046875,0.984375,0.20068359375,0.98388671875,0.1953125,1.0,0.004521283985039523,0.04287561780375538
1,1430,0,task1_initial,IDLGated,0.9853515625,0.19775390625,0.9853515625,0.2001953125,0.984375,0.19482421875,0.00040373741649091244,0.0048026414323471085,0.04645567524542803
1,1440,0,task1_initial,MLP,0.98876953125,0.1923828125,0.0,0.0,0.0,0.0,1.0,0.0,0.0
1,1440,0,task1_initial,ChevronSlow,0.986328125,0.19580078125,0.98486328125,0.19677734375,0.98486328125,0.19091796875,1.0,0.004257215456009127,0.043069661799385366
1,1440,0,task1_initial,IDLGated,0.9873046875,0.1962890625,0.9853515625,0.1962890625,0.986328125,0.1943359375,0.0004012547433376312,0.004522140038783518,0.046098840318151806
1,1450,0,task1_initial,MLP,0.99267578125,0.18701171875,0.0,0.0,0.0,0.0,1.0,0.0,0.0
1,1450,0,task1_initial,ChevronSlow,0.98583984375,0.18994140625,0.98681640625,0.18994140625,0.9853515625,0.18994140625,1.0,0.004008570021005788,0.04302973772158847
1,1450,0,task1_initial,IDLGated,0.98681640625,0.18896484375,0.98681640625,0.1875,0.986328125,0.19140625,0.0003989308315794915,0.00425802151137795,0.046121566299559824
1,1460,0,task1_initial,MLP,0.98876953125,0.18212890625,0.0,0.0,0.0,0.0,1.0,0.0,0.0
1,1460,0,task1_initial,ChevronSlow,0.98486328125,0.185546875,0.9853515625,0.18408203125,0.984375,0.18798828125,1.0,0.0037744468842010816,0.0431825885245503
1,1460,0,task1_initial,IDLGated,0.98583984375,0.18505859375,0.98681640625,0.1826171875,0.9853515625,0.1884765625,0.0003967550292145461,0.004009328998187027,0.04615616269845507
1,1470,0,task1_initial,MLP,0.990234375,0.1884765625,0.0,0.0,0.0,0.0,1.0,0.0,0.0
1,1470,0,task1_initial,ChevronSlow,0.98486328125,0.18701171875,0.984375,0.185546875,0.98388671875,0.189453125,1.0,0.003553997861332277,0.042665703517844024
1,1470,0,task1_initial,IDLGated,0.98583984375,0.1875,0.986328125,0.18359375,0.986328125,0.189453125,0.00039471706259064376,0.003775161532826875,0.04557120845085221
1,1480,0,task1_initial,MLP,0.98583984375,0.1884765625,0.0,0.0,0.0,0.0,1.0,0.0,0.0
1,1480,0,task1_initial,ChevronSlow,0.9853515625,0.18701171875,0.9853515625,0.18701171875,0.9853515625,0.189453125,1.0,0.0033464243068896493,0.04253790409952197
1,1480,0,task1_initial,IDLGated,0.986328125,0.18798828125,0.98681640625,0.18701171875,0.984375,0.1923828125,0.0003928077348973602,0.0035546707704407106,0.04523826229431067
1,1490,0,task1_initial,MLP,0.98779296875,0.20068359375,0.0,0.0,0.0,0.0,1.0,0.0,0.0
1,1490,0,task1_initial,ChevronSlow,0.98486328125,0.2021484375,0.984375,0.20556640625,0.9853515625,0.19580078125,1.0,0.003150974220773419,0.042878403614386044
1,1490,0,task1_initial,IDLGated,0.98486328125,0.19970703125,0.98388671875,0.201171875,0.9853515625,0.1953125,0.0003910185187123716,0.0033470579143043554,0.04487150851861569
1,1500,0,task1_initial,MLP,0.9833984375,0.20654296875,0.0,0.0,0.0,0.0,1.0,0.0,0.0
1,1500,0,task1_initial,ChevronSlow,0.97998046875,0.208984375,0.9765625,0.21044921875,0.98583984375,0.20361328125,1.0,0.0029669395239382773,0.04343120727612522
1,1500,0,task1_initial,IDLGated,0.9833984375,0.20703125,0.978515625,0.2099609375,0.9853515625,0.20263671875,0.0003893410030286759,0.0031515708219353577,0.04511903986005948
1,1510,0,task1_initial,MLP,0.98583984375,0.19921875,0.0,0.0,0.0,0.0,1.0,0.0,0.0
1,1510,0,task1_initial,ChevronSlow,0.9853515625,0.20361328125,0.98291015625,0.20556640625,0.9853515625,0.2001953125,1.0,0.0027936534931556588,0.04242312250235243
1,1510,0,task1_initial,IDLGated,0.98583984375,0.2021484375,0.98486328125,0.20361328125,0.9853515625,0.19970703125,0.0003877682611346245,0.0029675012802216874,0.04432663911145959
1,1520,0,task1_initial,MLP,0.98828125,0.19873046875,0.0,0.0,0.0,0.0,1.0,0.0,0.0
1,1520,0,task1_initial,ChevronSlow,0.9853515625,0.1962890625,0.98388671875,0.197265625,0.98486328125,0.197265625,1.0,0.0026304883456003923,0.041966227564086994
1,1520,0,task1_initial,IDLGated,0.98486328125,0.2001953125,0.98388671875,0.19873046875,0.98486328125,0.19775390625,0.00038629298796877265,0.002794182439698313,0.04318820851547098
1,1530,0,task1_initial,MLP,0.98974609375,0.19873046875,0.0,0.0,0.0,0.0,1.0,0.0,0.0
1,1530,0,task1_initial,ChevronSlow,0.98388671875,0.19970703125,0.9833984375,0.20166015625,0.984375,0.19775390625,1.0,0.002476852964511137,0.041636412690773526
1,1530,0,task1_initial,IDLGated,0.984375,0.19921875,0.98583984375,0.20068359375,0.98486328125,0.19775390625,0.0003849091590382159,0.002630986398676519,0.04238128127404349
1,1540,0,task1_initial,MLP,0.9892578125,0.19677734375,0.0,0.0,0.0,0.0,1.0,0.0,0.0
1,1540,0,task1_initial,ChevronSlow,0.98486328125,0.19921875,0.9853515625,0.20068359375,0.98486328125,0.1982421875,1.0,0.0023321907576851013,0.041216095410351296
1,1540,0,task1_initial,IDLGated,0.98583984375,0.19921875,0.986328125,0.19970703125,0.98486328125,0.19775390625,0.0003836105461232364,0.002477321928473723,0.04123190476986659
1,1550,0,task1_initial,MLP,0.9892578125,0.19091796875,0.0,0.0,0.0,0.0,1.0,0.0,0.0
1,1550,0,task1_initial,ChevronSlow,0.9833984375,0.19140625,0.98486328125,0.18994140625,0.98486328125,0.19384765625,1.0,0.0021959776410487653,0.04095143884212021
1,1550,0,task1_initial,IDLGated,0.9853515625,0.193359375,0.98583984375,0.19140625,0.9853515625,0.1943359375,0.000382391968742013,0.002332632331502725,0.040776166043326505
1,1560,0,task1_initial,MLP,0.99169921875,0.19189453125,0.0,0.0,0.0,0.0,1.0,0.0,0.0
1,1560,0,task1_initial,ChevronSlow,0.98291015625,0.19287109375,0.98291015625,0.1923828125,0.984375,0.1943359375,1.0,0.0020677201399994668,0.04052338345618297
1,1560,0,task1_initial,IDLGated,0.98486328125,0.1943359375,0.984375,0.19287109375,0.984375,0.19482421875,0.00038124792627058923,0.0021963934244606407,0.03996433382100401
1,1570,0,task1_initial,MLP,0.9912109375,0.19580078125,0.0,0.0,0.0,0.0,1.0,0.0,0.0
1,1570,0,task1_initial,ChevronSlow,0.98486328125,0.1953125,0.9853515625,0.1953125,0.984375,0.19580078125,1.0,0.0019469536016393663,0.039981978703114845
1,1570,0,task1_initial,IDLGated,0.986328125,0.19482421875,0.98681640625,0.19384765625,0.9853515625,0.19580078125,0.000380173820303753,0.002068111639310999,0.039407447394786674
1,1580,0,task1_initial,MLP,0.99169921875,0.19482421875,0.0,0.0,0.0,0.0,1.0,0.0,0.0
1,1580,0,task1_initial,ChevronSlow,0.98486328125,0.19384765625,0.98583984375,0.19384765625,0.98486328125,0.1943359375,1.0,0.0018332405114250515,0.03983925703030472
1,1580,0,task1_initial,IDLGated,0.986328125,0.19384765625,0.98681640625,0.19384765625,0.984375,0.19482421875,0.0003791652852669358,0.0019473222351792173,0.03915849110847918
1,1590,0,task1_initial,MLP,0.990234375,0.19970703125,0.0,0.0,0.0,0.0,1.0,0.0,0.0
1,1590,0,task1_initial,ChevronSlow,0.9833984375,0.20068359375,0.98291015625,0.203125,0.98486328125,0.1982421875,1.0,0.0017261689081343086,0.040064574086140864
1,1590,0,task1_initial,IDLGated,0.9853515625,0.20068359375,0.98486328125,0.20263671875,0.98583984375,0.197265625,0.0003782181884162128,0.0018335876146834732,0.03900205309621031
1,1600,0,task1_initial,MLP,0.98876953125,0.19140625,0.0,0.0,0.0,0.0,1.0,0.0,0.0
1,1600,0,task1_initial,ChevronSlow,0.9853515625,0.193359375,0.9853515625,0.19287109375,0.98486328125,0.19482421875,1.0,0.001625350891407796,0.04009833187252908
1,1600,0,task1_initial,IDLGated,0.98583984375,0.193359375,0.98681640625,0.19287109375,0.9853515625,0.19482421875,0.00037732845521532,0.0017264957386013782,0.03912910068024344
1,1610,0,task1_initial,MLP,0.98974609375,0.18310546875,0.0,0.0,0.0,0.0,1.0,0.0,0.0
1,1610,0,task1_initial,ChevronSlow,0.98486328125,0.18408203125,0.98486328125,0.181640625,0.9853515625,0.1884765625,1.0,0.0015304212164587128,0.04044206048801651
1,1610,0,task1_initial,IDLGated,0.9873046875,0.185546875,0.9873046875,0.18359375,0.98681640625,0.18994140625,0.0003764926514122635,0.001625658633129065,0.03905801804464993
1,1620,0,task1_initial,MLP,0.98974609375,0.1826171875,0.0,0.0,0.0,0.0,1.0,0.0,0.0
1,1620,0,task1_initial,ChevronSlow,0.9853515625,0.18408203125,0.98583984375,0.18115234375,0.9853515625,0.1884765625,1.0,0.0014410359708593645,0.04008383699038846
1,1620,0,task1_initial,IDLGated,0.9853515625,0.185546875,0.9853515625,0.181640625,0.98583984375,0.189453125,0.00037570728454738855,0.0015307109843247832,0.03889271123228761
1,1630,0,task1_initial,MLP,0.9873046875,0.19873046875,0.0,0.0,0.0,0.0,1.0,0.0,0.0
1,1630,0,task1_initial,ChevronSlow,0.98486328125,0.1962890625,0.98193359375,0.197265625,0.986328125,0.19189453125,1.0,0.0013568713286108655,0.04001237207990424
1,1630,0,task1_initial,IDLGated,0.9873046875,0.197265625,0.98388671875,0.19580078125,0.9873046875,0.19384765625,0.00037496929871849716,0.0014413088146449284,0.03856151275841552
1,1640,0,task1_initial,MLP,0.98974609375,0.19775390625,0.0,0.0,0.0,0.0,1.0,0.0,0.0
1,1640,0,task1_initial,ChevronSlow,0.984375,0.2001953125,0.9833984375,0.20263671875,0.98486328125,0.19482421875,1.0,0.0012776223769822154,0.03991874876260582
1,1640,0,task1_initial,IDLGated,0.986328125,0.197265625,0.98486328125,0.2001953125,0.986328125,0.1953125,0.0003742757544387132,0.0013571282367778425,0.03850248713708908
1,1650,0,task1_initial,MLP,0.98974609375,0.19189453125,0.0,0.0,0.0,0.0,1.0,0.0,0.0
1,1650,0,task1_initial,ChevronSlow,0.9853515625,0.1923828125,0.98583984375,0.1923828125,0.98486328125,0.19189453125,1.0,0.0012030020118685956,0.039495130483837015
1,1650,0,task1_initial,IDLGated,0.9873046875,0.193359375,0.9873046875,0.19140625,0.98681640625,0.193359375,0.00037362391594797373,0.0012778642802607635,0.03816352452863494
1,1660,0,task1_initial,MLP,0.9873046875,0.201171875,0.0,0.0,0.0,0.0,1.0,0.0,0.0
1,1660,0,task1_initial,ChevronSlow,0.98486328125,0.20263671875,0.98388671875,0.20556640625,0.98486328125,0.19677734375,1.0,0.001132739897666988,0.03966801981039322
1,1660,0,task1_initial,IDLGated,0.98486328125,0.20068359375,0.984375,0.20263671875,0.98583984375,0.19677734375,0.000373011251213029,0.001203229786628974,0.037879555305420747
1,1670,0,task1_initial,MLP,0.9833984375,0.20361328125,0.0,0.0,0.0,0.0,1.0,0.0,0.0
1,1670,0,task1_initial,ChevronSlow,0.98046875,0.205078125,0.978515625,0.20703125,0.98388671875,0.19921875,1.0,0.00106658148790093,0.039452129024334606
1,1670,0,task1_initial,IDLGated,0.982421875,0.203125,0.98046875,0.20458984375,0.98583984375,0.19921875,0.0003724352573044598,0.0011329543690944816,0.03763662533216498
1,1680,0,task1_initial,MLP,0.99072265625,0.19775390625,0.0,0.0,0.0,0.0,1.0,0.0,0.0
1,1680,0,task1_initial,ChevronSlow,0.984375,0.201171875,0.9833984375,0.20263671875,0.9853515625,0.197265625,1.0,0.0010042871030463175,0.03907823835669235
1,1680,0,task1_initial,IDLGated,0.9853515625,0.19921875,0.98583984375,0.20068359375,0.98583984375,0.197265625,0.00037189366412349045,0.0010667834329853392,0.03759243474488631
1,1690,0,task1_initial,MLP,0.99169921875,0.1923828125,0.0,0.0,0.0,0.0,1.0,0.0,0.0
1,1690,0,task1_initial,ChevronSlow,0.986328125,0.19189453125,0.986328125,0.19091796875,0.9853515625,0.19384765625,1.0,0.0009456310622173939,0.03908833393745715
1,1690,0,task1_initial,IDLGated,0.98681640625,0.193359375,0.98779296875,0.1923828125,0.986328125,0.1943359375,0.00037138437619432807,0.0010044772533968497,0.037641090053937516
1,1700,0,task1_initial,MLP,0.99267578125,0.19140625,0.0,0.0,0.0,0.0,1.0,0.0,0.0
1,1700,0,task1_initial,ChevronSlow,0.986328125,0.18896484375,0.98681640625,0.1875,0.986328125,0.1904296875,1.0,0.0008904008655671798,0.03942256820777967
1,1700,0,task1_initial,IDLGated,0.98828125,0.19140625,0.9892578125,0.18994140625,0.986328125,0.1923828125,0.0003709054726641625,0.0009458101067131452,0.038044523595267256
1,1710,0,task1_initial,MLP,0.9912109375,0.1923828125,0.0,0.0,0.0,0.0,1.0,0.0,0.0
1,1710,0,task1_initial,ChevronSlow,0.98583984375,0.19482421875,0.98681640625,0.19482421875,0.98583984375,0.1943359375,1.0,0.0008383964244403394,0.03947727553330348
1,1710,0,task1_initial,IDLGated,0.98779296875,0.19384765625,0.98876953125,0.19189453125,0.9873046875,0.1943359375,0.00037045529461465776,0.0008905694528528155,0.038192039734302644
1,1720,0,task1_initial,MLP,0.9912109375,0.19482421875,0.0,0.0,0.0,0.0,1.0,0.0,0.0
1,1720,0,task1_initial,ChevronSlow,0.986328125,0.19482421875,0.98681640625,0.19482421875,0.9853515625,0.1943359375,1.0,0.0007894293364894666,0.039127475508583955
1,1720,0,task1_initial,IDLGated,0.98779296875,0.19482421875,0.98876953125,0.1953125,0.986328125,0.19482421875,0.00037003171746619046,0.000838555165276011,0.03752821896716552
1,1730,0,task1_initial,MLP,0.99267578125,0.19140625,0.0,0.0,0.0,0.0,1.0,0.0,0.0
1,1730,0,task1_initial,ChevronSlow,0.9873046875,0.1904296875,0.98681640625,0.189453125,0.98583984375,0.19287109375,1.0,0.0007433222031286781,0.039260596473805864
1,1730,0,task1_initial,IDLGated,0.98779296875,0.19140625,0.9873046875,0.19140625,0.98779296875,0.19384765625,0.00036963331513106823,0.0007895788059634827,0.037195993652330964
1,1740,0,task1_initial,MLP,0.99072265625,0.18701171875,0.0,0.0,0.0,0.0,1.0,0.0,0.0
1,1740,0,task1_initial,ChevronSlow,0.98583984375,0.185546875,0.9853515625,0.18310546875,0.9853515625,0.1904296875,1.0,0.0006999079868517709,0.03945637022017426
1,1740,0,task1_initial,IDLGated,0.98681640625,0.1875,0.98681640625,0.1845703125,0.9873046875,0.19140625,0.00036925874883309007,0.0007434629427409407,0.037167945035085644
1,1750,0,task1_initial,MLP,0.9931640625,0.1923828125,0.0,0.0,0.0,0.0,1.0,0.0,0.0
1,1750,0,task1_initial,ChevronSlow,0.9873046875,0.1904296875,0.98779296875,0.18896484375,0.98681640625,0.19140625,1.0,0.000659029406086631,0.03939224678350706
1,1750,0,task1_initial,IDLGated,0.98779296875,0.19140625,0.98974609375,0.18994140625,0.98681640625,0.19140625,0.0003689061850309372,0.0007000405064755284,0.03698966032996611
1,1760,0,task1_initial,MLP,0.99072265625,0.1953125,0.0,0.0,0.0,0.0,1.0,0.0,0.0
1,1760,0,task1_initial,ChevronSlow,0.9853515625,0.19580078125,0.9853515625,0.19775390625,0.98486328125,0.19384765625,1.0,0.0006205383653935634,0.03946029740524033
1,1760,0,task1_initial,IDLGated,0.98583984375,0.1943359375,0.9873046875,0.1953125,0.9873046875,0.1943359375,0.000368574692402035,0.0006591541858156529,0.037119635874469516
1,1770,0,task1_initial,MLP,0.9912109375,0.19384765625,0.0,0.0,0.0,0.0,1.0,0.0,0.0
1,1770,0,task1_initial,ChevronSlow,0.9853515625,0.19677734375,0.98583984375,0.197265625,0.9853515625,0.1953125,1.0,0.0005842954189432597,0.039498047792696965
1,1770,0,task1_initial,IDLGated,0.98779296875,0.19482421875,0.9873046875,0.19482421875,0.9873046875,0.19580078125,0.00036826281575486064,0.0006206558572814314,0.03722260843582462
1,1780,0,task1_initial,MLP,0.9912109375,0.193359375,0.0,0.0,0.0,0.0,1.0,0.0,0.0
1,1780,0,task1_initial,ChevronSlow,0.98779296875,0.19189453125,0.9873046875,0.19189453125,0.986328125,0.1923828125,1.0,0.0005501692653306823,0.039092418307149136
1,1780,0,task1_initial,IDLGated,0.98828125,0.19384765625,0.99169921875,0.1943359375,0.986328125,0.193359375,0.00036796924541704357,0.0005844060486410715,0.03647469522436803
1,1790,0,task1_initial,MLP,0.990234375,0.18994140625,0.0,0.0,0.0,0.0,1.0,0.0,0.0
1,1790,0,task1_initial,ChevronSlow,0.9853515625,0.19140625,0.986328125,0.19140625,0.984375,0.19287109375,1.0,0.0005180362718946736,0.038821745855167365
1,1790,0,task1_initial,IDLGated,0.98681640625,0.19189453125,0.986328125,0.19140625,0.986328125,0.193359375,0.0003676931082736701,0.0005502734336291073,0.03617534119443406
1,1800,0,task1_initial,MLP,0.99072265625,0.1953125,0.0,0.0,0.0,0.0,1.0,0.0,0.0
1,1800,0,task1_initial,ChevronSlow,0.98486328125,0.19384765625,0.98583984375,0.19482421875,0.9853515625,0.19287109375,1.0,0.00048778002681998584,0.03901879460127839
1,1800,0,task1_initial,IDLGated,0.9873046875,0.1943359375,0.98779296875,0.1943359375,0.98681640625,0.1943359375,0.0003674334438983351,0.0005181343561759417,0.036119162043086094
1,1810,0,task1_initial,MLP,0.9912109375,0.1923828125,0.0,0.0,0.0,0.0,1.0,0.0,0.0
1,1810,0,task1_initial,ChevronSlow,0.98583984375,0.19140625,0.986328125,0.19140625,0.98583984375,0.19287109375,1.0,0.00045929091739908444,0.03889226768018962
1,1810,0,task1_initial,IDLGated,0.98681640625,0.1923828125,0.9873046875,0.19189453125,0.986328125,0.193359375,0.00036718888441100717,0.00048787238242507255,0.03617345834091021
1,1820,0,task1_initial,MLP,0.98974609375,0.18896484375,0.0,0.0,0.0,0.0,1.0,0.0,0.0
1,1820,0,task1_initial,ChevronSlow,0.9853515625,0.18994140625,0.9853515625,0.18896484375,0.9853515625,0.19091796875,1.0,0.00043246573292584316,0.03878671445256516
1,1820,0,task1_initial,IDLGated,0.98681640625,0.1904296875,0.9873046875,0.189453125,0.9873046875,0.19189453125,0.00036695896415039897,0.0004593778789150443,0.036287515619907534
1,1830,0,task1_initial,MLP,0.9873046875,0.19140625,0.0,0.0,0.0,0.0,1.0,0.0,0.0
1,1830,0,task1_initial,ChevronSlow,0.98388671875,0.19287109375,0.98486328125,0.19287109375,0.98486328125,0.1943359375,1.0,0.00040720729078249246,0.03871599575171054
1,1830,0,task1_initial,IDLGated,0.986328125,0.19189453125,0.98583984375,0.19189453125,0.986328125,0.193359375,0.00036674246075563133,0.00043254761539795664,0.03674930547467435
1,1840,0,task1_initial,MLP,0.9892578125,0.19384765625,0.0,0.0,0.0,0.0,1.0,0.0,0.0
1,1840,0,task1_initial,ChevronSlow,0.9853515625,0.1962890625,0.986328125,0.1962890625,0.984375,0.1962890625,1.0,0.00038342408436520194,0.038602194810342244
1,1840,0,task1_initial,IDLGated,0.98828125,0.1943359375,0.986328125,0.1943359375,0.98779296875,0.19482421875,0.00036653870483860373,0.0004072843908556158,0.036221135888546946
1,1850,0,task1_initial,MLP,0.990234375,0.18896484375,0.0,0.0,0.0,0.0,1.0,0.0,0.0
1,1850,0,task1_initial,ChevronSlow,0.98583984375,0.1904296875,0.986328125,0.18798828125,0.9853515625,0.19140625,1.0,0.00036102995157279784,0.038321679701061644
1,1850,0,task1_initial,IDLGated,0.98828125,0.19140625,0.99072265625,0.18994140625,0.98779296875,0.19189453125,0.0003663470852188766,0.00038349668135845565,0.035790334918301275
1,1860,0,task1_initial,MLP,0.98974609375,0.18701171875,0.0,0.0,0.0,0.0,1.0,0.0,0.0
1,1860,0,task1_initial,ChevronSlow,0.98583984375,0.18701171875,0.98681640625,0.18505859375,0.984375,0.189453125,1.0,0.00033994376265761295,0.03830868653332966
1,1860,0,task1_initial,IDLGated,0.98681640625,0.189453125,0.98828125,0.1845703125,0.986328125,0.19140625,0.0003661665541585535,0.0003610983084914878,0.03572389890293945
1,1870,0,task1_initial,MLP,0.9912109375,0.19580078125,0.0,0.0,0.0,0.0,1.0,0.0,0.0
1,1870,0,task1_initial,ChevronSlow,0.9853515625,0.197265625,0.98583984375,0.19775390625,0.9853515625,0.1943359375,1.0,0.0003200891263076097,0.038056414329979145
1,1870,0,task1_initial,IDLGated,0.9873046875,0.19482421875,0.98779296875,0.1953125,0.98681640625,0.1943359375,0.00036599679151549935,0.00034000812714604916,0.03531350645444594
1,1880,0,task1_initial,MLP,0.98876953125,0.201171875,0.0,0.0,0.0,0.0,1.0,0.0,0.0
1,1880,0,task1_initial,ChevronSlow,0.98486328125,0.201171875,0.9833984375,0.20556640625,0.98486328125,0.197265625,1.0,0.00030139411289496824,0.03833164399236722
1,1880,0,task1_initial,IDLGated,0.986328125,0.19970703125,0.98486328125,0.20361328125,0.98681640625,0.19677734375,0.00036583704059012234,0.00032014973154627537,0.0353407680195806
1,1890,0,task1_initial,MLP,0.9873046875,0.19384765625,0.0,0.0,0.0,0.0,1.0,0.0,0.0
1,1890,0,task1_initial,ChevronSlow,0.99072265625,0.19287109375,0.9853515625,0.19140625,0.98779296875,0.19287109375,1.0,0.000283790993888521,0.03812048780027874
1,1890,0,task1_initial,IDLGated,0.98876953125,0.197265625,0.98291015625,0.1943359375,0.9892578125,0.19580078125,0.00036568657378666103,0.0003014511784452891,0.03487736211425651
1,1900,0,task1_initial,MLP,0.98974609375,0.18994140625,0.0,0.0,0.0,0.0,1.0,0.0,0.0
1,1900,0,task1_initial,ChevronSlow,0.98583984375,0.19091796875,0.98583984375,0.18994140625,0.98583984375,0.19140625,1.0,0.00026721599648597225,0.03726228424322174
1,1900,0,task1_initial,IDLGated,0.9873046875,0.1884765625,0.98828125,0.1875,0.9873046875,0.19287109375,0.0003655450709629804,0.0002838447264882948,0.03462134298849588
1,1910,0,task1_initial,MLP,0.9892578125,0.19140625,0.0,0.0,0.0,0.0,1.0,0.0,0.0
1,1910,0,task1_initial,ChevronSlow,0.9853515625,0.189453125,0.98681640625,0.18798828125,0.98486328125,0.1923828125,1.0,0.0002516090725769834,0.036819008078208246
1,1910,0,task1_initial,IDLGated,0.98681640625,0.189453125,0.98779296875,0.1865234375,0.9873046875,0.193359375,0.00036541177541948855,0.00026726659079834135,0.03432900278107595
1,1920,0,task1_initial,MLP,0.9912109375,0.19775390625,0.0,0.0,0.0,0.0,1.0,0.0,0.0
1,1920,0,task1_initial,ChevronSlow,0.98779296875,0.19384765625,0.98876953125,0.1953125,0.98583984375,0.193359375,1.0,0.00023691368120011885,0.036924724918136004
1,1920,0,task1_initial,IDLGated,0.9892578125,0.1962890625,0.99267578125,0.19775390625,0.98828125,0.1943359375,0.0003652863670140505,0.000251656711895663,0.03406420785238514
1,1930,0,task1_initial,MLP,0.9892578125,0.19580078125,0.0,0.0,0.0,0.0,1.0,0.0,0.0
1,1930,0,task1_initial,ChevronSlow,0.98583984375,0.19580078125,0.986328125,0.19775390625,0.9853515625,0.19482421875,1.0,0.00022307658370553524,0.036697258542363435
1,1930,0,task1_initial,IDLGated,0.98828125,0.1953125,0.9873046875,0.1962890625,0.98779296875,0.19482421875,0.00036516835098154843,0.00023695853811343535,0.033874865014219276
1,1940,0,task1_initial,MLP,0.9892578125,0.18505859375,0.0,0.0,0.0,0.0,1.0,0.0,0.0
1,1940,0,task1_initial,ChevronSlow,0.98583984375,0.185546875,0.98583984375,0.181640625,0.98486328125,0.1904296875,1.0,0.00021004765088132745,0.03638036411153675
1,1940,0,task1_initial,IDLGated,0.9873046875,0.18603515625,0.98681640625,0.18505859375,0.98681640625,0.19140625,0.00036505714524537325,0.00022311882072168198,0.033539176271774475
1,1950,0,task1_initial,MLP,0.98974609375,0.1845703125,0.0,0.0,0.0,0.0,1.0,0.0,0.0
1,1950,0,task1_initial,ChevronSlow,0.986328125,0.18408203125,0.98681640625,0.1796875,0.98583984375,0.189453125,1.0,0.00019777968134478499,0.03643858445155688
1,1950,0,task1_initial,IDLGated,0.98876953125,0.18603515625,0.9873046875,0.1806640625,0.98681640625,0.1904296875,0.0003649525751825422,0.000210087421017101,0.03336252877479633
1,1960,0,task1_initial,MLP,0.99267578125,0.1943359375,0.0,0.0,0.0,0.0,1.0,0.0,0.0
1,1960,0,task1_initial,ChevronSlow,0.98681640625,0.19287109375,0.98779296875,0.1943359375,0.986328125,0.19140625,1.0,0.00018622823054062563,0.03661064115527903
1,1960,0,task1_initial,IDLGated,0.9892578125,0.19287109375,0.98974609375,0.193359375,0.98779296875,0.19189453125,0.00036485414602793753,0.00019781712867993648,0.03324677295965209
1,1970,0,task1_initial,MLP,0.98779296875,0.20068359375,0.0,0.0,0.0,0.0,1.0,0.0,0.0
1,1970,0,task1_initial,ChevronSlow,0.984375,0.20263671875,0.98291015625,0.205078125,0.986328125,0.1962890625,1.0,0.000175351449726698,0.03717353020808864
1,1970,0,task1_initial,IDLGated,0.9873046875,0.19970703125,0.98486328125,0.2021484375,0.98779296875,0.1962890625,0.00036476145032793283,0.00018626349073983472,0.03373216704000704
1,1980,0,task1_initial,MLP,0.98828125,0.19970703125,0.0,0.0,0.0,0.0,1.0,0.0,0.0
1,1980,0,task1_initial,ChevronSlow,0.98388671875,0.2021484375,0.9833984375,0.2060546875,0.98583984375,0.19677734375,1.0,0.00016510993436382886,0.03656967766844347
1,1980,0,task1_initial,IDLGated,0.98583984375,0.2021484375,0.984375,0.20458984375,0.98779296875,0.19775390625,0.00036467419704422355,0.00017538465053106058,0.0332399553459256
1,1990,0,task1_initial,MLP,0.9912109375,0.19873046875,0.0,0.0,0.0,0.0,1.0,0.0,0.0
1,1990,0,task1_initial,ChevronSlow,0.9873046875,0.1962890625,0.986328125,0.1982421875,0.986328125,0.19384765625,1.0,0.00015546658136056024,0.03580339632423818
1,1990,0,task1_initial,IDLGated,0.98681640625,0.1982421875,0.98681640625,0.19921875,0.9873046875,0.1962890625,0.0003645919496193528,0.0001651411960536391,0.03216449480578604
1,2000,0,task1_initial,MLP,0.99169921875,0.1982421875,0.0,0.0,0.0,0.0,1.0,0.0,0.0
1,2000,0,task1_initial,ChevronSlow,0.9873046875,0.1962890625,0.98779296875,0.1982421875,0.986328125,0.1953125,1.0,0.00014638645465559977,0.03602146092529921
1,2000,0,task1_initial,IDLGated,0.9892578125,0.197265625,0.990234375,0.1982421875,0.98779296875,0.1953125,0.00036451464984565973,0.0001554960171910636,0.03209634173688544
1,2010,0,task1_initial,MLP,0.99267578125,0.19189453125,0.0,0.0,0.0,0.0,1.0,0.0,0.0
1,2010,0,task1_initial,ChevronSlow,0.9892578125,0.19140625,0.9892578125,0.1904296875,0.98681640625,0.19189453125,1.0,0.00013783665865101617,0.03593756150916822
1,2010,0,task1_initial,IDLGated,0.990234375,0.19140625,0.9912109375,0.1904296875,0.98876953125,0.19287109375,0.00036444186116568744,0.0001464141712672955,0.03203597518872898
1,2020,0,task1_initial,MLP,0.9931640625,0.19775390625,0.0,0.0,0.0,0.0,1.0,0.0,0.0
1,2020,0,task1_initial,ChevronSlow,0.9873046875,0.1953125,0.9873046875,0.1962890625,0.986328125,0.193359375,1.0,0.0001297862190376504,0.03582228704980012
1,2020,0,task1_initial,IDLGated,0.9892578125,0.19677734375,0.9892578125,0.197265625,0.98828125,0.1943359375,0.00036437343806028366,0.00013786275645599584,0.031998411579359724
1,2030,0,task1_initial,MLP,0.98486328125,0.2001953125,0.0,0.0,0.0,0.0,1.0,0.0,0.0
1,2030,0,task1_initial,ChevronSlow,0.98193359375,0.2001953125,0.9833984375,0.201171875,0.98681640625,0.197265625,1.0,0.00012220597058099672,0.035766602809871914
1,2030,0,task1_initial,IDLGated,0.984375,0.201171875,0.98095703125,0.2021484375,0.9873046875,0.19970703125,0.00036430879845283926,0.00012981079258337212,0.03206974444738015
1,2040,0,task1_initial,MLP,0.99267578125,0.18798828125,0.0,0.0,0.0,0.0,1.0,0.0,0.0
1,2040,0,task1_initial,ChevronSlow,0.9892578125,0.18896484375,0.98779296875,0.18701171875,0.9873046875,0.19140625,1.0,0.0001150684514610219,0.03536071843871598
1,2040,0,task1_initial,IDLGated,0.990234375,0.1904296875,0.98974609375,0.18798828125,0.9892578125,0.19287109375,0.0003642480296548456,0.0001222291088928129,0.03176572723763077
1,2050,0,task1_initial,MLP,0.9873046875,0.18994140625,0.0,0.0,0.0,0.0,1.0,0.0,0.0
1,2050,0,task1_initial,ChevronSlow,0.986328125,0.19091796875,0.98388671875,0.1904296875,0.9873046875,0.19189453125,1.0,0.00010834780378313625,0.03514534651521735
1,2050,0,task1_initial,IDLGated,0.986328125,0.18994140625,0.98193359375,0.1884765625,0.98876953125,0.189453125,0.0003641909279394895,0.00011509023836470147,0.03193870924032769
1,2060,0,task1_initial,MLP,0.98876953125,0.19873046875,0.0,0.0,0.0,0.0,1.0,0.0,0.0
1,2060,0,task1_initial,ChevronSlow,0.98681640625,0.1962890625,0.986328125,0.19921875,0.98681640625,0.19580078125,1.0,0.00010201967989988577,0.03512221004179404
1,2060,0,task1_initial,IDLGated,0.98779296875,0.1982421875,0.98828125,0.19921875,0.9892578125,0.19580078125,0.000364137114956975,0.0001083683182085495,0.03103301291154467
1,2070,0,task1_initial,MLP,0.99072265625,0.19921875,0.0,0.0,0.0,0.0,1.0,0.0,0.0
1,2070,0,task1_initial,ChevronSlow,0.98681640625,0.2001953125,0.98583984375,0.20166015625,0.9873046875,0.1962890625,1.0,9.606115420398679e-05,0.034892707134863324
1,2070,0,task1_initial,IDLGated,0.98779296875,0.19921875,0.98681640625,0.201171875,0.98974609375,0.1962890625,0.00036408641608431935,0.00010203899616695268,0.03073932640167246
1,2080,0,task1_initial,MLP,0.98876953125,0.19775390625,0.0,0.0,0.0,0.0,1.0,0.0,0.0
1,2080,0,task1_initial,ChevronSlow,0.986328125,0.19970703125,0.98583984375,0.20166015625,0.98681640625,0.19775390625,1.0,9.045064007314594e-05,0.03484477055921025
1,2080,0,task1_initial,IDLGated,0.98779296875,0.1982421875,0.9873046875,0.19970703125,0.9892578125,0.1962890625,0.0003640386858023703,9.607934229192415e-05,0.03065991010247661
1,2090,0,task1_initial,MLP,0.99365234375,0.1943359375,0.0,0.0,0.0,0.0,1.0,0.0,0.0
1,2090,0,task1_initial,ChevronSlow,0.9873046875,0.193359375,0.98779296875,0.19287109375,0.98681640625,0.1943359375,1.0,8.516781166577161e-05,0.03468134136534698
1,2090,0,task1_initial,IDLGated,0.9892578125,0.19482421875,0.990234375,0.19580078125,0.98974609375,0.1943359375,0.00036399377859197557,9.046776587398889e-05,0.030007016120709124
1,2100,0,task1_initial,MLP,0.98681640625,0.19189453125,0.0,0.0,0.0,0.0,1.0,0.0,0.0
1,2100,0,task1_initial,ChevronSlow,0.98974609375,0.19091796875,0.98779296875,0.18994140625,0.98779296875,0.19287109375,1.0,8.019353028425795e-05,0.034373150676943985
1,2100,0,task1_initial,IDLGated,0.99072265625,0.1943359375,0.9853515625,0.1904296875,0.990234375,0.1943359375,0.000363951432518661,8.51839372230882e-05,0.029962994547970988
1,2110,0,task1_initial,MLP,0.994140625,0.193359375,0.0,0.0,0.0,0.0,1.0,0.0,0.0
1,2110,0,task1_initial,ChevronSlow,0.9892578125,0.19482421875,0.9912109375,0.193359375,0.98779296875,0.19384765625,1.0,7.550977503906882e-05,0.03352863755385062
1,2110,0,task1_initial,IDLGated,0.990234375,0.1923828125,0.99169921875,0.1904296875,0.98974609375,0.19384765625,0.00036391173489391804,8.020871401792123e-05,0.029543629244977918
1,2120,0,task1_initial,MLP,0.9873046875,0.1953125,0.0,0.0,0.0,0.0,1.0,0.0,0.0
1,2120,0,task1_initial,ChevronSlow,0.986328125,0.19873046875,0.98583984375,0.19970703125,0.986328125,0.19775390625,1.0,7.10995775624313e-05,0.03364531718602792
1,2120,0,task1_initial,IDLGated,0.98583984375,0.1953125,0.984375,0.19775390625,0.98779296875,0.1943359375,0.00036387424916028976,7.552407195690128e-05,0.02985207674773914
1,2130,0,task1_initial,MLP,0.9921875,0.19384765625,0.0,0.0,0.0,0.0,1.0,0.0,0.0
1,2130,0,task1_initial,ChevronSlow,0.9873046875,0.19384765625,0.986328125,0.1923828125,0.98681640625,0.19580078125,1.0,6.694696053511807e-05,0.0332804021671659
1,2130,0,task1_initial,IDLGated,0.98974609375,0.193359375,0.98974609375,0.193359375,0.98876953125,0.1953125,0.0003638388589024544,7.111303945948778e-05,0.029206889643835745
1,2140,0,task1_initial,MLP,0.994140625,0.19189453125,0.0,0.0,0.0,0.0,1.0,0.0,0.0
1,2140,0,task1_initial,ChevronSlow,0.98876953125,0.19091796875,0.99072265625,0.18798828125,0.9873046875,0.193359375,1.0,6.303687980361321e-05,0.033321985270865634
1,2140,0,task1_initial,IDLGated,0.98974609375,0.193359375,0.99072265625,0.1904296875,0.98828125,0.19384765625,0.00036380556412041187,6.695963618132959e-05,0.02918825604123763
1,2150,0,task1_initial,MLP,0.98828125,0.19384765625,0.0,0.0,0.0,0.0,1.0,0.0,0.0
1,2150,0,task1_initial,ChevronSlow,0.98779296875,0.1943359375,0.98779296875,0.19384765625,0.98681640625,0.1953125,1.0,5.935516987796243e-05,0.03285526671683283
1,2150,0,task1_initial,IDLGated,0.98828125,0.1923828125,0.9892578125,0.19091796875,0.9892578125,0.19287109375,0.00036377436481416225,6.304881512047124e-05,0.02859985255152575
1,2160,0,task1_initial,MLP,0.98291015625,0.1962890625,0.0,0.0,0.0,0.0,1.0,0.0,0.0
1,2160,0,task1_initial,ChevronSlow,0.98486328125,0.19775390625,0.9833984375,0.19921875,0.98681640625,0.19482421875,1.0,5.5888492612856774e-05,0.03302365690381009
1,2160,0,task1_initial,IDLGated,0.98388671875,0.19677734375,0.982421875,0.19775390625,0.98681640625,0.19287109375,0.0003637448535300791,5.9366408104883926e-05,0.02831266894611168
1,2170,0,task1_initial,MLP,0.99169921875,0.19775390625,0.0,0.0,0.0,0.0,1.0,0.0,0.0
1,2170,0,task1_initial,ChevronSlow,0.98828125,0.19775390625,0.98828125,0.1982421875,0.98681640625,0.19677734375,1.0,5.2624288886031134e-05,0.032402180729511364
1,2170,0,task1_initial,IDLGated,0.98828125,0.19873046875,0.986328125,0.201171875,0.98974609375,0.1962890625,0.00036371711757965386,5.5899074463832454e-05,0.027021493703741628
1,2180,0,task1_initial,MLP,0.98779296875,0.19384765625,0.0,0.0,0.0,0.0,1.0,0.0,0.0
1,2180,0,task1_initial,ChevronSlow,0.9912109375,0.19580078125,0.98486328125,0.19140625,0.98876953125,0.1943359375,1.0,4.9550733098916965e-05,0.032834034932292706
1,2180,0,task1_initial,IDLGated,0.98876953125,0.19873046875,0.98193359375,0.1962890625,0.98876953125,0.1962890625,0.000363691127859056,5.263425269712459e-05,0.027173609679333896
1,2190,0,task1_initial,MLP,0.994140625,0.1943359375,0.0,0.0,0.0,0.0,1.0,0.0,0.0
1,2190,0,task1_initial,ChevronSlow,0.9912109375,0.1943359375,0.9873046875,0.19091796875,0.98828125,0.193359375,1.0,4.665669033471438e-05,0.03286068158655071
1,2190,0,task1_initial,IDLGated,0.99169921875,0.193359375,0.9892578125,0.1904296875,0.98876953125,0.1943359375,0.0003636665060184896,4.956011496714915e-05,0.027062555323314464
1,2200,0,end_task1,MLP,0.990234375,0.19921875,0.0,0.0,0.0,0.0,1.0,0.0,0.0
1,2200,0,end_task1,ChevronSlow,0.9873046875,0.2001953125,0.986328125,0.2021484375,0.98681640625,0.1982421875,1.0,4.393167601867448e-05,0.03240911767925332
1,2200,0,end_task1,IDLGated,0.98876953125,0.19775390625,0.98779296875,0.1982421875,0.98974609375,0.197265625,0.0003636432811617851,4.666552424883621e-05,0.02692256347889965
1,2210,0,task2,MLP,0.9306640625,0.25244140625,0.0,0.0,0.0,0.0,1.0,0.0,0.0
1,2210,0,task2,ChevronSlow,0.93603515625,0.2470703125,0.8955078125,0.2822265625,0.96728515625,0.2216796875,1.0,4.136581793444936e-05,0.05589412159461225
1,2210,0,task2,IDLGated,0.9677734375,0.220703125,0.89990234375,0.2705078125,0.98779296875,0.19580078125,0.00036666137748397887,0.00042249692600083007,0.070996441767862
1,2220,0,task2,MLP,0.10546875,0.7890625,0.0,0.0,0.0,0.0,1.0,0.0,0.0
1,2220,0,task2,ChevronSlow,0.0791015625,0.84033203125,0.0361328125,0.80078125,0.93359375,0.248046875,1.0,0.011880534323302647,0.10075069672002264
1,2220,0,task2,IDLGated,0.234375,0.70166015625,0.05859375,0.79931640625,0.98779296875,0.19580078125,0.0006361351115629077,0.02547895488383205,0.14112079973584385
1,2230,0,task2,MLP,0.08984375,0.79833984375,0.0,0.0,0.0,0.0,1.0,0.0,0.0
1,2230,0,task2,ChevronSlow,0.078125,0.853515625,0.04541015625,0.8330078125,0.8994140625,0.2802734375,1.0,0.053015281987061555,0.12221121094391788
1,2230,0,task2,IDLGated,0.126953125,0.822265625,0.0693359375,0.830078125,0.98779296875,0.19580078125,0.00327097624540329,0.10002770054680414,0.18679544202358325
1,2240,0,task2,MLP,0.0986328125,0.8154296875,0.0,0.0,0.0,0.0,1.0,0.0,0.0
1,2240,0,task2,ChevronSlow,0.10400390625,0.85888671875,0.078125,0.84375,0.88037109375,0.2998046875,1.0,0.1161996538653359,0.12802899255309702
1,2240,0,task2,IDLGated,0.13720703125,0.83154296875,0.076171875,0.83544921875,0.98779296875,0.19580078125,0.044068045914173126,0.22013855453239256,0.2051097000393201
1,2250,0,task2,MLP,0.12255859375,0.8359375,0.0,0.0,0.0,0.0,1.0,0.0,0.0
1,2250,0,task2,ChevronSlow,0.1396484375,0.87939453125,0.10302734375,0.8681640625,0.865234375,0.314453125,1.0,0.18993491465980897,0.13444087111197028
1,2250,0,task2,IDLGated,0.13427734375,0.8486328125,0.080078125,0.84912109375,0.9873046875,0.19970703125,0.5732452273368835,0.37341381397173523,0.2118632193148511
1,2260,0,task2,MLP,0.14306640625,0.84716796875,0.0,0.0,0.0,0.0,1.0,0.0,0.0
1,2260,0,task2,ChevronSlow,0.1484375,0.8896484375,0.1162109375,0.87744140625,0.8466796875,0.33447265625,1.0,0.26489042685273295,0.13847645775308953
1,2260,0,task2,IDLGated,0.13330078125,0.85400390625,0.07861328125,0.84619140625,0.9794921875,0.20703125,0.9827083945274353,0.5436405079929608,0.20577951963605023
1,2270,0,task2,MLP,0.13916015625,0.8515625,0.0,0.0,0.0,0.0,1.0,0.0,0.0
1,2270,0,task2,ChevronSlow,0.1533203125,0.9072265625,0.1181640625,0.89208984375,0.5703125,0.6015625,1.0,0.33696890303479576,0.1420362449821042
1,2270,0,task2,IDLGated,0.14013671875,0.87451171875,0.07861328125,0.85400390625,0.96142578125,0.21240234375,0.999622106552124,0.718212207216241,0.20165111668627408
1,2280,0,task2,MLP,0.1259765625,0.85693359375,0.0,0.0,0.0,0.0,1.0,0.0,0.0
1,2280,0,task2,ChevronSlow,0.15869140625,0.9189453125,0.1259765625,0.90673828125,0.5126953125,0.65283203125,1.0,0.40351372388329465,0.14720725529579604
1,2280,0,task2,IDLGated,0.1396484375,0.880859375,0.0810546875,0.85595703125,0.9443359375,0.2216796875,0.9999911785125732,0.889243733634636,0.19806283033365277
1,2290,0,task2,MLP,0.13232421875,0.8701171875,0.0,0.0,0.0,0.0,1.0,0.0,0.0
1,2290,0,task2,ChevronSlow,0.1611328125,0.92578125,0.130859375,0.91552734375,0.482421875,0.685546875,1.0,0.46298403778706393,0.15277344825538416
1,2290,0,task2,IDLGated,0.1484375,0.89501953125,0.08447265625,0.86328125,0.93212890625,0.22998046875,0.9999997615814209,1.051284967862772,0.19654332037946215
1,2300,0,task2,MLP,0.125,0.87890625,0.0,0.0,0.0,0.0,1.0,0.0,0.0
1,2300,0,task2,ChevronSlow,0.14306640625,0.93505859375,0.123046875,0.92138671875,0.46337890625,0.70654296875,1.0,0.514500237954283,0.15491333246344308
1,2300,0,task2,IDLGated,0.138671875,0.91357421875,0.08203125,0.87060546875,0.916015625,0.23583984375,1.0,1.2000482218187556,0.19633095670234985
1,2310,0,task2,MLP,0.1337890625,0.89794921875,0.0,0.0,0.0,0.0,1.0,0.0,0.0
1,2310,0,task2,ChevronSlow,0.13818359375,0.93701171875,0.12109375,0.93408203125,0.44580078125,0.72705078125,1.0,0.5592862743108221,0.15592406612542126
1,2310,0,task2,IDLGated,0.14013671875,0.92041015625,0.09033203125,0.87939453125,0.9091796875,0.2392578125,1.0,1.334348125080022,0.19601781136895519
1,2320,0,task2,MLP,0.134765625,0.91162109375,0.0,0.0,0.0,0.0,1.0,0.0,0.0
1,2320,0,task2,ChevronSlow,0.134765625,0.93603515625,0.1220703125,0.92822265625,0.41796875,0.75927734375,1.0,0.5995577608848222,0.15828645655246976
1,2320,0,task2,IDLGated,0.138671875,0.921875,0.0888671875,0.876953125,0.89794921875,0.244140625,1.0,1.4546080253850246,0.19482343099707736
1,2330,0,task2,MLP,0.16552734375,0.92529296875,0.0,0.0,0.0,0.0,1.0,0.0,0.0
1,2330,0,task2,ChevronSlow,0.1494140625,0.94677734375,0.140625,0.94873046875,0.18408203125,0.89111328125,1.0,0.6349599648895538,0.16394434941113217
1,2330,0,task2,IDLGated,0.146484375,0.931640625,0.10205078125,0.88916015625,0.88671875,0.25244140625,1.0,1.5599346602537585,0.1952937962757194
1,2340,0,task2,MLP,0.17724609375,0.9365234375,0.0,0.0,0.0,0.0,1.0,0.0,0.0
1,2340,0,task2,ChevronSlow,0.15966796875,0.94775390625,0.15380859375,0.95556640625,0.16552734375,0.896484375,1.0,0.6638891375428073,0.16717826915553238
1,2340,0,task2,IDLGated,0.15380859375,0.93115234375,0.11083984375,0.904296875,0.87841796875,0.25927734375,1.0,1.649707869870462,0.19538377021144618
1,2350,0,task2,MLP,0.1552734375,0.9375,0.0,0.0,0.0,0.0,1.0,0.0,0.0
1,2350,0,task2,ChevronSlow,0.142578125,0.95556640625,0.14013671875,0.95263671875,0.14794921875,0.90185546875,1.0,0.6873198657353301,0.16788160716777661
1,2350,0,task2,IDLGated,0.13671875,0.94384765625,0.10693359375,0.9033203125,0.8671875,0.25830078125,1.0,1.7256320227031638,0.19270308483767876
1,2360,0,task2,MLP,0.1669921875,0.93603515625,0.0,0.0,0.0,0.0,1.0,0.0,0.0
1,2360,0,task2,ChevronSlow,0.15234375,0.9599609375,0.15185546875,0.955078125,0.14208984375,0.9052734375,1.0,0.7064905685593432,0.17252653448927843
1,2360,0,task2,IDLGated,0.14453125,0.94140625,0.10986328125,0.9013671875,0.86279296875,0.2587890625,1.0,1.7888880702935044,0.19206848782975752
1,2370,0,task2,MLP,0.18310546875,0.93505859375,0.0,0.0,0.0,0.0,1.0,0.0,0.0
1,2370,0,task2,ChevronSlow,0.16357421875,0.9609375,0.16162109375,0.9580078125,0.14013671875,0.91259765625,1.0,0.72204192851195,0.17610252463891585
1,2370,0,task2,IDLGated,0.15283203125,0.94482421875,0.12060546875,0.9130859375,0.853515625,0.2587890625,1.0,1.8407509112441074,0.1917263516421971
1,2380,0,task2,MLP,0.16796875,0.9453125,0.0,0.0,0.0,0.0,1.0,0.0,0.0
1,2380,0,task2,ChevronSlow,0.15234375,0.96337890625,0.15478515625,0.96337890625,0.13330078125,0.9140625,1.0,0.7337807266907168,0.1758776182513626
1,2380,0,task2,IDLGated,0.14208984375,0.94677734375,0.12060546875,0.9208984375,0.841796875,0.2626953125,1.0,1.8820784782384554,0.1896491619845696
1,2390,0,task2,MLP,0.189453125,0.93994140625,0.0,0.0,0.0,0.0,1.0,0.0,0.0
1,2390,0,task2,ChevronSlow,0.17041015625,0.9638671875,0.17333984375,0.9560546875,0.1298828125,0.91845703125,1.0,0.742912900157761,0.18163133973729462
1,2390,0,task2,IDLGated,0.15185546875,0.9453125,0.12548828125,0.9150390625,0.8349609375,0.26611328125,1.0,1.9140709259670123,0.19005094599977587
1,2400,0,task2,MLP,0.19580078125,0.939453125,0.0,0.0,0.0,0.0,1.0,0.0,0.0
1,2400,0,task2,ChevronSlow,0.17431640625,0.9677734375,0.177734375,0.96240234375,0.12890625,0.9208984375,1.0,0.7488218334799471,0.18482517066344567
1,2400,0,task2,IDLGated,0.15283203125,0.9521484375,0.130859375,0.923828125,0.826171875,0.2685546875,1.0,1.9368973035338282,0.19025442135858148
1,2410,0,task2,MLP,0.16650390625,0.9521484375,0.0,0.0,0.0,0.0,1.0,0.0,0.0
1,2410,0,task2,ChevronSlow,0.1611328125,0.97021484375,0.1630859375,0.9716796875,0.12548828125,0.923828125,1.0,0.7516348314878888,0.18341812155593054
1,2410,0,task2,IDLGated,0.1396484375,0.9541015625,0.12255859375,0.93701171875,0.81591796875,0.26953125,1.0,1.951760414994159,0.18794438435278998
1,2420,0,end_task2,MLP,0.16357421875,0.95703125,0.0,0.0,0.0,0.0,1.0,0.0,0.0
1,2420,0,end_task2,ChevronSlow,0.15087890625,0.9677734375,0.158203125,0.974609375,0.12548828125,0.9248046875,1.0,0.752586320372378,0.18222157153422633
1,2420,0,end_task2,IDLGated,0.138671875,0.955078125,0.125,0.9384765625,0.81103515625,0.2744140625,1.0,1.9590876471840455,0.18537956618964743
1,2430,10,task1_return,MLP,0.396484375,0.76708984375,0.0,0.0,0.0,0.0,1.0,0.0,0.0
1,2430,10,task1_return,ChevronSlow,0.38818359375,0.78369140625,0.43359375,0.73486328125,0.189453125,0.9013671875,1.0,0.7511049194073253,0.20271567170289656
1,2430,10,task1_return,IDLGated,0.45751953125,0.7119140625,0.27490234375,0.89794921875,0.8486328125,0.25439453125,1.0,1.9583723070515051,0.20201005625814594
1,2440,20,task1_return,MLP,0.84765625,0.32763671875,0.0,0.0,0.0,0.0,1.0,0.0,0.0
1,2440,20,task1_return,ChevronSlow,0.7724609375,0.40380859375,0.8203125,0.36328125,0.52587890625,0.64453125,1.0,0.7456155156505963,0.24346962118436818
1,2440,20,task1_return,IDLGated,0.91552734375,0.24072265625,0.810546875,0.36083984375,0.900390625,0.22802734375,1.0,1.9346316855922179,0.23560444999051333
1,2450,30,task1_return,MLP,0.91650390625,0.2578125,0.0,0.0,0.0,0.0,1.0,0.0,0.0
1,2450,30,task1_return,ChevronSlow,0.94287109375,0.24658203125,0.970703125,0.1923828125,0.61572265625,0.552734375,1.0,0.7454405531372306,0.27071147926169364
1,2450,30,task1_return,IDLGated,0.9765625,0.20361328125,0.9111328125,0.22705078125,0.93505859375,0.2080078125,1.0,1.8841353856844867,0.25500933519103075
1,2460,40,task1_return,MLP,0.98095703125,0.20166015625,0.0,0.0,0.0,0.0,1.0,0.0,0.0
1,2460,40,task1_return,ChevronSlow,0.97265625,0.18408203125,0.9375,0.15673828125,0.68017578125,0.48095703125,1.0,0.7567376727212082,0.2781961464296397
1,2460,40,task1_return,IDLGated,0.978515625,0.18408203125,0.90576171875,0.21875,0.96044921875,0.19775390625,1.0,1.8164634462224916,0.25579682843001955
1,2470,50,task1_return,MLP,0.97509765625,0.17333984375,0.0,0.0,0.0,0.0,1.0,0.0,0.0
1,2470,50,task1_return,ChevronSlow,0.9765625,0.17822265625,0.94921875,0.14892578125,0.74755859375,0.41796875,1.0,0.7800631834947687,0.2727361878472502
1,2470,50,task1_return,IDLGated,0.97900390625,0.17578125,0.9365234375,0.1904296875,0.96533203125,0.19384765625,1.0,1.7398289730636884,0.2490314444881671
1,2480,60,task1_return,MLP,0.97265625,0.171875,0.0,0.0,0.0,0.0,1.0,0.0,0.0
1,2480,60,task1_return,ChevronSlow,0.9755859375,0.18603515625,0.96142578125,0.15966796875,0.82861328125,0.3427734375,1.0,0.8103308904251789,0.26510842563501813
1,2480,60,task1_return,IDLGated,0.9794921875,0.18212890625,0.9619140625,0.1796875,0.96435546875,0.193359375,1.0,1.6572201984996369,0.24121647339769967
1,2490,70,task1_return,MLP,0.97802734375,0.1796875,0.0,0.0,0.0,0.0,1.0,0.0,0.0
1,2490,70,task1_return,ChevronSlow,0.978515625,0.185546875,0.96728515625,0.1630859375,0.892578125,0.27490234375,1.0,0.8432932853981494,0.2577330272354204
1,2490,70,task1_return,IDLGated,0.97998046875,0.18408203125,0.97021484375,0.173828125,0.96923828125,0.1943359375,1.0,1.5701978651245312,0.23411644679950522
1,2500,80,task1_return,MLP,0.9873046875,0.18994140625,0.0,0.0,0.0,0.0,1.0,0.0,0.0
1,2500,80,task1_return,ChevronSlow,0.98193359375,0.19287109375,0.97509765625,0.17578125,0.91015625,0.2646484375,1.0,0.8763451846290399,0.250962223519232
1,2500,80,task1_return,IDLGated,0.98193359375,0.1904296875,0.97265625,0.19287109375,0.97607421875,0.19775390625,1.0,1.4811014950915757,0.22810715520108865
1,2510,90,task1_return,MLP,0.9833984375,0.19970703125,0.0,0.0,0.0,0.0,1.0,0.0,0.0
1,2510,90,task1_return,ChevronSlow,0.984375,0.2041015625,0.98291015625,0.18701171875,0.921875,0.25146484375,1.0,0.9073037003785785,0.2444765341335914
1,2510,90,task1_return,IDLGated,0.98388671875,0.197265625,0.97021484375,0.205078125,0.9794921875,0.19873046875,1.0,1.3945967998661257,0.22260039081316535
1,2520,100,task1_return,MLP,0.9873046875,0.19677734375,0.0,0.0,0.0,0.0,1.0,0.0,0.0
1,2520,100,task1_return,ChevronSlow,0.982421875,0.19677734375,0.98291015625,0.181640625,0.93603515625,0.2373046875,1.0,0.9342799859727486,0.23764126793399334
1,2520,100,task1_return,IDLGated,0.98291015625,0.19482421875,0.974609375,0.201171875,0.9794921875,0.197265625,1.0,1.3131444675751858,0.21643695271413183
1,2530,110,task1_return,MLP,0.98681640625,0.2001953125,0.0,0.0,0.0,0.0,1.0,0.0,0.0
1,2530,110,task1_return,ChevronSlow,0.98388671875,0.20166015625,0.98291015625,0.18701171875,0.9462890625,0.23388671875,1.0,0.9568308630103691,0.2310480242786194
1,2530,110,task1_return,IDLGated,0.98388671875,0.19873046875,0.9716796875,0.20556640625,0.98046875,0.19580078125,1.0,1.2364494116785922,0.2108286130078686
1,2540,120,task1_return,MLP,0.98583984375,0.197265625,0.0,0.0,0.0,0.0,1.0,0.0,0.0
1,2540,120,task1_return,ChevronSlow,0.982421875,0.19873046875,0.98388671875,0.185546875,0.953125,0.2314453125,1.0,0.9742156857531158,0.22495386120556407
1,2540,120,task1_return,IDLGated,0.984375,0.19677734375,0.9716796875,0.20751953125,0.9814453125,0.19287109375,1.0,1.164233780357303,0.20533314803529665
1,2550,130,task1_return,MLP,0.986328125,0.1875,0.0,0.0,0.0,0.0,1.0,0.0,0.0
1,2550,130,task1_return,ChevronSlow,0.98388671875,0.18359375,0.9755859375,0.17333984375,0.96044921875,0.22607421875,1.0,0.9866025318061215,0.21915699233247507
1,2550,130,task1_return,IDLGated,0.982421875,0.18701171875,0.98193359375,0.1904296875,0.9794921875,0.189453125,0.9999998807907104,1.0962359499083139,0.1990091360905938
1,2560,140,task1_return,MLP,0.986328125,0.18359375,0.0,0.0,0.0,0.0,1.0,0.0,0.0
1,2560,140,task1_return,ChevronSlow,0.98193359375,0.18359375,0.97509765625,0.1728515625,0.9677734375,0.22021484375,1.0,0.9951269805773565,0.2135153207692396
1,2560,140,task1_return,IDLGated,0.9833984375,0.18505859375,0.98193359375,0.18408203125,0.97900390625,0.18505859375,0.9999996423721313,1.0322095769309938,0.193568675596238
1,2570,150,task1_return,MLP,0.984375,0.19384765625,0.0,0.0,0.0,0.0,1.0,0.0,0.0
1,2570,150,task1_return,ChevronSlow,0.984375,0.19921875,0.98193359375,0.1904296875,0.96826171875,0.220703125,1.0,0.9985973162952079,0.2082452492659504
1,2570,150,task1_return,IDLGated,0.98583984375,0.1953125,0.9658203125,0.20166015625,0.98095703125,0.189453125,0.9999985694885254,0.9719227058710972,0.18966630470218832
1,2580,160,task1_return,MLP,0.98388671875,0.1953125,0.0,0.0,0.0,0.0,1.0,0.0,0.0
1,2580,160,task1_return,ChevronSlow,0.9853515625,0.19921875,0.98388671875,0.1904296875,0.97216796875,0.21630859375,1.0,0.9982010333801637,0.20263733287285496
1,2580,160,task1_return,IDLGated,0.98388671875,0.19775390625,0.9697265625,0.205078125,0.98095703125,0.189453125,0.9999949932098389,0.915156928689247,0.18480532314205458
1,2590,170,task1_return,MLP,0.986328125,0.18798828125,0.0,0.0,0.0,0.0,1.0,0.0,0.0
1,2590,170,task1_return,ChevronSlow,0.984375,0.1875,0.97998046875,0.17822265625,0.9755859375,0.21240234375,1.0,0.9941773694998272,0.1980608120561118
1,2590,170,task1_return,IDLGated,0.9814453125,0.18798828125,0.9833984375,0.1923828125,0.9794921875,0.18798828125,0.9999839067459106,0.8617065936095252,0.1793510281412934
1,2600,180,task1_return,MLP,0.9892578125,0.19287109375,0.0,0.0,0.0,0.0,1.0,0.0,0.0
1,2600,180,task1_return,ChevronSlow,0.98583984375,0.19482421875,0.98388671875,0.18505859375,0.974609375,0.2138671875,1.0,0.987343785222037,0.1936604929280806
1,2600,180,task1_return,IDLGated,0.98486328125,0.1923828125,0.98095703125,0.2001953125,0.98095703125,0.18896484375,0.9999513626098633,0.8113780600816162,0.17523939619821557
1,2610,190,task1_return,MLP,0.98828125,0.19140625,0.0,0.0,0.0,0.0,1.0,0.0,0.0
1,2610,190,task1_return,ChevronSlow,0.98681640625,0.1923828125,0.98095703125,0.18310546875,0.97705078125,0.21240234375,1.0,0.9768038841385358,0.18927732166305544
1,2610,190,task1_return,IDLGated,0.98486328125,0.19140625,0.97705078125,0.19775390625,0.9814453125,0.1884765625,0.9998619556427002,0.7639889972573719,0.17110157654411395
1,2620,200,task1_return,MLP,0.98828125,0.1953125,0.0,0.0,0.0,0.0,1.0,0.0,0.0
1,2620,200,task1_return,ChevronSlow,0.98388671875,0.19970703125,0.98291015625,0.18994140625,0.974609375,0.2138671875,1.0,0.9632163353430792,0.18552038414606334
1,2620,200,task1_return,IDLGated,0.984375,0.1962890625,0.97607421875,0.20751953125,0.98046875,0.19091796875,0.9996316432952881,0.7193677234403067,0.167332800885432
1,2630,210,task1_return,MLP,0.98681640625,0.1982421875,0.0,0.0,0.0,0.0,1.0,0.0,0.0
1,2630,210,task1_return,ChevronSlow,0.9833984375,0.19970703125,0.9833984375,0.19140625,0.97509765625,0.21337890625,1.0,0.9464376996310666,0.18105176910374535
1,2630,210,task1_return,IDLGated,0.98291015625,0.19873046875,0.9755859375,0.20849609375,0.9814453125,0.19091796875,0.9990721940994263,0.6773525841149752,0.16320178779151934
1,2640,220,task1_return,MLP,0.9833984375,0.19970703125,0.0,0.0,0.0,0.0,1.0,0.0,0.0
1,2640,220,task1_return,ChevronSlow,0.98486328125,0.2021484375,0.9853515625,0.19384765625,0.9765625,0.21337890625,1.0,0.9268573559855555,0.17702057431656185
1,2640,220,task1_return,IDLGated,0.98193359375,0.20068359375,0.974609375,0.2109375,0.98193359375,0.19140625,0.9977874755859375,0.6377913663029482,0.15916671803796273
1,2650,230,task1_return,MLP,0.98779296875,0.19677734375,0.0,0.0,0.0,0.0,1.0,0.0,0.0
1,2650,230,task1_return,ChevronSlow,0.98583984375,0.19677734375,0.9853515625,0.1884765625,0.97900390625,0.21142578125,1.0,0.9046675713932679,0.17260494707015916
1,2650,230,task1_return,IDLGated,0.984375,0.1953125,0.9775390625,0.20556640625,0.98095703125,0.18994140625,0.9949930310249329,0.6005407471237079,0.1552205664554207
1,2660,240,task1_return,MLP,0.99072265625,0.18994140625,0.0,0.0,0.0,0.0,1.0,0.0,0.0
1,2660,240,task1_return,ChevronSlow,0.986328125,0.193359375,0.9853515625,0.18603515625,0.98046875,0.2099609375,1.0,0.8805898756787248,0.16816245036193095
1,2660,240,task1_return,IDLGated,0.98486328125,0.1923828125,0.9833984375,0.19921875,0.9814453125,0.18896484375,0.9892309308052063,0.5654657745627032,0.15131785145250595
1,2670,250,task1_return,MLP,0.9892578125,0.1875,0.0,0.0,0.0,0.0,1.0,0.0,0.0
1,2670,250,task1_return,ChevronSlow,0.984375,0.189453125,0.98193359375,0.1806640625,0.98291015625,0.20703125,1.0,0.854762239439724,0.165133538344741
1,2670,250,task1_return,IDLGated,0.9833984375,0.1875,0.9853515625,0.19384765625,0.98095703125,0.1875,0.977982759475708,0.532439378565483,0.14748497169918717
1,2680,260,end_return,MLP,0.9873046875,0.1943359375,0.0,0.0,0.0,0.0,1.0,0.0,0.0
1,2680,260,end_return,ChevronSlow,0.98486328125,0.1982421875,0.98193359375,0.19140625,0.98046875,0.20849609375,1.0,0.8272366920643947,0.16251376372105683
1,2680,260,end_return,IDLGated,0.982421875,0.19091796875,0.98095703125,0.1982421875,0.97998046875,0.1904296875,0.9572837948799133,0.5013419106866952,0.1447343799762829
2,0,0,task1_initial,MLP,0.4912109375,0.3876953125,0.0,0.0,0.0,0.0,1.0,0.0,0.0
2,0,0,task1_initial,ChevronSlow,0.48681640625,0.384765625,0.48681640625,0.384765625,0.48681640625,0.384765625,1.0,0.0,0.0
2,0,0,task1_initial,IDLGated,0.51708984375,0.36328125,0.51708984375,0.36328125,0.51708984375,0.36328125,1.0,0.0,0.0
2,10,0,task1_initial,MLP,0.8544921875,0.314453125,0.0,0.0,0.0,0.0,1.0,0.0,0.0
2,10,0,task1_initial,ChevronSlow,0.79736328125,0.1396484375,0.84912109375,0.17236328125,0.59228515625,0.2607421875,1.0,0.0006125660528631973,0.021775916774358306
2,10,0,task1_initial,IDLGated,0.830078125,0.14892578125,0.85205078125,0.14697265625,0.7236328125,0.193359375,0.0003670856240205467,0.00047507416267538545,0.021668290171937343
2,20,0,task1_initial,MLP,0.87744140625,0.30712890625,0.0,0.0,0.0,0.0,1.0,0.0,0.0
2,20,0,task1_initial,ChevronSlow,0.9111328125,0.1884765625,0.87255859375,0.2353515625,0.7685546875,0.14404296875,1.0,0.004267929846400136,0.04328986881998839
2,20,0,task1_initial,IDLGated,0.87646484375,0.15478515625,0.8857421875,0.158203125,0.83056640625,0.15380859375,0.0003915101697202772,0.003404208449862564,0.04220734597089077
2,30,0,task1_initial,MLP,0.88818359375,0.29150390625,0.0,0.0,0.0,0.0,1.0,0.0,0.0
2,30,0,task1_initial,ChevronSlow,0.93310546875,0.18896484375,0.93017578125,0.19921875,0.83154296875,0.1396484375,1.0,0.012963565959003944,0.06551244819414226
2,30,0,task1_initial,IDLGated,0.8955078125,0.15625,0.8994140625,0.15869140625,0.8486328125,0.15234375,0.00046020347508601844,0.010755393526146288,0.06201527176589538
2,40,0,task1_initial,MLP,0.9091796875,0.26953125,0.0,0.0,0.0,0.0,1.0,0.0,0.0
2,40,0,task1_initial,ChevronSlow,0.93310546875,0.19873046875,0.93115234375,0.20458984375,0.89013671875,0.15478515625,1.0,0.02938773260258826,0.08868988001093947
2,40,0,task1_initial,IDLGated,0.921875,0.17138671875,0.927734375,0.1767578125,0.884765625,0.15380859375,0.0006299056694842875,0.025031355677137337,0.08100660601697189
2,50,0,task1_initial,MLP,0.92626953125,0.244140625,0.0,0.0,0.0,0.0,1.0,0.0,0.0
2,50,0,task1_initial,ChevronSlow,0.9345703125,0.20068359375,0.93359375,0.20703125,0.9169921875,0.1630859375,1.0,0.05711010516359217,0.10799162036905167
2,50,0,task1_initial,IDLGated,0.93310546875,0.18212890625,0.9345703125,0.1865234375,0.900390625,0.16357421875,0.0010633148485794663,0.0488499840001142,0.09777269559181295
2,60,0,task1_initial,MLP,0.93505859375,0.21484375,0.0,0.0,0.0,0.0,1.0,0.0,0.0
2,60,0,task1_initial,ChevronSlow,0.93701171875,0.1953125,0.9375,0.1982421875,0.92724609375,0.16943359375,1.0,0.0976674071759971,0.12211735776334245
2,60,0,task1_initial,IDLGated,0.9365234375,0.1904296875,0.94140625,0.19287109375,0.90869140625,0.16845703125,0.002284125192090869,0.08365975141108813,0.11224713667123831
2,70,0,task1_initial,MLP,0.9404296875,0.20263671875,0.0,0.0,0.0,0.0,1.0,0.0,0.0
2,70,0,task1_initial,ChevronSlow,0.9384765625,0.19873046875,0.93896484375,0.1982421875,0.93603515625,0.1796875,1.0,0.15069619594057854,0.1318343853289828
2,70,0,task1_initial,IDLGated,0.943359375,0.19580078125,0.94189453125,0.19775390625,0.9169921875,0.171875,0.006293977610766888,0.12991599711010018,0.12337368673914764
2,80,0,task1_initial,MLP,0.93359375,0.21435546875,0.0,0.0,0.0,0.0,1.0,0.0,0.0
2,80,0,task1_initial,ChevronSlow,0.93505859375,0.21142578125,0.93798828125,0.21337890625,0.93896484375,0.19677734375,1.0,0.21339580574152248,0.1374043699193438
2,80,0,task1_initial,IDLGated,0.93994140625,0.20751953125,0.93896484375,0.20947265625,0.9306640625,0.1796875,0.02120119147002697,0.1858059721774718,0.13054051344909495
2,90,0,task1_initial,MLP,0.93701171875,0.21826171875,0.0,0.0,0.0,0.0,1.0,0.0,0.0
2,90,0,task1_initial,ChevronSlow,0.9384765625,0.2138671875,0.9404296875,0.2138671875,0.93310546875,0.20263671875,1.0,0.28308165534989527,0.14039592142697827
2,90,0,task1_initial,IDLGated,0.94140625,0.21142578125,0.9423828125,0.2138671875,0.935546875,0.185546875,0.08081033080816269,0.24948238271112694,0.13484176457504823
2,100,0,task1_initial,MLP,0.93994140625,0.20849609375,0.0,0.0,0.0,0.0,1.0,0.0,0.0
2,100,0,task1_initial,ChevronSlow,0.93994140625,0.20166015625,0.93994140625,0.203125,0.93505859375,0.1943359375,1.0,0.3567373011213202,0.1416096078720523
2,100,0,task1_initial,IDLGated,0.94287109375,0.2021484375,0.943359375,0.2060546875,0.93359375,0.177734375,0.28589576482772827,0.31839083081882374,0.13717556081198864
2,110,0,task1_initial,MLP,0.94189453125,0.1982421875,0.0,0.0,0.0,0.0,1.0,0.0,0.0
2,110,0,task1_initial,ChevronSlow,0.94287109375,0.19189453125,0.9453125,0.19189453125,0.94091796875,0.1884765625,1.0,0.4324358234853603,0.1418239156578599
2,110,0,task1_initial,IDLGated,0.94580078125,0.19189453125,0.9462890625,0.19482421875,0.93310546875,0.1748046875,0.6603825092315674,0.3902272396557633,0.13791876691651528
2,120,0,task1_initial,MLP,0.9345703125,0.1865234375,0.0,0.0,0.0,0.0,1.0,0.0,0.0
2,120,0,task1_initial,ChevronSlow,0.94140625,0.1845703125,0.9404296875,0.18212890625,0.939453125,0.18310546875,1.0,0.50870687961215,0.1413087278518733
2,120,0,task1_initial,IDLGated,0.94091796875,0.18408203125,0.9423828125,0.18701171875,0.93115234375,0.1728515625,0.9069036841392517,0.46347279239658795,0.1379580070476712
2,130,0,task1_initial,MLP,0.93798828125,0.1953125,0.0,0.0,0.0,0.0,1.0,0.0,0.0
2,130,0,task1_initial,ChevronSlow,0.94873046875,0.1953125,0.947265625,0.19580078125,0.9404296875,0.19189453125,1.0,0.5828136774546181,0.14007582275210662
2,130,0,task1_initial,IDLGated,0.94580078125,0.19091796875,0.9462890625,0.19140625,0.93359375,0.17333984375,0.9793604612350464,0.5354405600197296,0.13706173173504646
2,140,0,task1_initial,MLP,0.94189453125,0.20263671875,0.0,0.0,0.0,0.0,1.0,0.0,0.0
2,140,0,task1_initial,ChevronSlow,0.9501953125,0.203125,0.95068359375,0.20458984375,0.9384765625,0.19873046875,1.0,0.653776991713672,0.13851941520981975
2,140,0,task1_initial,IDLGated,0.95068359375,0.19873046875,0.95166015625,0.20166015625,0.939453125,0.17919921875,0.9954169988632202,0.60458254363704,0.13561784983296443
2,150,0,task1_initial,MLP,0.94140625,0.20458984375,0.0,0.0,0.0,0.0,1.0,0.0,0.0
2,150,0,task1_initial,ChevronSlow,0.94873046875,0.19970703125,0.9453125,0.19921875,0.94287109375,0.197265625,1.0,0.7211008812286883,0.13776845128052656
2,150,0,task1_initial,IDLGated,0.9462890625,0.20068359375,0.94873046875,0.20458984375,0.9375,0.1845703125,0.9989209175109863,0.6704778765964953,0.13481680366628243
2,160,0,task1_initial,MLP,0.93994140625,0.20849609375,0.0,0.0,0.0,0.0,1.0,0.0,0.0
2,160,0,task1_initial,ChevronSlow,0.9482421875,0.20458984375,0.94775390625,0.2041015625,0.943359375,0.19921875,1.0,0.7839482618747762,0.13654568838048833
2,160,0,task1_initial,IDLGated,0.94970703125,0.203125,0.9501953125,0.2041015625,0.93994140625,0.18359375,0.999722421169281,0.7322361856482643,0.13367444298732192
2,170,0,task1_initial,MLP,0.9443359375,0.20654296875,0.0,0.0,0.0,0.0,1.0,0.0,0.0
2,170,0,task1_initial,ChevronSlow,0.95556640625,0.1982421875,0.9560546875,0.20068359375,0.9443359375,0.19287109375,1.0,0.8417762400464895,0.13541473616892213
2,170,0,task1_initial,IDLGated,0.95654296875,0.19873046875,0.95458984375,0.2001953125,0.93994140625,0.177734375,0.9999212026596069,0.789498274800758,0.13268898199334994
2,180,0,task1_initial,MLP,0.94384765625,0.2041015625,0.0,0.0,0.0,0.0,1.0,0.0,0.0
2,180,0,task1_initial,ChevronSlow,0.95703125,0.1982421875,0.9541015625,0.2001953125,0.94677734375,0.193359375,1.0,0.8939005197898281,0.13505033507704026
2,180,0,task1_initial,IDLGated,0.953125,0.19921875,0.9560546875,0.20166015625,0.94140625,0.1787109375,0.9999749660491943,0.8416622442131699,0.13221621017579982
2,190,0,task1_initial,MLP,0.943359375,0.1923828125,0.0,0.0,0.0,0.0,1.0,0.0,0.0
2,190,0,task1_initial,ChevronSlow,0.9580078125,0.18408203125,0.95654296875,0.18212890625,0.9462890625,0.18359375,1.0,0.9410418667041164,0.13480280348679646
2,190,0,task1_initial,IDLGated,0.95849609375,0.18701171875,0.96044921875,0.18994140625,0.9404296875,0.17333984375,0.9999911785125732,0.8888708891535484,0.13189682593988866
2,200,0,task1_initial,MLP,0.943359375,0.193359375,0.0,0.0,0.0,0.0,1.0,0.0,0.0
2,200,0,task1_initial,ChevronSlow,0.96240234375,0.1884765625,0.95947265625,0.18896484375,0.94921875,0.185546875,1.0,0.9833090509713958,0.13486765945792425
2,200,0,task1_initial,IDLGated,0.95947265625,0.18798828125,0.96142578125,0.19091796875,0.943359375,0.173828125,0.999996542930603,0.9311808310160289,0.13228978093002491
2,210,0,task1_initial,MLP,0.93896484375,0.2021484375,0.0,0.0,0.0,0.0,1.0,0.0,0.0
2,210,0,task1_initial,ChevronSlow,0.95849609375,0.2001953125,0.95947265625,0.19921875,0.9443359375,0.19580078125,1.0,1.0206774591278123,0.1343275588406621
2,210,0,task1_initial,IDLGated,0.9580078125,0.19140625,0.95947265625,0.1923828125,0.94775390625,0.18408203125,0.9999984502792358,0.9684448336428988,0.13247133414338116
2,220,0,task1_initial,MLP,0.94140625,0.2197265625,0.0,0.0,0.0,0.0,1.0,0.0,0.0
2,220,0,task1_initial,ChevronSlow,0.955078125,0.20751953125,0.95556640625,0.21044921875,0.9453125,0.19921875,1.0,1.0539370974926416,0.13375508188546512
2,220,0,task1_initial,IDLGated,0.9560546875,0.2080078125,0.95556640625,0.2109375,0.9501953125,0.19189453125,0.9999992847442627,1.0016104864043924,0.13207092031598197
2,230,0,task1_initial,MLP,0.94482421875,0.20556640625,0.0,0.0,0.0,0.0,1.0,0.0,0.0
2,230,0,task1_initial,ChevronSlow,0.96630859375,0.1943359375,0.96533203125,0.19384765625,0.9541015625,0.1884765625,1.0,1.0832510250225245,0.13257543590156673
2,230,0,task1_initial,IDLGated,0.9638671875,0.19677734375,0.96337890625,0.197265625,0.95068359375,0.18115234375,0.9999996423721313,1.0311409362115795,0.13049568798104882
2,240,0,task1_initial,MLP,0.9443359375,0.19140625,0.0,0.0,0.0,0.0,1.0,0.0,0.0
2,240,0,task1_initial,ChevronSlow,0.96826171875,0.177734375,0.97021484375,0.17919921875,0.94873046875,0.18115234375,1.0,1.1080436518354522,0.13155918894702565
2,240,0,task1_initial,IDLGated,0.96923828125,0.17333984375,0.9736328125,0.1728515625,0.94921875,0.17431640625,0.9999997615814209,1.0558972352277984,0.12957121466495672
2,250,0,task1_initial,MLP,0.9453125,0.19091796875,0.0,0.0,0.0,0.0,1.0,0.0,0.0
2,250,0,task1_initial,ChevronSlow,0.97216796875,0.1826171875,0.96875,0.18359375,0.95703125,0.18017578125,1.0,1.1281092536161252,0.13149304858674019
2,250,0,task1_initial,IDLGated,0.96923828125,0.1787109375,0.97265625,0.1796875,0.94873046875,0.1787109375,0.9999998807907104,1.0752425736207913,0.1297049153460042
2,260,0,task1_initial,MLP,0.94970703125,0.19921875,0.0,0.0,0.0,0.0,1.0,0.0,0.0
2,260,0,task1_initial,ChevronSlow,0.97119140625,0.18896484375,0.970703125,0.189453125,0.9580078125,0.18603515625,1.0,1.1436918418936144,0.13126353540415692
2,260,0,task1_initial,IDLGated,0.97265625,0.18701171875,0.974609375,0.18701171875,0.95263671875,0.18115234375,0.9999998807907104,1.0900974976815652,0.1297678891928849
2,270,0,task1_initial,MLP,0.94970703125,0.19873046875,0.0,0.0,0.0,0.0,1.0,0.0,0.0
2,270,0,task1_initial,ChevronSlow,0.9755859375,0.18212890625,0.9736328125,0.181640625,0.95947265625,0.18017578125,1.0,1.1547791277206652,0.13151057106075797
2,270,0,task1_initial,IDLGated,0.9765625,0.181640625,0.98046875,0.1806640625,0.953125,0.18017578125,0.9999998807907104,1.1008216607363572,0.12990480905125257
2,280,0,task1_initial,MLP,0.947265625,0.19775390625,0.0,0.0,0.0,0.0,1.0,0.0,0.0
2,280,0,task1_initial,ChevronSlow,0.9775390625,0.18505859375,0.978515625,0.18212890625,0.9541015625,0.18359375,1.0,1.1618158828613834,0.13090881637379173
2,280,0,task1_initial,IDLGated,0.9765625,0.17919921875,0.978515625,0.18212890625,0.9599609375,0.1796875,0.9999998807907104,1.1079907538159106,0.12963997272941033
2,290,0,task1_initial,MLP,0.951171875,0.20166015625,0.0,0.0,0.0,0.0,1.0,0.0,0.0
2,290,0,task1_initial,ChevronSlow,0.97119140625,0.19189453125,0.974609375,0.193359375,0.962890625,0.193359375,1.0,1.165115408914866,0.13100932861449088
2,290,0,task1_initial,IDLGated,0.97119140625,0.193359375,0.97509765625,0.19580078125,0.9541015625,0.18701171875,0.9999998807907104,1.1117587335107644,0.1298300774145189
2,300,0,task1_initial,MLP,0.9453125,0.2060546875,0.0,0.0,0.0,0.0,1.0,0.0,0.0
2,300,0,task1_initial,ChevronSlow,0.96826171875,0.19775390625,0.96435546875,0.19873046875,0.96337890625,0.1982421875,1.0,1.1669353651434071,0.13118262735900402
2,300,0,task1_initial,IDLGated,0.9677734375,0.19873046875,0.970703125,0.19970703125,0.95166015625,0.18994140625,0.9999998807907104,1.11385031828803,0.12976237360009824
2,310,0,task1_initial,MLP,0.95361328125,0.19580078125,0.0,0.0,0.0,0.0,1.0,0.0,0.0
2,310,0,task1_initial,ChevronSlow,0.97998046875,0.177734375,0.9775390625,0.17822265625,0.966796875,0.1865234375,1.0,1.1668296356109824,0.13063505805309775
2,310,0,task1_initial,IDLGated,0.984375,0.1767578125,0.986328125,0.173828125,0.96142578125,0.18212890625,0.9999998807907104,1.1137761330226716,0.12886520634030427
2,320,0,task1_initial,MLP,0.95458984375,0.19384765625,0.0,0.0,0.0,0.0,1.0,0.0,0.0
2,320,0,task1_initial,ChevronSlow,0.982421875,0.17919921875,0.986328125,0.17724609375,0.966796875,0.18896484375,1.0,1.1647679031281277,0.13017410772662333
2,320,0,task1_initial,IDLGated,0.984375,0.1767578125,0.98583984375,0.1748046875,0.9599609375,0.1845703125,0.9999998807907104,1.1113127303334134,0.12889328403800257
2,330,0,task1_initial,MLP,0.95654296875,0.19384765625,0.0,0.0,0.0,0.0,1.0,0.0,0.0
2,330,0,task1_initial,ChevronSlow,0.98193359375,0.18115234375,0.98046875,0.18017578125,0.970703125,0.19091796875,1.0,1.160484103004698,0.13030593351201553
2,330,0,task1_initial,IDLGated,0.9775390625,0.18115234375,0.98486328125,0.1787109375,0.95458984375,0.18896484375,0.9999998807907104,1.107116426996538,0.12907036048864848
2,340,0,task1_initial,MLP,0.95556640625,0.2041015625,0.0,0.0,0.0,0.0,1.0,0.0,0.0
2,340,0,task1_initial,ChevronSlow,0.9755859375,0.19287109375,0.97607421875,0.19140625,0.96533203125,0.2041015625,1.0,1.1544906339017535,0.12967614731337157
2,340,0,task1_initial,IDLGated,0.9755859375,0.1923828125,0.97900390625,0.19482421875,0.958984375,0.193359375,0.9999998807907104,1.1015388229545857,0.12877081836282478
2,350,0,task1_initial,MLP,0.95361328125,0.205078125,0.0,0.0,0.0,0.0,1.0,0.0,0.0
2,350,0,task1_initial,ChevronSlow,0.98291015625,0.18408203125,0.98486328125,0.1826171875,0.9677734375,0.19482421875,1.0,1.147011529590354,0.12926231901672366
2,350,0,task1_initial,IDLGated,0.9853515625,0.181640625,0.984375,0.18115234375,0.9619140625,0.18798828125,0.9999998807907104,1.0945118271085423,0.12780355797976742
2,360,0,task1_initial,MLP,0.958984375,0.19384765625,0.0,0.0,0.0,0.0,1.0,0.0,0.0
2,360,0,task1_initial,ChevronSlow,0.9873046875,0.169921875,0.984375,0.16650390625,0.978515625,0.181640625,1.0,1.138023699118523,0.12969026793087016
2,360,0,task1_initial,IDLGated,0.98876953125,0.17041015625,0.98876953125,0.166015625,0.9638671875,0.18359375,0.9999998807907104,1.085826022478652,0.12750875066390763
2,370,0,task1_initial,MLP,0.9619140625,0.19287109375,0.0,0.0,0.0,0.0,1.0,0.0,0.0
2,370,0,task1_initial,ChevronSlow,0.98388671875,0.181640625,0.984375,0.1796875,0.97412109375,0.18798828125,1.0,1.128309874318319,0.12930077810530355
2,370,0,task1_initial,IDLGated,0.9814453125,0.18017578125,0.9873046875,0.17919921875,0.958984375,0.1884765625,0.9999998807907104,1.0762466378214004,0.12767816112399996
2,380,0,task1_initial,MLP,0.962890625,0.193359375,0.0,0.0,0.0,0.0,1.0,0.0,0.0
2,380,0,task1_initial,ChevronSlow,0.9873046875,0.177734375,0.9892578125,0.17724609375,0.9765625,0.18505859375,1.0,1.118662128656493,0.12895551024219065
2,380,0,task1_initial,IDLGated,0.9892578125,0.17822265625,0.9873046875,0.17626953125,0.9658203125,0.18408203125,0.9999998807907104,1.06681669223564,0.12726195666789816
2,390,0,task1_initial,MLP,0.96142578125,0.19921875,0.0,0.0,0.0,0.0,1.0,0.0,0.0
2,390,0,task1_initial,ChevronSlow,0.9833984375,0.18603515625,0.9833984375,0.18505859375,0.97412109375,0.19189453125,1.0,1.1092146485104681,0.1280442239649893
2,390,0,task1_initial,IDLGated,0.98291015625,0.185546875,0.98193359375,0.1845703125,0.96923828125,0.18798828125,0.9999997615814209,1.0578426360225712,0.12652209402502906
2,400,0,task1_initial,MLP,0.9599609375,0.19482421875,0.0,0.0,0.0,0.0,1.0,0.0,0.0
2,400,0,task1_initial,ChevronSlow,0.98291015625,0.18408203125,0.98291015625,0.18359375,0.9736328125,0.1904296875,1.0,1.0987480946490573,0.1269235907824125
2,400,0,task1_initial,IDLGated,0.9833984375,0.18212890625,0.98095703125,0.18115234375,0.97314453125,0.1865234375,0.9999997615814209,1.0483171492972572,0.12510030304644706
2,410,0,task1_initial,MLP,0.96875,0.19384765625,0.0,0.0,0.0,0.0,1.0,0.0,0.0
2,410,0,task1_initial,ChevronSlow,0.9892578125,0.17529296875,0.9912109375,0.17431640625,0.9814453125,0.18408203125,1.0,1.0868108281157727,0.12626001473120313
2,410,0,task1_initial,IDLGated,0.990234375,0.17578125,0.98828125,0.17431640625,0.97216796875,0.18505859375,0.9999996423721313,1.0374463736593473,0.12401072850568244
2,420,0,task1_initial,MLP,0.966796875,0.18505859375,0.0,0.0,0.0,0.0,1.0,0.0,0.0
2,420,0,task1_initial,ChevronSlow,0.990234375,0.17138671875,0.98828125,0.16650390625,0.984375,0.17822265625,1.0,1.0731805648644017,0.12602966017822992
2,420,0,task1_initial,IDLGated,0.98828125,0.16943359375,0.9853515625,0.1669921875,0.97021484375,0.181640625,0.9999995231628418,1.0248834775991575,0.12330906443121391
2,430,0,task1_initial,MLP,0.96875,0.1953125,0.0,0.0,0.0,0.0,1.0,0.0,0.0
2,430,0,task1_initial,ChevronSlow,0.990234375,0.18017578125,0.990234375,0.1787109375,0.9814453125,0.18505859375,1.0,1.0581192274301185,0.12557602075944982
2,430,0,task1_initial,IDLGated,0.98828125,0.1806640625,0.98779296875,0.1806640625,0.9716796875,0.1865234375,0.9999994039535522,1.010832220876619,0.12294757134062534
2,440,0,task1_initial,MLP,0.97265625,0.18359375,0.0,0.0,0.0,0.0,1.0,0.0,0.0
2,440,0,task1_initial,ChevronSlow,0.99169921875,0.1748046875,0.9912109375,0.173828125,0.986328125,0.17919921875,1.0,1.0416410711157698,0.12571368282872278
2,440,0,task1_initial,IDLGated,0.990234375,0.17578125,0.9892578125,0.17626953125,0.97509765625,0.18212890625,0.9999991655349731,0.9952975196784167,0.12232937829023008
2,450,0,task1_initial,MLP,0.970703125,0.1796875,0.0,0.0,0.0,0.0,1.0,0.0,0.0
2,450,0,task1_initial,ChevronSlow,0.98876953125,0.173828125,0.98828125,0.173828125,0.98779296875,0.177734375,1.0,1.0247928144439076,0.12511437716817306
2,450,0,task1_initial,IDLGated,0.98876953125,0.17236328125,0.98779296875,0.17138671875,0.97314453125,0.18115234375,0.9999988079071045,0.9793343918380978,0.12109124270279888
2,460,0,task1_initial,MLP,0.974609375,0.18115234375,0.0,0.0,0.0,0.0,1.0,0.0,0.0
2,460,0,task1_initial,ChevronSlow,0.9921875,0.1767578125,0.9921875,0.17578125,0.98681640625,0.17919921875,1.0,1.0069831827052462,0.12415450744571732
2,460,0,task1_initial,IDLGated,0.9892578125,0.17529296875,0.98828125,0.1767578125,0.9765625,0.18115234375,0.9999982118606567,0.9621752384090914,0.11984667731115198
2,470,0,task1_initial,MLP,0.97607421875,0.17529296875,0.0,0.0,0.0,0.0,1.0,0.0,0.0
2,470,0,task1_initial,ChevronSlow,0.990234375,0.16748046875,0.98876953125,0.16552734375,0.990234375,0.1728515625,1.0,0.9879699925560834,0.12381101628064753
2,470,0,task1_initial,IDLGated,0.98828125,0.1689453125,0.9853515625,0.16796875,0.97900390625,0.17529296875,0.9999973773956299,0.9437453121934765,0.11860012226514131
2,480,0,task1_initial,MLP,0.9765625,0.177734375,0.0,0.0,0.0,0.0,1.0,0.0,0.0
2,480,0,task1_initial,ChevronSlow,0.990234375,0.16845703125,0.9912109375,0.16748046875,0.99072265625,0.17333984375,1.0,0.9678538570500613,0.12285598505738528
2,480,0,task1_initial,IDLGated,0.98876953125,0.16943359375,0.98779296875,0.169921875,0.97998046875,0.1748046875,0.9999959468841553,0.9241566410338393,0.11723170661747886
2,490,0,task1_initial,MLP,0.97509765625,0.1875,0.0,0.0,0.0,0.0,1.0,0.0,0.0
2,490,0,task1_initial,ChevronSlow,0.986328125,0.181640625,0.98583984375,0.18115234375,0.9873046875,0.17578125,1.0,0.9464573737090342,0.12178427925069925
2,490,0,task1_initial,IDLGated,0.986328125,0.1796875,0.984375,0.1806640625,0.98388671875,0.1767578125,0.9999935626983643,0.9033570642570861,0.11621027820091541
2,500,0,task1_initial,MLP,0.9736328125,0.18896484375,0.0,0.0,0.0,0.0,1.0,0.0,0.0
2,500,0,task1_initial,ChevronSlow,0.98828125,0.1806640625,0.98681640625,0.181640625,0.98828125,0.17578125,1.0,0.924178757400527,0.12074165818072696
2,500,0,task1_initial,IDLGated,0.98486328125,0.18017578125,0.984375,0.18310546875,0.98486328125,0.17822265625,0.9999896287918091,0.8816680754444776,0.11507960902936486
2,510,0,task1_initial,MLP,0.974609375,0.1865234375,0.0,0.0,0.0,0.0,1.0,0.0,0.0
2,510,0,task1_initial,ChevronSlow,0.98779296875,0.18359375,0.9873046875,0.18505859375,0.9892578125,0.17626953125,1.0,0.900995327522147,0.12001907598023473
2,510,0,task1_initial,IDLGated,0.98486328125,0.18505859375,0.984375,0.18701171875,0.97998046875,0.1796875,0.9999829530715942,0.8590630171333383,0.11427061087119597
2,520,0,task1_initial,MLP,0.97900390625,0.18115234375,0.0,0.0,0.0,0.0,1.0,0.0,0.0
2,520,0,task1_initial,ChevronSlow,0.99365234375,0.17529296875,0.9931640625,0.1767578125,0.9912109375,0.17431640625,1.0,0.8776660339403278,0.11919356190156465
2,520,0,task1_initial,IDLGated,0.99072265625,0.1748046875,0.98876953125,0.177734375,0.9853515625,0.17431640625,0.999971866607666,0.8362642287547812,0.11273202629938026
2,530,0,task1_initial,MLP,0.9755859375,0.18603515625,0.0,0.0,0.0,0.0,1.0,0.0,0.0
2,530,0,task1_initial,ChevronSlow,0.98779296875,0.1796875,0.98779296875,0.18115234375,0.990234375,0.17529296875,1.0,0.8543571165024996,0.11874737059892822
2,530,0,task1_initial,IDLGated,0.98681640625,0.1787109375,0.98486328125,0.18017578125,0.9853515625,0.17626953125,0.9999533891677856,0.8134069772141092,0.11200562967319988
2,540,0,task1_initial,MLP,0.97607421875,0.1796875,0.0,0.0,0.0,0.0,1.0,0.0,0.0
2,540,0,task1_initial,ChevronSlow,0.9912109375,0.17724609375,0.99267578125,0.17822265625,0.98876953125,0.17529296875,1.0,0.831214889946291,0.11796112033857355
2,540,0,task1_initial,IDLGated,0.98828125,0.17822265625,0.98876953125,0.17626953125,0.98388671875,0.17724609375,0.9999233484268188,0.7907491685965571,0.11120925275847897
2,550,0,task1_initial,MLP,0.98046875,0.18115234375,0.0,0.0,0.0,0.0,1.0,0.0,0.0
2,550,0,task1_initial,ChevronSlow,0.99169921875,0.17626953125,0.99267578125,0.17724609375,0.98974609375,0.17529296875,1.0,0.8078714633424187,0.11622162089981583
2,550,0,task1_initial,IDLGated,0.98876953125,0.17578125,0.98876953125,0.173828125,0.98583984375,0.1767578125,0.9998737573623657,0.768052732358713,0.10946678832962693
2,560,0,task1_initial,MLP,0.978515625,0.177734375,0.0,0.0,0.0,0.0,1.0,0.0,0.0
2,560,0,task1_initial,ChevronSlow,0.98974609375,0.1748046875,0.990234375,0.173828125,0.98974609375,0.17431640625,1.0,0.7836509177824844,0.11516073513054713
2,560,0,task1_initial,IDLGated,0.986328125,0.1748046875,0.98681640625,0.17236328125,0.986328125,0.17626953125,0.9997888207435608,0.7446627986628988,0.10824804077550304
2,570,0,task1_initial,MLP,0.9833984375,0.1806640625,0.0,0.0,0.0,0.0,1.0,0.0,0.0
2,570,0,task1_initial,ChevronSlow,0.9931640625,0.1748046875,0.9931640625,0.173828125,0.9921875,0.17578125,1.0,0.758639824106477,0.11407493865810601
2,570,0,task1_initial,IDLGated,0.99072265625,0.17529296875,0.98876953125,0.17626953125,0.9873046875,0.1767578125,0.9996418952941895,0.7206599018167684,0.10686816115923306
2,580,0,task1_initial,MLP,0.97998046875,0.1845703125,0.0,0.0,0.0,0.0,1.0,0.0,0.0
2,580,0,task1_initial,ChevronSlow,0.9921875,0.1767578125,0.99267578125,0.17724609375,0.99169921875,0.17822265625,1.0,0.7327466762189685,0.11297930560657246
2,580,0,task1_initial,IDLGated,0.98828125,0.17919921875,0.98779296875,0.1796875,0.98779296875,0.18017578125,0.9993823766708374,0.6958666528172262,0.10576568831226456
2,590,0,task1_initial,MLP,0.984375,0.17138671875,0.0,0.0,0.0,0.0,1.0,0.0,0.0
2,590,0,task1_initial,ChevronSlow,0.99072265625,0.16796875,0.99072265625,0.1669921875,0.99072265625,0.1728515625,1.0,0.7067038038353156,0.11256808354650766
2,590,0,task1_initial,IDLGated,0.990234375,0.17041015625,0.98876953125,0.16845703125,0.990234375,0.173828125,0.9989307522773743,0.6708960619158162,0.10494601391651902
2,600,0,task1_initial,MLP,0.978515625,0.1728515625,0.0,0.0,0.0,0.0,1.0,0.0,0.0
2,600,0,task1_initial,ChevronSlow,0.98779296875,0.16943359375,0.986328125,0.16845703125,0.9892578125,0.1728515625,1.0,0.6814182630376567,0.11143774921702652
2,600,0,task1_initial,IDLGated,0.98681640625,0.171875,0.9853515625,0.1669921875,0.98486328125,0.17431640625,0.9981755018234253,0.6465747031742314,0.10406681384014793
2,610,0,task1_initial,MLP,0.9814453125,0.18603515625,0.0,0.0,0.0,0.0,1.0,0.0,0.0
2,610,0,task1_initial,ChevronSlow,0.99365234375,0.177734375,0.99462890625,0.17724609375,0.99169921875,0.177734375,1.0,0.657432669302852,0.10948967014546254
2,610,0,task1_initial,IDLGated,0.9892578125,0.17626953125,0.98974609375,0.17724609375,0.98876953125,0.1787109375,0.9969689249992371,0.6234448665813785,0.1023962239363709
2,620,0,task1_initial,MLP,0.9765625,0.1845703125,0.0,0.0,0.0,0.0,1.0,0.0,0.0
2,620,0,task1_initial,ChevronSlow,0.99169921875,0.17919921875,0.99169921875,0.17919921875,0.990234375,0.177734375,1.0,0.6350066977962048,0.10884467770504178
2,620,0,task1_initial,IDLGated,0.98828125,0.181640625,0.98828125,0.1806640625,0.98583984375,0.18017578125,0.9951251149177551,0.6017620504485328,0.1015438775564077
2,630,0,task1_initial,MLP,0.98779296875,0.177734375,0.0,0.0,0.0,0.0,1.0,0.0,0.0
2,630,0,task1_initial,ChevronSlow,0.99365234375,0.17626953125,0.99267578125,0.173828125,0.9921875,0.17578125,1.0,0.6133106746884338,0.10783778789563184
2,630,0,task1_initial,IDLGated,0.9892578125,0.1767578125,0.9892578125,0.17626953125,0.9892578125,0.1767578125,0.9922916293144226,0.5808048630589214,0.10005335859475177
2,640,0,task1_initial,MLP,0.98193359375,0.181640625,0.0,0.0,0.0,0.0,1.0,0.0,0.0
2,640,0,task1_initial,ChevronSlow,0.9921875,0.177734375,0.99169921875,0.1787109375,0.98974609375,0.17626953125,1.0,0.5917339854787749,0.10671155415049968
2,640,0,task1_initial,IDLGated,0.98974609375,0.17822265625,0.9892578125,0.17626953125,0.986328125,0.17919921875,0.9878612160682678,0.5599604309881192,0.09889208073320564
2,650,0,task1_initial,MLP,0.98828125,0.1767578125,0.0,0.0,0.0,0.0,1.0,0.0,0.0
2,650,0,task1_initial,ChevronSlow,0.9931640625,0.17333984375,0.9931640625,0.1728515625,0.9912109375,0.17431640625,1.0,0.5699581313816852,0.10548374714911356
2,650,0,task1_initial,IDLGated,0.9912109375,0.17431640625,0.9912109375,0.173828125,0.9892578125,0.17578125,0.9808571338653564,0.5389316070602491,0.09732226856900526
2,660,0,task1_initial,MLP,0.98583984375,0.17431640625,0.0,0.0,0.0,0.0,1.0,0.0,0.0
2,660,0,task1_initial,ChevronSlow,0.9931640625,0.171875,0.99267578125,0.171875,0.9921875,0.17431640625,1.0,0.547354884637615,0.10439137569809805
2,660,0,task1_initial,IDLGated,0.99169921875,0.17333984375,0.98974609375,0.17333984375,0.99072265625,0.17529296875,0.969456672668457,0.5171632788659902,0.09597564363004854
2,670,0,task1_initial,MLP,0.98828125,0.16943359375,0.0,0.0,0.0,0.0,1.0,0.0,0.0
2,670,0,task1_initial,ChevronSlow,0.99169921875,0.16796875,0.99072265625,0.1669921875,0.99072265625,0.1689453125,1.0,0.5233757429186143,0.10311836521746053
2,670,0,task1_initial,IDLGated,0.98876953125,0.1689453125,0.98779296875,0.16943359375,0.990234375,0.17236328125,0.9501911997795105,0.4940214417794648,0.0946469171795746
2,680,0,task1_initial,MLP,0.98291015625,0.173828125,0.0,0.0,0.0,0.0,1.0,0.0,0.0
2,680,0,task1_initial,ChevronSlow,0.99169921875,0.1728515625,0.99169921875,0.173828125,0.990234375,0.17236328125,1.0,0.49824320949548806,0.10186769983270563
2,680,0,task1_initial,IDLGated,0.9912109375,0.1708984375,0.98876953125,0.1708984375,0.98974609375,0.17236328125,0.9179407358169556,0.46975872422197906,0.09366368160679871
2,690,0,task1_initial,MLP,0.98876953125,0.17236328125,0.0,0.0,0.0,0.0,1.0,0.0,0.0
2,690,0,task1_initial,ChevronSlow,0.99365234375,0.17041015625,0.9921875,0.17236328125,0.99169921875,0.16943359375,1.0,0.47303181400007666,0.1002534707243249
2,690,0,task1_initial,IDLGated,0.990234375,0.171875,0.98974609375,0.171875,0.990234375,0.1708984375,0.8675450682640076,0.44542840830248337,0.09200852644411338
2,700,0,task1_initial,MLP,0.9833984375,0.17919921875,0.0,0.0,0.0,0.0,1.0,0.0,0.0
2,700,0,task1_initial,ChevronSlow,0.9892578125,0.17529296875,0.98876953125,0.17822265625,0.99267578125,0.169921875,1.0,0.4472796103114043,0.0991096881980799
2,700,0,task1_initial,IDLGated,0.98974609375,0.17822265625,0.986328125,0.17822265625,0.99072265625,0.17333984375,0.7915758490562439,0.42065684900059996,0.09071401744994108
2,710,0,task1_initial,MLP,0.9892578125,0.1767578125,0.0,0.0,0.0,0.0,1.0,0.0,0.0
2,710,0,task1_initial,ChevronSlow,0.9931640625,0.1728515625,0.99462890625,0.1748046875,0.99169921875,0.16943359375,1.0,0.42144813090475525,0.09838948142946917
2,710,0,task1_initial,IDLGated,0.98974609375,0.17578125,0.9892578125,0.177734375,0.99169921875,0.17333984375,0.688887357711792,0.39613285178016716,0.08989045573528223
2,720,0,task1_initial,MLP,0.98388671875,0.17333984375,0.0,0.0,0.0,0.0,1.0,0.0,0.0
2,720,0,task1_initial,ChevronSlow,0.9912109375,0.171875,0.99169921875,0.17333984375,0.98828125,0.169921875,1.0,0.39683317896657133,0.09813088329081927
2,720,0,task1_initial,IDLGated,0.9892578125,0.171875,0.98828125,0.1728515625,0.990234375,0.17236328125,0.5709974765777588,0.37299645516886476,0.08951348533236628
2,730,0,task1_initial,MLP,0.9765625,0.177734375,0.0,0.0,0.0,0.0,1.0,0.0,0.0
2,730,0,task1_initial,ChevronSlow,0.9873046875,0.17333984375,0.98681640625,0.17529296875,0.98681640625,0.169921875,1.0,0.3736558792908815,0.09729477428989364
2,730,0,task1_initial,IDLGated,0.9833984375,0.17578125,0.98291015625,0.17578125,0.9873046875,0.1728515625,0.4518124759197235,0.35121135483543975,0.08887277528559417
2,740,0,task1_initial,MLP,0.98681640625,0.177734375,0.0,0.0,0.0,0.0,1.0,0.0,0.0
2,740,0,task1_initial,ChevronSlow,0.99462890625,0.17578125,0.9951171875,0.1767578125,0.9921875,0.169921875,1.0,0.351832264863123,0.09523243264549647
2,740,0,task1_initial,IDLGated,0.99072265625,0.17431640625,0.990234375,0.17529296875,0.99169921875,0.171875,0.34420064091682434,0.33069862744272416,0.0870701369951027
2,750,0,task1_initial,MLP,0.98486328125,0.18017578125,0.0,0.0,0.0,0.0,1.0,0.0,0.0
2,750,0,task1_initial,ChevronSlow,0.98876953125,0.1787109375,0.98828125,0.18212890625,0.99365234375,0.1708984375,1.0,0.33128327281677955,0.09357940421210557
2,750,0,task1_initial,IDLGated,0.98583984375,0.17822265625,0.9853515625,0.18017578125,0.9921875,0.17431640625,0.2554881274700165,0.3113839592223408,0.08557537702263404
2,760,0,task1_initial,MLP,0.98779296875,0.1787109375,0.0,0.0,0.0,0.0,1.0,0.0,0.0
2,760,0,task1_initial,ChevronSlow,0.99462890625,0.1748046875,0.99365234375,0.17578125,0.9931640625,0.17138671875,1.0,0.31193445800342795,0.0923988710002428
2,760,0,task1_initial,IDLGated,0.990234375,0.1787109375,0.9892578125,0.1787109375,0.99169921875,0.17529296875,0.18699465692043304,0.29319737674984325,0.08462864470774907
2,770,0,task1_initial,MLP,0.98779296875,0.17578125,0.0,0.0,0.0,0.0,1.0,0.0,0.0
2,770,0,task1_initial,ChevronSlow,0.99072265625,0.173828125,0.9912109375,0.17333984375,0.99072265625,0.17138671875,1.0,0.2937157232919125,0.09206010456161945
2,770,0,task1_initial,IDLGated,0.98876953125,0.1748046875,0.98779296875,0.1728515625,0.990234375,0.1748046875,0.1362968236207962,0.27607299344410746,0.08404054380561862
2,780,0,task1_initial,MLP,0.98583984375,0.1708984375,0.0,0.0,0.0,0.0,1.0,0.0,0.0
2,780,0,task1_initial,ChevronSlow,0.99072265625,0.17041015625,0.99072265625,0.17041015625,0.9892578125,0.169921875,1.0,0.2765610656195708,0.09099706948348096
2,780,0,task1_initial,IDLGated,0.98828125,0.16943359375,0.98828125,0.1689453125,0.990234375,0.17138671875,0.0996493250131607,0.2599487708725925,0.08319290305818937
2,790,0,task1_initial,MLP,0.986328125,0.1767578125,0.0,0.0,0.0,0.0,1.0,0.0,0.0
2,790,0,task1_initial,ChevronSlow,0.99169921875,0.1748046875,0.99072265625,0.17626953125,0.99365234375,0.1708984375,1.0,0.2604083368755036,0.08954969301380143
2,790,0,task1_initial,IDLGated,0.990234375,0.17724609375,0.98828125,0.17822265625,0.9912109375,0.17431640625,0.07343105971813202,0.2447662939977221,0.08206514561597245
2,800,0,task1_initial,MLP,0.98486328125,0.17822265625,0.0,0.0,0.0,0.0,1.0,0.0,0.0
2,800,0,task1_initial,ChevronSlow,0.9912109375,0.17529296875,0.98974609375,0.177734375,0.99365234375,0.17041015625,1.0,0.24519901874961167,0.08820508993314007
2,800,0,task1_initial,IDLGated,0.9873046875,0.1787109375,0.98583984375,0.18017578125,0.99169921875,0.17626953125,0.054699525237083435,0.23047055955014686,0.08093793457193045
2,810,0,task1_initial,MLP,0.9892578125,0.17236328125,0.0,0.0,0.0,0.0,1.0,0.0,0.0
2,810,0,task1_initial,ChevronSlow,0.99365234375,0.17041015625,0.99365234375,0.1728515625,0.99267578125,0.1689453125,1.0,0.23087801073172226,0.08696930770498598
2,810,0,task1_initial,IDLGated,0.99169921875,0.17236328125,0.99169921875,0.17333984375,0.9912109375,0.171875,0.04125768691301346,0.21700977676220456,0.07988855822242583
2,820,0,task1_initial,MLP,0.9892578125,0.1708984375,0.0,0.0,0.0,0.0,1.0,0.0,0.0
2,820,0,task1_initial,ChevronSlow,0.9921875,0.169921875,0.9921875,0.17236328125,0.9892578125,0.1669921875,1.0,0.21739343049276239,0.0862170031347857
2,820,0,task1_initial,IDLGated,0.99072265625,0.17041015625,0.98974609375,0.16943359375,0.9912109375,0.1708984375,0.03153463825583458,0.20433517973967122,0.07923076169774843
2,830,0,task1_initial,MLP,0.98876953125,0.17724609375,0.0,0.0,0.0,0.0,1.0,0.0,0.0
2,830,0,task1_initial,ChevronSlow,0.9951171875,0.1748046875,0.994140625,0.17822265625,0.99365234375,0.16943359375,1.0,0.20469642592480156,0.08519699529328947
2,830,0,task1_initial,IDLGated,0.98974609375,0.17626953125,0.990234375,0.17626953125,0.99169921875,0.17431640625,0.024430686607956886,0.19240085079206262,0.07825142991294605
2,840,0,task1_initial,MLP,0.98779296875,0.18017578125,0.0,0.0,0.0,0.0,1.0,0.0,0.0
2,840,0,task1_initial,ChevronSlow,0.9951171875,0.17578125,0.99267578125,0.17822265625,0.99365234375,0.17138671875,1.0,0.19274099815901635,0.08433460467986022
2,840,0,task1_initial,IDLGated,0.990234375,0.17822265625,0.9892578125,0.1796875,0.990234375,0.17529296875,0.019182242453098297,0.1811635540814442,0.07733234926087698
2,850,0,task1_initial,MLP,0.984375,0.17724609375,0.0,0.0,0.0,0.0,1.0,0.0,0.0
2,850,0,task1_initial,ChevronSlow,0.994140625,0.1767578125,0.99365234375,0.177734375,0.9912109375,0.17431640625,1.0,0.1814838349204067,0.0834324517566147
2,850,0,task1_initial,IDLGated,0.990234375,0.17626953125,0.9892578125,0.177734375,0.98974609375,0.17529296875,0.015259386971592903,0.17058257898709006,0.07648989094298855
2,860,0,task1_initial,MLP,0.9892578125,0.17578125,0.0,0.0,0.0,0.0,1.0,0.0,0.0
2,860,0,task1_initial,ChevronSlow,0.99462890625,0.1728515625,0.99462890625,0.173828125,0.99267578125,0.16943359375,1.0,0.17088415361553777,0.08241968543984128
2,860,0,task1_initial,IDLGated,0.990234375,0.17578125,0.98974609375,0.17578125,0.99169921875,0.17431640625,0.012292847037315369,0.1606195926185312,0.07511071404547139
2,870,0,task1_initial,MLP,0.98193359375,0.1728515625,0.0,0.0,0.0,0.0,1.0,0.0,0.0
2,870,0,task1_initial,ChevronSlow,0.986328125,0.16943359375,0.98291015625,0.17333984375,0.9912109375,0.16748046875,1.0,0.16090355358484434,0.08149536221095358
2,870,0,task1_initial,IDLGated,0.984375,0.1708984375,0.98095703125,0.169921875,0.98828125,0.17236328125,0.010023459792137146,0.15123850094267485,0.07401864283886819
2,880,0,task1_initial,MLP,0.98828125,0.16748046875,0.0,0.0,0.0,0.0,1.0,0.0,0.0
2,880,0,task1_initial,ChevronSlow,0.99267578125,0.16748046875,0.9921875,0.16845703125,0.9921875,0.1669921875,1.0,0.15150587698423557,0.08113302968315056
2,880,0,task1_initial,IDLGated,0.98974609375,0.16943359375,0.9892578125,0.16943359375,0.9912109375,0.17138671875,0.008267812430858612,0.1424053180218845,0.0735726222038495
2,890,0,task1_initial,MLP,0.984375,0.17529296875,0.0,0.0,0.0,0.0,1.0,0.0,0.0
2,890,0,task1_initial,ChevronSlow,0.99365234375,0.17529296875,0.9931640625,0.1748046875,0.9912109375,0.171875,1.0,0.14265707779199965,0.08090984856956154
2,890,0,task1_initial,IDLGated,0.9873046875,0.17578125,0.98681640625,0.17431640625,0.990234375,0.173828125,0.0068948399275541306,0.13408804288929493,0.07365015495471292
2,900,0,task1_initial,MLP,0.98291015625,0.18359375,0.0,0.0,0.0,0.0,1.0,0.0,0.0
2,900,0,task1_initial,ChevronSlow,0.98779296875,0.1787109375,0.986328125,0.1826171875,0.9921875,0.1748046875,1.0,0.13432509846644555,0.07994574153517414
2,900,0,task1_initial,IDLGated,0.986328125,0.18017578125,0.98486328125,0.18115234375,0.9892578125,0.17822265625,0.005809952970594168,0.12625654361530475,0.07314266709944213
2,910,0,task1_initial,MLP,0.98828125,0.17578125,0.0,0.0,0.0,0.0,1.0,0.0,0.0
2,910,0,task1_initial,ChevronSlow,0.99365234375,0.17333984375,0.9931640625,0.17333984375,0.99365234375,0.1708984375,1.0,0.12647975380743556,0.07816301589666332
2,910,0,task1_initial,IDLGated,0.98974609375,0.17236328125,0.98876953125,0.171875,0.9912109375,0.17529296875,0.004944188985973597,0.1188824481452402,0.07171376351191783
2,920,0,task1_initial,MLP,0.98828125,0.171875,0.0,0.0,0.0,0.0,1.0,0.0,0.0
2,920,0,task1_initial,ChevronSlow,0.99267578125,0.16796875,0.9921875,0.16845703125,0.994140625,0.17041015625,1.0,0.1190926216010599,0.07718580301983172
2,920,0,task1_initial,IDLGated,0.98876953125,0.17138671875,0.9873046875,0.16943359375,0.99169921875,0.17236328125,0.0042467680759727955,0.11193904151271668,0.07124570906639326
2,930,0,task1_initial,MLP,0.9833984375,0.17626953125,0.0,0.0,0.0,0.0,1.0,0.0,0.0
2,930,0,task1_initial,ChevronSlow,0.994140625,0.1748046875,0.994140625,0.17578125,0.9921875,0.173828125,1.0,0.11213693965128067,0.07650084630123254
2,930,0,task1_initial,IDLGated,0.9892578125,0.17529296875,0.98828125,0.17578125,0.98974609375,0.17626953125,0.003679931629449129,0.10540116905632042,0.07111232158806227
2,940,0,task1_initial,MLP,0.98828125,0.17529296875,0.0,0.0,0.0,0.0,1.0,0.0,0.0
2,940,0,task1_initial,ChevronSlow,0.994140625,0.1748046875,0.99365234375,0.17578125,0.9921875,0.173828125,1.0,0.10558750882550942,0.07562685942448767
2,940,0,task1_initial,IDLGated,0.990234375,0.1748046875,0.9892578125,0.1748046875,0.99072265625,0.17626953125,0.003215324366465211,0.09924514528898273,0.07055101445399509
2,950,0,task1_initial,MLP,0.98779296875,0.17529296875,0.0,0.0,0.0,0.0,1.0,0.0,0.0
2,950,0,task1_initial,ChevronSlow,0.99365234375,0.1708984375,0.9931640625,0.17041015625,0.99365234375,0.169921875,1.0,0.09942060176287061,0.07426675982339727
2,950,0,task1_initial,IDLGated,0.98974609375,0.17041015625,0.98779296875,0.17041015625,0.9912109375,0.1748046875,0.002831455087289214,0.09344866808989781,0.06900526987304648
2,960,0,task1_initial,MLP,0.984375,0.1796875,0.0,0.0,0.0,0.0,1.0,0.0,0.0
2,960,0,task1_initial,ChevronSlow,0.9892578125,0.17578125,0.98681640625,0.17822265625,0.9931640625,0.17236328125,1.0,0.09361387691441843,0.07300887356924764
2,960,0,task1_initial,IDLGated,0.98681640625,0.17626953125,0.986328125,0.1748046875,0.9892578125,0.177734375,0.002511892467737198,0.08799073790811711,0.06810956024759411
2,970,0,task1_initial,MLP,0.98681640625,0.1748046875,0.0,0.0,0.0,0.0,1.0,0.0,0.0
2,970,0,task1_initial,ChevronSlow,0.99365234375,0.173828125,0.99462890625,0.1748046875,0.9931640625,0.17333984375,1.0,0.08814629760389059,0.07181296465088838
2,970,0,task1_initial,IDLGated,0.990234375,0.1748046875,0.9912109375,0.17431640625,0.990234375,0.1767578125,0.0022439630702137947,0.08285158168511059,0.06733074238265507
2,980,0,task1_initial,MLP,0.9892578125,0.169921875,0.0,0.0,0.0,0.0,1.0,0.0,0.0
2,980,0,task1_initial,ChevronSlow,0.9931640625,0.16943359375,0.9931640625,0.16943359375,0.99365234375,0.169921875,1.0,0.08299805581577135,0.07078719921539313
2,980,0,task1_initial,IDLGated,0.99169921875,0.17138671875,0.98974609375,0.16943359375,0.99169921875,0.1748046875,0.0020178083796054125,0.07801258122068001,0.0664169770458763
2,990,0,task1_initial,MLP,0.990234375,0.17529296875,0.0,0.0,0.0,0.0,1.0,0.0,0.0
2,990,0,task1_initial,ChevronSlow,0.99267578125,0.17236328125,0.9931640625,0.17236328125,0.9931640625,0.1728515625,1.0,0.07815050043456215,0.07006904109159534
2,990,0,task1_initial,IDLGated,0.99169921875,0.17431640625,0.99169921875,0.17236328125,0.990234375,0.17578125,0.0018257014453411102,0.0734562057227076,0.06549380236859441
2,1000,0,task1_initial,MLP,0.98779296875,0.17529296875,0.0,0.0,0.0,0.0,1.0,0.0,0.0
2,1000,0,task1_initial,ChevronSlow,0.99267578125,0.17333984375,0.99267578125,0.173828125,0.9931640625,0.171875,1.0,0.07358606967528444,0.06908546245931507
2,1000,0,task1_initial,IDLGated,0.99169921875,0.173828125,0.9921875,0.1728515625,0.9912109375,0.17578125,0.001661537098698318,0.06916594829638055,0.06499099366826092
2,1010,0,task1_initial,MLP,0.98681640625,0.17919921875,0.0,0.0,0.0,0.0,1.0,0.0,0.0
2,1010,0,task1_initial,ChevronSlow,0.99169921875,0.17431640625,0.99072265625,0.17626953125,0.99365234375,0.17333984375,1.0,0.06928822746042285,0.06776467931762527
2,1010,0,task1_initial,IDLGated,0.98828125,0.177734375,0.9873046875,0.1787109375,0.98974609375,0.17822265625,0.0015204577939584851,0.06512626614280358,0.06388473766510332
2,1020,0,task1_initial,MLP,0.98779296875,0.1806640625,0.0,0.0,0.0,0.0,1.0,0.0,0.0
2,1020,0,task1_initial,ChevronSlow,0.994140625,0.17822265625,0.99365234375,0.1787109375,0.994140625,0.1748046875,1.0,0.0652414035128142,0.06691439760568274
2,1020,0,task1_initial,IDLGated,0.98876953125,0.1787109375,0.98828125,0.17919921875,0.990234375,0.17822265625,0.0013985716504976153,0.06132252425035048,0.06322542892030697
2,1030,0,task1_initial,MLP,0.98779296875,0.17822265625,0.0,0.0,0.0,0.0,1.0,0.0,0.0
2,1030,0,task1_initial,ChevronSlow,0.994140625,0.1767578125,0.99267578125,0.17626953125,0.994140625,0.17529296875,1.0,0.06143093694745053,0.06595948863805515
2,1030,0,task1_initial,IDLGated,0.9892578125,0.1767578125,0.9892578125,0.1767578125,0.98876953125,0.177734375,0.0012927380157634616,0.05774094237475874,0.06230717645676988
2,1040,0,task1_initial,MLP,0.9892578125,0.16943359375,0.0,0.0,0.0,0.0,1.0,0.0,0.0
2,1040,0,task1_initial,ChevronSlow,0.9931640625,0.16943359375,0.99267578125,0.1669921875,0.99267578125,0.17138671875,1.0,0.057843023157839214,0.06487180501390281
2,1040,0,task1_initial,IDLGated,0.99072265625,0.16845703125,0.98876953125,0.16552734375,0.9921875,0.173828125,0.0012004085583612323,0.05436854511588626,0.061093531060587555
2,1050,0,task1_initial,MLP,0.98828125,0.17724609375,0.0,0.0,0.0,0.0,1.0,0.0,0.0
2,1050,0,task1_initial,ChevronSlow,0.994140625,0.17578125,0.99365234375,0.17626953125,0.994140625,0.17578125,1.0,0.054464663804499866,0.06412854785252473
2,1050,0,task1_initial,IDLGated,0.99072265625,0.17578125,0.9912109375,0.173828125,0.9892578125,0.1767578125,0.0011195020051673055,0.051193114910267526,0.06041544250638591
2,1060,0,task1_initial,MLP,0.98681640625,0.17919921875,0.0,0.0,0.0,0.0,1.0,0.0,0.0
2,1060,0,task1_initial,ChevronSlow,0.9931640625,0.1767578125,0.9931640625,0.17724609375,0.99365234375,0.17578125,1.0,0.05128361972441571,0.06359504361833927
2,1060,0,task1_initial,IDLGated,0.98876953125,0.1767578125,0.98876953125,0.17626953125,0.98974609375,0.17724609375,0.0010483060032129288,0.04820314776917007,0.059853940768913774
2,1070,0,task1_initial,MLP,0.98388671875,0.17626953125,0.0,0.0,0.0,0.0,1.0,0.0,0.0
2,1070,0,task1_initial,ChevronSlow,0.98876953125,0.1728515625,0.9853515625,0.17529296875,0.99365234375,0.173828125,1.0,0.04828836659083884,0.0625582668961689
2,1070,0,task1_initial,IDLGated,0.986328125,0.17431640625,0.98486328125,0.173828125,0.99072265625,0.177734375,0.0009854086674749851,0.04538781160179853,0.058583334925441384
2,1080,0,task1_initial,MLP,0.9892578125,0.17236328125,0.0,0.0,0.0,0.0,1.0,0.0,0.0
2,1080,0,task1_initial,ChevronSlow,0.99267578125,0.16943359375,0.9912109375,0.16796875,0.9931640625,0.171875,1.0,0.04546805316281341,0.0618411724785576
2,1080,0,task1_initial,IDLGated,0.98974609375,0.17236328125,0.98779296875,0.17138671875,0.99169921875,0.17578125,0.0009296356001868844,0.042736906972659014,0.05794637054598925
2,1090,0,task1_initial,MLP,0.982421875,0.17578125,0.0,0.0,0.0,0.0,1.0,0.0,0.0
2,1090,0,task1_initial,ChevronSlow,0.99365234375,0.1748046875,0.9921875,0.17529296875,0.99365234375,0.17578125,1.0,0.04281246197316268,0.06087504143393312
2,1090,0,task1_initial,IDLGated,0.9873046875,0.17529296875,0.98681640625,0.17431640625,0.98974609375,0.17626953125,0.0008800056530162692,0.040240830150915154,0.05755673802598685
2,1100,0,task1_initial,MLP,0.9873046875,0.1787109375,0.0,0.0,0.0,0.0,1.0,0.0,0.0
2,1100,0,task1_initial,ChevronSlow,0.99462890625,0.17822265625,0.99462890625,0.1787109375,0.99365234375,0.17822265625,1.0,0.040311972312519526,0.05981341982710433
2,1100,0,task1_initial,IDLGated,0.99072265625,0.17724609375,0.9912109375,0.17822265625,0.990234375,0.1767578125,0.0008356972248293459,0.03789053831787048,0.05634592421566671
2,1110,0,task1_initial,MLP,0.984375,0.1806640625,0.0,0.0,0.0,0.0,1.0,0.0,0.0
2,1110,0,task1_initial,ChevronSlow,0.9912109375,0.177734375,0.98828125,0.1796875,0.9951171875,0.17578125,1.0,0.03795752537529888,0.05922485492708866
2,1110,0,task1_initial,IDLGated,0.9853515625,0.18017578125,0.986328125,0.17822265625,0.98779296875,0.17919921875,0.0007960162474773824,0.0356775168065304,0.05576713501543259
2,1120,0,task1_initial,MLP,0.99169921875,0.17431640625,0.0,0.0,0.0,0.0,1.0,0.0,0.0
2,1120,0,task1_initial,ChevronSlow,0.9931640625,0.17138671875,0.9931640625,0.17138671875,0.9931640625,0.17333984375,1.0,0.03574059144134219,0.058412555218119645
2,1120,0,task1_initial,IDLGated,0.990234375,0.1767578125,0.98974609375,0.17431640625,0.990234375,0.17724609375,0.0007603752892464399,0.033593748254558915,0.054932588157510384
2,1130,0,task1_initial,MLP,0.9912109375,0.17431640625,0.0,0.0,0.0,0.0,1.0,0.0,0.0
2,1130,0,task1_initial,ChevronSlow,0.99365234375,0.17041015625,0.99365234375,0.169921875,0.994140625,0.1728515625,1.0,0.03365313897433927,0.05728894557592632
2,1130,0,task1_initial,IDLGated,0.99169921875,0.17431640625,0.9921875,0.17138671875,0.990234375,0.1767578125,0.0007282752194441855,0.03163168355887686,0.05380873286657871
2,1140,0,task1_initial,MLP,0.9853515625,0.1806640625,0.0,0.0,0.0,0.0,1.0,0.0,0.0
2,1140,0,task1_initial,ChevronSlow,0.99462890625,0.17724609375,0.9931640625,0.1767578125,0.99462890625,0.1767578125,1.0,0.031687605525076955,0.056596395155792706
2,1140,0,task1_initial,IDLGated,0.990234375,0.177734375,0.9892578125,0.177734375,0.990234375,0.177734375,0.0006992887938395143,0.029784214526675713,0.05339042543878864
2,1150,0,task1_initial,MLP,0.98974609375,0.177734375,0.0,0.0,0.0,0.0,1.0,0.0,0.0
2,1150,0,task1_initial,ChevronSlow,0.99462890625,0.17724609375,0.99462890625,0.17626953125,0.99462890625,0.17724609375,1.0,0.029836870334102362,0.0561220717292328
2,1150,0,task1_initial,IDLGated,0.990234375,0.177734375,0.99072265625,0.17822265625,0.990234375,0.177734375,0.0006730500026606023,0.028044648123766776,0.05298837649114959
2,1160,0,task1_initial,MLP,0.99169921875,0.17333984375,0.0,0.0,0.0,0.0,1.0,0.0,0.0
2,1160,0,task1_initial,ChevronSlow,0.99365234375,0.171875,0.994140625,0.17236328125,0.99365234375,0.17431640625,1.0,0.02809422853454547,0.05586397798381078
2,1160,0,task1_initial,IDLGated,0.9912109375,0.17431640625,0.99169921875,0.1728515625,0.99072265625,0.17724609375,0.0006492435350082815,0.026406682226972223,0.05285311931192429
2,1170,0,task1_initial,MLP,0.99072265625,0.17333984375,0.0,0.0,0.0,0.0,1.0,0.0,0.0
2,1170,0,task1_initial,ChevronSlow,0.99365234375,0.17333984375,0.99365234375,0.17236328125,0.99365234375,0.17431640625,1.0,0.026453366861642544,0.05523404616009139
2,1170,0,task1_initial,IDLGated,0.99072265625,0.17529296875,0.99169921875,0.17333984375,0.990234375,0.1767578125,0.0006275976775214076,0.024864382792713472,0.05252248303470351
2,1180,0,task1_initial,MLP,0.98974609375,0.16845703125,0.0,0.0,0.0,0.0,1.0,0.0,0.0
2,1180,0,task1_initial,ChevronSlow,0.9931640625,0.16845703125,0.9912109375,0.1669921875,0.9931640625,0.17138671875,1.0,0.024908340780960672,0.054508002759209515
2,1180,0,task1_initial,IDLGated,0.98974609375,0.16943359375,0.9892578125,0.1669921875,0.99169921875,0.171875,0.000607875466812402,0.023412162359083024,0.052247881269467326
2,1190,0,task1_initial,MLP,0.990234375,0.17041015625,0.0,0.0,0.0,0.0,1.0,0.0,0.0
2,1190,0,task1_initial,ChevronSlow,0.9931640625,0.16943359375,0.99365234375,0.16943359375,0.99267578125,0.17138671875,1.0,0.023453552952463198,0.053624830061054445
2,1190,0,task1_initial,IDLGated,0.9912109375,0.169921875,0.9892578125,0.16796875,0.9921875,0.173828125,0.0005898718372918665,0.02204475980351676,0.05190838270927735
2,1200,0,task1_initial,MLP,0.98974609375,0.17822265625,0.0,0.0,0.0,0.0,1.0,0.0,0.0
2,1200,0,task1_initial,ChevronSlow,0.9951171875,0.173828125,0.99560546875,0.17431640625,0.994140625,0.17431640625,1.0,0.02208373295239539,0.05237507762402265
2,1200,0,task1_initial,IDLGated,0.9912109375,0.17626953125,0.99169921875,0.17626953125,0.98974609375,0.1767578125,0.0005734069854952395,0.02075722128273257,0.05128504845791107
2,1210,0,task1_initial,MLP,0.98876953125,0.1796875,0.0,0.0,0.0,0.0,1.0,0.0,0.0
2,1210,0,task1_initial,ChevronSlow,0.9951171875,0.1787109375,0.99365234375,0.1806640625,0.99462890625,0.1767578125,1.0,0.020793918179526586,0.05209829454390423
2,1210,0,task1_initial,IDLGated,0.98876953125,0.1806640625,0.98828125,0.181640625,0.98974609375,0.17724609375,0.0005583239835686982,0.019544882285884163,0.05128015111428452
2,1220,0,task1_initial,MLP,0.98974609375,0.177734375,0.0,0.0,0.0,0.0,1.0,0.0,0.0
2,1220,0,task1_initial,ChevronSlow,0.9951171875,0.1767578125,0.994140625,0.17919921875,0.9951171875,0.1767578125,1.0,0.01957943587657566,0.051533258570990795
2,1220,0,task1_initial,IDLGated,0.99072265625,0.17919921875,0.990234375,0.1796875,0.99072265625,0.17724609375,0.000544484646525234,0.018403350735912184,0.050120027653781596
2,1230,0,task1_initial,MLP,0.9873046875,0.16796875,0.0,0.0,0.0,0.0,1.0,0.0,0.0
2,1230,0,task1_initial,ChevronSlow,0.99267578125,0.16845703125,0.98974609375,0.16845703125,0.99365234375,0.16943359375,1.0,0.018435886201686777,0.051328438306800894
2,1230,0,task1_initial,IDLGated,0.98876953125,0.17041015625,0.9873046875,0.16845703125,0.98974609375,0.171875,0.0005317670875228941,0.017328491077871863,0.04905633344535146
2,1240,0,task1_initial,MLP,0.990234375,0.17138671875,0.0,0.0,0.0,0.0,1.0,0.0,0.0
2,1240,0,task1_initial,ChevronSlow,0.99365234375,0.1669921875,0.9931640625,0.166015625,0.994140625,0.169921875,1.0,0.017359126288626674,0.050881360775835535
2,1240,0,task1_initial,IDLGated,0.9912109375,0.1689453125,0.98828125,0.16845703125,0.9921875,0.17236328125,0.0005200637388043106,0.016316409296592213,0.048434981659591744
2,1250,0,task1_initial,MLP,0.98779296875,0.1826171875,0.0,0.0,0.0,0.0,1.0,0.0,0.0
2,1250,0,task1_initial,ChevronSlow,0.99462890625,0.177734375,0.9921875,0.17919921875,0.994140625,0.17626953125,1.0,0.016345255237956446,0.050369951591572516
2,1250,0,task1_initial,IDLGated,0.98974609375,0.18017578125,0.98876953125,0.1806640625,0.99072265625,0.17626953125,0.0005092793144285679,0.015363438809388608,0.0487861596111094
2,1260,0,task1_initial,MLP,0.99072265625,0.17578125,0.0,0.0,0.0,0.0,1.0,0.0,0.0
2,1260,0,task1_initial,ChevronSlow,0.99462890625,0.17724609375,0.99365234375,0.17724609375,0.994140625,0.17626953125,1.0,0.015390599984803667,0.049835170667490616
2,1260,0,task1_initial,IDLGated,0.9892578125,0.17724609375,0.990234375,0.177734375,0.9921875,0.17529296875,0.0004993294132873416,0.014466127182720622,0.048382196262565395
2,1270,0,task1_initial,MLP,0.9892578125,0.17529296875,0.0,0.0,0.0,0.0,1.0,0.0,0.0
2,1270,0,task1_initial,ChevronSlow,0.99462890625,0.173828125,0.99169921875,0.17529296875,0.99560546875,0.173828125,1.0,0.014491701992036511,0.04907877594922805
2,1270,0,task1_initial,IDLGated,0.98876953125,0.177734375,0.986328125,0.177734375,0.990234375,0.17626953125,0.0004901380743831396,0.013621223624672113,0.04723525553650838
2,1280,0,task1_initial,MLP,0.99072265625,0.1708984375,0.0,0.0,0.0,0.0,1.0,0.0,0.0
2,1280,0,task1_initial,ChevronSlow,0.99365234375,0.16943359375,0.9931640625,0.16796875,0.99365234375,0.1708984375,1.0,0.013645304720631659,0.04887909747057279
2,1280,0,task1_initial,IDLGated,0.99169921875,0.17138671875,0.99072265625,0.169921875,0.9912109375,0.1748046875,0.0004816382424905896,0.012825667207941129,0.04637435746779241
2,1290,0,task1_initial,MLP,0.9912109375,0.17041015625,0.0,0.0,0.0,0.0,1.0,0.0,0.0
2,1290,0,task1_initial,ChevronSlow,0.99267578125,0.16796875,0.9912109375,0.16552734375,0.99267578125,0.1689453125,1.0,0.012848341831843507,0.0488952127110163
2,1290,0,task1_initial,IDLGated,0.9912109375,0.16748046875,0.9892578125,0.16650390625,0.99169921875,0.1728515625,0.0004737696435768157,0.01207657578067375,0.04598182079684986
2,1300,0,task1_initial,MLP,0.99072265625,0.1748046875,0.0,0.0,0.0,0.0,1.0,0.0,0.0
2,1300,0,task1_initial,ChevronSlow,0.99365234375,0.17041015625,0.994140625,0.1708984375,0.99267578125,0.17138671875,1.0,0.012097926078433375,0.04791018240125485
2,1300,0,task1_initial,IDLGated,0.9912109375,0.173828125,0.99169921875,0.1728515625,0.99169921875,0.1748046875,0.0004664782027248293,0.011371235524967886,0.04489213945359897
2,1310,0,task1_initial,MLP,0.98779296875,0.17578125,0.0,0.0,0.0,0.0,1.0,0.0,0.0
2,1310,0,task1_initial,ChevronSlow,0.99267578125,0.17236328125,0.9892578125,0.1728515625,0.9931640625,0.1728515625,1.0,0.011391338844713654,0.047284332060558945
2,1310,0,task1_initial,IDLGated,0.98974609375,0.17431640625,0.98681640625,0.17529296875,0.99072265625,0.17578125,0.0004597149963956326,0.010707091125219418,0.044014154261596806
2,1320,0,task1_initial,MLP,0.98974609375,0.17138671875,0.0,0.0,0.0,0.0,1.0,0.0,0.0
2,1320,0,task1_initial,ChevronSlow,0.9931640625,0.16943359375,0.99169921875,0.1689453125,0.9931640625,0.17138671875,1.0,0.010726020297512504,0.047310039449814045
2,1320,0,task1_initial,IDLGated,0.990234375,0.171875,0.98828125,0.17236328125,0.99169921875,0.17431640625,0.00045343657257035375,0.010081736510692508,0.043700001234439276
2,1330,0,task1_initial,MLP,0.98974609375,0.17236328125,0.0,0.0,0.0,0.0,1.0,0.0,0.0
2,1330,0,task1_initial,ChevronSlow,0.994140625,0.169921875,0.99267578125,0.16845703125,0.9931640625,0.17138671875,1.0,0.010099560112377833,0.0472742012214729
2,1330,0,task1_initial,IDLGated,0.99072265625,0.1708984375,0.98974609375,0.17041015625,0.9912109375,0.17431640625,0.00044760311720892787,0.009492906138776083,0.04382719849086331
2,1340,0,task1_initial,MLP,0.98876953125,0.1806640625,0.0,0.0,0.0,0.0,1.0,0.0,0.0
2,1340,0,task1_initial,ChevronSlow,0.994140625,0.1796875,0.99365234375,0.1806640625,0.99365234375,0.1767578125,1.0,0.009509688741423382,0.0470735655132462
2,1340,0,task1_initial,IDLGated,0.990234375,0.1787109375,0.9892578125,0.17919921875,0.99072265625,0.1767578125,0.00044217886170372367,0.008938466787347396,0.044130967240122124
2,1350,0,task1_initial,MLP,0.98779296875,0.1748046875,0.0,0.0,0.0,0.0,1.0,0.0,0.0
2,1350,0,task1_initial,ChevronSlow,0.9921875,0.17431640625,0.99072265625,0.17578125,0.99365234375,0.173828125,1.0,0.008954269191181918,0.04611973738601348
2,1350,0,task1_initial,IDLGated,0.9892578125,0.17578125,0.98828125,0.17529296875,0.9912109375,0.17626953125,0.00043713164632208645,0.008416409826507935,0.04320596040372363
2,1360,0,task1_initial,MLP,0.98974609375,0.1728515625,0.0,0.0,0.0,0.0,1.0,0.0,0.0
2,1360,0,task1_initial,ChevronSlow,0.99365234375,0.1708984375,0.9931640625,0.169921875,0.9931640625,0.17236328125,1.0,0.00843128928067826,0.04558142546448302
2,1360,0,task1_initial,IDLGated,0.9921875,0.17138671875,0.9912109375,0.16943359375,0.99169921875,0.1748046875,0.000432431697845459,0.007924843941693582,0.0424191134250698
2,1370,0,task1_initial,MLP,0.9912109375,0.1708984375,0.0,0.0,0.0,0.0,1.0,0.0,0.0
2,1370,0,task1_initial,ChevronSlow,0.994140625,0.1689453125,0.9931640625,0.1669921875,0.99365234375,0.17041015625,1.0,0.007938854351674572,0.04518410688253353
2,1370,0,task1_initial,IDLGated,0.99169921875,0.169921875,0.99072265625,0.16943359375,0.99169921875,0.17333984375,0.00042805253178812563,0.007461988281796306,0.04205005778467698
2,1380,0,task1_initial,MLP,0.9892578125,0.17822265625,0.0,0.0,0.0,0.0,1.0,0.0,0.0
2,1380,0,task1_initial,ChevronSlow,0.99365234375,0.1767578125,0.9931640625,0.177734375,0.99462890625,0.17578125,1.0,0.0074751804046785325,0.04434295196029091
2,1380,0,task1_initial,IDLGated,0.99072265625,0.17626953125,0.98974609375,0.17578125,0.9912109375,0.17529296875,0.0004239698173478246,0.00702616600747421,0.04176713296340064
2,1390,0,task1_initial,MLP,0.990234375,0.17626953125,0.0,0.0,0.0,0.0,1.0,0.0,0.0
2,1390,0,task1_initial,ChevronSlow,0.99560546875,0.17578125,0.99462890625,0.17578125,0.99560546875,0.17578125,1.0,0.007038587635847394,0.04347898872241394
2,1390,0,task1_initial,IDLGated,0.99169921875,0.17626953125,0.9912109375,0.17626953125,0.99072265625,0.17724609375,0.0004201610281597823,0.006615798216276759,0.041154806411191486
2,1400,0,task1_initial,MLP,0.98681640625,0.181640625,0.0,0.0,0.0,0.0,1.0,0.0,0.0
2,1400,0,task1_initial,ChevronSlow,0.99267578125,0.18017578125,0.9892578125,0.18359375,0.9951171875,0.177734375,1.0,0.00662749435137336,0.0425245009701842
2,1400,0,task1_initial,IDLGated,0.98828125,0.1806640625,0.98583984375,0.185546875,0.990234375,0.1787109375,0.00041660584975034,0.006229398222576993,0.04087854252391889
2,1410,0,task1_initial,MLP,0.98876953125,0.1767578125,0.0,0.0,0.0,0.0,1.0,0.0,0.0
2,1410,0,task1_initial,ChevronSlow,0.99462890625,0.173828125,0.994140625,0.17431640625,0.9951171875,0.173828125,1.0,0.00624041123730325,0.041736880075099354
2,1410,0,task1_initial,IDLGated,0.9921875,0.17626953125,0.9912109375,0.1767578125,0.99169921875,0.17578125,0.00041328597581014037,0.005865566171588035,0.039870555926275676
2,1420,0,task1_initial,MLP,0.99169921875,0.17138671875,0.0,0.0,0.0,0.0,1.0,0.0,0.0
2,1420,0,task1_initial,ChevronSlow,0.9951171875,0.17041015625,0.9951171875,0.169921875,0.9951171875,0.17236328125,1.0,0.00587593596403306,0.04071237967803833
2,1420,0,task1_initial,IDLGated,0.99169921875,0.171875,0.9912109375,0.1689453125,0.99169921875,0.1748046875,0.00041018406045623124,0.005522983967951436,0.03899620354091423
2,1430,0,task1_initial,MLP,0.9921875,0.17529296875,0.0,0.0,0.0,0.0,1.0,0.0,0.0
2,1430,0,task1_initial,ChevronSlow,0.99609375,0.17333984375,0.99609375,0.17333984375,0.9951171875,0.173828125,1.0,0.005532748105930526,0.04009592260432705
2,1430,0,task1_initial,IDLGated,0.9912109375,0.173828125,0.99169921875,0.17431640625,0.9912109375,0.1748046875,0.00040728453313931823,0.005200410500524653,0.038753834159495494
2,1440,0,task1_initial,MLP,0.98876953125,0.18310546875,0.0,0.0,0.0,0.0,1.0,0.0,0.0
2,1440,0,task1_initial,ChevronSlow,0.99462890625,0.1806640625,0.99365234375,0.1806640625,0.9951171875,0.17822265625,1.0,0.005209604357680436,0.03992029254761778
2,1440,0,task1_initial,IDLGated,0.990234375,0.18017578125,0.98974609375,0.181640625,0.9912109375,0.177734375,0.0004045733076054603,0.004896677146067875,0.038645904957327164
2,1450,0,task1_initial,MLP,0.98779296875,0.18212890625,0.0,0.0,0.0,0.0,1.0,0.0,0.0
2,1450,0,task1_initial,ChevronSlow,0.99462890625,0.177734375,0.9912109375,0.18017578125,0.9951171875,0.177734375,1.0,0.004905334030022399,0.039260554049596726
2,1450,0,task1_initial,IDLGated,0.9892578125,0.1806640625,0.9873046875,0.181640625,0.9912109375,0.17822265625,0.00040203676326200366,0.004610683535540977,0.03804057534975034
2,1460,0,task1_initial,MLP,0.990234375,0.1796875,0.0,0.0,0.0,0.0,1.0,0.0,0.0
2,1460,0,task1_initial,ChevronSlow,0.99365234375,0.18115234375,0.99267578125,0.18017578125,0.9951171875,0.17919921875,1.0,0.004618834808562983,0.03876677940418083
2,1460,0,task1_initial,IDLGated,0.990234375,0.1796875,0.98974609375,0.1806640625,0.9921875,0.177734375,0.000399663025746122,0.004341393567672629,0.03759077636970311
2,1470,0,task1_initial,MLP,0.98779296875,0.18115234375,0.0,0.0,0.0,0.0,1.0,0.0,0.0
2,1470,0,task1_initial,ChevronSlow,0.994140625,0.177734375,0.99267578125,0.1787109375,0.9951171875,0.177734375,1.0,0.004349068760297172,0.037911489857520624
2,1470,0,task1_initial,IDLGated,0.99072265625,0.1796875,0.990234375,0.17919921875,0.99169921875,0.17822265625,0.00039744056994095445,0.004087831655359503,0.037220438144622774
2,1480,0,task1_initial,MLP,0.98681640625,0.18017578125,0.0,0.0,0.0,0.0,1.0,0.0,0.0
2,1480,0,task1_initial,ChevronSlow,0.98974609375,0.1787109375,0.9892578125,0.1806640625,0.9951171875,0.1767578125,1.0,0.004095058573371548,0.03766724347620692
2,1480,0,task1_initial,IDLGated,0.98828125,0.17919921875,0.98828125,0.17822265625,0.99072265625,0.1787109375,0.0003953591512981802,0.0038490791912969666,0.03729141681313374
2,1490,0,task1_initial,MLP,0.9892578125,0.1787109375,0.0,0.0,0.0,0.0,1.0,0.0,0.0
2,1490,0,task1_initial,ChevronSlow,0.9931640625,0.1787109375,0.9921875,0.1796875,0.9951171875,0.17724609375,1.0,0.003855884016466541,0.037210240236858746
2,1490,0,task1_initial,IDLGated,0.98974609375,0.1806640625,0.98681640625,0.1826171875,0.99169921875,0.1796875,0.0003934094274882227,0.0036242712200369163,0.03701118103729327
2,1500,0,task1_initial,MLP,0.99267578125,0.17529296875,0.0,0.0,0.0,0.0,1.0,0.0,0.0
2,1500,0,task1_initial,ChevronSlow,0.99560546875,0.17578125,0.9951171875,0.17431640625,0.9951171875,0.17724609375,1.0,0.0036306786049707562,0.03669798635701699
2,1500,0,task1_initial,IDLGated,0.99169921875,0.17724609375,0.9921875,0.17724609375,0.9921875,0.177734375,0.0003915823472198099,0.0034125933044162333,0.03642794395194128
2,1510,0,task1_initial,MLP,0.98828125,0.173828125,0.0,0.0,0.0,0.0,1.0,0.0,0.0
2,1510,0,task1_initial,ChevronSlow,0.994140625,0.1728515625,0.99267578125,0.1708984375,0.99560546875,0.17431640625,1.0,0.0034186264618695592,0.03593356716727805
2,1510,0,task1_initial,IDLGated,0.99072265625,0.1748046875,0.9892578125,0.17431640625,0.99072265625,0.17626953125,0.00038986970321275294,0.0032132785750035244,0.03583295799015939
2,1520,0,task1_initial,MLP,0.98974609375,0.17333984375,0.0,0.0,0.0,0.0,1.0,0.0,0.0
2,1520,0,task1_initial,ChevronSlow,0.9951171875,0.171875,0.99462890625,0.1708984375,0.99560546875,0.173828125,1.0,0.0032189593619755042,0.03586913451144385
2,1520,0,task1_initial,IDLGated,0.9921875,0.17333984375,0.99169921875,0.17041015625,0.99267578125,0.1748046875,0.0003882640739902854,0.00302560495187484,0.035392280241355684
2,1530,0,task1_initial,MLP,0.9912109375,0.17236328125,0.0,0.0,0.0,0.0,1.0,0.0,0.0
2,1530,0,task1_initial,ChevronSlow,0.994140625,0.16943359375,0.99365234375,0.16796875,0.99560546875,0.17236328125,1.0,0.0030309539487924043,0.035521353595451624
2,1530,0,task1_initial,IDLGated,0.9921875,0.1728515625,0.99072265625,0.17138671875,0.99267578125,0.1748046875,0.00038675800897181034,0.00284889252865339,0.034951335968555125
2,1540,0,task1_initial,MLP,0.9912109375,0.177734375,0.0,0.0,0.0,0.0,1.0,0.0,0.0
2,1540,0,task1_initial,ChevronSlow,0.99560546875,0.17138671875,0.99560546875,0.17236328125,0.99609375,0.173828125,1.0,0.0028539291139302605,0.03535689783583164
2,1540,0,task1_initial,IDLGated,0.99365234375,0.17529296875,0.99169921875,0.17529296875,0.99267578125,0.17529296875,0.0003853455127682537,0.0026825011093361173,0.0348385371526508
2,1550,0,task1_initial,MLP,0.990234375,0.173828125,0.0,0.0,0.0,0.0,1.0,0.0,0.0
2,1550,0,task1_initial,ChevronSlow,0.99560546875,0.1728515625,0.99267578125,0.17236328125,0.9951171875,0.1728515625,1.0,0.00268724352957717,0.03516083681290634
2,1550,0,task1_initial,IDLGated,0.990234375,0.17236328125,0.98779296875,0.1728515625,0.99072265625,0.17431640625,0.0003840200079139322,0.0025258278889835144,0.03461280602141189
2,1560,0,task1_initial,MLP,0.98974609375,0.16943359375,0.0,0.0,0.0,0.0,1.0,0.0,0.0
2,1560,0,task1_initial,ChevronSlow,0.9931640625,0.17138671875,0.98974609375,0.169921875,0.99462890625,0.171875,1.0,0.0025302933250888125,0.03529660348470551
2,1560,0,task1_initial,IDLGated,0.98974609375,0.171875,0.98681640625,0.17138671875,0.99072265625,0.1728515625,0.0003827761975117028,0.0023783052698702644,0.034428923731093054
2,1570,0,task1_initial,MLP,0.9912109375,0.17919921875,0.0,0.0,0.0,0.0,1.0,0.0,0.0
2,1570,0,task1_initial,ChevronSlow,0.9951171875,0.1767578125,0.9951171875,0.1787109375,0.99560546875,0.1748046875,1.0,0.0023825098992782375,0.03520177523412609
2,1570,0,task1_initial,IDLGated,0.9921875,0.1787109375,0.99169921875,0.1806640625,0.9921875,0.17578125,0.00038160866824910045,0.0022393988051850147,0.034610521922616454
2,1580,0,task1_initial,MLP,0.9931640625,0.17431640625,0.0,0.0,0.0,0.0,1.0,0.0,0.0
2,1580,0,task1_initial,ChevronSlow,0.99609375,0.17431640625,0.9951171875,0.1748046875,0.99560546875,0.17333984375,1.0,0.0022433578604802904,0.035113572921624966
2,1580,0,task1_initial,IDLGated,0.9931640625,0.17578125,0.99365234375,0.17626953125,0.9931640625,0.17529296875,0.0003805126470979303,0.00210860526282971,0.03397821547404631
2,1590,0,task1_initial,MLP,0.98974609375,0.16943359375,0.0,0.0,0.0,0.0,1.0,0.0,0.0
2,1590,0,task1_initial,ChevronSlow,0.994140625,0.16845703125,0.99365234375,0.16650390625,0.99560546875,0.1708984375,1.0,0.002112333086927911,0.035379322626939616
2,1590,0,task1_initial,IDLGated,0.99169921875,0.17041015625,0.9921875,0.16943359375,0.9921875,0.17138671875,0.00037948350654914975,0.0019854508023039747,0.033905557253977106
2,1600,0,task1_initial,MLP,0.99169921875,0.17431640625,0.0,0.0,0.0,0.0,1.0,0.0,0.0
2,1600,0,task1_initial,ChevronSlow,0.994140625,0.171875,0.9931640625,0.171875,0.99560546875,0.171875,1.0,0.0019889609004134184,0.03554550716821407
2,1600,0,task1_initial,IDLGated,0.9921875,0.173828125,0.99169921875,0.1728515625,0.99169921875,0.1728515625,0.0003785168519243598,0.0018694892580697555,0.03418130427556688
2,1610,0,task1_initial,MLP,0.99169921875,0.17919921875,0.0,0.0,0.0,0.0,1.0,0.0,0.0
2,1610,0,task1_initial,ChevronSlow,0.9951171875,0.17822265625,0.994140625,0.1787109375,0.99560546875,0.1748046875,1.0,0.0018727943466182913,0.03495848175582384
2,1610,0,task1_initial,IDLGated,0.99169921875,0.17822265625,0.99169921875,0.18017578125,0.9921875,0.17578125,0.00037760913255624473,0.001760300523177163,0.03401033964526555
2,1620,0,task1_initial,MLP,0.9892578125,0.18408203125,0.0,0.0,0.0,0.0,1.0,0.0,0.0
2,1620,0,task1_initial,ChevronSlow,0.99169921875,0.1826171875,0.9892578125,0.1845703125,0.99462890625,0.18017578125,1.0,0.0017634125758814085,0.03526050931149042
2,1620,0,task1_initial,IDLGated,0.98876953125,0.1826171875,0.98681640625,0.18603515625,0.9921875,0.17822265625,0.0003767562157008797,0.0016574890272956977,0.03446361221238627
2,1630,0,task1_initial,MLP,0.9931640625,0.17431640625,0.0,0.0,0.0,0.0,1.0,0.0,0.0
2,1630,0,task1_initial,ChevronSlow,0.99609375,0.173828125,0.99560546875,0.17529296875,0.99560546875,0.1748046875,1.0,0.0016604193185395717,0.03450080390357059
2,1630,0,task1_initial,IDLGated,0.99365234375,0.17431640625,0.99462890625,0.1748046875,0.9931640625,0.173828125,0.0003759550745598972,0.0015606823036370492,0.033692025971218856
2,1640,0,task1_initial,MLP,0.986328125,0.1708984375,0.0,0.0,0.0,0.0,1.0,0.0,0.0
2,1640,0,task1_initial,ChevronSlow,0.99267578125,0.1689453125,0.98828125,0.16943359375,0.99462890625,0.171875,1.0,0.001563441449316751,0.034023935765988854
2,1640,0,task1_initial,IDLGated,0.990234375,0.17041015625,0.98779296875,0.169921875,0.9912109375,0.17138671875,0.0003752020711544901,0.0014695296395777044,0.03345774996694153
2,1650,0,task1_initial,MLP,0.990234375,0.171875,0.0,0.0,0.0,0.0,1.0,0.0,0.0
2,1650,0,task1_initial,ChevronSlow,0.9912109375,0.169921875,0.9873046875,0.1708984375,0.99462890625,0.17236328125,1.0,0.0014721276355611182,0.03421917133963521
2,1650,0,task1_initial,IDLGated,0.99072265625,0.17236328125,0.986328125,0.17041015625,0.990234375,0.171875,0.0003744945570360869,0.0013837008060928158,0.033476869740591296
2,1660,0,task1_initial,MLP,0.99169921875,0.1689453125,0.0,0.0,0.0,0.0,1.0,0.0,0.0
2,1660,0,task1_initial,ChevronSlow,0.99462890625,0.171875,0.99365234375,0.17041015625,0.9951171875,0.1728515625,1.0,0.0013861470644326672,0.03462093749581624
2,1660,0,task1_initial,IDLGated,0.99267578125,0.1708984375,0.9931640625,0.169921875,0.9921875,0.17236328125,0.0003738296509254724,0.0013028848613983119,0.0335335303717356
2,1670,0,task1_initial,MLP,0.9892578125,0.1689453125,0.0,0.0,0.0,0.0,1.0,0.0,0.0
2,1670,0,task1_initial,ChevronSlow,0.99267578125,0.1689453125,0.99072265625,0.1689453125,0.994140625,0.169921875,1.0,0.0013051882444302702,0.03507961703552847
2,1670,0,task1_initial,IDLGated,0.99169921875,0.16845703125,0.9892578125,0.166015625,0.9921875,0.16943359375,0.00037320455885492265,0.0012267890244670658,0.03404065810003557
2,1680,0,task1_initial,MLP,0.99267578125,0.17333984375,0.0,0.0,0.0,0.0,1.0,0.0,0.0
2,1680,0,task1_initial,ChevronSlow,0.9931640625,0.171875,0.9931640625,0.17236328125,0.99462890625,0.17236328125,1.0,0.0012289578769163279,0.034423406481214315
2,1680,0,task1_initial,IDLGated,0.9931640625,0.17333984375,0.9921875,0.173828125,0.99267578125,0.1708984375,0.00037261692341417074,0.0011551376143380868,0.033743842719432905
2,1690,0,task1_initial,MLP,0.9892578125,0.169921875,0.0,0.0,0.0,0.0,1.0,0.0,0.0
2,1690,0,task1_initial,ChevronSlow,0.9931640625,0.1708984375,0.9912109375,0.1708984375,0.994140625,0.171875,1.0,0.001157179793550752,0.0334408802314486
2,1690,0,task1_initial,IDLGated,0.9921875,0.17236328125,0.98974609375,0.17236328125,0.99169921875,0.17138671875,0.00037206438719294965,0.0010876710513760455,0.03247328245016601
2,1700,0,task1_initial,MLP,0.98974609375,0.16748046875,0.0,0.0,0.0,0.0,1.0,0.0,0.0
2,1700,0,task1_initial,ChevronSlow,0.9921875,0.1689453125,0.99169921875,0.16845703125,0.99365234375,0.169921875,1.0,0.0010895939557848077,0.03284440169881438
2,1700,0,task1_initial,IDLGated,0.98974609375,0.16943359375,0.98828125,0.1689453125,0.9912109375,0.17138671875,0.00037154494202695787,0.0010241449168628858,0.031896085547219934
2,1710,0,task1_initial,MLP,0.99169921875,0.17626953125,0.0,0.0,0.0,0.0,1.0,0.0,0.0
2,1710,0,task1_initial,ChevronSlow,0.99560546875,0.173828125,0.9951171875,0.17333984375,0.9951171875,0.17236328125,1.0,0.0010259555127901706,0.032834371908192994
2,1710,0,task1_initial,IDLGated,0.99267578125,0.1748046875,0.99267578125,0.17578125,0.99267578125,0.17333984375,0.00037105666706338525,0.0009643290675146009,0.03204764330193182
2,1720,0,task1_initial,MLP,0.99169921875,0.17236328125,0.0,0.0,0.0,0.0,1.0,0.0,0.0
2,1720,0,task1_initial,ChevronSlow,0.99560546875,0.17236328125,0.99609375,0.17236328125,0.994140625,0.1728515625,1.0,0.0009660339144102456,0.03203458624245691
2,1720,0,task1_initial,IDLGated,0.99267578125,0.171875,0.9921875,0.1728515625,0.99267578125,0.1708984375,0.0003705972630996257,0.0009080068017152304,0.03138731390283913
2,1730,0,task1_initial,MLP,0.9921875,0.17333984375,0.0,0.0,0.0,0.0,1.0,0.0,0.0
2,1730,0,task1_initial,ChevronSlow,0.99609375,0.17236328125,0.99560546875,0.1728515625,0.99462890625,0.17236328125,1.0,0.000909612075920143,0.03154524841027311
2,1730,0,task1_initial,IDLGated,0.9921875,0.1708984375,0.99267578125,0.1728515625,0.99169921875,0.1708984375,0.00037016524584032595,0.0008549740744475054,0.031056325527332344
2,1740,0,task1_initial,MLP,0.99267578125,0.1708984375,0.0,0.0,0.0,0.0,1.0,0.0,0.0
2,1740,0,task1_initial,ChevronSlow,0.9951171875,0.1708984375,0.99462890625,0.169921875,0.994140625,0.171875,1.0,0.0008564855915693893,0.03170530719833774
2,1740,0,task1_initial,IDLGated,0.99169921875,0.1708984375,0.99169921875,0.1708984375,0.9921875,0.17041015625,0.00036975916009396315,0.0008050387580759762,0.030691392723501028
2,1750,0,task1_initial,MLP,0.99267578125,0.1708984375,0.0,0.0,0.0,0.0,1.0,0.0,0.0
2,1750,0,task1_initial,ChevronSlow,0.99609375,0.17138671875,0.99560546875,0.17138671875,0.99560546875,0.17236328125,1.0,0.0008064619940581884,0.031463166311751604
2,1750,0,task1_initial,IDLGated,0.99365234375,0.17333984375,0.99365234375,0.17431640625,0.99267578125,0.171875,0.00036937688128091395,0.000758019946304585,0.030419622371581453
2,1760,0,task1_initial,MLP,0.9931640625,0.17626953125,0.0,0.0,0.0,0.0,1.0,0.0,0.0
2,1760,0,task1_initial,ChevronSlow,0.99560546875,0.17578125,0.9951171875,0.1787109375,0.99609375,0.17431640625,1.0,0.000759360057264452,0.031081509694197915
2,1760,0,task1_initial,IDLGated,0.994140625,0.17578125,0.99267578125,0.1767578125,0.9931640625,0.17431640625,0.0003690175071824342,0.0007137472987870458,0.030395238227010478
2,1770,0,task1_initial,MLP,0.99072265625,0.1806640625,0.0,0.0,0.0,0.0,1.0,0.0,0.0
2,1770,0,task1_initial,ChevronSlow,0.99462890625,0.1806640625,0.99169921875,0.18212890625,0.99560546875,0.17626953125,1.0,0.0007150091396955113,0.03109577903333032
2,1770,0,task1_initial,IDLGated,0.99267578125,0.17919921875,0.9892578125,0.18212890625,0.99267578125,0.17578125,0.00036867926246486604,0.0006720604240156826,0.03057865644335927
2,1780,0,task1_initial,MLP,0.990234375,0.18115234375,0.0,0.0,0.0,0.0,1.0,0.0,0.0
2,1780,0,task1_initial,ChevronSlow,0.99462890625,0.1806640625,0.99267578125,0.181640625,0.99560546875,0.17822265625,1.0,0.0006732485662859579,0.03077450402477459
2,1780,0,task1_initial,IDLGated,0.99169921875,0.18017578125,0.9892578125,0.18310546875,0.99267578125,0.177734375,0.0003683611284941435,0.0006328082982530463,0.03043790474499561
2,1790,0,task1_initial,MLP,0.99267578125,0.1728515625,0.0,0.0,0.0,0.0,1.0,0.0,0.0
2,1790,0,task1_initial,ChevronSlow,0.99462890625,0.17236328125,0.994140625,0.17138671875,0.99609375,0.173828125,1.0,0.0006339270463019835,0.030488053527730104
2,1790,0,task1_initial,IDLGated,0.99169921875,0.17431640625,0.9912109375,0.1728515625,0.99267578125,0.1748046875,0.00036806188290938735,0.0005958487184012073,0.02995018460916667
2,1800,0,task1_initial,MLP,0.9873046875,0.166015625,0.0,0.0,0.0,0.0,1.0,0.0,0.0
2,1800,0,task1_initial,ChevronSlow,0.990234375,0.16845703125,0.986328125,0.166015625,0.994140625,0.16943359375,1.0,0.0005969021252433954,0.03064695376859919
2,1800,0,task1_initial,IDLGated,0.98876953125,0.1669921875,0.98486328125,0.166015625,0.99169921875,0.17138671875,0.0003677802160382271,0.0005610477868265725,0.030171685664437276
2,1810,0,task1_initial,MLP,0.99365234375,0.17578125,0.0,0.0,0.0,0.0,1.0,0.0,0.0
2,1810,0,task1_initial,ChevronSlow,0.99609375,0.173828125,0.99609375,0.1728515625,0.99658203125,0.173828125,1.0,0.0005620396687576495,0.030367866033813723
2,1810,0,task1_initial,IDLGated,0.99462890625,0.1748046875,0.994140625,0.17529296875,0.99365234375,0.17529296875,0.0003675154293887317,0.0005282794262738442,0.029414743761996865
2,1820,0,task1_initial,MLP,0.99365234375,0.1748046875,0.0,0.0,0.0,0.0,1.0,0.0,0.0
2,1820,0,task1_initial,ChevronSlow,0.99609375,0.1748046875,0.99609375,0.1748046875,0.99560546875,0.17431640625,1.0,0.0005292133766962219,0.030221485924457066
2,1820,0,task1_initial,IDLGated,0.99365234375,0.17431640625,0.994140625,0.17431640625,0.994140625,0.17431640625,0.00036726603866554797,0.0004974249231117442,0.029023158440184587
2,1830,0,task1_initial,MLP,0.9931640625,0.17529296875,0.0,0.0,0.0,0.0,1.0,0.0,0.0
2,1830,0,task1_initial,ChevronSlow,0.99658203125,0.1748046875,0.99658203125,0.17529296875,0.99609375,0.17431640625,1.0,0.0004983043255528312,0.029834082394455435
2,1830,0,task1_initial,IDLGated,0.994140625,0.17578125,0.99365234375,0.17578125,0.99365234375,0.17529296875,0.0003670315782073885,0.0004683724972557674,0.02901852393952549
2,1840,0,task1_initial,MLP,0.98828125,0.18212890625,0.0,0.0,0.0,0.0,1.0,0.0,0.0
2,1840,0,task1_initial,ChevronSlow,0.99365234375,0.18115234375,0.9892578125,0.18359375,0.99609375,0.177734375,1.0,0.00046920053762585607,0.029895325459358524
2,1840,0,task1_initial,IDLGated,0.98974609375,0.18115234375,0.986328125,0.18359375,0.99267578125,0.177734375,0.00036681085475720465,0.0004410168972098788,0.029438890320834805
2,1850,0,task1_initial,MLP,0.99169921875,0.1806640625,0.0,0.0,0.0,0.0,1.0,0.0,0.0
2,1850,0,task1_initial,ChevronSlow,0.99462890625,0.18017578125,0.99365234375,0.1806640625,0.99560546875,0.17822265625,1.0,0.0004417965753441001,0.02991474654858384
2,1850,0,task1_initial,IDLGated,0.9912109375,0.1806640625,0.98974609375,0.18212890625,0.9921875,0.177734375,0.00036660299520008266,0.0004152590187600598,0.029016141833878708
2,1860,0,task1_initial,MLP,0.99267578125,0.17431640625,0.0,0.0,0.0,0.0,1.0,0.0,0.0
2,1860,0,task1_initial,ChevronSlow,0.99609375,0.173828125,0.99609375,0.17333984375,0.99609375,0.1748046875,1.0,0.00041599315928622497,0.02983394381925643
2,1860,0,task1_initial,IDLGated,0.99462890625,0.17431640625,0.99462890625,0.17333984375,0.99365234375,0.1748046875,0.0003664075047709048,0.0003910055459383089,0.028629787867948932
2,1870,0,task1_initial,MLP,0.9921875,0.169921875,0.0,0.0,0.0,0.0,1.0,0.0,0.0
2,1870,0,task1_initial,ChevronSlow,0.994140625,0.171875,0.99462890625,0.16943359375,0.99658203125,0.17333984375,1.0,0.00039169680851000626,0.029382113924027255
2,1870,0,task1_initial,IDLGated,0.9921875,0.17041015625,0.9912109375,0.16943359375,0.99365234375,0.17333984375,0.00036622348125092685,0.0003681686129563713,0.028683824979683917
2,1880,0,task1_initial,MLP,0.99462890625,0.17578125,0.0,0.0,0.0,0.0,1.0,0.0,0.0
2,1880,0,task1_initial,ChevronSlow,0.99658203125,0.17236328125,0.99658203125,0.1708984375,0.99609375,0.1748046875,1.0,0.0003688195018883933,0.028579701336345405
2,1880,0,task1_initial,IDLGated,0.9951171875,0.17333984375,0.99462890625,0.1728515625,0.99365234375,0.173828125,0.0003660503716673702,0.00034666548588444955,0.028393408683687324
2,1890,0,task1_initial,MLP,0.98779296875,0.16455078125,0.0,0.0,0.0,0.0,1.0,0.0,0.0
2,1890,0,task1_initial,ChevronSlow,0.99169921875,0.16552734375,0.98828125,0.16455078125,0.99462890625,0.1708984375,1.0,0.0003472783592254558,0.028944678958269063
2,1890,0,task1_initial,IDLGated,0.98876953125,0.166015625,0.98486328125,0.16259765625,0.99169921875,0.16943359375,0.00036588741932064295,0.00032641826292167573,0.02959522606889335
2,1900,0,task1_initial,MLP,0.99267578125,0.17041015625,0.0,0.0,0.0,0.0,1.0,0.0,0.0
2,1900,0,task1_initial,ChevronSlow,0.99609375,0.17138671875,0.99658203125,0.1708984375,0.99658203125,0.1728515625,1.0,0.00032699534099696163,0.02831347047645242
2,1900,0,task1_initial,IDLGated,0.99267578125,0.171875,0.9921875,0.17138671875,0.9931640625,0.173828125,0.00036573412944562733,0.0003073535921724814,0.02902499891668448
2,1910,0,task1_initial,MLP,0.98974609375,0.1787109375,0.0,0.0,0.0,0.0,1.0,0.0,0.0
2,1910,0,task1_initial,ChevronSlow,0.9951171875,0.17822265625,0.99267578125,0.1787109375,0.99560546875,0.17626953125,1.0,0.00030789696562780086,0.028510760405368086
2,1910,0,task1_initial,IDLGated,0.99169921875,0.17724609375,0.9892578125,0.1787109375,0.99365234375,0.17578125,0.0003655896580312401,0.0002894024059064222,0.028922504638010466
2,1920,0,task1_initial,MLP,0.990234375,0.173828125,0.0,0.0,0.0,0.0,1.0,0.0,0.0
2,1920,0,task1_initial,ChevronSlow,0.99267578125,0.17431640625,0.990234375,0.173828125,0.99462890625,0.17529296875,1.0,0.0002899140432820052,0.028605608176919452
2,1920,0,task1_initial,IDLGated,0.99072265625,0.17529296875,0.990234375,0.17431640625,0.9921875,0.17431640625,0.00036545394686982036,0.0002724996703387297,0.02870776266261394
2,1930,0,task1_initial,MLP,0.9921875,0.16796875,0.0,0.0,0.0,0.0,1.0,0.0,0.0
2,1930,0,task1_initial,ChevronSlow,0.99267578125,0.16943359375,0.99072265625,0.16748046875,0.99462890625,0.1708984375,1.0,0.000272981425200935,0.028138725331002385
2,1930,0,task1_initial,IDLGated,0.99169921875,0.16796875,0.98974609375,0.16650390625,0.99169921875,0.1728515625,0.0003653259191196412,0.0002565841500250933,0.028395401008433598
2,1940,0,task1_initial,MLP,0.98779296875,0.1748046875,0.0,0.0,0.0,0.0,1.0,0.0,0.0
2,1940,0,task1_initial,ChevronSlow,0.99365234375,0.171875,0.98876953125,0.17333984375,0.99462890625,0.17236328125,1.0,0.000257037767681532,0.02762794359889438
2,1940,0,task1_initial,IDLGated,0.9912109375,0.173828125,0.98828125,0.173828125,0.99267578125,0.17431640625,0.00036520560388453305,0.00024159818601711736,0.028399577942205143
2,1950,0,task1_initial,MLP,0.9921875,0.1728515625,0.0,0.0,0.0,0.0,1.0,0.0,0.0
2,1950,0,task1_initial,ChevronSlow,0.99462890625,0.1728515625,0.9931640625,0.1728515625,0.99560546875,0.1728515625,1.0,0.00024202530983957561,0.027634159970365276
2,1950,0,task1_initial,IDLGated,0.9931640625,0.1748046875,0.9892578125,0.1748046875,0.99267578125,0.1748046875,0.000365092302672565,0.00022748748697475358,0.028186819283769097
2,1960,0,task1_initial,MLP,0.98779296875,0.18505859375,0.0,0.0,0.0,0.0,1.0,0.0,0.0
2,1960,0,task1_initial,ChevronSlow,0.99072265625,0.18212890625,0.98828125,0.18505859375,0.99609375,0.17578125,1.0,0.00022788966435282048,0.02822718674207052
2,1960,0,task1_initial,IDLGated,0.9892578125,0.18212890625,0.98486328125,0.18505859375,0.994140625,0.177734375,0.00036498563713394105,0.00021420093247894722,0.028663343678700375
2,1970,0,task1_initial,MLP,0.99267578125,0.17333984375,0.0,0.0,0.0,0.0,1.0,0.0,0.0
2,1970,0,task1_initial,ChevronSlow,0.994140625,0.17236328125,0.994140625,0.17333984375,0.99658203125,0.173828125,1.0,0.00021457962042591735,0.028269446198333097
2,1970,0,task1_initial,IDLGated,0.994140625,0.17529296875,0.99365234375,0.1748046875,0.99462890625,0.1748046875,0.00036488528712652624,0.00020169038783193584,0.028360169031891393
2,1980,0,task1_initial,MLP,0.9931640625,0.177734375,0.0,0.0,0.0,0.0,1.0,0.0,0.0
2,1980,0,task1_initial,ChevronSlow,0.99609375,0.17529296875,0.99609375,0.17724609375,0.99609375,0.1748046875,1.0,0.0002020469582632956,0.02809967881700752
2,1980,0,task1_initial,IDLGated,0.99462890625,0.17626953125,0.99462890625,0.1767578125,0.994140625,0.17578125,0.0003647906705737114,0.0001899105296742573,0.028429423882693306
2,1990,0,task1_initial,MLP,0.9931640625,0.17333984375,0.0,0.0,0.0,0.0,1.0,0.0,0.0
2,1990,0,task1_initial,ChevronSlow,0.99609375,0.1728515625,0.99462890625,0.171875,0.99658203125,0.17333984375,1.0,0.00019024627437787769,0.02793625650696645
2,1990,0,task1_initial,IDLGated,0.99365234375,0.17138671875,0.9931640625,0.16943359375,0.99365234375,0.1748046875,0.00036470164195634425,0.00017881868178670955,0.028581145788603757
2,2000,0,task1_initial,MLP,0.9931640625,0.1708984375,0.0,0.0,0.0,0.0,1.0,0.0,0.0
2,2000,0,task1_initial,ChevronSlow,0.9951171875,0.17041015625,0.99365234375,0.16943359375,0.9951171875,0.17236328125,1.0,0.00017913481710275146,0.027415346903273498
2,2000,0,task1_initial,IDLGated,0.9921875,0.1708984375,0.9931640625,0.17041015625,0.9931640625,0.173828125,0.0003646180557552725,0.0001683746604824035,0.028629803451104188
2,2010,0,task1_initial,MLP,0.98779296875,0.18212890625,0.0,0.0,0.0,0.0,1.0,0.0,0.0
2,2010,0,task1_initial,ChevronSlow,0.990234375,0.17822265625,0.98828125,0.18017578125,0.99462890625,0.1748046875,1.0,0.00016867233170989046,0.027226974534918888
2,2010,0,task1_initial,IDLGated,0.9892578125,0.1796875,0.98779296875,0.18017578125,0.99462890625,0.1767578125,0.00036453912616707385,0.0001585406290287938,0.028226353257267224
2,2020,0,task1_initial,MLP,0.99267578125,0.1806640625,0.0,0.0,0.0,0.0,1.0,0.0,0.0
2,2020,0,task1_initial,ChevronSlow,0.9951171875,0.1787109375,0.99365234375,0.18017578125,0.99609375,0.17626953125,1.0,0.00015882091457481567,0.02740028113400699
2,2020,0,task1_initial,IDLGated,0.9912109375,0.18017578125,0.9892578125,0.181640625,0.99267578125,0.17822265625,0.00036446494050323963,0.0001492809605722854,0.0279842499051002
2,2030,0,task1_initial,MLP,0.99462890625,0.1748046875,0.0,0.0,0.0,0.0,1.0,0.0,0.0
2,2030,0,task1_initial,ChevronSlow,0.99609375,0.1748046875,0.99658203125,0.17431640625,0.99609375,0.17431640625,1.0,0.00014954487585886516,0.027190346740443593
2,2030,0,task1_initial,IDLGated,0.99462890625,0.173828125,0.99462890625,0.173828125,0.994140625,0.17578125,0.0003643949457909912,0.00014056210906881737,0.028003985236659364
2,2040,0,task1_initial,MLP,0.990234375,0.17919921875,0.0,0.0,0.0,0.0,1.0,0.0,0.0
2,2040,0,task1_initial,ChevronSlow,0.9931640625,0.17724609375,0.99072265625,0.17919921875,0.99609375,0.17626953125,1.0,0.00014081061021159496,0.027128176388858387
2,2040,0,task1_initial,IDLGated,0.99169921875,0.17724609375,0.99072265625,0.17822265625,0.99462890625,0.177734375,0.00036432931665331125,0.00013235248775283006,0.02764856258481767
2,2050,0,task1_initial,MLP,0.9951171875,0.17822265625,0.0,0.0,0.0,0.0,1.0,0.0,0.0
2,2050,0,task1_initial,ChevronSlow,0.99658203125,0.17578125,0.9951171875,0.17529296875,0.99658203125,0.17578125,1.0,0.0001325864750248902,0.027101754975815507
2,2050,0,task1_initial,IDLGated,0.99267578125,0.17822265625,0.9931640625,0.17822265625,0.99267578125,0.17822265625,0.00036426729639060795,0.00012462235470433105,0.027318740167067833
2,2060,0,task1_initial,MLP,0.98974609375,0.1669921875,0.0,0.0,0.0,0.0,1.0,0.0,0.0
2,2060,0,task1_initial,ChevronSlow,0.994140625,0.16845703125,0.99072265625,0.166015625,0.99658203125,0.171875,1.0,0.00012484267579772408,0.02733619570361268
2,2060,0,task1_initial,IDLGated,0.9921875,0.16796875,0.98974609375,0.166015625,0.99462890625,0.1728515625,0.00036420897231437266,0.00011734370509949118,0.027464376222536363
2,2070,0,task1_initial,MLP,0.99267578125,0.17138671875,0.0,0.0,0.0,0.0,1.0,0.0,0.0
2,2070,0,task1_initial,ChevronSlow,0.99658203125,0.169921875,0.99462890625,0.16748046875,0.99658203125,0.171875,1.0,0.00011755115819626217,0.026801845817856683
2,2070,0,task1_initial,IDLGated,0.99267578125,0.17041015625,0.99169921875,0.16748046875,0.99462890625,0.17431640625,0.0003641541115939617,0.00011049016975441416,0.02694452147294203
2,2080,0,task1_initial,MLP,0.99169921875,0.1806640625,0.0,0.0,0.0,0.0,1.0,0.0,0.0
2,2080,0,task1_initial,ChevronSlow,0.994140625,0.1767578125,0.994140625,0.17822265625,0.99560546875,0.1748046875,1.0,0.00011068550641826733,0.027156404495671603
2,2080,0,task1_initial,IDLGated,0.99169921875,0.1787109375,0.9912109375,0.1787109375,0.99267578125,0.1767578125,0.0003641023940872401,0.00010403691959452365,0.026913420078610598
2,2090,0,task1_initial,MLP,0.994140625,0.17431640625,0.0,0.0,0.0,0.0,1.0,0.0,0.0
2,2090,0,task1_initial,ChevronSlow,0.99609375,0.17431640625,0.99462890625,0.17431640625,0.99609375,0.17431640625,1.0,0.00010422084749359669,0.026855711294708012
2,2090,0,task1_initial,IDLGated,0.99365234375,0.17578125,0.99267578125,0.17529296875,0.99462890625,0.17431640625,0.0003640538197942078,9.796057570347757e-05,0.026679372411233224
2,2100,0,task1_initial,MLP,0.99072265625,0.16748046875,0.0,0.0,0.0,0.0,1.0,0.0,0.0
2,2100,0,task1_initial,ChevronSlow,0.99267578125,0.16748046875,0.99169921875,0.16552734375,0.99609375,0.17041015625,1.0,9.81337611740908e-05,0.02721064476305928
2,2100,0,task1_initial,IDLGated,0.99169921875,0.16796875,0.98779296875,0.166015625,0.99267578125,0.17333984375,0.0003640080103650689,9.223912462573425e-05,0.027250339755040584
2,2110,0,task1_initial,MLP,0.99609375,0.17578125,0.0,0.0,0.0,0.0,1.0,0.0,0.0
2,2110,0,task1_initial,ChevronSlow,0.99560546875,0.1728515625,0.99609375,0.17333984375,0.99658203125,0.17236328125,1.0,9.240219508640217e-05,0.02736558741060821
2,2110,0,task1_initial,IDLGated,0.994140625,0.173828125,0.99462890625,0.1748046875,0.9951171875,0.173828125,0.00036396479117684066,8.685183861592703e-05,0.027107088060911364
2,2120,0,task1_initial,MLP,0.9931640625,0.17919921875,0.0,0.0,0.0,0.0,1.0,0.0,0.0
2,2120,0,task1_initial,ChevronSlow,0.99560546875,0.17529296875,0.99462890625,0.17626953125,0.99609375,0.1748046875,1.0,8.700538484037811e-05,0.028210080093682414
2,2120,0,task1_initial,IDLGated,0.9931640625,0.17724609375,0.9931640625,0.1787109375,0.994140625,0.17578125,0.0003639241913333535,8.1779200546126e-05,0.02751737499274941
2,2130,0,task1_initial,MLP,0.990234375,0.17822265625,0.0,0.0,0.0,0.0,1.0,0.0,0.0
2,2130,0,task1_initial,ChevronSlow,0.99365234375,0.17626953125,0.990234375,0.18017578125,0.99609375,0.1748046875,1.0,8.192377880356525e-05,0.028459229117059014
2,2130,0,task1_initial,IDLGated,0.9921875,0.177734375,0.98974609375,0.1796875,0.9951171875,0.17578125,0.00036388603621162474,7.700283319894013e-05,0.02748062773549499
2,2140,0,task1_initial,MLP,0.9921875,0.1708984375,0.0,0.0,0.0,0.0,1.0,0.0,0.0
2,2140,0,task1_initial,ChevronSlow,0.99560546875,0.17138671875,0.994140625,0.17041015625,0.99658203125,0.17236328125,1.0,7.713896726930818e-05,0.028245491912950692
2,2140,0,task1_initial,IDLGated,0.99267578125,0.173828125,0.9931640625,0.171875,0.994140625,0.1748046875,0.0003638499474618584,7.250543269030138e-05,0.02749343184672543
2,2150,0,task1_initial,MLP,0.9921875,0.17529296875,0.0,0.0,0.0,0.0,1.0,0.0,0.0
2,2150,0,task1_initial,ChevronSlow,0.99609375,0.17041015625,0.99365234375,0.171875,0.9970703125,0.17236328125,1.0,7.263361576183107e-05,0.028868207517308408
2,2150,0,task1_initial,IDLGated,0.99462890625,0.17333984375,0.9931640625,0.1728515625,0.99462890625,0.17333984375,0.00036381612881086767,6.827070578073459e-05,0.02824654595811079
2,2160,0,task1_initial,MLP,0.99560546875,0.1787109375,0.0,0.0,0.0,0.0,1.0,0.0,0.0
2,2160,0,task1_initial,ChevronSlow,0.9951171875,0.17919921875,0.994140625,0.18017578125,0.99658203125,0.17529296875,1.0,6.839140223667955e-05,0.02828329185720413
2,2160,0,task1_initial,IDLGated,0.99267578125,0.17822265625,0.9921875,0.1787109375,0.99462890625,0.17578125,0.00036378426011651754,6.428331084800335e-05,0.027680172530008765
2,2170,0,task1_initial,MLP,0.9892578125,0.173828125,0.0,0.0,0.0,0.0,1.0,0.0,0.0
2,2170,0,task1_initial,ChevronSlow,0.994140625,0.1728515625,0.9931640625,0.17431640625,0.99658203125,0.1728515625,1.0,6.439695794901152e-05,0.02685755522736509
2,2170,0,task1_initial,IDLGated,0.990234375,0.17431640625,0.98828125,0.17236328125,0.99365234375,0.1748046875,0.0003637542249634862,6.052880230728681e-05,0.026964191607025255
2,2180,0,task1_initial,MLP,0.9931640625,0.1708984375,0.0,0.0,0.0,0.0,1.0,0.0,0.0
2,2180,0,task1_initial,ChevronSlow,0.9951171875,0.1708984375,0.9951171875,0.1689453125,0.99560546875,0.17236328125,1.0,6.0635811775513866e-05,0.026788340319167905
2,2180,0,task1_initial,IDLGated,0.99365234375,0.171875,0.99365234375,0.169921875,0.994140625,0.1728515625,0.0003637259651441127,5.6993578277532116e-05,0.027290581885654946
2,2190,0,task1_initial,MLP,0.9921875,0.177734375,0.0,0.0,0.0,0.0,1.0,0.0,0.0
2,2190,0,task1_initial,ChevronSlow,0.9951171875,0.17724609375,0.99365234375,0.17626953125,0.99609375,0.1748046875,1.0,5.709433778823372e-05,0.027062547630031842
2,2190,0,task1_initial,IDLGated,0.99267578125,0.177734375,0.98828125,0.1787109375,0.99462890625,0.1767578125,0.0003636992478277534,5.366483130438773e-05,0.028192005133029444
2,2200,0,end_task1,MLP,0.98974609375,0.17578125,0.0,0.0,0.0,0.0,1.0,0.0,0.0
2,2200,0,end_task1,ChevronSlow,0.9970703125,0.17529296875,0.9970703125,0.1767578125,0.99658203125,0.17431640625,1.0,5.375970589039429e-05,0.02628663743483322
2,2200,0,end_task1,IDLGated,0.9931640625,0.17236328125,0.9931640625,0.17236328125,0.99365234375,0.173828125,0.000363674305845052,5.0530501961195624e-05,0.026705606957200468
2,2210,0,task2,MLP,0.92724609375,0.23828125,0.0,0.0,0.0,0.0,1.0,0.0,0.0
2,2210,0,task2,ChevronSlow,0.9482421875,0.22216796875,0.138671875,0.82568359375,0.97900390625,0.19091796875,1.0,0.0003120601506972347,0.05265767897840221
2,2210,0,task2,IDLGated,0.97802734375,0.18505859375,0.181640625,0.8095703125,0.99072265625,0.17138671875,0.00037251602043397725,0.0011428212300029,0.06734068261752549
2,2220,0,task2,MLP,0.0869140625,0.82275390625,0.0,0.0,0.0,0.0,1.0,0.0,0.0
2,2220,0,task2,ChevronSlow,0.083984375,0.84375,0.04736328125,0.83447265625,0.94287109375,0.22802734375,1.0,0.018554057988558123,0.0891208701461377
2,2220,0,task2,IDLGated,0.12646484375,0.83251953125,0.02294921875,0.84423828125,0.98974609375,0.16943359375,0.0007120655500330031,0.030607803891612873,0.13130503264775845
2,2230,0,task2,MLP,0.07958984375,0.8310546875,0.0,0.0,0.0,0.0,1.0,0.0,0.0
2,2230,0,task2,ChevronSlow,0.078125,0.849609375,0.0458984375,0.84375,0.90869140625,0.25732421875,1.0,0.06801445086021128,0.10473553923051565
2,2230,0,task2,IDLGated,0.099609375,0.86328125,0.04931640625,0.86328125,0.98974609375,0.169921875,0.004092074930667877,0.11024532567017856,0.1689264614135314
2,2240,0,task2,MLP,0.1083984375,0.849609375,0.0,0.0,0.0,0.0,1.0,0.0,0.0
2,2240,0,task2,ChevronSlow,0.1064453125,0.86376953125,0.078125,0.86181640625,0.8916015625,0.271484375,1.0,0.13956340041461496,0.1118368904042392
2,2240,0,task2,IDLGated,0.11767578125,0.87890625,0.0693359375,0.87451171875,0.98974609375,0.17041015625,0.059062592685222626,0.23416914617667323,0.1846795657684161
2,2250,0,task2,MLP,0.14013671875,0.8603515625,0.0,0.0,0.0,0.0,1.0,0.0,0.0
2,2250,0,task2,ChevronSlow,0.13916015625,0.8740234375,0.11181640625,0.8876953125,0.88525390625,0.27783203125,1.0,0.22035858730112423,0.12493878995958363
2,2250,0,task2,IDLGated,0.14013671875,0.8818359375,0.0927734375,0.89404296875,0.98974609375,0.17138671875,0.6471855044364929,0.38757683979407254,0.19019299926765018
2,2260,0,task2,MLP,0.14794921875,0.8662109375,0.0,0.0,0.0,0.0,1.0,0.0,0.0
2,2260,0,task2,ChevronSlow,0.158203125,0.88330078125,0.13525390625,0.89599609375,0.880859375,0.2861328125,1.0,0.30018995056917164,0.1377625098584592
2,2260,0,task2,IDLGated,0.1298828125,0.8974609375,0.08154296875,0.8916015625,0.9951171875,0.1748046875,0.9866552352905273,0.5555997474040081,0.18635262847651105
2,2270,0,task2,MLP,0.14306640625,0.8740234375,0.0,0.0,0.0,0.0,1.0,0.0,0.0
2,2270,0,task2,ChevronSlow,0.16943359375,0.89404296875,0.14990234375,0.90478515625,0.87109375,0.30224609375,1.0,0.3741656574132119,0.1483429067245038
2,2270,0,task2,IDLGated,0.13623046875,0.908203125,0.07958984375,0.8916015625,0.98828125,0.181640625,0.9997031092643738,0.7291741354406525,0.1880705092350175
2,2280,0,task2,MLP,0.14111328125,0.8876953125,0.0,0.0,0.0,0.0,1.0,0.0,0.0
2,2280,0,task2,ChevronSlow,0.1669921875,0.91015625,0.14794921875,0.90966796875,0.5927734375,0.58544921875,1.0,0.4394307368113723,0.15247105876885275
2,2280,0,task2,IDLGated,0.14111328125,0.9248046875,0.08154296875,0.89599609375,0.9716796875,0.18896484375,0.999992847442627,0.8984901611814579,0.1922770057067036
2,2290,0,task2,MLP,0.13427734375,0.89990234375,0.0,0.0,0.0,0.0,1.0,0.0,0.0
2,2290,0,task2,ChevronSlow,0.15625,0.9150390625,0.14013671875,0.9150390625,0.51611328125,0.67041015625,1.0,0.4962671252463269,0.15385410455072962
2,2290,0,task2,IDLGated,0.14208984375,0.931640625,0.07958984375,0.8955078125,0.95947265625,0.19677734375,0.9999997615814209,1.0584763302719922,0.19759931668078148
2,2300,0,task2,MLP,0.12646484375,0.90478515625,0.0,0.0,0.0,0.0,1.0,0.0,0.0
2,2300,0,task2,ChevronSlow,0.14404296875,0.91845703125,0.12548828125,0.92041015625,0.2392578125,0.86083984375,1.0,0.5453184157220666,0.15148843741914983
2,2300,0,task2,IDLGated,0.1298828125,0.93505859375,0.076171875,0.8935546875,0.947265625,0.201171875,1.0,1.2046379337643185,0.19960415207259274
2,2310,0,task2,MLP,0.123046875,0.90673828125,0.0,0.0,0.0,0.0,1.0,0.0,0.0
2,2310,0,task2,ChevronSlow,0.13232421875,0.9208984375,0.12158203125,0.92333984375,0.1640625,0.87548828125,1.0,0.5887216782532213,0.15095332280409568
2,2310,0,task2,IDLGated,0.12744140625,0.93115234375,0.07958984375,0.8955078125,0.93505859375,0.20654296875,1.0,1.3359901610465295,0.19938591203986467
2,2320,0,task2,MLP,0.13720703125,0.9150390625,0.0,0.0,0.0,0.0,1.0,0.0,0.0
2,2320,0,task2,ChevronSlow,0.15283203125,0.93212890625,0.146484375,0.9306640625,0.15234375,0.8818359375,1.0,0.6282853466176904,0.15797825064166504
2,2320,0,task2,IDLGated,0.14306640625,0.9404296875,0.0908203125,0.90869140625,0.9267578125,0.208984375,1.0,1.4537988943102282,0.20302142093077602
2,2330,0,task2,MLP,0.15283203125,0.91748046875,0.0,0.0,0.0,0.0,1.0,0.0,0.0
2,2330,0,task2,ChevronSlow,0.169921875,0.93994140625,0.169921875,0.9384765625,0.14501953125,0.88720703125,1.0,0.6625722116686192,0.16538312296861618
2,2330,0,task2,IDLGated,0.1513671875,0.94140625,0.0966796875,0.91455078125,0.91943359375,0.20751953125,1.0,1.5577890964273333,0.20579570718814225
2,2340,0,task2,MLP,0.15478515625,0.9267578125,0.0,0.0,0.0,0.0,1.0,0.0,0.0
2,2340,0,task2,ChevronSlow,0.162109375,0.94140625,0.16259765625,0.93798828125,0.1318359375,0.89697265625,1.0,0.6912173664100697,0.1658090045341418
2,2340,0,task2,IDLGated,0.14404296875,0.94091796875,0.09521484375,0.91064453125,0.91064453125,0.20849609375,1.0,1.6479287455223603,0.20489332002960453
2,2350,0,task2,MLP,0.16064453125,0.9326171875,0.0,0.0,0.0,0.0,1.0,0.0,0.0
2,2350,0,task2,ChevronSlow,0.162109375,0.95068359375,0.16845703125,0.94970703125,0.12548828125,0.89990234375,1.0,0.7153545867674339,0.166778473651556
2,2350,0,task2,IDLGated,0.1533203125,0.94482421875,0.10595703125,0.9208984375,0.90673828125,0.2099609375,1.0,1.7260178921041958,0.20378730389925
2,2360,0,task2,MLP,0.1650390625,0.93798828125,0.0,0.0,0.0,0.0,1.0,0.0,0.0
2,2360,0,task2,ChevronSlow,0.16845703125,0.95166015625,0.17138671875,0.9521484375,0.123046875,0.9033203125,1.0,0.7361892686081081,0.1718715998950626
2,2360,0,task2,IDLGated,0.1474609375,0.94677734375,0.10205078125,0.9208984375,0.8984375,0.21044921875,1.0,1.7928847092813223,0.20447395871981236
2,2370,0,task2,MLP,0.1513671875,0.943359375,0.0,0.0,0.0,0.0,1.0,0.0,0.0
2,2370,0,task2,ChevronSlow,0.15869140625,0.9541015625,0.1630859375,0.951171875,0.11865234375,0.90673828125,1.0,0.7535017732666518,0.1728913794009954
2,2370,0,task2,IDLGated,0.1396484375,0.9482421875,0.09912109375,0.91796875,0.89013671875,0.21142578125,1.0,1.8501586075906347,0.2026405173576966
2,2380,0,task2,MLP,0.15673828125,0.94580078125,0.0,0.0,0.0,0.0,1.0,0.0,0.0
2,2380,0,task2,ChevronSlow,0.166015625,0.9560546875,0.18017578125,0.95654296875,0.11767578125,0.9072265625,1.0,0.7674775917646095,0.17863121445955604
2,2380,0,task2,IDLGated,0.14990234375,0.94775390625,0.1083984375,0.92578125,0.88671875,0.2138671875,1.0,1.8971323315775914,0.20455298074109224
2,2390,0,task2,MLP,0.17529296875,0.9453125,0.0,0.0,0.0,0.0,1.0,0.0,0.0
2,2390,0,task2,ChevronSlow,0.1748046875,0.95556640625,0.1943359375,0.9599609375,0.11962890625,0.90576171875,1.0,0.7775834617888455,0.18099913990039646
2,2390,0,task2,IDLGated,0.169921875,0.94482421875,0.1279296875,0.93603515625,0.88232421875,0.21142578125,1.0,1.9336945929759686,0.20368287474091432
2,2400,0,task2,MLP,0.16650390625,0.94921875,0.0,0.0,0.0,0.0,1.0,0.0,0.0
2,2400,0,task2,ChevronSlow,0.15283203125,0.951171875,0.166015625,0.9482421875,0.1142578125,0.9150390625,1.0,0.7849295506435479,0.17946381414838455
2,2400,0,task2,IDLGated,0.1494140625,0.939453125,0.11474609375,0.9150390625,0.87841796875,0.21044921875,1.0,1.9619629406269898,0.1964975626444822
2,2410,0,task2,MLP,0.16650390625,0.9482421875,0.0,0.0,0.0,0.0,1.0,0.0,0.0
2,2410,0,task2,ChevronSlow,0.16455078125,0.95361328125,0.1728515625,0.953125,0.11572265625,0.91552734375,1.0,0.7910136339507086,0.17922135863073274
2,2410,0,task2,IDLGated,0.169921875,0.951171875,0.13427734375,0.93603515625,0.8759765625,0.21337890625,1.0,1.9845782207036322,0.19311999371890906
2,2420,0,end_task2,MLP,0.17236328125,0.94873046875,0.0,0.0,0.0,0.0,1.0,0.0,0.0
2,2420,0,end_task2,ChevronSlow,0.1806640625,0.96044921875,0.197265625,0.95654296875,0.119140625,0.91748046875,1.0,0.7956663420482221,0.1837652018796252
2,2420,0,end_task2,IDLGated,0.16943359375,0.9501953125,0.13037109375,0.9306640625,0.87353515625,0.212890625,1.0,2.0008656444824053,0.19325562468620436
2,2430,10,task1_return,MLP,0.43505859375,0.76318359375,0.0,0.0,0.0,0.0,1.0,0.0,0.0
2,2430,10,task1_return,ChevronSlow,0.47802734375,0.71923828125,0.4921875,0.70068359375,0.1708984375,0.89892578125,1.0,0.7971889585978188,0.21745001470128664
2,2430,10,task1_return,IDLGated,0.48095703125,0.71240234375,0.33642578125,0.77392578125,0.89453125,0.19482421875,1.0,2.010418587936312,0.21322606582652737
2,2440,20,task1_return,MLP,0.90185546875,0.26025390625,0.0,0.0,0.0,0.0,1.0,0.0,0.0
2,2440,20,task1_return,ChevronSlow,0.9638671875,0.2099609375,0.9794921875,0.19091796875,0.60107421875,0.56201171875,1.0,0.7954163297995007,0.26001698292505193
2,2440,20,task1_return,IDLGated,0.70654296875,0.48193359375,0.5791015625,0.5498046875,0.92431640625,0.16748046875,1.0,2.0028525051876622,0.23078347560479004
2,2450,30,task1_return,MLP,0.97607421875,0.18505859375,0.0,0.0,0.0,0.0,1.0,0.0,0.0
2,2450,30,task1_return,ChevronSlow,0.9853515625,0.17333984375,0.9541015625,0.15380859375,0.7646484375,0.3984375,1.0,0.8032445176650781,0.2789041773693375
2,2450,30,task1_return,IDLGated,0.96240234375,0.142578125,0.67822265625,0.44384765625,0.94091796875,0.15625,1.0,1.9733282674845525,0.23685430562612747
2,2460,40,task1_return,MLP,0.9775390625,0.16845703125,0.0,0.0,0.0,0.0,1.0,0.0,0.0
2,2460,40,task1_return,ChevronSlow,0.9873046875,0.169921875,0.9580078125,0.15478515625,0.916015625,0.25048828125,1.0,0.825035924135248,0.2806906926630161
2,2460,40,task1_return,IDLGated,0.9619140625,0.14501953125,0.79638671875,0.32177734375,0.9609375,0.16015625,1.0,1.9250753353483385,0.23663902350129798
2,2470,50,task1_return,MLP,0.986328125,0.1708984375,0.0,0.0,0.0,0.0,1.0,0.0,0.0
2,2470,50,task1_return,ChevronSlow,0.99072265625,0.17529296875,0.97607421875,0.15673828125,0.958984375,0.20751953125,1.0,0.8558506354022558,0.27543009055364365
2,2470,50,task1_return,IDLGated,0.978515625,0.16357421875,0.92236328125,0.21435546875,0.96533203125,0.173828125,1.0,1.8635022230637934,0.2347468529708094
2,2480,60,task1_return,MLP,0.9853515625,0.17822265625,0.0,0.0,0.0,0.0,1.0,0.0,0.0
2,2480,60,task1_return,ChevronSlow,0.9912109375,0.17724609375,0.986328125,0.1630859375,0.962890625,0.20654296875,1.0,0.891047966183831,0.26871148358323876
2,2480,60,task1_return,IDLGated,0.982421875,0.173828125,0.94873046875,0.2021484375,0.9755859375,0.18017578125,1.0,1.794171648613026,0.23115471587324446
2,2490,70,task1_return,MLP,0.98828125,0.17822265625,0.0,0.0,0.0,0.0,1.0,0.0,0.0
2,2490,70,task1_return,ChevronSlow,0.99365234375,0.1748046875,0.98291015625,0.1611328125,0.96728515625,0.205078125,1.0,0.9272427273235176,0.26209065710887164
2,2490,70,task1_return,IDLGated,0.9833984375,0.17529296875,0.9580078125,0.19384765625,0.97900390625,0.1826171875,1.0,1.7192479096195723,0.225997098530168
2,2500,80,task1_return,MLP,0.9892578125,0.17919921875,0.0,0.0,0.0,0.0,1.0,0.0,0.0
2,2500,80,task1_return,ChevronSlow,0.9931640625,0.1787109375,0.98583984375,0.1669921875,0.9697265625,0.20166015625,1.0,0.9618537781473568,0.25566419934787754
2,2500,80,task1_return,IDLGated,0.98388671875,0.17529296875,0.96826171875,0.1884765625,0.98095703125,0.18115234375,1.0,1.6411616655104575,0.2207092917146483
2,2510,90,task1_return,MLP,0.98974609375,0.177734375,0.0,0.0,0.0,0.0,1.0,0.0,0.0
2,2510,90,task1_return,ChevronSlow,0.99267578125,0.17724609375,0.98779296875,0.16552734375,0.970703125,0.2001953125,1.0,0.9933479950223004,0.24889681642128
2,2510,90,task1_return,IDLGated,0.9833984375,0.17431640625,0.97314453125,0.1806640625,0.98095703125,0.1787109375,1.0,1.5624148209914843,0.21521963077179376
2,2520,100,task1_return,MLP,0.9873046875,0.1806640625,0.0,0.0,0.0,0.0,1.0,0.0,0.0
2,2520,100,task1_return,ChevronSlow,0.99072265625,0.17724609375,0.98828125,0.166015625,0.9716796875,0.20068359375,1.0,1.0206878482850132,0.24308025088531174
2,2520,100,task1_return,IDLGated,0.98486328125,0.173828125,0.97607421875,0.17626953125,0.9794921875,0.18017578125,1.0,1.4840580382971618,0.21143452670393867
2,2530,110,task1_return,MLP,0.9892578125,0.1806640625,0.0,0.0,0.0,0.0,1.0,0.0,0.0
2,2530,110,task1_return,ChevronSlow,0.9931640625,0.17529296875,0.98095703125,0.1640625,0.9736328125,0.19873046875,1.0,1.044322051783805,0.23718580704319137
2,2530,110,task1_return,IDLGated,0.9853515625,0.173828125,0.97802734375,0.1748046875,0.98046875,0.17919921875,1.0,1.407201582465439,0.20738773429553575
2,2540,120,task1_return,MLP,0.990234375,0.1728515625,0.0,0.0,0.0,0.0,1.0,0.0,0.0
2,2540,120,task1_return,ChevronSlow,0.98974609375,0.16943359375,0.97265625,0.15869140625,0.97802734375,0.19287109375,1.0,1.063308601442587,0.2315436535268247
2,2540,120,task1_return,IDLGated,0.98681640625,0.17236328125,0.96875,0.17529296875,0.98486328125,0.1767578125,1.0,1.3327674924603807,0.20326756213328054
2,2550,130,task1_return,MLP,0.98876953125,0.17138671875,0.0,0.0,0.0,0.0,1.0,0.0,0.0
2,2550,130,task1_return,ChevronSlow,0.99462890625,0.17236328125,0.982421875,0.16015625,0.978515625,0.19384765625,1.0,1.0779933280376044,0.22663956536007593
2,2550,130,task1_return,IDLGated,0.98681640625,0.17138671875,0.970703125,0.171875,0.986328125,0.17724609375,1.0,1.2615205666851748,0.1991450670764052
2,2560,140,task1_return,MLP,0.9892578125,0.1748046875,0.0,0.0,0.0,0.0,1.0,0.0,0.0
2,2560,140,task1_return,ChevronSlow,0.99169921875,0.17578125,0.9892578125,0.16552734375,0.97607421875,0.19287109375,1.0,1.0894045927268996,0.22118232150593706
2,2560,140,task1_return,IDLGated,0.986328125,0.171875,0.98046875,0.16552734375,0.98486328125,0.17626953125,1.0,1.1925393084457119,0.19498705889294488
2,2570,150,task1_return,MLP,0.990234375,0.177734375,0.0,0.0,0.0,0.0,1.0,0.0,0.0
2,2570,150,task1_return,ChevronSlow,0.994140625,0.17529296875,0.9892578125,0.1650390625,0.97900390625,0.193359375,1.0,1.0957423173465417,0.21597913366575291
2,2570,150,task1_return,IDLGated,0.986328125,0.17236328125,0.98095703125,0.16552734375,0.98486328125,0.177734375,1.0,1.1262122118297015,0.19125809122111892
2,2580,160,task1_return,MLP,0.98828125,0.17431640625,0.0,0.0,0.0,0.0,1.0,0.0,0.0
2,2580,160,task1_return,ChevronSlow,0.99365234375,0.1728515625,0.98583984375,0.1611328125,0.97802734375,0.19140625,1.0,1.0974593037594358,0.21103570552346645
2,2580,160,task1_return,IDLGated,0.98681640625,0.171875,0.98095703125,0.1640625,0.984375,0.17626953125,0.9999997615814209,1.061975148695228,0.18803437227606515
2,2590,170,task1_return,MLP,0.98974609375,0.17578125,0.0,0.0,0.0,0.0,1.0,0.0,0.0
2,2590,170,task1_return,ChevronSlow,0.994140625,0.17138671875,0.9814453125,0.1611328125,0.98095703125,0.189453125,1.0,1.0949748669914134,0.20687923727184002
2,2590,170,task1_return,IDLGated,0.98828125,0.17138671875,0.97900390625,0.1630859375,0.98388671875,0.17626953125,0.9999992847442627,1.0005642732515097,0.1852771111247828
2,2600,180,task1_return,MLP,0.9912109375,0.17578125,0.0,0.0,0.0,0.0,1.0,0.0,0.0
2,2600,180,task1_return,ChevronSlow,0.99462890625,0.17578125,0.9892578125,0.1650390625,0.9794921875,0.18994140625,1.0,1.088687538108799,0.2032704558077361
2,2600,180,task1_return,IDLGated,0.98876953125,0.17333984375,0.9853515625,0.169921875,0.98583984375,0.1787109375,0.9999972581863403,0.9422037249205427,0.18268728887056823
2,2610,190,task1_return,MLP,0.9892578125,0.17724609375,0.0,0.0,0.0,0.0,1.0,0.0,0.0
2,2610,190,task1_return,ChevronSlow,0.9931640625,0.177734375,0.99072265625,0.16845703125,0.978515625,0.19140625,1.0,1.0789830291625457,0.19906667139290452
2,2610,190,task1_return,IDLGated,0.98974609375,0.17333984375,0.98681640625,0.1728515625,0.984375,0.17822265625,0.9999908208847046,0.8871737041321998,0.17922572388080785
2,2620,200,task1_return,MLP,0.9892578125,0.1728515625,0.0,0.0,0.0,0.0,1.0,0.0,0.0
2,2620,200,task1_return,ChevronSlow,0.990234375,0.1689453125,0.9794921875,0.16259765625,0.98193359375,0.18896484375,1.0,1.0673646881495868,0.19499967150507
2,2620,200,task1_return,IDLGated,0.9912109375,0.1689453125,0.9775390625,0.1689453125,0.986328125,0.17529296875,0.9999712705612183,0.8353577474659456,0.17559336868764977
2,2630,210,task1_return,MLP,0.98974609375,0.171875,0.0,0.0,0.0,0.0,1.0,0.0,0.0
2,2630,210,task1_return,ChevronSlow,0.99267578125,0.16845703125,0.982421875,0.15771484375,0.98193359375,0.18798828125,1.0,1.054337559704667,0.19173252702584206
2,2630,210,task1_return,IDLGated,0.99072265625,0.16748046875,0.97900390625,0.1630859375,0.9853515625,0.17431640625,0.9999159574508667,0.7865681354182636,0.17302380702831843
2,2640,220,task1_return,MLP,0.98974609375,0.17578125,0.0,0.0,0.0,0.0,1.0,0.0,0.0
2,2640,220,task1_return,ChevronSlow,0.994140625,0.17431640625,0.98486328125,0.16455078125,0.98046875,0.18896484375,1.0,1.039287923421732,0.1886573549231134
2,2640,220,task1_return,IDLGated,0.9912109375,0.1708984375,0.982421875,0.16845703125,0.98583984375,0.17431640625,0.9997692704200745,0.7406281123652182,0.1703857905725245
2,2650,230,task1_return,MLP,0.99072265625,0.17724609375,0.0,0.0,0.0,0.0,1.0,0.0,0.0
2,2650,230,task1_return,ChevronSlow,0.99462890625,0.1767578125,0.98876953125,0.16748046875,0.9794921875,0.18896484375,1.0,1.0207296793407385,0.1853748118844274
2,2650,230,task1_return,IDLGated,0.99169921875,0.1728515625,0.9892578125,0.173828125,0.98486328125,0.17578125,0.9994025230407715,0.6973712462099437,0.16762929256379036
2,2660,240,task1_return,MLP,0.98974609375,0.17626953125,0.0,0.0,0.0,0.0,1.0,0.0,0.0
2,2660,240,task1_return,ChevronSlow,0.99169921875,0.17919921875,0.994140625,0.16845703125,0.97802734375,0.19091796875,1.0,0.9990648023289348,0.1821689563617096
2,2660,240,task1_return,IDLGated,0.98876953125,0.17626953125,0.984375,0.1767578125,0.98291015625,0.17724609375,0.9985374212265015,0.656640825430338,0.1652259325136454
2,2670,250,task1_return,MLP,0.9912109375,0.17578125,0.0,0.0,0.0,0.0,1.0,0.0,0.0
2,2670,250,task1_return,ChevronSlow,0.994140625,0.17578125,0.9892578125,0.1669921875,0.978515625,0.189453125,1.0,0.9749732234945478,0.17909038353881285
2,2670,250,task1_return,IDLGated,0.98974609375,0.1748046875,0.9892578125,0.17431640625,0.9833984375,0.1767578125,0.9966061115264893,0.6182892913425765,0.16234919319423255
2,2680,260,end_return,MLP,0.99072265625,0.177734375,0.0,0.0,0.0,0.0,1.0,0.0,0.0
2,2680,260,end_return,ChevronSlow,0.9951171875,0.17529296875,0.98681640625,0.16552734375,0.98095703125,0.18798828125,1.0,0.9498871368652335,0.1760462479382219
2,2680,260,end_return,IDLGated,0.99267578125,0.17431640625,0.9853515625,0.1787109375,0.98583984375,0.1748046875,0.9925192594528198,0.582177703523646,0.15945722826486802
3,0,0,task1_initial,MLP,0.3193359375,0.46923828125,0.0,0.0,0.0,0.0,1.0,0.0,0.0
3,0,0,task1_initial,ChevronSlow,0.38427734375,0.52392578125,0.38427734375,0.52392578125,0.38427734375,0.52392578125,1.0,0.0,0.0
3,0,0,task1_initial,IDLGated,0.53173828125,0.38671875,0.53173828125,0.38671875,0.53173828125,0.38671875,1.0,0.0,0.0
3,10,0,task1_initial,MLP,0.8486328125,0.17431640625,0.0,0.0,0.0,0.0,1.0,0.0,0.0
3,10,0,task1_initial,ChevronSlow,0.85400390625,0.33935546875,0.86083984375,0.3212890625,0.53173828125,0.38671875,1.0,0.0005165757088387821,0.020881197866039328
3,10,0,task1_initial,IDLGated,0.86083984375,0.2607421875,0.9150390625,0.26416015625,0.62841796875,0.30908203125,0.00036765349796041846,0.0005453729726492105,0.02275371347025957
3,20,0,task1_initial,MLP,0.93212890625,0.17431640625,0.0,0.0,0.0,0.0,1.0,0.0,0.0
3,20,0,task1_initial,ChevronSlow,0.9169921875,0.26806640625,0.9111328125,0.267578125,0.8935546875,0.3037109375,1.0,0.003379326427363858,0.03887971611787514
3,20,0,task1_initial,IDLGated,0.9443359375,0.232421875,0.94482421875,0.23486328125,0.8193359375,0.24169921875,0.0003964735078625381,0.003977064128424881,0.043515485159393234
3,30,0,task1_initial,MLP,0.94287109375,0.18017578125,0.0,0.0,0.0,0.0,1.0,0.0,0.0
3,30,0,task1_initial,ChevronSlow,0.94482421875,0.23388671875,0.9453125,0.23388671875,0.93017578125,0.2412109375,1.0,0.01031154731754803,0.058010292296324276
3,30,0,task1_initial,IDLGated,0.95068359375,0.21923828125,0.951171875,0.21875,0.8876953125,0.2314453125,0.00048283152864314616,0.012938202460269789,0.06338910192709098
3,40,0,task1_initial,MLP,0.9482421875,0.189453125,0.0,0.0,0.0,0.0,1.0,0.0,0.0
3,40,0,task1_initial,ChevronSlow,0.9541015625,0.2138671875,0.9521484375,0.21533203125,0.958984375,0.2099609375,1.0,0.023618157019066086,0.07787834412943899
3,40,0,task1_initial,IDLGated,0.955078125,0.2021484375,0.95166015625,0.201171875,0.93017578125,0.21630859375,0.0007075502653606236,0.030318461158287312,0.08270337554244014
3,50,0,task1_initial,MLP,0.9453125,0.203125,0.0,0.0,0.0,0.0,1.0,0.0,0.0
3,50,0,task1_initial,ChevronSlow,0.9501953125,0.21728515625,0.94873046875,0.21826171875,0.95556640625,0.2119140625,1.0,0.04639151792487592,0.0965553246320642
3,50,0,task1_initial,IDLGated,0.953125,0.21142578125,0.95166015625,0.208984375,0.9345703125,0.2197265625,0.0013162469258531928,0.05856119410519997,0.09886804584138005
3,60,0,task1_initial,MLP,0.9453125,0.2138671875,0.0,0.0,0.0,0.0,1.0,0.0,0.0
3,60,0,task1_initial,ChevronSlow,0.9501953125,0.21630859375,0.94873046875,0.216796875,0.955078125,0.212890625,1.0,0.08120196046790246,0.1109800886023524
3,60,0,task1_initial,IDLGated,0.953125,0.20947265625,0.95166015625,0.21044921875,0.935546875,0.22119140625,0.0032096882350742817,0.09916515861461177,0.1102757883333012
3,70,0,task1_initial,MLP,0.94873046875,0.2109375,0.0,0.0,0.0,0.0,1.0,0.0,0.0
3,70,0,task1_initial,ChevronSlow,0.95263671875,0.20947265625,0.95263671875,0.208984375,0.95654296875,0.21142578125,1.0,0.12791353409368011,0.12156590600644966
3,70,0,task1_initial,IDLGated,0.95458984375,0.20751953125,0.9541015625,0.20263671875,0.9423828125,0.22314453125,0.009926619939506054,0.15079277589460055,0.11834212147924426
3,80,0,task1_initial,MLP,0.94970703125,0.20703125,0.0,0.0,0.0,0.0,1.0,0.0,0.0
3,80,0,task1_initial,ChevronSlow,0.9541015625,0.19921875,0.95458984375,0.19873046875,0.958984375,0.20849609375,1.0,0.18514078019951874,0.12842141320204822
3,80,0,task1_initial,IDLGated,0.95556640625,0.19775390625,0.95361328125,0.1953125,0.9443359375,0.22119140625,0.03663245216012001,0.2113863417444613,0.1232026449108699
3,90,0,task1_initial,MLP,0.94921875,0.20263671875,0.0,0.0,0.0,0.0,1.0,0.0,0.0
3,90,0,task1_initial,ChevronSlow,0.95751953125,0.19482421875,0.9580078125,0.193359375,0.95947265625,0.20751953125,1.0,0.25073382940342775,0.13393570767010468
3,90,0,task1_initial,IDLGated,0.9580078125,0.19482421875,0.95703125,0.19189453125,0.94384765625,0.21630859375,0.14290973544120789,0.27857590614477995,0.1271459669586037
3,100,0,task1_initial,MLP,0.94970703125,0.2001953125,0.0,0.0,0.0,0.0,1.0,0.0,0.0
3,100,0,task1_initial,ChevronSlow,0.95947265625,0.1953125,0.9599609375,0.1953125,0.9599609375,0.20654296875,1.0,0.32149753156673294,0.13756998655581532
3,100,0,task1_initial,IDLGated,0.9599609375,0.1943359375,0.95947265625,0.19189453125,0.9482421875,0.2080078125,0.4392015039920807,0.3488907555622977,0.12945237541023294
3,110,0,task1_initial,MLP,0.94970703125,0.1953125,0.0,0.0,0.0,0.0,1.0,0.0,0.0
3,110,0,task1_initial,ChevronSlow,0.9580078125,0.1875,0.958984375,0.1865234375,0.95849609375,0.20068359375,1.0,0.39639226026443325,0.1405686438776395
3,110,0,task1_initial,IDLGated,0.96044921875,0.18603515625,0.96044921875,0.1845703125,0.95703125,0.19970703125,0.7948890328407288,0.4215750727777215,0.13171093281464155
3,120,0,task1_initial,MLP,0.94677734375,0.18798828125,0.0,0.0,0.0,0.0,1.0,0.0,0.0
3,120,0,task1_initial,ChevronSlow,0.9580078125,0.177734375,0.9560546875,0.17724609375,0.96240234375,0.197265625,1.0,0.47364349301257647,0.14198719261966541
3,120,0,task1_initial,IDLGated,0.95849609375,0.1767578125,0.9599609375,0.17431640625,0.955078125,0.197265625,0.951290488243103,0.4950884275949699,0.1328628550282636
3,130,0,task1_initial,MLP,0.94775390625,0.18701171875,0.0,0.0,0.0,0.0,1.0,0.0,0.0
3,130,0,task1_initial,ChevronSlow,0.96240234375,0.1787109375,0.9599609375,0.177734375,0.96435546875,0.20068359375,1.0,0.550712412894869,0.14247912733113272
3,130,0,task1_initial,IDLGated,0.96337890625,0.17919921875,0.962890625,0.17626953125,0.9541015625,0.19921875,0.9896201491355896,0.5671571310416255,0.1331631701526471
3,140,0,task1_initial,MLP,0.94970703125,0.205078125,0.0,0.0,0.0,0.0,1.0,0.0,0.0
3,140,0,task1_initial,ChevronSlow,0.95947265625,0.2060546875,0.9609375,0.20458984375,0.95654296875,0.21923828125,1.0,0.6260285090582091,0.14192845359721543
3,140,0,task1_initial,IDLGated,0.96142578125,0.20458984375,0.9619140625,0.20263671875,0.9482421875,0.21728515625,0.9977265000343323,0.6365535598410694,0.132399172614585
3,150,0,task1_initial,MLP,0.9541015625,0.20263671875,0.0,0.0,0.0,0.0,1.0,0.0,0.0
3,150,0,task1_initial,ChevronSlow,0.96875,0.18603515625,0.96875,0.1826171875,0.962890625,0.21044921875,1.0,0.6974558537176356,0.14111060862600844
3,150,0,task1_initial,IDLGated,0.96923828125,0.1845703125,0.96875,0.18408203125,0.95751953125,0.205078125,0.9994530081748962,0.7013842983686216,0.13174286156377205
3,160,0,task1_initial,MLP,0.95068359375,0.18115234375,0.0,0.0,0.0,0.0,1.0,0.0,0.0
3,160,0,task1_initial,ChevronSlow,0.9677734375,0.169921875,0.96630859375,0.1689453125,0.9677734375,0.19970703125,1.0,0.7640239813406304,0.14093116228882366
3,160,0,task1_initial,IDLGated,0.96875,0.1708984375,0.96923828125,0.16748046875,0.96142578125,0.19384765625,0.999853253364563,0.7612102457056122,0.1318340676731266
3,170,0,task1_initial,MLP,0.95458984375,0.1767578125,0.0,0.0,0.0,0.0,1.0,0.0,0.0
3,170,0,task1_initial,ChevronSlow,0.9697265625,0.17333984375,0.97021484375,0.1708984375,0.96484375,0.2080078125,1.0,0.8258529836516677,0.14062519627614725
3,170,0,task1_initial,IDLGated,0.970703125,0.1708984375,0.97119140625,0.16845703125,0.96337890625,0.19482421875,0.9999561309814453,0.8161452576278383,0.13172832515223587
3,180,0,task1_initial,MLP,0.95654296875,0.1796875,0.0,0.0,0.0,0.0,1.0,0.0,0.0
3,180,0,task1_initial,ChevronSlow,0.97021484375,0.17529296875,0.97119140625,0.1728515625,0.966796875,0.2060546875,1.0,0.882934060688472,0.13986917992175332
3,180,0,task1_initial,IDLGated,0.97314453125,0.17578125,0.97216796875,0.171875,0.9658203125,0.1943359375,0.9999854564666748,0.8664305404237737,0.13096865334279179
3,190,0,task1_initial,MLP,0.95458984375,0.17724609375,0.0,0.0,0.0,0.0,1.0,0.0,0.0
3,190,0,task1_initial,ChevronSlow,0.9736328125,0.17529296875,0.97314453125,0.173828125,0.97021484375,0.20361328125,1.0,0.9353529843796217,0.1382704396295397
3,190,0,task1_initial,IDLGated,0.9755859375,0.17578125,0.974609375,0.1728515625,0.96435546875,0.19384765625,0.9999947547912598,0.9121639952989357,0.12951457550386192
3,200,0,task1_initial,MLP,0.95947265625,0.19189453125,0.0,0.0,0.0,0.0,1.0,0.0,0.0
3,200,0,task1_initial,ChevronSlow,0.9765625,0.1884765625,0.9775390625,0.1865234375,0.96826171875,0.2099609375,1.0,0.9822104074313676,0.1364381005171609
3,200,0,task1_initial,IDLGated,0.97802734375,0.18603515625,0.97998046875,0.18505859375,0.96484375,0.2001953125,0.9999978542327881,0.9524212227810126,0.12770524773084996
3,210,0,task1_initial,MLP,0.958984375,0.1875,0.0,0.0,0.0,0.0,1.0,0.0,0.0
3,210,0,task1_initial,ChevronSlow,0.9775390625,0.18115234375,0.97705078125,0.17919921875,0.97021484375,0.20166015625,1.0,1.0228855104898014,0.1361268321304077
3,210,0,task1_initial,IDLGated,0.97900390625,0.181640625,0.97900390625,0.17724609375,0.96630859375,0.19482421875,0.999998927116394,0.9867018391434037,0.12743177737924938
3,220,0,task1_initial,MLP,0.958984375,0.17822265625,0.0,0.0,0.0,0.0,1.0,0.0,0.0
3,220,0,task1_initial,ChevronSlow,0.97900390625,0.17431640625,0.9775390625,0.17236328125,0.97265625,0.197265625,1.0,1.0586060779362934,0.13527820078996305
3,220,0,task1_initial,IDLGated,0.9794921875,0.17431640625,0.9794921875,0.171875,0.97265625,0.18798828125,0.9999994039535522,1.01616788910472,0.12660513846527627
3,230,0,task1_initial,MLP,0.9619140625,0.1845703125,0.0,0.0,0.0,0.0,1.0,0.0,0.0
3,230,0,task1_initial,ChevronSlow,0.97998046875,0.18701171875,0.97998046875,0.1845703125,0.97021484375,0.2041015625,1.0,1.0887260173297533,0.13444508333355848
3,230,0,task1_initial,IDLGated,0.9794921875,0.185546875,0.9814453125,0.1845703125,0.97021484375,0.19482421875,0.9999996423721313,1.040320848091647,0.12598692772792983
3,240,0,task1_initial,MLP,0.96484375,0.19287109375,0.0,0.0,0.0,0.0,1.0,0.0,0.0
3,240,0,task1_initial,ChevronSlow,0.98046875,0.18701171875,0.98046875,0.18603515625,0.97216796875,0.2041015625,1.0,1.1145959438332889,0.1335988136184389
3,240,0,task1_initial,IDLGated,0.9814453125,0.18701171875,0.98388671875,0.18505859375,0.97412109375,0.19287109375,0.9999997615814209,1.060487010528653,0.1250662218974881
3,250,0,task1_initial,MLP,0.96435546875,0.18994140625,0.0,0.0,0.0,0.0,1.0,0.0,0.0
3,250,0,task1_initial,ChevronSlow,0.9814453125,0.1845703125,0.982421875,0.18359375,0.97509765625,0.19677734375,1.0,1.136454140385067,0.13271876071959815
3,250,0,task1_initial,IDLGated,0.98193359375,0.18408203125,0.98291015625,0.18310546875,0.97607421875,0.18994140625,0.9999998807907104,1.0770323511653732,0.12407585601229615
3,260,0,task1_initial,MLP,0.966796875,0.1875,0.0,0.0,0.0,0.0,1.0,0.0,0.0
3,260,0,task1_initial,ChevronSlow,0.982421875,0.1826171875,0.982421875,0.181640625,0.9775390625,0.19140625,1.0,1.1542377299116198,0.13222155142442232
3,260,0,task1_initial,IDLGated,0.98291015625,0.18359375,0.984375,0.18212890625,0.97802734375,0.18896484375,0.9999998807907104,1.0897634225751782,0.12363887435357078
3,270,0,task1_initial,MLP,0.96533203125,0.1796875,0.0,0.0,0.0,0.0,1.0,0.0,0.0
3,270,0,task1_initial,ChevronSlow,0.984375,0.17626953125,0.982421875,0.17529296875,0.98095703125,0.185546875,1.0,1.1679096500972974,0.1319617902450268
3,270,0,task1_initial,IDLGated,0.98388671875,0.1767578125,0.98388671875,0.17529296875,0.978515625,0.18701171875,0.9999998807907104,1.0986350888720613,0.12349099221078888
3,280,0,task1_initial,MLP,0.9697265625,0.1845703125,0.0,0.0,0.0,0.0,1.0,0.0,0.0
3,280,0,task1_initial,ChevronSlow,0.98486328125,0.18603515625,0.98486328125,0.1845703125,0.978515625,0.1923828125,1.0,1.178150504858148,0.13187501730977727
3,280,0,task1_initial,IDLGated,0.98486328125,0.185546875,0.9853515625,0.18408203125,0.98095703125,0.18798828125,0.9999998807907104,1.1044649665429531,0.1232650259324636
3,290,0,task1_initial,MLP,0.9697265625,0.19140625,0.0,0.0,0.0,0.0,1.0,0.0,0.0
3,290,0,task1_initial,ChevronSlow,0.98583984375,0.1875,0.98681640625,0.1865234375,0.98095703125,0.1884765625,1.0,1.1853875663985167,0.13155518818321915
3,290,0,task1_initial,IDLGated,0.98681640625,0.18701171875,0.98779296875,0.18798828125,0.97998046875,0.18994140625,0.9999998807907104,1.1076316815007965,0.12283563963406927
3,300,0,task1_initial,MLP,0.9736328125,0.1884765625,0.0,0.0,0.0,0.0,1.0,0.0,0.0
3,300,0,task1_initial,ChevronSlow,0.98779296875,0.1826171875,0.9873046875,0.18115234375,0.9833984375,0.18310546875,1.0,1.1896302468245854,0.13023285716691307
3,300,0,task1_initial,IDLGated,0.99072265625,0.1826171875,0.990234375,0.18505859375,0.98291015625,0.18603515625,0.9999998807907104,1.1081622645554208,0.1214427089348959
3,310,0,task1_initial,MLP,0.9716796875,0.17431640625,0.0,0.0,0.0,0.0,1.0,0.0,0.0
3,310,0,task1_initial,ChevronSlow,0.98095703125,0.169921875,0.9794921875,0.16943359375,0.9853515625,0.171875,1.0,1.1904318183385385,0.12921794138664597
3,310,0,task1_initial,IDLGated,0.9833984375,0.17138671875,0.98388671875,0.1689453125,0.97802734375,0.1748046875,0.9999998807907104,1.105688515824812,0.12045192861220609
3,320,0,task1_initial,MLP,0.97314453125,0.177734375,0.0,0.0,0.0,0.0,1.0,0.0,0.0
3,320,0,task1_initial,ChevronSlow,0.98388671875,0.1787109375,0.98291015625,0.1796875,0.9873046875,0.17724609375,1.0,1.1878158989593652,0.1287711879222565
3,320,0,task1_initial,IDLGated,0.982421875,0.177734375,0.984375,0.1787109375,0.98046875,0.1787109375,0.9999998807907104,1.1000673859751815,0.12006236685993989
3,330,0,task1_initial,MLP,0.97314453125,0.18701171875,0.0,0.0,0.0,0.0,1.0,0.0,0.0
3,330,0,task1_initial,ChevronSlow,0.984375,0.1865234375,0.98291015625,0.189453125,0.9853515625,0.18212890625,1.0,1.183416902293917,0.12838862879763466
3,330,0,task1_initial,IDLGated,0.98388671875,0.18505859375,0.98388671875,0.1865234375,0.9833984375,0.1845703125,0.9999998807907104,1.0929441818237893,0.11971135995260664
3,340,0,task1_initial,MLP,0.97705078125,0.18505859375,0.0,0.0,0.0,0.0,1.0,0.0,0.0
3,340,0,task1_initial,ChevronSlow,0.9892578125,0.18212890625,0.98974609375,0.18212890625,0.986328125,0.18212890625,1.0,1.1779116427607232,0.12684595477216362
3,340,0,task1_initial,IDLGated,0.98876953125,0.18310546875,0.9892578125,0.18310546875,0.98486328125,0.181640625,0.9999998807907104,1.0848934212726564,0.11829150701879411
3,350,0,task1_initial,MLP,0.97900390625,0.18017578125,0.0,0.0,0.0,0.0,1.0,0.0,0.0
3,350,0,task1_initial,ChevronSlow,0.98779296875,0.1787109375,0.986328125,0.17822265625,0.9892578125,0.17724609375,1.0,1.1708178242567187,0.12619112335087074
3,350,0,task1_initial,IDLGated,0.98779296875,0.18017578125,0.98876953125,0.18017578125,0.9833984375,0.1787109375,0.9999998807907104,1.0757089683250363,0.11768366483893775
3,360,0,task1_initial,MLP,0.97802734375,0.18505859375,0.0,0.0,0.0,0.0,1.0,0.0,0.0
3,360,0,task1_initial,ChevronSlow,0.990234375,0.18212890625,0.986328125,0.18310546875,0.986328125,0.1806640625,1.0,1.1624825948048039,0.1257014097355659
3,360,0,task1_initial,IDLGated,0.990234375,0.18310546875,0.990234375,0.18408203125,0.98583984375,0.18212890625,0.9999997615814209,1.0657776077517003,0.1170709229373675
3,370,0,task1_initial,MLP,0.97900390625,0.18701171875,0.0,0.0,0.0,0.0,1.0,0.0,0.0
3,370,0,task1_initial,ChevronSlow,0.986328125,0.1884765625,0.98828125,0.18798828125,0.98486328125,0.181640625,1.0,1.1526098941507403,0.12501948313293298
3,370,0,task1_initial,IDLGated,0.9873046875,0.1875,0.9873046875,0.18798828125,0.98828125,0.1826171875,0.9999997615814209,1.0544773228289703,0.11610541432155921
3,380,0,task1_initial,MLP,0.978515625,0.18408203125,0.0,0.0,0.0,0.0,1.0,0.0,0.0
3,380,0,task1_initial,ChevronSlow,0.9853515625,0.18115234375,0.9833984375,0.181640625,0.98974609375,0.17626953125,1.0,1.1412374343058398,0.1244912712133626
3,380,0,task1_initial,IDLGated,0.98583984375,0.181640625,0.9853515625,0.18212890625,0.984375,0.18017578125,0.9999996423721313,1.041824315662225,0.11567805190003734
3,390,0,task1_initial,MLP,0.98095703125,0.18212890625,0.0,0.0,0.0,0.0,1.0,0.0,0.0
3,390,0,task1_initial,ChevronSlow,0.99072265625,0.1826171875,0.98974609375,0.18359375,0.98876953125,0.17333984375,1.0,1.1287532343020024,0.12331496900290247
3,390,0,task1_initial,IDLGated,0.98974609375,0.1826171875,0.98974609375,0.18408203125,0.98779296875,0.17822265625,0.9999996423721313,1.028088563208552,0.11427599550425356
3,400,0,task1_initial,MLP,0.98095703125,0.1845703125,0.0,0.0,0.0,0.0,1.0,0.0,0.0
3,400,0,task1_initial,ChevronSlow,0.986328125,0.1884765625,0.986328125,0.19189453125,0.982421875,0.1787109375,1.0,1.1150153365828455,0.12196745136072816
3,400,0,task1_initial,IDLGated,0.986328125,0.1884765625,0.9853515625,0.18994140625,0.9892578125,0.18017578125,0.9999994039535522,1.0132881235984894,0.11260934517009535
3,410,0,task1_initial,MLP,0.97998046875,0.18603515625,0.0,0.0,0.0,0.0,1.0,0.0,0.0
3,410,0,task1_initial,ChevronSlow,0.98974609375,0.18359375,0.98486328125,0.18408203125,0.98876953125,0.17236328125,1.0,1.0991025851570242,0.12134686918722769
3,410,0,task1_initial,IDLGated,0.990234375,0.1845703125,0.9892578125,0.185546875,0.9892578125,0.1796875,0.9999991655349731,0.996343923907837,0.11202029544330258
3,420,0,task1_initial,MLP,0.9814453125,0.18505859375,0.0,0.0,0.0,0.0,1.0,0.0,0.0
3,420,0,task1_initial,ChevronSlow,0.98974609375,0.18359375,0.98291015625,0.1845703125,0.98974609375,0.17431640625,1.0,1.0810661424130616,0.12091076171478689
3,420,0,task1_initial,IDLGated,0.98779296875,0.18359375,0.98583984375,0.1845703125,0.98876953125,0.18017578125,0.9999986886978149,0.977317441262143,0.11157653240885583
3,430,0,task1_initial,MLP,0.98291015625,0.17919921875,0.0,0.0,0.0,0.0,1.0,0.0,0.0
3,430,0,task1_initial,ChevronSlow,0.9892578125,0.1787109375,0.98779296875,0.18212890625,0.9892578125,0.17333984375,1.0,1.0621140428544138,0.11968900490285453
3,430,0,task1_initial,IDLGated,0.98974609375,0.1787109375,0.98876953125,0.1796875,0.990234375,0.177734375,0.9999980926513672,0.9575234392922821,0.11058745571741749
3,440,0,task1_initial,MLP,0.98388671875,0.1845703125,0.0,0.0,0.0,0.0,1.0,0.0,0.0
3,440,0,task1_initial,ChevronSlow,0.98828125,0.18701171875,0.98876953125,0.18798828125,0.982421875,0.18115234375,1.0,1.043012879022865,0.11878251156569596
3,440,0,task1_initial,IDLGated,0.98828125,0.18603515625,0.98828125,0.18701171875,0.98828125,0.18359375,0.9999970197677612,0.9379577374303282,0.1094861799344099
3,450,0,task1_initial,MLP,0.98583984375,0.18212890625,0.0,0.0,0.0,0.0,1.0,0.0,0.0
3,450,0,task1_initial,ChevronSlow,0.98974609375,0.185546875,0.9892578125,0.18603515625,0.982421875,0.17822265625,1.0,1.0238631595861862,0.11722620605925413
3,450,0,task1_initial,IDLGated,0.9873046875,0.185546875,0.98681640625,0.18603515625,0.9892578125,0.18310546875,0.9999954700469971,0.9187583821021647,0.10794038046382673
3,460,0,task1_initial,MLP,0.986328125,0.18603515625,0.0,0.0,0.0,0.0,1.0,0.0,0.0
3,460,0,task1_initial,ChevronSlow,0.99072265625,0.1865234375,0.9892578125,0.1875,0.98583984375,0.17822265625,1.0,1.0043056890431095,0.11676760310858138
3,460,0,task1_initial,IDLGated,0.98974609375,0.18701171875,0.98876953125,0.1875,0.98876953125,0.1826171875,0.9999929666519165,0.8994125067632938,0.1073231810789315
3,470,0,task1_initial,MLP,0.98291015625,0.18212890625,0.0,0.0,0.0,0.0,1.0,0.0,0.0
3,470,0,task1_initial,ChevronSlow,0.98291015625,0.18115234375,0.978515625,0.1826171875,0.98974609375,0.173828125,1.0,0.984143150933757,0.11581684903750453
3,470,0,task1_initial,IDLGated,0.9833984375,0.181640625,0.97998046875,0.18212890625,0.9892578125,0.1806640625,0.9999891519546509,0.8794063234176187,0.10659345792363104
3,480,0,task1_initial,MLP,0.98876953125,0.18017578125,0.0,0.0,0.0,0.0,1.0,0.0,0.0
3,480,0,task1_initial,ChevronSlow,0.98828125,0.18359375,0.98974609375,0.1845703125,0.978515625,0.17822265625,1.0,0.9632847111234729,0.11428215024969306
3,480,0,task1_initial,IDLGated,0.98828125,0.1826171875,0.98974609375,0.1826171875,0.98876953125,0.18212890625,0.9999828338623047,0.8587235872004935,0.10478679763849243
3,490,0,task1_initial,MLP,0.98876953125,0.18212890625,0.0,0.0,0.0,0.0,1.0,0.0,0.0
3,490,0,task1_initial,ChevronSlow,0.990234375,0.18115234375,0.9912109375,0.1826171875,0.9814453125,0.1787109375,1.0,0.9414347874213658,0.1132187062518802
3,490,0,task1_initial,IDLGated,0.9892578125,0.1826171875,0.9912109375,0.181640625,0.9892578125,0.18212890625,0.9999723434448242,0.8371198741801379,0.1038220321829212
3,500,0,task1_initial,MLP,0.9921875,0.1748046875,0.0,0.0,0.0,0.0,1.0,0.0,0.0
3,500,0,task1_initial,ChevronSlow,0.9921875,0.17578125,0.990234375,0.17626953125,0.982421875,0.17431640625,1.0,0.918103884589401,0.11204416782215615
3,500,0,task1_initial,IDLGated,0.9912109375,0.17578125,0.99169921875,0.17529296875,0.9921875,0.17919921875,0.999954342842102,0.814340148048756,0.1027324012965183
3,510,0,task1_initial,MLP,0.990234375,0.1728515625,0.0,0.0,0.0,0.0,1.0,0.0,0.0
3,510,0,task1_initial,ChevronSlow,0.990234375,0.17578125,0.9912109375,0.17431640625,0.984375,0.17529296875,1.0,0.8932555351209504,0.11091824233814442
3,510,0,task1_initial,IDLGated,0.99072265625,0.17529296875,0.98974609375,0.1748046875,0.9921875,0.177734375,0.9999221563339233,0.7900537523070338,0.10173924788440267
3,520,0,task1_initial,MLP,0.98876953125,0.17236328125,0.0,0.0,0.0,0.0,1.0,0.0,0.0
3,520,0,task1_initial,ChevronSlow,0.99072265625,0.17529296875,0.9892578125,0.1748046875,0.9853515625,0.173828125,1.0,0.8672365843155274,0.11020862871307234
3,520,0,task1_initial,IDLGated,0.9912109375,0.1748046875,0.990234375,0.17431640625,0.9921875,0.17724609375,0.9998636245727539,0.7645402483457538,0.10102839447599922
3,530,0,task1_initial,MLP,0.98876953125,0.1875,0.0,0.0,0.0,0.0,1.0,0.0,0.0
3,530,0,task1_initial,ChevronSlow,0.98583984375,0.19091796875,0.986328125,0.19140625,0.98486328125,0.18359375,1.0,0.8403359160760921,0.10966279363102281
3,530,0,task1_initial,IDLGated,0.986328125,0.18994140625,0.98681640625,0.18896484375,0.98779296875,0.18701171875,0.9997557997703552,0.7380676701001917,0.10009907061780686
3,540,0,task1_initial,MLP,0.9853515625,0.189453125,0.0,0.0,0.0,0.0,1.0,0.0,0.0
3,540,0,task1_initial,ChevronSlow,0.98681640625,0.1884765625,0.98583984375,0.19140625,0.98583984375,0.1865234375,1.0,0.8129413147314771,0.10914901303528032
3,540,0,task1_initial,IDLGated,0.986328125,0.1904296875,0.986328125,0.19189453125,0.9873046875,0.1875,0.9995574355125427,0.7110238567462965,0.09966429174112425
3,550,0,task1_initial,MLP,0.982421875,0.185546875,0.0,0.0,0.0,0.0,1.0,0.0,0.0
3,550,0,task1_initial,ChevronSlow,0.98486328125,0.18310546875,0.9814453125,0.185546875,0.99169921875,0.18017578125,1.0,0.7858179134541531,0.10786847576545433
3,550,0,task1_initial,IDLGated,0.9833984375,0.185546875,0.98193359375,0.18603515625,0.99072265625,0.185546875,0.9992015957832336,0.6841875723171691,0.0986827126214417
3,560,0,task1_initial,MLP,0.98779296875,0.17626953125,0.0,0.0,0.0,0.0,1.0,0.0,0.0
3,560,0,task1_initial,ChevronSlow,0.99072265625,0.17724609375,0.98974609375,0.17919921875,0.9912109375,0.17626953125,1.0,0.7584383802123312,0.10558184827812557
3,560,0,task1_initial,IDLGated,0.990234375,0.1787109375,0.98974609375,0.1787109375,0.99169921875,0.1796875,0.9985539317131042,0.6571564271423507,0.09658758205015547
3,570,0,task1_initial,MLP,0.98876953125,0.18798828125,0.0,0.0,0.0,0.0,1.0,0.0,0.0
3,570,0,task1_initial,ChevronSlow,0.98681640625,0.18994140625,0.9853515625,0.19140625,0.98974609375,0.18505859375,1.0,0.7300259315258061,0.10438126408777977
3,570,0,task1_initial,IDLGated,0.98779296875,0.18798828125,0.9873046875,0.1884765625,0.9892578125,0.18603515625,0.9973350167274475,0.6293138858247981,0.09511039038021607
3,580,0,task1_initial,MLP,0.98876953125,0.1884765625,0.0,0.0,0.0,0.0,1.0,0.0,0.0
3,580,0,task1_initial,ChevronSlow,0.9892578125,0.18701171875,0.98779296875,0.18798828125,0.98974609375,0.185546875,1.0,0.7008861076083692,0.10314556210554372
3,580,0,task1_initial,IDLGated,0.98974609375,0.18701171875,0.98876953125,0.1875,0.9892578125,0.18701171875,0.9950159192085266,0.60075022046887,0.09414347135345356
3,590,0,task1_initial,MLP,0.98486328125,0.18310546875,0.0,0.0,0.0,0.0,1.0,0.0,0.0
3,590,0,task1_initial,ChevronSlow,0.98681640625,0.1826171875,0.982421875,0.18212890625,0.99072265625,0.1806640625,1.0,0.6713437013710196,0.10258508176593678
3,590,0,task1_initial,IDLGated,0.98779296875,0.18359375,0.9853515625,0.18359375,0.98974609375,0.18505859375,0.9906405210494995,0.5719069992696527,0.0940243937012989
3,600,0,task1_initial,MLP,0.9853515625,0.177734375,0.0,0.0,0.0,0.0,1.0,0.0,0.0
3,600,0,task1_initial,ChevronSlow,0.98291015625,0.17724609375,0.9794921875,0.1748046875,0.99072265625,0.1787109375,1.0,0.6418578325894937,0.10181392951310711
3,600,0,task1_initial,IDLGated,0.9853515625,0.17822265625,0.9814453125,0.17578125,0.9892578125,0.181640625,0.982548713684082,0.5432154082473155,0.09351175967063916
3,610,0,task1_initial,MLP,0.9931640625,0.17626953125,0.0,0.0,0.0,0.0,1.0,0.0,0.0
3,610,0,task1_initial,ChevronSlow,0.99267578125,0.17724609375,0.9931640625,0.17626953125,0.99169921875,0.18017578125,1.0,0.6123165902430338,0.10082747459963441
3,610,0,task1_initial,IDLGated,0.9921875,0.1767578125,0.9912109375,0.17626953125,0.9912109375,0.18017578125,0.9677466750144958,0.5146067252682284,0.09251734037489612
3,620,0,task1_initial,MLP,0.9931640625,0.181640625,0.0,0.0,0.0,0.0,1.0,0.0,0.0
3,620,0,task1_initial,ChevronSlow,0.99072265625,0.1826171875,0.99072265625,0.1826171875,0.99072265625,0.18359375,1.0,0.5834375276725667,0.09995178823148414
3,620,0,task1_initial,IDLGated,0.990234375,0.181640625,0.990234375,0.18115234375,0.990234375,0.1826171875,0.9421188235282898,0.48680635726834753,0.09156164515538945
3,630,0,task1_initial,MLP,0.990234375,0.1826171875,0.0,0.0,0.0,0.0,1.0,0.0,0.0
3,630,0,task1_initial,ChevronSlow,0.99169921875,0.1826171875,0.9912109375,0.18310546875,0.99169921875,0.18212890625,1.0,0.5557465971179584,0.09882535675135494
3,630,0,task1_initial,IDLGated,0.990234375,0.18408203125,0.98974609375,0.18408203125,0.990234375,0.1845703125,0.9009764790534973,0.46036918273950694,0.09052429695460204
3,640,0,task1_initial,MLP,0.98828125,0.17333984375,0.0,0.0,0.0,0.0,1.0,0.0,0.0
3,640,0,task1_initial,ChevronSlow,0.990234375,0.17431640625,0.98876953125,0.17431640625,0.9912109375,0.17724609375,1.0,0.5288148473658869,0.097228623168516
3,640,0,task1_initial,IDLGated,0.9892578125,0.17626953125,0.9873046875,0.17431640625,0.9921875,0.17724609375,0.8384565711021423,0.43485404125894145,0.08901354813698632
3,650,0,task1_initial,MLP,0.99365234375,0.17578125,0.0,0.0,0.0,0.0,1.0,0.0,0.0
3,650,0,task1_initial,ChevronSlow,0.99267578125,0.17626953125,0.9921875,0.17626953125,0.99267578125,0.1767578125,1.0,0.5017858570482441,0.09652210981595005
3,650,0,task1_initial,IDLGated,0.9921875,0.1767578125,0.9921875,0.17578125,0.9912109375,0.17724609375,0.7488788366317749,0.40966552020300795,0.08841119182141537
3,660,0,task1_initial,MLP,0.986328125,0.1796875,0.0,0.0,0.0,0.0,1.0,0.0,0.0
3,660,0,task1_initial,ChevronSlow,0.98876953125,0.18017578125,0.98681640625,0.18115234375,0.99169921875,0.1787109375,1.0,0.47417653660000914,0.0962705325872649
3,660,0,task1_initial,IDLGated,0.98828125,0.18017578125,0.984375,0.18212890625,0.99169921875,0.17919921875,0.6378979682922363,0.38573873929907987,0.0882156854981876
3,670,0,task1_initial,MLP,0.99365234375,0.18017578125,0.0,0.0,0.0,0.0,1.0,0.0,0.0
3,670,0,task1_initial,ChevronSlow,0.99169921875,0.18115234375,0.99072265625,0.18310546875,0.99169921875,0.17919921875,1.0,0.44654821668376915,0.09537799667222854
3,670,0,task1_initial,IDLGated,0.9912109375,0.181640625,0.990234375,0.18359375,0.99169921875,0.1796875,0.517644464969635,0.3632094175812235,0.08723198247332976
3,680,0,task1_initial,MLP,0.99072265625,0.181640625,0.0,0.0,0.0,0.0,1.0,0.0,0.0
3,680,0,task1_initial,ChevronSlow,0.9912109375,0.18408203125,0.99072265625,0.18408203125,0.99169921875,0.18017578125,1.0,0.42046727792588257,0.09446483375697921
3,680,0,task1_initial,IDLGated,0.99072265625,0.18359375,0.990234375,0.1845703125,0.9912109375,0.1796875,0.4022522568702698,0.3419959355376217,0.08634433237779188
3,690,0,task1_initial,MLP,0.98486328125,0.18798828125,0.0,0.0,0.0,0.0,1.0,0.0,0.0
3,690,0,task1_initial,ChevronSlow,0.990234375,0.18603515625,0.98828125,0.18798828125,0.99169921875,0.18310546875,1.0,0.39590961334327807,0.09389705634403783
3,690,0,task1_initial,IDLGated,0.98974609375,0.18603515625,0.98828125,0.1865234375,0.9912109375,0.18359375,0.3024774193763733,0.32202144069708055,0.08585311021627222
3,700,0,task1_initial,MLP,0.99267578125,0.181640625,0.0,0.0,0.0,0.0,1.0,0.0,0.0
3,700,0,task1_initial,ChevronSlow,0.9921875,0.1826171875,0.9912109375,0.18359375,0.99169921875,0.1806640625,1.0,0.37278625511794033,0.09260894622935074
3,700,0,task1_initial,IDLGated,0.99072265625,0.18359375,0.9912109375,0.18359375,0.9912109375,0.18115234375,0.22282108664512634,0.30321356920692394,0.08462786307672386
3,710,0,task1_initial,MLP,0.99072265625,0.18017578125,0.0,0.0,0.0,0.0,1.0,0.0,0.0
3,710,0,task1_initial,ChevronSlow,0.99169921875,0.18212890625,0.99072265625,0.18310546875,0.9921875,0.18017578125,1.0,0.3512018312398073,0.0914703067115285
3,710,0,task1_initial,IDLGated,0.99072265625,0.18359375,0.98974609375,0.18408203125,0.9921875,0.181640625,0.16261371970176697,0.2855041836723128,0.08364301994282757
3,720,0,task1_initial,MLP,0.9892578125,0.18505859375,0.0,0.0,0.0,0.0,1.0,0.0,0.0
3,720,0,task1_initial,ChevronSlow,0.990234375,0.1865234375,0.98828125,0.1884765625,0.99169921875,0.1845703125,1.0,0.3314185527885728,0.09051214723375134
3,720,0,task1_initial,IDLGated,0.98974609375,0.1865234375,0.98779296875,0.18798828125,0.990234375,0.18408203125,0.11859956383705139,0.2688291263072285,0.08258690200489104
3,730,0,task1_initial,MLP,0.99072265625,0.1845703125,0.0,0.0,0.0,0.0,1.0,0.0,0.0
3,730,0,task1_initial,ChevronSlow,0.990234375,0.185546875,0.98974609375,0.1865234375,0.99169921875,0.18408203125,1.0,0.31283374932705166,0.08910219499656036
3,730,0,task1_initial,IDLGated,0.99072265625,0.185546875,0.9892578125,0.185546875,0.99072265625,0.18359375,0.08697167783975601,0.25312798650283386,0.08117216069532465
3,740,0,task1_initial,MLP,0.9873046875,0.18115234375,0.0,0.0,0.0,0.0,1.0,0.0,0.0
3,740,0,task1_initial,ChevronSlow,0.98828125,0.18212890625,0.98583984375,0.181640625,0.99169921875,0.1806640625,1.0,0.2947321391164739,0.08845764523486398
3,740,0,task1_initial,IDLGated,0.98828125,0.18212890625,0.9853515625,0.18408203125,0.9912109375,0.181640625,0.06437830626964569,0.23834388197115527,0.08072313995197174
3,750,0,task1_initial,MLP,0.9873046875,0.181640625,0.0,0.0,0.0,0.0,1.0,0.0,0.0
3,750,0,task1_initial,ChevronSlow,0.99072265625,0.18408203125,0.98974609375,0.1845703125,0.9921875,0.18115234375,1.0,0.2775181170174422,0.08760099899023041
3,750,0,task1_initial,IDLGated,0.98974609375,0.1845703125,0.98876953125,0.18603515625,0.9912109375,0.18212890625,0.048214107751846313,0.22442325267120947,0.07980293302893662
3,760,0,task1_initial,MLP,0.9921875,0.17919921875,0.0,0.0,0.0,0.0,1.0,0.0,0.0
3,760,0,task1_initial,ChevronSlow,0.9921875,0.17919921875,0.99169921875,0.1796875,0.99169921875,0.17919921875,1.0,0.2613094910646001,0.08640381937636046
3,760,0,task1_initial,IDLGated,0.99169921875,0.1796875,0.99072265625,0.1796875,0.9912109375,0.1796875,0.03657762333750725,0.21131566677100974,0.07865666075931378
3,770,0,task1_initial,MLP,0.98779296875,0.17431640625,0.0,0.0,0.0,0.0,1.0,0.0,0.0
3,770,0,task1_initial,ChevronSlow,0.98876953125,0.17578125,0.9853515625,0.17529296875,0.99267578125,0.177734375,1.0,0.24604754044273336,0.08538002939574216
3,770,0,task1_initial,IDLGated,0.98828125,0.17626953125,0.9853515625,0.1748046875,0.99169921875,0.17822265625,0.02812468446791172,0.19897363794248665,0.07755204365497756
3,780,0,task1_initial,MLP,0.994140625,0.1796875,0.0,0.0,0.0,0.0,1.0,0.0,0.0
3,780,0,task1_initial,ChevronSlow,0.99267578125,0.1796875,0.9931640625,0.18017578125,0.99169921875,0.1796875,1.0,0.23167697396399642,0.08483597748004693
3,780,0,task1_initial,IDLGated,0.99169921875,0.1796875,0.99169921875,0.17919921875,0.9912109375,0.1796875,0.02191884070634842,0.18735245332741776,0.07718544850550982
3,790,0,task1_initial,MLP,0.99072265625,0.185546875,0.0,0.0,0.0,0.0,1.0,0.0,0.0
3,790,0,task1_initial,ChevronSlow,0.99072265625,0.185546875,0.98974609375,0.18603515625,0.9912109375,0.18310546875,1.0,0.21814572975829744,0.08421024105614255
3,790,0,task1_initial,IDLGated,0.99072265625,0.18603515625,0.98828125,0.18701171875,0.98974609375,0.18408203125,0.017310507595539093,0.176410011551119,0.07656953504204296
3,800,0,task1_initial,MLP,0.99365234375,0.18212890625,0.0,0.0,0.0,0.0,1.0,0.0,0.0
3,800,0,task1_initial,ChevronSlow,0.9921875,0.1826171875,0.99072265625,0.18310546875,0.99267578125,0.18115234375,1.0,0.2054047866628966,0.08300815648044262
3,800,0,task1_initial,IDLGated,0.990234375,0.18310546875,0.990234375,0.18310546875,0.99169921875,0.1806640625,0.013848225586116314,0.16610667019705194,0.07518826520950496
3,810,0,task1_initial,MLP,0.9931640625,0.177734375,0.0,0.0,0.0,0.0,1.0,0.0,0.0
3,810,0,task1_initial,ChevronSlow,0.99365234375,0.17919921875,0.994140625,0.17919921875,0.99365234375,0.1787109375,1.0,0.1934079866279174,0.08214031387975389
3,810,0,task1_initial,IDLGated,0.99267578125,0.18017578125,0.99267578125,0.1796875,0.9921875,0.17919921875,0.011216518469154835,0.15640510218977513,0.07423384535272237
3,820,0,task1_initial,MLP,0.98876953125,0.17626953125,0.0,0.0,0.0,0.0,1.0,0.0,0.0
3,820,0,task1_initial,ChevronSlow,0.990234375,0.17724609375,0.98828125,0.177734375,0.99169921875,0.177734375,1.0,0.1821118674943793,0.08120385981157566
3,820,0,task1_initial,IDLGated,0.98828125,0.17822265625,0.98779296875,0.17822265625,0.99169921875,0.1787109375,0.00919319037348032,0.1472701605659432,0.07324949998322348
3,830,0,task1_initial,MLP,0.99365234375,0.17919921875,0.0,0.0,0.0,0.0,1.0,0.0,0.0
3,830,0,task1_initial,ChevronSlow,0.99267578125,0.1796875,0.9931640625,0.18017578125,0.9921875,0.1787109375,1.0,0.17147550553893834,0.08019384802218468
3,830,0,task1_initial,IDLGated,0.9921875,0.18017578125,0.99267578125,0.18017578125,0.99169921875,0.17919921875,0.007620319724082947,0.13866875114344288,0.07199021645384306
3,840,0,task1_initial,MLP,0.9921875,0.18310546875,0.0,0.0,0.0,0.0,1.0,0.0,0.0
3,840,0,task1_initial,ChevronSlow,0.990234375,0.18310546875,0.98974609375,0.18408203125,0.99169921875,0.18115234375,1.0,0.16146036721490423,0.07903928305572609
3,840,0,task1_initial,IDLGated,0.98974609375,0.18359375,0.98876953125,0.1845703125,0.9912109375,0.1806640625,0.006384568754583597,0.13056971262737174,0.07091957768378764
3,850,0,task1_initial,MLP,0.98583984375,0.18212890625,0.0,0.0,0.0,0.0,1.0,0.0,0.0
3,850,0,task1_initial,ChevronSlow,0.9892578125,0.18310546875,0.9892578125,0.1826171875,0.9912109375,0.181640625,1.0,0.15203016955242,0.07796915313045316
3,850,0,task1_initial,IDLGated,0.9892578125,0.1826171875,0.98828125,0.18408203125,0.9912109375,0.181640625,0.005403777584433556,0.12294370371850424,0.07020022492678614
3,860,0,task1_initial,MLP,0.9951171875,0.17919921875,0.0,0.0,0.0,0.0,1.0,0.0,0.0
3,860,0,task1_initial,ChevronSlow,0.9931640625,0.1787109375,0.99365234375,0.1787109375,0.9921875,0.1787109375,1.0,0.14315074871205927,0.07655146568754995
3,860,0,task1_initial,IDLGated,0.9921875,0.17919921875,0.99267578125,0.1796875,0.9921875,0.17919921875,0.004617783706635237,0.11576309681526185,0.06875011891932924
3,870,0,task1_initial,MLP,0.99169921875,0.1826171875,0.0,0.0,0.0,0.0,1.0,0.0,0.0
3,870,0,task1_initial,ChevronSlow,0.99169921875,0.18310546875,0.9912109375,0.18408203125,0.99267578125,0.18017578125,1.0,0.13478993621563679,0.07583182873741147
3,870,0,task1_initial,IDLGated,0.99169921875,0.18359375,0.99072265625,0.185546875,0.9921875,0.1806640625,0.003982088528573513,0.10900187792408836,0.06795102457038224
3,880,0,task1_initial,MLP,0.986328125,0.1826171875,0.0,0.0,0.0,0.0,1.0,0.0,0.0
3,880,0,task1_initial,ChevronSlow,0.98876953125,0.18408203125,0.98681640625,0.18505859375,0.98974609375,0.1826171875,1.0,0.12691744240583844,0.07505899622895142
3,880,0,task1_initial,IDLGated,0.98779296875,0.18359375,0.9853515625,0.18603515625,0.98974609375,0.18212890625,0.0034634596668183804,0.10263555241562484,0.06733735405671462
3,890,0,task1_initial,MLP,0.99267578125,0.17822265625,0.0,0.0,0.0,0.0,1.0,0.0,0.0
3,890,0,task1_initial,ChevronSlow,0.9921875,0.1796875,0.99267578125,0.1796875,0.99169921875,0.1787109375,1.0,0.11950474671246748,0.07383010887859173
3,890,0,task1_initial,IDLGated,0.9912109375,0.17919921875,0.9912109375,0.1796875,0.9912109375,0.1787109375,0.0030368389561772346,0.09664105628525646,0.06595126323816997
3,900,0,task1_initial,MLP,0.99365234375,0.17919921875,0.0,0.0,0.0,0.0,1.0,0.0,0.0
3,900,0,task1_initial,ChevronSlow,0.99365234375,0.1796875,0.9931640625,0.18017578125,0.9931640625,0.17919921875,1.0,0.11252499432776182,0.07272559116789777
3,900,0,task1_initial,IDLGated,0.9931640625,0.18017578125,0.99267578125,0.18017578125,0.99169921875,0.17919921875,0.002683160360902548,0.0909966725965446,0.06492674875717885
3,910,0,task1_initial,MLP,0.9873046875,0.18115234375,0.0,0.0,0.0,0.0,1.0,0.0,0.0
3,910,0,task1_initial,ChevronSlow,0.99072265625,0.18212890625,0.99072265625,0.18212890625,0.9912109375,0.18115234375,1.0,0.10595289891645669,0.07221779385334609
3,910,0,task1_initial,IDLGated,0.98974609375,0.1826171875,0.98876953125,0.1826171875,0.9912109375,0.18115234375,0.002387788612395525,0.08568195280483483,0.06446925947530399
3,920,0,task1_initial,MLP,0.99365234375,0.181640625,0.0,0.0,0.0,0.0,1.0,0.0,0.0
3,920,0,task1_initial,ChevronSlow,0.9931640625,0.18115234375,0.99365234375,0.181640625,0.9921875,0.18017578125,1.0,0.09976465100812935,0.07148041399268054
3,920,0,task1_initial,IDLGated,0.99169921875,0.18212890625,0.98974609375,0.18212890625,0.9921875,0.181640625,0.0021393918432295322,0.08067764267601052,0.06358216771391435
3,930,0,task1_initial,MLP,0.9912109375,0.17529296875,0.0,0.0,0.0,0.0,1.0,0.0,0.0
3,930,0,task1_initial,ChevronSlow,0.9912109375,0.17578125,0.9912109375,0.17431640625,0.9931640625,0.17724609375,1.0,0.09393783173994814,0.07070307775008657
3,930,0,task1_initial,IDLGated,0.99072265625,0.17626953125,0.9912109375,0.17578125,0.99267578125,0.17822265625,0.001929127611219883,0.07596561253200983,0.06296088412566059
3,940,0,task1_initial,MLP,0.9931640625,0.181640625,0.0,0.0,0.0,0.0,1.0,0.0,0.0
3,940,0,task1_initial,ChevronSlow,0.99169921875,0.18212890625,0.99169921875,0.18212890625,0.9921875,0.18115234375,1.0,0.08845133163733272,0.06958984323574995
3,940,0,task1_initial,IDLGated,0.99169921875,0.1826171875,0.99169921875,0.18359375,0.99169921875,0.18212890625,0.0017500376561656594,0.07152879157039854,0.0621345078116975
3,950,0,task1_initial,MLP,0.9853515625,0.1865234375,0.0,0.0,0.0,0.0,1.0,0.0,0.0
3,950,0,task1_initial,ChevronSlow,0.9892578125,0.18603515625,0.98876953125,0.1875,0.99169921875,0.18408203125,1.0,0.0832852741382823,0.06895428691695525
3,950,0,task1_initial,IDLGated,0.98876953125,0.1865234375,0.986328125,0.18896484375,0.99072265625,0.18408203125,0.0015966083155944943,0.06735110602005112,0.06171371496095446
3,960,0,task1_initial,MLP,0.98681640625,0.18115234375,0.0,0.0,0.0,0.0,1.0,0.0,0.0
3,960,0,task1_initial,ChevronSlow,0.98876953125,0.18115234375,0.98583984375,0.181640625,0.9892578125,0.1826171875,1.0,0.0784209435843153,0.06811716523468282
3,960,0,task1_initial,IDLGated,0.98876953125,0.1826171875,0.986328125,0.18310546875,0.98974609375,0.1826171875,0.0014644404873251915,0.06341742090888916,0.06092662623478581
3,970,0,task1_initial,MLP,0.9921875,0.18359375,0.0,0.0,0.0,0.0,1.0,0.0,0.0
3,970,0,task1_initial,ChevronSlow,0.99072265625,0.18359375,0.99072265625,0.18359375,0.9921875,0.18359375,1.0,0.07384071741714508,0.06691489898947041
3,970,0,task1_initial,IDLGated,0.9892578125,0.18310546875,0.990234375,0.18310546875,0.99072265625,0.18310546875,0.0013499953784048557,0.059713485232713005,0.05990070090510216
3,980,0,task1_initial,MLP,0.99462890625,0.18115234375,0.0,0.0,0.0,0.0,1.0,0.0,0.0
3,980,0,task1_initial,ChevronSlow,0.99365234375,0.18115234375,0.99365234375,0.18017578125,0.9921875,0.181640625,1.0,0.0695280023354526,0.06599818836518333
3,980,0,task1_initial,IDLGated,0.99267578125,0.18115234375,0.9931640625,0.1806640625,0.9921875,0.181640625,0.0012504125479608774,0.056225880326483506,0.05927406032021228
3,990,0,task1_initial,MLP,0.9912109375,0.18017578125,0.0,0.0,0.0,0.0,1.0,0.0,0.0
3,990,0,task1_initial,ChevronSlow,0.99267578125,0.1796875,0.99267578125,0.1796875,0.9921875,0.18115234375,1.0,0.06546717418046462,0.06517002330638014
3,990,0,task1_initial,IDLGated,0.99169921875,0.18017578125,0.9921875,0.18017578125,0.9912109375,0.18115234375,0.0011633625254034996,0.0529419712510124,0.058817065196343665
3,1000,0,task1_initial,MLP,0.994140625,0.181640625,0.0,0.0,0.0,0.0,1.0,0.0,0.0
3,1000,0,task1_initial,ChevronSlow,0.9931640625,0.18115234375,0.99365234375,0.18115234375,0.99169921875,0.181640625,1.0,0.06164352133255336,0.06427753295085438
3,1000,0,task1_initial,IDLGated,0.9931640625,0.18115234375,0.9931640625,0.18115234375,0.99169921875,0.181640625,0.0010869379620999098,0.049849861018944765,0.058267583277614485
3,1010,0,task1_initial,MLP,0.9921875,0.17578125,0.0,0.0,0.0,0.0,1.0,0.0,0.0
3,1010,0,task1_initial,ChevronSlow,0.99267578125,0.17626953125,0.9912109375,0.17431640625,0.9921875,0.17919921875,1.0,0.05804319141379493,0.06342717537667884
3,1010,0,task1_initial,IDLGated,0.99072265625,0.1767578125,0.99072265625,0.17431640625,0.9921875,0.1787109375,0.0010195678332820535,0.046938347494202684,0.057821345914265555
3,1020,0,task1_initial,MLP,0.994140625,0.1767578125,0.0,0.0,0.0,0.0,1.0,0.0,0.0
3,1020,0,task1_initial,ChevronSlow,0.9931640625,0.17724609375,0.99169921875,0.17626953125,0.9931640625,0.1796875,1.0,0.05465314110339921,0.06280860548099924
3,1020,0,task1_initial,IDLGated,0.99169921875,0.17822265625,0.99072265625,0.17626953125,0.9921875,0.17919921875,0.0009599504410289228,0.04419688280874493,0.05728337147036231
3,1030,0,task1_initial,MLP,0.9921875,0.1796875,0.0,0.0,0.0,0.0,1.0,0.0,0.0
3,1030,0,task1_initial,ChevronSlow,0.9912109375,0.18115234375,0.9912109375,0.18115234375,0.9912109375,0.18115234375,1.0,0.05146108888420223,0.06259923849412655
3,1030,0,task1_initial,IDLGated,0.9912109375,0.181640625,0.99169921875,0.18212890625,0.9912109375,0.18115234375,0.0009070020751096308,0.04161553514961709,0.057274625012550616
3,1040,0,task1_initial,MLP,0.99169921875,0.18212890625,0.0,0.0,0.0,0.0,1.0,0.0,0.0
3,1040,0,task1_initial,ChevronSlow,0.9912109375,0.18359375,0.9892578125,0.18408203125,0.9921875,0.18212890625,1.0,0.04845547054903036,0.06211498589859114
3,1040,0,task1_initial,IDLGated,0.98974609375,0.18359375,0.98828125,0.18603515625,0.9912109375,0.18212890625,0.0008598169079050422,0.03918495277785396,0.05711247082315027
3,1050,0,task1_initial,MLP,0.99169921875,0.18359375,0.0,0.0,0.0,0.0,1.0,0.0,0.0
3,1050,0,task1_initial,ChevronSlow,0.9921875,0.18505859375,0.9892578125,0.1865234375,0.99267578125,0.18310546875,1.0,0.04562539730574431,0.06148121103845727
3,1050,0,task1_initial,IDLGated,0.990234375,0.18505859375,0.9892578125,0.18701171875,0.99169921875,0.18359375,0.0008176316041499376,0.036896330148881246,0.056517519809233766
3,1060,0,task1_initial,MLP,0.990234375,0.18359375,0.0,0.0,0.0,0.0,1.0,0.0,0.0
3,1060,0,task1_initial,ChevronSlow,0.98974609375,0.18408203125,0.986328125,0.18701171875,0.9921875,0.1826171875,1.0,0.042960616329185075,0.06116062375408454
3,1060,0,task1_initial,IDLGated,0.98876953125,0.18408203125,0.9853515625,0.18701171875,0.9912109375,0.18212890625,0.0007798025035299361,0.0347413760116773,0.05656354659910775
3,1070,0,task1_initial,MLP,0.9921875,0.1806640625,0.0,0.0,0.0,0.0,1.0,0.0,0.0
3,1070,0,task1_initial,ChevronSlow,0.99267578125,0.18017578125,0.99267578125,0.1806640625,0.99169921875,0.1806640625,1.0,0.04045147361710926,0.06074686507188416
3,1070,0,task1_initial,IDLGated,0.9912109375,0.18017578125,0.9921875,0.18115234375,0.99072265625,0.18115234375,0.00074578303610906,0.032712283371123946,0.056359644829293454
3,1080,0,task1_initial,MLP,0.9931640625,0.1796875,0.0,0.0,0.0,0.0,1.0,0.0,0.0
3,1080,0,task1_initial,ChevronSlow,0.99267578125,0.1796875,0.99365234375,0.1796875,0.99169921875,0.18017578125,1.0,0.03808887901554754,0.06039132261356095
3,1080,0,task1_initial,IDLGated,0.9921875,0.1796875,0.9921875,0.18017578125,0.9912109375,0.1806640625,0.0007151073659770191,0.03080170120472579,0.05611740782729527
3,1090,0,task1_initial,MLP,0.9921875,0.18115234375,0.0,0.0,0.0,0.0,1.0,0.0,0.0
3,1090,0,task1_initial,ChevronSlow,0.99267578125,0.181640625,0.9921875,0.1826171875,0.99169921875,0.18212890625,1.0,0.03586427328687987,0.059738849942964675
3,1090,0,task1_initial,IDLGated,0.99267578125,0.18359375,0.9912109375,0.18359375,0.99169921875,0.1826171875,0.000687376712448895,0.02900270783123289,0.05549019009383253
3,1100,0,task1_initial,MLP,0.990234375,0.18505859375,0.0,0.0,0.0,0.0,1.0,0.0,0.0
3,1100,0,task1_initial,ChevronSlow,0.9892578125,0.1875,0.9873046875,0.189453125,0.99169921875,0.18505859375,1.0,0.033769597101321124,0.05922235591753943
3,1100,0,task1_initial,IDLGated,0.98828125,0.1865234375,0.9873046875,0.18896484375,0.99072265625,0.18408203125,0.0006622488144785166,0.027308785834686357,0.05491014836365374
3,1110,0,task1_initial,MLP,0.9912109375,0.18115234375,0.0,0.0,0.0,0.0,1.0,0.0,0.0
3,1110,0,task1_initial,ChevronSlow,0.99072265625,0.1826171875,0.98681640625,0.18359375,0.99267578125,0.18212890625,1.0,0.031797261839479125,0.05878961027220066
3,1110,0,task1_initial,IDLGated,0.990234375,0.1826171875,0.9853515625,0.18408203125,0.9912109375,0.1826171875,0.0006394284428097308,0.025713798453041344,0.05430219505857094
3,1120,0,task1_initial,MLP,0.9931640625,0.17724609375,0.0,0.0,0.0,0.0,1.0,0.0,0.0
3,1120,0,task1_initial,ChevronSlow,0.994140625,0.17822265625,0.99365234375,0.17626953125,0.9931640625,0.1796875,1.0,0.029940122100208317,0.058303881482591344
3,1120,0,task1_initial,IDLGated,0.9931640625,0.17822265625,0.99267578125,0.17529296875,0.99267578125,0.18017578125,0.0006186594255268574,0.024211967345827826,0.05361677820460196
3,1130,0,task1_initial,MLP,0.9931640625,0.1806640625,0.0,0.0,0.0,0.0,1.0,0.0,0.0
3,1130,0,task1_initial,ChevronSlow,0.99365234375,0.1806640625,0.994140625,0.1796875,0.9921875,0.18115234375,1.0,0.02819144981416007,0.057672443464352754
3,1130,0,task1_initial,IDLGated,0.99267578125,0.1806640625,0.99365234375,0.1796875,0.99169921875,0.18115234375,0.0005997201660647988,0.02279785166030562,0.052978970367720875
3,1140,0,task1_initial,MLP,0.9873046875,0.1884765625,0.0,0.0,0.0,0.0,1.0,0.0,0.0
3,1140,0,task1_initial,ChevronSlow,0.98779296875,0.1875,0.986328125,0.18994140625,0.99072265625,0.185546875,1.0,0.02654490986924786,0.05722568999825785
3,1140,0,task1_initial,IDLGated,0.98779296875,0.18798828125,0.9853515625,0.18994140625,0.98974609375,0.185546875,0.0005824174149893224,0.021466328320274272,0.052820145666154256
3,1150,0,task1_initial,MLP,0.990234375,0.18359375,0.0,0.0,0.0,0.0,1.0,0.0,0.0
3,1150,0,task1_initial,ChevronSlow,0.9921875,0.1845703125,0.99169921875,0.1845703125,0.9921875,0.18408203125,1.0,0.024994537159723083,0.05676782463807943
3,1150,0,task1_initial,IDLGated,0.99072265625,0.1845703125,0.98974609375,0.1845703125,0.9912109375,0.18408203125,0.0005665813223458827,0.02021257346612773,0.05230433769345829
3,1160,0,task1_initial,MLP,0.98583984375,0.17822265625,0.0,0.0,0.0,0.0,1.0,0.0,0.0
3,1160,0,task1_initial,ChevronSlow,0.98583984375,0.1787109375,0.984375,0.1767578125,0.9892578125,0.18115234375,1.0,0.023534714975714462,0.05626650534455666
3,1160,0,task1_initial,IDLGated,0.986328125,0.17919921875,0.98486328125,0.17724609375,0.9892578125,0.181640625,0.000552063575014472,0.01903204497891471,0.05161888617238809
3,1170,0,task1_initial,MLP,0.98681640625,0.17919921875,0.0,0.0,0.0,0.0,1.0,0.0,0.0
3,1170,0,task1_initial,ChevronSlow,0.9873046875,0.18017578125,0.986328125,0.17919921875,0.98876953125,0.181640625,1.0,0.02216015465494041,0.05521800767739094
3,1170,0,task1_initial,IDLGated,0.98779296875,0.18017578125,0.986328125,0.1796875,0.98876953125,0.1826171875,0.000538734020665288,0.01792046602509273,0.05018784430204613
3,1180,0,task1_initial,MLP,0.9921875,0.18408203125,0.0,0.0,0.0,0.0,1.0,0.0,0.0
3,1180,0,task1_initial,ChevronSlow,0.99169921875,0.18408203125,0.99072265625,0.1845703125,0.9931640625,0.18310546875,1.0,0.02086587642287642,0.053940453636408064
3,1180,0,task1_initial,IDLGated,0.99072265625,0.18408203125,0.99072265625,0.18408203125,0.9921875,0.18310546875,0.0005264770588837564,0.016873809562361373,0.04862946748480994
3,1190,0,task1_initial,MLP,0.994140625,0.17919921875,0.0,0.0,0.0,0.0,1.0,0.0,0.0
3,1190,0,task1_initial,ChevronSlow,0.9921875,0.18017578125,0.99072265625,0.17919921875,0.9931640625,0.18115234375,1.0,0.019647191351964913,0.05338339014572598
3,1190,0,task1_initial,IDLGated,0.99169921875,0.1806640625,0.990234375,0.17919921875,0.99267578125,0.18017578125,0.0005151908262632787,0.015888283750442524,0.04799066289266606
3,1200,0,task1_initial,MLP,0.99072265625,0.17822265625,0.0,0.0,0.0,0.0,1.0,0.0,0.0
3,1200,0,task1_initial,ChevronSlow,0.9912109375,0.1787109375,0.990234375,0.1787109375,0.9912109375,0.18017578125,1.0,0.0184996843745091,0.053390900070410974
3,1200,0,task1_initial,IDLGated,0.99072265625,0.1787109375,0.99072265625,0.1787109375,0.990234375,0.18017578125,0.0005047851591371,0.014960318213953404,0.04777158732463716
3,1210,0,task1_initial,MLP,0.9951171875,0.181640625,0.0,0.0,0.0,0.0,1.0,0.0,0.0
3,1210,0,task1_initial,ChevronSlow,0.9931640625,0.181640625,0.99365234375,0.181640625,0.9921875,0.18115234375,1.0,0.017419198287709915,0.052904542708618454
3,1210,0,task1_initial,IDLGated,0.9931640625,0.181640625,0.9921875,0.181640625,0.99072265625,0.181640625,0.0004951789742335677,0.014086551107605455,0.04763193208742336
3,1220,0,task1_initial,MLP,0.99462890625,0.17919921875,0.0,0.0,0.0,0.0,1.0,0.0,0.0
3,1220,0,task1_initial,ChevronSlow,0.994140625,0.1806640625,0.99365234375,0.17822265625,0.99267578125,0.18017578125,1.0,0.01640181869289906,0.0526735100196485
3,1220,0,task1_initial,IDLGated,0.9931640625,0.18115234375,0.9921875,0.18017578125,0.99169921875,0.1796875,0.0004863010544795543,0.013263816936868704,0.047969603683789185
3,1230,0,task1_initial,MLP,0.99072265625,0.181640625,0.0,0.0,0.0,0.0,1.0,0.0,0.0
3,1230,0,task1_initial,ChevronSlow,0.9921875,0.18310546875,0.99267578125,0.1826171875,0.99267578125,0.1826171875,1.0,0.015443859814406002,0.05232821324957146
3,1230,0,task1_initial,IDLGated,0.9921875,0.18310546875,0.99169921875,0.18359375,0.9921875,0.1826171875,0.00047808734234422445,0.012489135089978095,0.04777434912128854
3,1240,0,task1_initial,MLP,0.99267578125,0.18115234375,0.0,0.0,0.0,0.0,1.0,0.0,0.0
3,1240,0,task1_initial,ChevronSlow,0.9921875,0.181640625,0.9931640625,0.181640625,0.99267578125,0.18212890625,1.0,0.014541851146683226,0.05180294683761221
3,1240,0,task1_initial,IDLGated,0.99169921875,0.18212890625,0.9921875,0.1826171875,0.99169921875,0.181640625,0.0004704798629973084,0.011759699039735486,0.04756864271230241
3,1250,0,task1_initial,MLP,0.9931640625,0.1806640625,0.0,0.0,0.0,0.0,1.0,0.0,0.0
3,1250,0,task1_initial,ChevronSlow,0.99267578125,0.181640625,0.99267578125,0.18017578125,0.9931640625,0.18115234375,1.0,0.013692524881314823,0.05108637592981496
3,1250,0,task1_initial,IDLGated,0.9931640625,0.1806640625,0.99169921875,0.18115234375,0.9921875,0.18115234375,0.00046342762652784586,0.01107286617598739,0.04729822886592351
3,1260,0,task1_initial,MLP,0.994140625,0.1806640625,0.0,0.0,0.0,0.0,1.0,0.0,0.0
3,1260,0,task1_initial,ChevronSlow,0.99365234375,0.18017578125,0.99365234375,0.1806640625,0.99267578125,0.18017578125,1.0,0.012892804068358792,0.05079276131457524
3,1260,0,task1_initial,IDLGated,0.99267578125,0.18115234375,0.9931640625,0.181640625,0.99072265625,0.18017578125,0.00045688365935347974,0.010426148231943485,0.04714372047493247
3,1270,0,task1_initial,MLP,0.98876953125,0.17724609375,0.0,0.0,0.0,0.0,1.0,0.0,0.0
3,1270,0,task1_initial,ChevronSlow,0.99169921875,0.177734375,0.9892578125,0.1767578125,0.9912109375,0.1796875,1.0,0.012139791469133876,0.05059622370426105
3,1270,0,task1_initial,IDLGated,0.9912109375,0.17822265625,0.99072265625,0.17724609375,0.99072265625,0.17822265625,0.00045080651761963964,0.009817202269652178,0.04693248977151149
3,1280,0,task1_initial,MLP,0.994140625,0.1806640625,0.0,0.0,0.0,0.0,1.0,0.0,0.0
3,1280,0,task1_initial,ChevronSlow,0.99267578125,0.18017578125,0.99267578125,0.1796875,0.99169921875,0.18017578125,1.0,0.01143075906006659,0.05045663617764135
3,1280,0,task1_initial,IDLGated,0.99169921875,0.17919921875,0.99267578125,0.17919921875,0.99072265625,0.17919921875,0.0004451581626199186,0.009243822191975363,0.04663198322833382
3,1290,0,task1_initial,MLP,0.994140625,0.181640625,0.0,0.0,0.0,0.0,1.0,0.0,0.0
3,1290,0,task1_initial,ChevronSlow,0.99365234375,0.181640625,0.99365234375,0.181640625,0.99267578125,0.18017578125,1.0,0.010763138149572898,0.05030072957389935
3,1290,0,task1_initial,IDLGated,0.9931640625,0.181640625,0.9921875,0.181640625,0.9912109375,0.18017578125,0.0004399041645228863,0.008703930750311785,0.046466937003375085
3,1300,0,task1_initial,MLP,0.9951171875,0.181640625,0.0,0.0,0.0,0.0,1.0,0.0,0.0
3,1300,0,task1_initial,ChevronSlow,0.99365234375,0.181640625,0.99365234375,0.181640625,0.9931640625,0.18017578125,1.0,0.010134510072169839,0.05011833990427657
3,1300,0,task1_initial,IDLGated,0.9931640625,0.181640625,0.9912109375,0.1826171875,0.99072265625,0.1806640625,0.0004350139060989022,0.008195572019114509,0.04653740313004796
3,1310,0,task1_initial,MLP,0.99462890625,0.1806640625,0.0,0.0,0.0,0.0,1.0,0.0,0.0
3,1310,0,task1_initial,ChevronSlow,0.9931640625,0.18017578125,0.99365234375,0.18017578125,0.9921875,0.18017578125,1.0,0.00954259742610361,0.050014294695780004
3,1310,0,task1_initial,IDLGated,0.99267578125,0.1806640625,0.99267578125,0.181640625,0.9912109375,0.1796875,0.0004304590111132711,0.007716904309939122,0.04654021260274806
3,1320,0,task1_initial,MLP,0.994140625,0.17919921875,0.0,0.0,0.0,0.0,1.0,0.0,0.0
3,1320,0,task1_initial,ChevronSlow,0.99365234375,0.1787109375,0.99267578125,0.1787109375,0.9931640625,0.18115234375,1.0,0.008985255822749675,0.049549907805180406
3,1320,0,task1_initial,IDLGated,0.99267578125,0.18017578125,0.99267578125,0.1796875,0.9921875,0.18017578125,0.000426213548053056,0.007266193499351513,0.0463950406879087
3,1330,0,task1_initial,MLP,0.9931640625,0.18310546875,0.0,0.0,0.0,0.0,1.0,0.0,0.0
3,1330,0,task1_initial,ChevronSlow,0.9921875,0.18359375,0.9912109375,0.1826171875,0.99365234375,0.181640625,1.0,0.008460466117894505,0.049418877837264355
3,1330,0,task1_initial,IDLGated,0.9912109375,0.18310546875,0.99169921875,0.18310546875,0.99267578125,0.181640625,0.00042225440847687423,0.006841806746523557,0.046346103196415564
3,1340,0,task1_initial,MLP,0.98681640625,0.1884765625,0.0,0.0,0.0,0.0,1.0,0.0,0.0
3,1340,0,task1_initial,ChevronSlow,0.98876953125,0.1875,0.98779296875,0.189453125,0.9921875,0.18505859375,1.0,0.007966327096754391,0.04974012769141361
3,1340,0,task1_initial,IDLGated,0.98876953125,0.1884765625,0.98681640625,0.19091796875,0.9912109375,0.18408203125,0.0004185599973425269,0.006442206577756696,0.046828474659823906
3,1350,0,task1_initial,MLP,0.98828125,0.18603515625,0.0,0.0,0.0,0.0,1.0,0.0,0.0
3,1350,0,task1_initial,ChevronSlow,0.98828125,0.18603515625,0.9873046875,0.18896484375,0.99169921875,0.185546875,1.0,0.007501048586230456,0.04957109726099769
3,1350,0,task1_initial,IDLGated,0.98828125,0.1884765625,0.98583984375,0.18994140625,0.99072265625,0.1845703125,0.00041511113522574306,0.006065945316502771,0.046693515275439516
3,1360,0,task1_initial,MLP,0.9912109375,0.18115234375,0.0,0.0,0.0,0.0,1.0,0.0,0.0
3,1360,0,task1_initial,ChevronSlow,0.9892578125,0.1826171875,0.98876953125,0.18310546875,0.99169921875,0.18310546875,1.0,0.0070629449694468984,0.04872046016262343
3,1360,0,task1_initial,IDLGated,0.990234375,0.18310546875,0.98876953125,0.18359375,0.99169921875,0.181640625,0.0004118894867133349,0.005711659838703107,0.04623513929568822
3,1370,0,task1_initial,MLP,0.99365234375,0.1787109375,0.0,0.0,0.0,0.0,1.0,0.0,0.0
3,1370,0,task1_initial,ChevronSlow,0.9931640625,0.18017578125,0.99267578125,0.177734375,0.99267578125,0.18017578125,1.0,0.006650429079076838,0.04782993711083957
3,1370,0,task1_initial,IDLGated,0.9931640625,0.17919921875,0.99267578125,0.177734375,0.99169921875,0.1796875,0.00040887892828322947,0.005378066634445418,0.045614916198440346
3,1380,0,task1_initial,MLP,0.994140625,0.1796875,0.0,0.0,0.0,0.0,1.0,0.0,0.0
3,1380,0,task1_initial,ChevronSlow,0.99365234375,0.17822265625,0.9912109375,0.17822265625,0.994140625,0.181640625,1.0,0.0062620064473324554,0.04739451132829965
3,1380,0,task1_initial,IDLGated,0.99169921875,0.1787109375,0.99072265625,0.17919921875,0.9931640625,0.18017578125,0.00040606435504741967,0.005063957158047857,0.04544744347840168
3,1390,0,task1_initial,MLP,0.98974609375,0.18017578125,0.0,0.0,0.0,0.0,1.0,0.0,0.0
3,1390,0,task1_initial,ChevronSlow,0.99072265625,0.1796875,0.9912109375,0.17919921875,0.9912109375,0.1806640625,1.0,0.005896269891788163,0.04713094938772583
3,1390,0,task1_initial,IDLGated,0.99072265625,0.18115234375,0.990234375,0.18115234375,0.9912109375,0.18115234375,0.00040343173895962536,0.004768193449724426,0.04534117092042398
3,1400,0,task1_initial,MLP,0.99365234375,0.1796875,0.0,0.0,0.0,0.0,1.0,0.0,0.0
3,1400,0,task1_initial,ChevronSlow,0.99072265625,0.1796875,0.99072265625,0.17919921875,0.9912109375,0.18115234375,1.0,0.005551894417422312,0.046757615166857655
3,1400,0,task1_initial,IDLGated,0.99072265625,0.18115234375,0.990234375,0.18115234375,0.99072265625,0.18115234375,0.00040096850716508925,0.00448970401296986,0.04488728939902565
3,1410,0,task1_initial,MLP,0.9951171875,0.1806640625,0.0,0.0,0.0,0.0,1.0,0.0,0.0
3,1410,0,task1_initial,ChevronSlow,0.994140625,0.18115234375,0.994140625,0.1806640625,0.9931640625,0.18115234375,1.0,0.005227632416408466,0.04562684961245047
3,1410,0,task1_initial,IDLGated,0.994140625,0.18115234375,0.99365234375,0.18017578125,0.99267578125,0.18017578125,0.0003986629890277982,0.004227479932728537,0.04381527590028489
3,1420,0,task1_initial,MLP,0.9912109375,0.18505859375,0.0,0.0,0.0,0.0,1.0,0.0,0.0
3,1420,0,task1_initial,ChevronSlow,0.9912109375,0.18505859375,0.98974609375,0.185546875,0.99267578125,0.18408203125,1.0,0.004922309148265971,0.04505653527919048
3,1420,0,task1_initial,IDLGated,0.990234375,0.185546875,0.990234375,0.18603515625,0.9921875,0.1826171875,0.00039650415419600904,0.003980571220284238,0.04335129807312349
3,1430,0,task1_initial,MLP,0.994140625,0.18359375,0.0,0.0,0.0,0.0,1.0,0.0,0.0
3,1430,0,task1_initial,ChevronSlow,0.99267578125,0.18359375,0.99267578125,0.18359375,0.99267578125,0.18212890625,1.0,0.00463481848399528,0.044806399107439436
3,1430,0,task1_initial,IDLGated,0.9912109375,0.18359375,0.9912109375,0.18359375,0.9931640625,0.18212890625,0.0003944821946788579,0.003748083371629009,0.043022135058041075
3,1440,0,task1_initial,MLP,0.98486328125,0.17724609375,0.0,0.0,0.0,0.0,1.0,0.0,0.0
3,1440,0,task1_initial,ChevronSlow,0.98583984375,0.17919921875,0.9833984375,0.17626953125,0.990234375,0.1796875,1.0,0.004364118898779816,0.045006649924452566
3,1440,0,task1_initial,IDLGated,0.98486328125,0.17919921875,0.9833984375,0.17724609375,0.98974609375,0.1806640625,0.0003925876517314464,0.003529174126842718,0.0431391439053326
3,1450,0,task1_initial,MLP,0.98876953125,0.1767578125,0.0,0.0,0.0,0.0,1.0,0.0,0.0
3,1450,0,task1_initial,ChevronSlow,0.98779296875,0.177734375,0.986328125,0.17529296875,0.99072265625,0.1787109375,1.0,0.004109229698736688,0.044484913381056375
3,1450,0,task1_initial,IDLGated,0.9892578125,0.177734375,0.98583984375,0.17578125,0.98974609375,0.1787109375,0.000390812085242942,0.003323050418743162,0.042741612993056274
3,1460,0,task1_initial,MLP,0.994140625,0.18212890625,0.0,0.0,0.0,0.0,1.0,0.0,0.0
3,1460,0,task1_initial,ChevronSlow,0.994140625,0.18115234375,0.99365234375,0.1826171875,0.99365234375,0.18115234375,1.0,0.0038692274680464777,0.04360725353778728
3,1460,0,task1_initial,IDLGated,0.99365234375,0.181640625,0.99267578125,0.18310546875,0.99267578125,0.1806640625,0.0003891474916599691,0.003128965499752241,0.042124462825147924
3,1470,0,task1_initial,MLP,0.99072265625,0.1796875,0.0,0.0,0.0,0.0,1.0,0.0,0.0
3,1470,0,task1_initial,ChevronSlow,0.990234375,0.1806640625,0.98486328125,0.18212890625,0.994140625,0.1826171875,1.0,0.0036432427235907282,0.04340825130748548
3,1470,0,task1_initial,IDLGated,0.98876953125,0.1806640625,0.98291015625,0.181640625,0.994140625,0.18115234375,0.0003875867696478963,0.002946216236569383,0.042177613341352074
3,1480,0,task1_initial,MLP,0.99462890625,0.18212890625,0.0,0.0,0.0,0.0,1.0,0.0,0.0
3,1480,0,task1_initial,ChevronSlow,0.99462890625,0.1826171875,0.9921875,0.18359375,0.994140625,0.18115234375,1.0,0.003430456764977495,0.042684206474183736
3,1480,0,task1_initial,IDLGated,0.994140625,0.1826171875,0.99169921875,0.18310546875,0.99267578125,0.18115234375,0.00038612287607975304,0.0027741405628513255,0.0417308351332825
3,1490,0,task1_initial,MLP,0.990234375,0.1875,0.0,0.0,0.0,0.0,1.0,0.0,0.0
3,1490,0,task1_initial,ChevronSlow,0.98974609375,0.1875,0.9892578125,0.18896484375,0.9921875,0.18408203125,1.0,0.003230098708543211,0.04224037849115733
3,1490,0,task1_initial,IDLGated,0.98974609375,0.1875,0.9892578125,0.1884765625,0.9921875,0.1845703125,0.0003847493790090084,0.002612115080669786,0.04164196279522552
3,1500,0,task1_initial,MLP,0.9873046875,0.18701171875,0.0,0.0,0.0,0.0,1.0,0.0,0.0
3,1500,0,task1_initial,ChevronSlow,0.98828125,0.18798828125,0.98681640625,0.18994140625,0.9912109375,0.18603515625,1.0,0.0030414426945855905,0.041762823044985825
3,1500,0,task1_initial,IDLGated,0.98779296875,0.18896484375,0.986328125,0.19140625,0.98974609375,0.185546875,0.0003834606322925538,0.002459552802057563,0.04141059249043212
3,1510,0,task1_initial,MLP,0.98779296875,0.1767578125,0.0,0.0,0.0,0.0,1.0,0.0,0.0
3,1510,0,task1_initial,ChevronSlow,0.98876953125,0.17822265625,0.9853515625,0.1767578125,0.99072265625,0.17919921875,1.0,0.0028638052577099156,0.04091646004875131
3,1510,0,task1_initial,IDLGated,0.98779296875,0.1787109375,0.9873046875,0.17724609375,0.9912109375,0.1796875,0.0003822513099294156,0.0023159010224610985,0.040753372679509924
3,1520,0,task1_initial,MLP,0.99072265625,0.1748046875,0.0,0.0,0.0,0.0,1.0,0.0,0.0
3,1520,0,task1_initial,ChevronSlow,0.99267578125,0.17529296875,0.982421875,0.1708984375,0.994140625,0.18017578125,1.0,0.0026965428507619575,0.04058235298564938
3,1520,0,task1_initial,IDLGated,0.98974609375,0.17529296875,0.982421875,0.17138671875,0.9931640625,0.18017578125,0.0003811158530879766,0.002180639318395424,0.04081333187674863
3,1530,0,task1_initial,MLP,0.9931640625,0.18212890625,0.0,0.0,0.0,0.0,1.0,0.0,0.0
3,1530,0,task1_initial,ChevronSlow,0.9912109375,0.1806640625,0.98828125,0.1806640625,0.99462890625,0.1826171875,1.0,0.002539049513377198,0.03993655677798258
3,1530,0,task1_initial,IDLGated,0.99072265625,0.18115234375,0.98779296875,0.18017578125,0.99365234375,0.181640625,0.00038004989619366825,0.0020532776620473788,0.04021181737907602
3,1540,0,task1_initial,MLP,0.99365234375,0.18359375,0.0,0.0,0.0,0.0,1.0,0.0,0.0
3,1540,0,task1_initial,ChevronSlow,0.9931640625,0.1845703125,0.9921875,0.18505859375,0.99365234375,0.1826171875,1.0,0.002390754676699958,0.039831901133037396
3,1540,0,task1_initial,IDLGated,0.9921875,0.18408203125,0.99072265625,0.18505859375,0.9931640625,0.181640625,0.0003790489281527698,0.0019333546459966453,0.03985675132195927
3,1550,0,task1_initial,MLP,0.994140625,0.18017578125,0.0,0.0,0.0,0.0,1.0,0.0,0.0
3,1550,0,task1_initial,ChevronSlow,0.994140625,0.1826171875,0.99365234375,0.1806640625,0.994140625,0.18115234375,1.0,0.0022511210963193228,0.03943334950700588
3,1550,0,task1_initial,IDLGated,0.99267578125,0.18310546875,0.99169921875,0.18212890625,0.99365234375,0.181640625,0.0003781087580136955,0.0018204358116231062,0.039380357593732734
3,1560,0,task1_initial,MLP,0.98974609375,0.17578125,0.0,0.0,0.0,0.0,1.0,0.0,0.0
3,1560,0,task1_initial,ChevronSlow,0.99169921875,0.1767578125,0.98974609375,0.17529296875,0.9931640625,0.18017578125,1.0,0.0021196429059332934,0.03934268781385563
3,1560,0,task1_initial,IDLGated,0.99169921875,0.177734375,0.990234375,0.17626953125,0.9921875,0.18017578125,0.00037722577690146863,0.0017141120751446588,0.039456707928223686
3,1570,0,task1_initial,MLP,0.98779296875,0.1748046875,0.0,0.0,0.0,0.0,1.0,0.0,0.0
3,1570,0,task1_initial,ChevronSlow,0.98779296875,0.17626953125,0.98583984375,0.173828125,0.99169921875,0.17822265625,1.0,0.0019958437846899456,0.03940737493855979
3,1570,0,task1_initial,IDLGated,0.9873046875,0.17626953125,0.9853515625,0.17333984375,0.99169921875,0.17822265625,0.000376396143110469,0.0016139982455833134,0.039767409435699105
3,1580,0,task1_initial,MLP,0.99365234375,0.1806640625,0.0,0.0,0.0,0.0,1.0,0.0,0.0
3,1580,0,task1_initial,ChevronSlow,0.9921875,0.1796875,0.99267578125,0.1796875,0.99267578125,0.18017578125,1.0,0.00187927523156622,0.03883187441802516
3,1580,0,task1_initial,IDLGated,0.99169921875,0.1796875,0.99169921875,0.17919921875,0.99169921875,0.1796875,0.00037561668432317674,0.0015197316292904427,0.0391513841125987
3,1590,0,task1_initial,MLP,0.994140625,0.18115234375,0.0,0.0,0.0,0.0,1.0,0.0,0.0
3,1590,0,task1_initial,ChevronSlow,0.9931640625,0.18212890625,0.99365234375,0.1826171875,0.99462890625,0.18115234375,1.0,0.0017695149405327413,0.03864987601591569
3,1590,0,task1_initial,IDLGated,0.99267578125,0.1826171875,0.9931640625,0.1826171875,0.9931640625,0.18115234375,0.0003748840535990894,0.0014309707159756416,0.03892658825370028
3,1600,0,task1_initial,MLP,0.99072265625,0.17529296875,0.0,0.0,0.0,0.0,1.0,0.0,0.0
3,1600,0,task1_initial,ChevronSlow,0.99169921875,0.17578125,0.99169921875,0.173828125,0.99267578125,0.1787109375,1.0,0.001666165270618189,0.038736938216507484
3,1600,0,task1_initial,IDLGated,0.9921875,0.17578125,0.99072265625,0.1748046875,0.99267578125,0.17919921875,0.00037419566069729626,0.0013473939414789266,0.0392203637914468
3,1610,0,task1_initial,MLP,0.9873046875,0.1787109375,0.0,0.0,0.0,0.0,1.0,0.0,0.0
3,1610,0,task1_initial,ChevronSlow,0.98779296875,0.17822265625,0.9853515625,0.17822265625,0.99169921875,0.17919921875,1.0,0.0015688518053305562,0.038868164488552015
3,1610,0,task1_initial,IDLGated,0.98681640625,0.1787109375,0.984375,0.17822265625,0.9912109375,0.17919921875,0.000373548740753904,0.0012686985228040266,0.039513191142573074
3,1620,0,task1_initial,MLP,0.99365234375,0.18212890625,0.0,0.0,0.0,0.0,1.0,0.0,0.0
3,1620,0,task1_initial,ChevronSlow,0.994140625,0.18212890625,0.99365234375,0.1826171875,0.994140625,0.18115234375,1.0,0.0014772219962163435,0.037555098838581234
3,1620,0,task1_initial,IDLGated,0.994140625,0.181640625,0.9931640625,0.1826171875,0.99365234375,0.18115234375,0.00037294047069735825,0.0011945993611923137,0.03823512349965036
3,1630,0,task1_initial,MLP,0.99365234375,0.1806640625,0.0,0.0,0.0,0.0,1.0,0.0,0.0
3,1630,0,task1_initial,ChevronSlow,0.99365234375,0.181640625,0.99267578125,0.181640625,0.994140625,0.18115234375,1.0,0.0013909438856435602,0.03699506017171772
3,1630,0,task1_initial,IDLGated,0.99267578125,0.18212890625,0.99267578125,0.1806640625,0.994140625,0.18115234375,0.0003723686677403748,0.0011248280092634112,0.03801125325498417
3,1640,0,task1_initial,MLP,0.9921875,0.181640625,0.0,0.0,0.0,0.0,1.0,0.0,0.0
3,1640,0,task1_initial,ChevronSlow,0.99365234375,0.1826171875,0.9931640625,0.1826171875,0.99365234375,0.18212890625,1.0,0.0013097049041814154,0.03706014039868433
3,1640,0,task1_initial,IDLGated,0.9931640625,0.18212890625,0.99267578125,0.18310546875,0.9931640625,0.18115234375,0.00037183111999183893,0.0010591316984806282,0.03839365615907256
3,1650,0,task1_initial,MLP,0.98583984375,0.18701171875,0.0,0.0,0.0,0.0,1.0,0.0,0.0
3,1650,0,task1_initial,ChevronSlow,0.986328125,0.1875,0.984375,0.1904296875,0.98974609375,0.1845703125,1.0,0.0012332107382198281,0.03732446658705958
3,1650,0,task1_initial,IDLGated,0.9873046875,0.18798828125,0.98486328125,0.189453125,0.99072265625,0.1845703125,0.0003713256155606359,0.0009972724234179056,0.038740899943914685
3,1660,0,task1_initial,MLP,0.99462890625,0.18212890625,0.0,0.0,0.0,0.0,1.0,0.0,0.0
3,1660,0,task1_initial,ChevronSlow,0.9921875,0.1826171875,0.99169921875,0.1826171875,0.99365234375,0.18212890625,1.0,0.0011611842637263552,0.036141482554594415
3,1660,0,task1_initial,IDLGated,0.9921875,0.1826171875,0.99267578125,0.18359375,0.99267578125,0.18212890625,0.0003708501171786338,0.0009390260795107465,0.03794074481053933
3,1670,0,task1_initial,MLP,0.99462890625,0.177734375,0.0,0.0,0.0,0.0,1.0,0.0,0.0
3,1670,0,task1_initial,ChevronSlow,0.99462890625,0.177734375,0.9931640625,0.1767578125,0.994140625,0.18017578125,1.0,0.0010933645422777413,0.03607019861297672
3,1670,0,task1_initial,IDLGated,0.9931640625,0.17822265625,0.9931640625,0.1767578125,0.994140625,0.18017578125,0.0003704031987581402,0.0008841816511673642,0.03814901802229273
3,1680,0,task1_initial,MLP,0.99267578125,0.18408203125,0.0,0.0,0.0,0.0,1.0,0.0,0.0
3,1680,0,task1_initial,ChevronSlow,0.99365234375,0.1826171875,0.9931640625,0.18408203125,0.994140625,0.18212890625,1.0,0.001029505875728896,0.03571049525598788
3,1680,0,task1_initial,IDLGated,0.99365234375,0.18212890625,0.99365234375,0.18212890625,0.9931640625,0.18115234375,0.0003699827066157013,0.0008325404472987268,0.03693195114994623
3,1690,0,task1_initial,MLP,0.9912109375,0.185546875,0.0,0.0,0.0,0.0,1.0,0.0,0.0
3,1690,0,task1_initial,ChevronSlow,0.9912109375,0.185546875,0.990234375,0.185546875,0.9921875,0.18359375,1.0,0.0009693769160945453,0.03559232450584641
3,1690,0,task1_initial,IDLGated,0.9912109375,0.185546875,0.98974609375,0.18603515625,0.9921875,0.18359375,0.0003695873310789466,0.000783915381497964,0.03665713021311309
3,1700,0,task1_initial,MLP,0.9951171875,0.18115234375,0.0,0.0,0.0,0.0,1.0,0.0,0.0
3,1700,0,task1_initial,ChevronSlow,0.9951171875,0.18212890625,0.9951171875,0.18212890625,0.99365234375,0.18212890625,1.0,0.0009127598274188227,0.035081677290941644
3,1700,0,task1_initial,IDLGated,0.994140625,0.18115234375,0.99462890625,0.181640625,0.9931640625,0.18115234375,0.0003692154714372009,0.0007381302942613662,0.036459820240897334
3,1710,0,task1_initial,MLP,0.99267578125,0.1845703125,0.0,0.0,0.0,0.0,1.0,0.0,0.0
3,1710,0,task1_initial,ChevronSlow,0.9931640625,0.1845703125,0.9912109375,0.185546875,0.9931640625,0.18310546875,1.0,0.0008594494965964119,0.034785575645835475
3,1710,0,task1_initial,IDLGated,0.9921875,0.1845703125,0.9912109375,0.18505859375,0.99267578125,0.18310546875,0.00036886558518745005,0.0006950193147955036,0.036068821534740524
3,1720,0,task1_initial,MLP,0.99169921875,0.18310546875,0.0,0.0,0.0,0.0,1.0,0.0,0.0
3,1720,0,task1_initial,ChevronSlow,0.9931640625,0.1826171875,0.99267578125,0.18359375,0.99365234375,0.18212890625,1.0,0.0008092527902861923,0.0351609755415613
3,1720,0,task1_initial,IDLGated,0.99267578125,0.18408203125,0.99169921875,0.18408203125,0.9921875,0.18359375,0.0003685364208649844,0.0006544262600984192,0.036646277219721725
3,1730,0,task1_initial,MLP,0.99267578125,0.1787109375,0.0,0.0,0.0,0.0,1.0,0.0,0.0
3,1730,0,task1_initial,ChevronSlow,0.9921875,0.18017578125,0.99267578125,0.17919921875,0.994140625,0.1806640625,1.0,0.0007619878552253284,0.03529047685581338
3,1730,0,task1_initial,IDLGated,0.9931640625,0.18017578125,0.99267578125,0.17919921875,0.99365234375,0.18115234375,0.0003682266396936029,0.0006162040691378704,0.03704987910265138
3,1740,0,task1_initial,MLP,0.98583984375,0.17333984375,0.0,0.0,0.0,0.0,1.0,0.0,0.0
3,1740,0,task1_initial,ChevronSlow,0.99169921875,0.17626953125,0.984375,0.1728515625,0.994140625,0.1787109375,1.0,0.0007174834594089664,0.03543313592925291
3,1740,0,task1_initial,IDLGated,0.99169921875,0.17626953125,0.98291015625,0.1728515625,0.994140625,0.1806640625,0.0003679353976622224,0.0005802142700767617,0.03763567384334914
3,1750,0,task1_initial,MLP,0.9931640625,0.17724609375,0.0,0.0,0.0,0.0,1.0,0.0,0.0
3,1750,0,task1_initial,ChevronSlow,0.99462890625,0.177734375,0.9921875,0.17626953125,0.994140625,0.1806640625,1.0,0.0006755783717487609,0.035138875255415696
3,1750,0,task1_initial,IDLGated,0.99365234375,0.177734375,0.99267578125,0.17626953125,0.994140625,0.1806640625,0.0003676612104754895,0.0005463264786156211,0.03786071064953991
3,1760,0,task1_initial,MLP,0.9931640625,0.18017578125,0.0,0.0,0.0,0.0,1.0,0.0,0.0
3,1760,0,task1_initial,ChevronSlow,0.994140625,0.1806640625,0.9931640625,0.1796875,0.994140625,0.18212890625,1.0,0.0006361207779628477,0.034925630367854024
3,1760,0,task1_initial,IDLGated,0.99462890625,0.18017578125,0.99267578125,0.18017578125,0.9931640625,0.18115234375,0.0003674033214338124,0.0005144179256347092,0.03759101848438133
3,1770,0,task1_initial,MLP,0.99462890625,0.1826171875,0.0,0.0,0.0,0.0,1.0,0.0,0.0
3,1770,0,task1_initial,ChevronSlow,0.99462890625,0.1826171875,0.994140625,0.1826171875,0.99462890625,0.18212890625,1.0,0.0005989677305811423,0.03468783796032295
3,1770,0,task1_initial,IDLGated,0.99462890625,0.1826171875,0.9931640625,0.1826171875,0.99365234375,0.18115234375,0.00036716071190312505,0.00048437301242449933,0.03715067690113601
3,1780,0,task1_initial,MLP,0.994140625,0.18408203125,0.0,0.0,0.0,0.0,1.0,0.0,0.0
3,1780,0,task1_initial,ChevronSlow,0.99267578125,0.18359375,0.99365234375,0.1845703125,0.99365234375,0.1826171875,1.0,0.0005639846310734359,0.03466605721985957
3,1780,0,task1_initial,IDLGated,0.9921875,0.18359375,0.99267578125,0.18359375,0.9931640625,0.1826171875,0.0003669323632493615,0.0004560828918932094,0.03694383607967396
3,1790,0,task1_initial,MLP,0.99267578125,0.18310546875,0.0,0.0,0.0,0.0,1.0,0.0,0.0
3,1790,0,task1_initial,ChevronSlow,0.99267578125,0.18310546875,0.99169921875,0.18408203125,0.994140625,0.18212890625,1.0,0.0005310447422241381,0.03430738782314697
3,1790,0,task1_initial,IDLGated,0.99267578125,0.18310546875,0.9921875,0.18310546875,0.9931640625,0.1826171875,0.00036671748966909945,0.0004294450742341809,0.036727106552320726
3,1800,0,task1_initial,MLP,0.98828125,0.18505859375,0.0,0.0,0.0,0.0,1.0,0.0,0.0
3,1800,0,task1_initial,ChevronSlow,0.990234375,0.18505859375,0.98974609375,0.185546875,0.9931640625,0.1826171875,1.0,0.0005000287289870869,0.0336648711353349
3,1800,0,task1_initial,IDLGated,0.99072265625,0.1845703125,0.990234375,0.18603515625,0.99267578125,0.18408203125,0.0003665151307359338,0.00040436305562450997,0.035734031572779615
3,1810,0,task1_initial,MLP,0.9921875,0.1767578125,0.0,0.0,0.0,0.0,1.0,0.0,0.0
3,1810,0,task1_initial,ChevronSlow,0.9921875,0.17724609375,0.99169921875,0.17626953125,0.994140625,0.18017578125,1.0,0.0004708242261570344,0.03267899070128087
3,1810,0,task1_initial,IDLGated,0.99169921875,0.17919921875,0.990234375,0.17578125,0.994140625,0.18017578125,0.00036632490810006857,0.00038074596860977636,0.03483099786742057
3,1820,0,task1_initial,MLP,0.9921875,0.17724609375,0.0,0.0,0.0,0.0,1.0,0.0,0.0
3,1820,0,task1_initial,ChevronSlow,0.99267578125,0.17724609375,0.9912109375,0.1748046875,0.994140625,0.18017578125,1.0,0.0004433254312915588,0.0326431711660458
3,1820,0,task1_initial,IDLGated,0.9921875,0.177734375,0.9912109375,0.17529296875,0.994140625,0.18017578125,0.00036614580312743783,0.00035850825290828026,0.03492557927152479
3,1830,0,task1_initial,MLP,0.98876953125,0.18408203125,0.0,0.0,0.0,0.0,1.0,0.0,0.0
3,1830,0,task1_initial,ChevronSlow,0.99072265625,0.1826171875,0.98779296875,0.18408203125,0.99267578125,0.1826171875,1.0,0.0004174327214086373,0.0322914676661356
3,1830,0,task1_initial,IDLGated,0.98974609375,0.18310546875,0.98779296875,0.18408203125,0.9921875,0.18310546875,0.0003659772628452629,0.00033756934544217055,0.03433678741822754
3,1840,0,task1_initial,MLP,0.9921875,0.18408203125,0.0,0.0,0.0,0.0,1.0,0.0,0.0
3,1840,0,task1_initial,ChevronSlow,0.99267578125,0.18359375,0.99169921875,0.18408203125,0.9931640625,0.1826171875,1.0,0.00039305229207124633,0.03169798727548608
3,1840,0,task1_initial,IDLGated,0.99267578125,0.1826171875,0.99267578125,0.18408203125,0.9931640625,0.1826171875,0.00036581853055395186,0.00031785338847250725,0.03353417607102298
3,1850,0,task1_initial,MLP,0.99462890625,0.1767578125,0.0,0.0,0.0,0.0,1.0,0.0,0.0
3,1850,0,task1_initial,ChevronSlow,0.994140625,0.17919921875,0.99365234375,0.17724609375,0.994140625,0.18115234375,1.0,0.00037009581755145977,0.03163703361699249
3,1850,0,task1_initial,IDLGated,0.9931640625,0.1787109375,0.99169921875,0.17626953125,0.994140625,0.181640625,0.00036566928611136973,0.00029928895478088466,0.03362821429474023
3,1860,0,task1_initial,MLP,0.990234375,0.18115234375,0.0,0.0,0.0,0.0,1.0,0.0,0.0
3,1860,0,task1_initial,ChevronSlow,0.9921875,0.18115234375,0.9912109375,0.1806640625,0.994140625,0.18115234375,1.0,0.00034848013084288397,0.0314898896265321
3,1860,0,task1_initial,IDLGated,0.99169921875,0.1806640625,0.990234375,0.18017578125,0.9931640625,0.18115234375,0.00036552868550643325,0.0002818087889020006,0.03334110261313083
3,1870,0,task1_initial,MLP,0.99267578125,0.18505859375,0.0,0.0,0.0,0.0,1.0,0.0,0.0
3,1870,0,task1_initial,ChevronSlow,0.99267578125,0.18359375,0.99169921875,0.1845703125,0.994140625,0.1826171875,1.0,0.0003281269223621751,0.031127979851378065
3,1870,0,task1_initial,IDLGated,0.99267578125,0.18408203125,0.99169921875,0.18505859375,0.99365234375,0.18212890625,0.0003653964668046683,0.00026534956346970607,0.03290069969658929
3,1880,0,task1_initial,MLP,0.994140625,0.17578125,0.0,0.0,0.0,0.0,1.0,0.0,0.0
3,1880,0,task1_initial,ChevronSlow,0.994140625,0.177734375,0.9931640625,0.1748046875,0.994140625,0.18017578125,1.0,0.000308962456248089,0.03106710934274038
3,1880,0,task1_initial,IDLGated,0.99365234375,0.17724609375,0.9931640625,0.17529296875,0.994140625,0.18115234375,0.0003652719606179744,0.0002498516497938213,0.03287784721598438
3,1890,0,task1_initial,MLP,0.9892578125,0.17529296875,0.0,0.0,0.0,0.0,1.0,0.0,0.0
3,1890,0,task1_initial,ChevronSlow,0.9892578125,0.17578125,0.98681640625,0.173828125,0.99267578125,0.1796875,1.0,0.0002909173032302703,0.031102376209302972
3,1890,0,task1_initial,IDLGated,0.9892578125,0.17578125,0.9853515625,0.17431640625,0.99267578125,0.1796875,0.00036515461397357285,0.0002352589018365627,0.03301590858264741
3,1900,0,task1_initial,MLP,0.9951171875,0.1806640625,0.0,0.0,0.0,0.0,1.0,0.0,0.0
3,1900,0,task1_initial,ChevronSlow,0.994140625,0.18017578125,0.9921875,0.17919921875,0.99462890625,0.18212890625,1.0,0.00027392608910001363,0.030228843607759487
3,1900,0,task1_initial,IDLGated,0.9931640625,0.18017578125,0.9921875,0.18017578125,0.99462890625,0.18115234375,0.0003650442522484809,0.00022151845280596634,0.03167808865825387
3,1910,0,task1_initial,MLP,0.9951171875,0.1787109375,0.0,0.0,0.0,0.0,1.0,0.0,0.0
3,1910,0,task1_initial,ChevronSlow,0.994140625,0.1787109375,0.9951171875,0.177734375,0.99462890625,0.1806640625,1.0,0.00025792725787175197,0.029796244406401478
3,1910,0,task1_initial,IDLGated,0.994140625,0.1787109375,0.99462890625,0.1767578125,0.994140625,0.18115234375,0.00036494058440439403,0.00020858052362940542,0.030993301011714925
3,1920,0,task1_initial,MLP,0.99267578125,0.177734375,0.0,0.0,0.0,0.0,1.0,0.0,0.0
3,1920,0,task1_initial,ChevronSlow,0.99365234375,0.17822265625,0.9931640625,0.17578125,0.99462890625,0.1796875,1.0,0.00024286284877725418,0.029439401540671574
3,1920,0,task1_initial,IDLGated,0.99365234375,0.17822265625,0.9931640625,0.17578125,0.99365234375,0.18017578125,0.0003648426791187376,0.0001963982426133358,0.03058024573922485
3,1930,0,task1_initial,MLP,0.99267578125,0.18505859375,0.0,0.0,0.0,0.0,1.0,0.0,0.0
3,1930,0,task1_initial,ChevronSlow,0.99365234375,0.1845703125,0.99169921875,0.185546875,0.99462890625,0.18359375,1.0,0.00022867828628461972,0.029274291816050273
3,1930,0,task1_initial,IDLGated,0.9931640625,0.18408203125,0.9921875,0.1845703125,0.994140625,0.18212890625,0.0003647506528068334,0.00018492747563593156,0.029909655538271497
3,1940,0,task1_initial,MLP,0.99267578125,0.18408203125,0.0,0.0,0.0,0.0,1.0,0.0,0.0
3,1940,0,task1_initial,ChevronSlow,0.9921875,0.18359375,0.9921875,0.185546875,0.9931640625,0.1826171875,1.0,0.00021532218238135142,0.029302780967232996
3,1940,0,task1_initial,IDLGated,0.99169921875,0.1845703125,0.99072265625,0.185546875,0.9931640625,0.1826171875,0.0003646641271188855,0.00017412666625742985,0.029977462933254602
3,1950,0,task1_initial,MLP,0.99365234375,0.1845703125,0.0,0.0,0.0,0.0,1.0,0.0,0.0
3,1950,0,task1_initial,ChevronSlow,0.99267578125,0.1845703125,0.9912109375,0.1845703125,0.9951171875,0.18310546875,1.0,0.0002027461504052134,0.029354840647823077
3,1950,0,task1_initial,IDLGated,0.9921875,0.18505859375,0.9912109375,0.18603515625,0.9931640625,0.18310546875,0.00036458257818594575,0.00016395668516893508,0.0299781187525967
3,1960,0,task1_initial,MLP,0.98681640625,0.18115234375,0.0,0.0,0.0,0.0,1.0,0.0,0.0
3,1960,0,task1_initial,ChevronSlow,0.98876953125,0.18310546875,0.986328125,0.1826171875,0.9921875,0.18115234375,1.0,0.0001909046297484188,0.0293163232470502
3,1960,0,task1_initial,IDLGated,0.98876953125,0.18408203125,0.986328125,0.18408203125,0.9931640625,0.1826171875,0.00036450577317737043,0.00015438068843426377,0.030130649044104292
3,1970,0,task1_initial,MLP,0.99267578125,0.1806640625,0.0,0.0,0.0,0.0,1.0,0.0,0.0
3,1970,0,task1_initial,ChevronSlow,0.9931640625,0.1806640625,0.99169921875,0.1796875,0.994140625,0.18115234375,1.0,0.0001797547208000835,0.028737397204603426
3,1970,0,task1_initial,IDLGated,0.99267578125,0.1806640625,0.9921875,0.1796875,0.994140625,0.18115234375,0.00036443350836634636,0.00014536398401126583,0.029777201504642033
3,1980,0,task1_initial,MLP,0.99365234375,0.1826171875,0.0,0.0,0.0,0.0,1.0,0.0,0.0
3,1980,0,task1_initial,ChevronSlow,0.99365234375,0.1826171875,0.994140625,0.18212890625,0.9951171875,0.1826171875,1.0,0.00016925602952897275,0.028040241800913218
3,1980,0,task1_initial,IDLGated,0.994140625,0.18212890625,0.9931640625,0.1806640625,0.99462890625,0.18212890625,0.0003643654054030776,0.0001368739060690555,0.029259839636769047
3,1990,0,task1_initial,MLP,0.9931640625,0.18115234375,0.0,0.0,0.0,0.0,1.0,0.0,0.0
3,1990,0,task1_initial,ChevronSlow,0.99267578125,0.18115234375,0.9892578125,0.1806640625,0.99365234375,0.1826171875,1.0,0.0001593705211434936,0.027798707739286187
3,1990,0,task1_initial,IDLGated,0.9921875,0.18115234375,0.990234375,0.1806640625,0.994140625,0.1826171875,0.00036430134787224233,0.00012887969664582594,0.02901678657970852
3,2000,0,task1_initial,MLP,0.99462890625,0.1826171875,0.0,0.0,0.0,0.0,1.0,0.0,0.0
3,2000,0,task1_initial,ChevronSlow,0.99365234375,0.1826171875,0.9931640625,0.18212890625,0.994140625,0.18310546875,1.0,0.00015006238229877078,0.027463958196572415
3,2000,0,task1_initial,IDLGated,0.99267578125,0.18408203125,0.9931640625,0.1826171875,0.994140625,0.18310546875,0.0003642411029431969,0.00012135239421851577,0.028679380395483168
3,2010,0,task1_initial,MLP,0.994140625,0.17822265625,0.0,0.0,0.0,0.0,1.0,0.0,0.0
3,2010,0,task1_initial,ChevronSlow,0.994140625,0.17822265625,0.9931640625,0.17724609375,0.99462890625,0.17919921875,1.0,0.00014129789135160754,0.027567556406945852
3,2010,0,task1_initial,IDLGated,0.99365234375,0.17822265625,0.9931640625,0.1767578125,0.994140625,0.1806640625,0.0003641843213699758,0.00011426472878063686,0.029100402180143082
3,2020,0,task1_initial,MLP,0.99560546875,0.17919921875,0.0,0.0,0.0,0.0,1.0,0.0,0.0
3,2020,0,task1_initial,ChevronSlow,0.9951171875,0.1796875,0.9951171875,0.1796875,0.9951171875,0.181640625,1.0,0.00013304529619329007,0.02730596960050071
3,2020,0,task1_initial,IDLGated,0.99462890625,0.18017578125,0.994140625,0.1787109375,0.99462890625,0.18115234375,0.0003641308576334268,0.0001075910230481499,0.02890763994291165
3,2030,0,task1_initial,MLP,0.9912109375,0.18359375,0.0,0.0,0.0,0.0,1.0,0.0,0.0
3,2030,0,task1_initial,ChevronSlow,0.9921875,0.18359375,0.99072265625,0.1865234375,0.99462890625,0.1826171875,1.0,0.00012527469921764617,0.02732177647699647
3,2030,0,task1_initial,IDLGated,0.9921875,0.18505859375,0.990234375,0.185546875,0.9931640625,0.1826171875,0.0003640805371105671,0.00010130709943547468,0.028582229079892656
3,2040,0,task1_initial,MLP,0.99169921875,0.181640625,0.0,0.0,0.0,0.0,1.0,0.0,0.0
3,2040,0,task1_initial,ChevronSlow,0.9912109375,0.18212890625,0.9892578125,0.18310546875,0.99462890625,0.1826171875,1.0,0.00011795794900761932,0.02725181428657452
3,2040,0,task1_initial,IDLGated,0.9912109375,0.18115234375,0.98876953125,0.18408203125,0.9931640625,0.18212890625,0.00036403315607458353,9.539019246462711e-05,0.028623340908428767
3,2050,0,task1_initial,MLP,0.98974609375,0.1787109375,0.0,0.0,0.0,0.0,1.0,0.0,0.0
3,2050,0,task1_initial,ChevronSlow,0.99072265625,0.1796875,0.9873046875,0.1787109375,0.9931640625,0.1806640625,1.0,0.00011106853834795866,0.027599435867152355
3,2050,0,task1_initial,IDLGated,0.990234375,0.18017578125,0.986328125,0.17919921875,0.9921875,0.1806640625,0.0003639885690063238,8.981886629015765e-05,0.02891042399034159
3,2060,0,task1_initial,MLP,0.99365234375,0.181640625,0.0,0.0,0.0,0.0,1.0,0.0,0.0
3,2060,0,task1_initial,ChevronSlow,0.99365234375,0.1806640625,0.99267578125,0.18115234375,0.994140625,0.181640625,1.0,0.00010458150819454415,0.02702344739391487
3,2060,0,task1_initial,IDLGated,0.9931640625,0.1806640625,0.99365234375,0.1806640625,0.99365234375,0.18115234375,0.00036394657217897475,8.457293704109892e-05,0.028269447250452617
3,2070,0,task1_initial,MLP,0.994140625,0.18115234375,0.0,0.0,0.0,0.0,1.0,0.0,0.0
3,2070,0,task1_initial,ChevronSlow,0.9951171875,0.181640625,0.99462890625,0.18115234375,0.994140625,0.181640625,1.0,9.847335725244574e-05,0.026928812352756414
3,2070,0,task1_initial,IDLGated,0.99462890625,0.18115234375,0.99462890625,0.18115234375,0.99462890625,0.18212890625,0.00036390702007338405,7.963339969858272e-05,0.028223314148445998
3,2080,0,task1_initial,MLP,0.98876953125,0.1748046875,0.0,0.0,0.0,0.0,1.0,0.0,0.0
3,2080,0,task1_initial,ChevronSlow,0.990234375,0.17626953125,0.98876953125,0.1748046875,0.9921875,0.1787109375,1.0,9.272195683513475e-05,0.026936716089655293
3,2080,0,task1_initial,IDLGated,0.990234375,0.17578125,0.98779296875,0.1748046875,0.99169921875,0.17919921875,0.0003638699126895517,7.49823592442171e-05,0.028428737567821816
3,2090,0,task1_initial,MLP,0.994140625,0.18115234375,0.0,0.0,0.0,0.0,1.0,0.0,0.0
3,2090,0,task1_initial,ChevronSlow,0.99560546875,0.1806640625,0.99560546875,0.181640625,0.99462890625,0.181640625,1.0,8.730647069639803e-05,0.02640826748414088
3,2090,0,task1_initial,IDLGated,0.9951171875,0.18115234375,0.99462890625,0.1806640625,0.99462890625,0.181640625,0.0003638348716776818,7.060296582978732e-05,0.027760442962812885
3,2100,0,task1_initial,MLP,0.9951171875,0.18017578125,0.0,0.0,0.0,0.0,1.0,0.0,0.0
3,2100,0,task1_initial,ChevronSlow,0.9951171875,0.181640625,0.99560546875,0.18017578125,0.99462890625,0.18115234375,1.0,8.220727954452182e-05,0.026382098025635268
3,2100,0,task1_initial,IDLGated,0.99462890625,0.18017578125,0.9951171875,0.1787109375,0.99462890625,0.18115234375,0.00036380175151862204,6.64793537334124e-05,0.027603790351895165
3,2110,0,task1_initial,MLP,0.9912109375,0.17626953125,0.0,0.0,0.0,0.0,1.0,0.0,0.0
3,2110,0,task1_initial,ChevronSlow,0.99267578125,0.17724609375,0.9912109375,0.17578125,0.99365234375,0.1796875,1.0,7.740590996527328e-05,0.026614610536306475
3,2110,0,task1_initial,IDLGated,0.9931640625,0.17724609375,0.99169921875,0.17529296875,0.99267578125,0.18017578125,0.0003637706977315247,6.259658388100727e-05,0.027660801867809188
3,2120,0,task1_initial,MLP,0.99462890625,0.18408203125,0.0,0.0,0.0,0.0,1.0,0.0,0.0
3,2120,0,task1_initial,ChevronSlow,0.9951171875,0.18359375,0.99365234375,0.18505859375,0.9951171875,0.181640625,1.0,7.288496749618168e-05,0.026051661387495807
3,2120,0,task1_initial,IDLGated,0.9931640625,0.18359375,0.99267578125,0.18408203125,0.99462890625,0.18212890625,0.0003637415647972375,5.894058972481609e-05,0.026966639162671144
3,2130,0,task1_initial,MLP,0.994140625,0.18505859375,0.0,0.0,0.0,0.0,1.0,0.0,0.0
3,2130,0,task1_initial,ChevronSlow,0.9931640625,0.18505859375,0.99169921875,0.185546875,0.9951171875,0.1826171875,1.0,6.862807360965964e-05,0.02614684005779317
3,2130,0,task1_initial,IDLGated,0.9921875,0.185546875,0.99169921875,0.18603515625,0.99365234375,0.1826171875,0.00036371403257362545,5.5498126282944906e-05,0.02721567674083947
3,2140,0,task1_initial,MLP,0.9912109375,0.17626953125,0.0,0.0,0.0,0.0,1.0,0.0,0.0
3,2140,0,task1_initial,ChevronSlow,0.9931640625,0.17724609375,0.9921875,0.1767578125,0.99462890625,0.18017578125,1.0,6.461980637666608e-05,0.02621036451445408
3,2140,0,task1_initial,IDLGated,0.9931640625,0.177734375,0.99169921875,0.1767578125,0.994140625,0.18017578125,0.0003636880137491971,5.225672215527381e-05,0.027528145963697827
3,2150,0,task1_initial,MLP,0.99267578125,0.1767578125,0.0,0.0,0.0,0.0,1.0,0.0,0.0
3,2150,0,task1_initial,ChevronSlow,0.9931640625,0.17724609375,0.99169921875,0.1767578125,0.994140625,0.1787109375,1.0,6.084564459594663e-05,0.02588728335023942
3,2150,0,task1_initial,IDLGated,0.9931640625,0.177734375,0.99169921875,0.1767578125,0.994140625,0.18017578125,0.00036366356653161347,4.920463434191064e-05,0.02718390086572769
3,2160,0,task1_initial,MLP,0.99462890625,0.18115234375,0.0,0.0,0.0,0.0,1.0,0.0,0.0
3,2160,0,task1_initial,ChevronSlow,0.994140625,0.1806640625,0.994140625,0.18115234375,0.99462890625,0.18115234375,1.0,5.729191518644188e-05,0.025421391019932935
3,2160,0,task1_initial,IDLGated,0.994140625,0.18115234375,0.99365234375,0.1806640625,0.99462890625,0.18115234375,0.0003636406909208745,4.633080570050244e-05,0.026516109507663074
3,2170,0,task1_initial,MLP,0.99609375,0.1826171875,0.0,0.0,0.0,0.0,1.0,0.0,0.0
3,2170,0,task1_initial,ChevronSlow,0.9951171875,0.18212890625,0.99365234375,0.18408203125,0.9951171875,0.181640625,1.0,5.394574365227633e-05,0.024955852965001222
3,2170,0,task1_initial,IDLGated,0.994140625,0.1826171875,0.9931640625,0.1826171875,0.99462890625,0.181640625,0.00036361903767101467,4.362482488828018e-05,0.025863519335989862
3,2180,0,task1_initial,MLP,0.99462890625,0.18408203125,0.0,0.0,0.0,0.0,1.0,0.0,0.0
3,2180,0,task1_initial,ChevronSlow,0.99462890625,0.18359375,0.99365234375,0.18505859375,0.9951171875,0.18212890625,1.0,5.079500744087181e-05,0.024674521291653626
3,2180,0,task1_initial,IDLGated,0.994140625,0.18359375,0.9931640625,0.18408203125,0.9951171875,0.18212890625,0.0003635985776782036,4.107688864371447e-05,0.02549194194824387
3,2190,0,task1_initial,MLP,0.99365234375,0.185546875,0.0,0.0,0.0,0.0,1.0,0.0,0.0
3,2190,0,task1_initial,ChevronSlow,0.99365234375,0.18505859375,0.9921875,0.185546875,0.9951171875,0.18310546875,1.0,4.782829202521059e-05,0.024611570585869894
3,2190,0,task1_initial,IDLGated,0.99267578125,0.18408203125,0.99169921875,0.185546875,0.9951171875,0.1826171875,0.00036357948556542397,3.8677766271135576e-05,0.02517418999988408
3,2200,0,end_task1,MLP,0.99462890625,0.1826171875,0.0,0.0,0.0,0.0,1.0,0.0,0.0
3,2200,0,end_task1,ChevronSlow,0.9951171875,0.18310546875,0.99462890625,0.18359375,0.99560546875,0.1826171875,1.0,4.5034849551142436e-05,0.0243473064674149
3,2200,0,end_task1,IDLGated,0.99560546875,0.18310546875,0.994140625,0.18359375,0.9951171875,0.18212890625,0.00036356132477521896,3.641876619965237e-05,0.024694938463347395
3,2210,0,task2,MLP,0.93505859375,0.23486328125,0.0,0.0,0.0,0.0,1.0,0.0,0.0
3,2210,0,task2,ChevronSlow,0.94970703125,0.220703125,0.888671875,0.27734375,0.97802734375,0.1953125,1.0,4.240455989992264e-05,0.049620568072441085
3,2210,0,task2,IDLGated,0.962890625,0.20068359375,0.896484375,0.265625,0.99462890625,0.18115234375,0.00036805940908379853,0.0005955395885230981,0.07805394579168026
3,2220,0,task2,MLP,0.06982421875,0.81591796875,0.0,0.0,0.0,0.0,1.0,0.0,0.0
3,2220,0,task2,ChevronSlow,0.06494140625,0.8291015625,0.03564453125,0.81591796875,0.947265625,0.23388671875,1.0,0.013823898638289707,0.08784095983586011
3,2220,0,task2,IDLGated,0.18701171875,0.75048828125,0.033203125,0.82861328125,0.99462890625,0.1806640625,0.0006801416166126728,0.02852140199324358,0.15597646072817853
3,2230,0,task2,MLP,0.06591796875,0.814453125,0.0,0.0,0.0,0.0,1.0,0.0,0.0
3,2230,0,task2,ChevronSlow,0.05126953125,0.84521484375,0.05126953125,0.826171875,0.916015625,0.2607421875,1.0,0.05971356516477134,0.10441378369387182
3,2230,0,task2,IDLGated,0.09033203125,0.833984375,0.03271484375,0.841796875,0.99462890625,0.1806640625,0.003923680633306503,0.10832755678087748,0.19970005752006148
3,2240,0,task2,MLP,0.0654296875,0.8310546875,0.0,0.0,0.0,0.0,1.0,0.0,0.0
3,2240,0,task2,ChevronSlow,0.08544921875,0.8486328125,0.0419921875,0.84619140625,0.896484375,0.28466796875,1.0,0.13019287457097375,0.11056502921151876
3,2240,0,task2,IDLGated,0.11865234375,0.8505859375,0.07421875,0.8544921875,0.99462890625,0.18115234375,0.060491424053907394,0.23532475725390214,0.22168303207274317
3,2250,0,task2,MLP,0.0869140625,0.83349609375,0.0,0.0,0.0,0.0,1.0,0.0,0.0
3,2250,0,task2,ChevronSlow,0.1220703125,0.85546875,0.08642578125,0.85791015625,0.890625,0.29443359375,1.0,0.21144594097337374,0.11504146723797357
3,2250,0,task2,IDLGated,0.1318359375,0.85595703125,0.0849609375,0.86376953125,0.9951171875,0.18212890625,0.6781244874000549,0.39387118348100614,0.22407310430268218
3,2260,0,task2,MLP,0.125,0.837890625,0.0,0.0,0.0,0.0,1.0,0.0,0.0
3,2260,0,task2,ChevronSlow,0.15625,0.861328125,0.111328125,0.875,0.884765625,0.30517578125,1.0,0.2923790601916208,0.12012707981356649
3,2260,0,task2,IDLGated,0.146484375,0.87060546875,0.0869140625,0.87353515625,0.98779296875,0.18896484375,0.989949107170105,0.568636113535077,0.21754486032342443
3,2270,0,task2,MLP,0.1240234375,0.8486328125,0.0,0.0,0.0,0.0,1.0,0.0,0.0
3,2270,0,task2,ChevronSlow,0.1640625,0.8662109375,0.1220703125,0.88330078125,0.8740234375,0.318359375,1.0,0.3685138407287619,0.12322075928173779
3,2270,0,task2,IDLGated,0.1318359375,0.8837890625,0.0751953125,0.875,0.9814453125,0.193359375,0.9998070597648621,0.7487681210174679,0.21246187307650946
3,2280,0,task2,MLP,0.091796875,0.85205078125,0.0,0.0,0.0,0.0,1.0,0.0,0.0
3,2280,0,task2,ChevronSlow,0.15087890625,0.87548828125,0.12353515625,0.87744140625,0.8388671875,0.3515625,1.0,0.4378182085072673,0.12649785399604657
3,2280,0,task2,IDLGated,0.1318359375,0.8779296875,0.08203125,0.87109375,0.97607421875,0.19775390625,0.9999961853027344,0.9265957081353263,0.20987638297225894
3,2290,0,task2,MLP,0.10009765625,0.865234375,0.0,0.0,0.0,0.0,1.0,0.0,0.0
3,2290,0,task2,ChevronSlow,0.16064453125,0.8857421875,0.1328125,0.88916015625,0.55615234375,0.62060546875,1.0,0.5002193743318716,0.13227009506624682
3,2290,0,task2,IDLGated,0.15673828125,0.8955078125,0.09228515625,0.89013671875,0.96484375,0.201171875,0.9999998807907104,1.095760954951049,0.21074035550812506
3,2300,0,task2,MLP,0.1103515625,0.876953125,0.0,0.0,0.0,0.0,1.0,0.0,0.0
3,2300,0,task2,ChevronSlow,0.16455078125,0.88623046875,0.13427734375,0.90087890625,0.53173828125,0.64599609375,1.0,0.5537679859338551,0.13648132297026755
3,2300,0,task2,IDLGated,0.15380859375,0.90869140625,0.0927734375,0.89453125,0.95458984375,0.20703125,1.0,1.2514357142834225,0.20985553041431318
3,2310,0,task2,MLP,0.1103515625,0.8876953125,0.0,0.0,0.0,0.0,1.0,0.0,0.0
3,2310,0,task2,ChevronSlow,0.15185546875,0.89697265625,0.12255859375,0.90283203125,0.501953125,0.671875,1.0,0.5997523838627423,0.13843522640436576
3,2310,0,task2,IDLGated,0.13671875,0.91748046875,0.08740234375,0.88525390625,0.9423828125,0.2119140625,1.0,1.393779947798794,0.2073420195290877
3,2320,0,task2,MLP,0.119140625,0.892578125,0.0,0.0,0.0,0.0,1.0,0.0,0.0
3,2320,0,task2,ChevronSlow,0.15185546875,0.904296875,0.1328125,0.90625,0.2744140625,0.830078125,1.0,0.6389483887577069,0.14197995296217097
3,2320,0,task2,IDLGated,0.1484375,0.921875,0.09814453125,0.892578125,0.93798828125,0.21484375,1.0,1.5234660048782198,0.2075209197826183
3,2330,0,task2,MLP,0.12109375,0.8984375,0.0,0.0,0.0,0.0,1.0,0.0,0.0
3,2330,0,task2,ChevronSlow,0.15087890625,0.90966796875,0.14111328125,0.9091796875,0.22216796875,0.853515625,1.0,0.6724926837352703,0.14674520269864547
3,2330,0,task2,IDLGated,0.1533203125,0.92626953125,0.1064453125,0.8916015625,0.93212890625,0.21630859375,1.0,1.641091640171035,0.20819869878242642
3,2340,0,task2,MLP,0.1220703125,0.900390625,0.0,0.0,0.0,0.0,1.0,0.0,0.0
3,2340,0,task2,ChevronSlow,0.14501953125,0.9140625,0.13671875,0.91162109375,0.1884765625,0.86279296875,1.0,0.700363103490199,0.148344683950872
3,2340,0,task2,IDLGated,0.1484375,0.92626953125,0.10791015625,0.89208984375,0.9267578125,0.22216796875,1.0,1.7466065342983894,0.20780077573110595
3,2350,0,task2,MLP,0.13427734375,0.9130859375,0.0,0.0,0.0,0.0,1.0,0.0,0.0
3,2350,0,task2,ChevronSlow,0.15185546875,0.92138671875,0.14697265625,0.92822265625,0.177734375,0.86962890625,1.0,0.723473968671862,0.1513996857920472
3,2350,0,task2,IDLGated,0.16064453125,0.93408203125,0.1201171875,0.9111328125,0.91357421875,0.22509765625,1.0,1.8384154701159166,0.21101884647460858
3,2360,0,task2,MLP,0.150390625,0.92626953125,0.0,0.0,0.0,0.0,1.0,0.0,0.0
3,2360,0,task2,ChevronSlow,0.16162109375,0.92529296875,0.158203125,0.9345703125,0.17333984375,0.87158203125,1.0,0.7434419198283039,0.1563117904464132
3,2360,0,task2,IDLGated,0.16064453125,0.93896484375,0.1220703125,0.9130859375,0.91015625,0.2265625,1.0,1.9171515038805742,0.2113278324356651
3,2370,0,task2,MLP,0.1416015625,0.927734375,0.0,0.0,0.0,0.0,1.0,0.0,0.0
3,2370,0,task2,ChevronSlow,0.158203125,0.93115234375,0.15966796875,0.9345703125,0.17041015625,0.8779296875,1.0,0.7601629160633541,0.15763229533477333
3,2370,0,task2,IDLGated,0.15673828125,0.9404296875,0.12451171875,0.912109375,0.90673828125,0.228515625,1.0,1.9834791822812259,0.20969248431057858
3,2380,0,task2,MLP,0.13916015625,0.92724609375,0.0,0.0,0.0,0.0,1.0,0.0,0.0
3,2380,0,task2,ChevronSlow,0.15478515625,0.93310546875,0.15576171875,0.93994140625,0.15966796875,0.88427734375,1.0,0.7736346789022907,0.1560798800125207
3,2380,0,task2,IDLGated,0.15869140625,0.94140625,0.12841796875,0.9208984375,0.90380859375,0.23193359375,1.0,2.037223094147758,0.2073791704287197
3,2390,0,task2,MLP,0.15234375,0.93359375,0.0,0.0,0.0,0.0,1.0,0.0,0.0
3,2390,0,task2,ChevronSlow,0.162109375,0.93701171875,0.166015625,0.94287109375,0.15869140625,0.888671875,1.0,0.7848676737786667,0.16047260367140714
3,2390,0,task2,IDLGated,0.1611328125,0.94189453125,0.1328125,0.919921875,0.90087890625,0.236328125,1.0,2.0799634704556165,0.20705033682918003
3,2400,0,task2,MLP,0.16455078125,0.9375,0.0,0.0,0.0,0.0,1.0,0.0,0.0
3,2400,0,task2,ChevronSlow,0.16650390625,0.9345703125,0.177734375,0.93701171875,0.15576171875,0.89013671875,1.0,0.7946855227795049,0.1650887718246731
3,2400,0,task2,IDLGated,0.16259765625,0.9384765625,0.14111328125,0.91455078125,0.89794921875,0.23779296875,1.0,2.1138839631078086,0.20627188407539213
3,2410,0,task2,MLP,0.1669921875,0.94482421875,0.0,0.0,0.0,0.0,1.0,0.0,0.0
3,2410,0,task2,ChevronSlow,0.17041015625,0.9404296875,0.1806640625,0.9462890625,0.15478515625,0.8935546875,1.0,0.8023395216347998,0.16598912486996806
3,2410,0,task2,IDLGated,0.17138671875,0.94287109375,0.14794921875,0.92431640625,0.89404296875,0.23974609375,1.0,2.139560624127801,0.2085896938172317
3,2420,0,end_task2,MLP,0.16259765625,0.95166015625,0.0,0.0,0.0,0.0,1.0,0.0,0.0
3,2420,0,end_task2,ChevronSlow,0.17041015625,0.9462890625,0.17919921875,0.951171875,0.1494140625,0.89892578125,1.0,0.8085768060146359,0.1678127507676264
3,2420,0,end_task2,IDLGated,0.1689453125,0.9482421875,0.14453125,0.9287109375,0.884765625,0.24267578125,1.0,2.158112081658536,0.21140912776201284
3,2430,10,task1_return,MLP,0.4638671875,0.71142578125,0.0,0.0,0.0,0.0,1.0,0.0,0.0
3,2430,10,task1_return,ChevronSlow,0.4775390625,0.701171875,0.484375,0.6806640625,0.22216796875,0.87646484375,1.0,0.8110745794833825,0.197590434540982
3,2430,10,task1_return,IDLGated,0.48388671875,0.70068359375,0.248046875,0.90966796875,0.90380859375,0.21484375,1.0,2.167913757372111,0.22570084087816253
3,2440,20,task1_return,MLP,0.95361328125,0.22265625,0.0,0.0,0.0,0.0,1.0,0.0,0.0
3,2440,20,task1_return,ChevronSlow,0.9267578125,0.2451171875,0.93310546875,0.20361328125,0.623046875,0.5498046875,1.0,0.8060161232468019,0.22982809200958018
3,2440,20,task1_return,IDLGated,0.759765625,0.412109375,0.65966796875,0.47216796875,0.9296875,0.1806640625,1.0,2.158477980543212,0.24845568384062283
3,2450,30,task1_return,MLP,0.98681640625,0.18408203125,0.0,0.0,0.0,0.0,1.0,0.0,0.0
3,2450,30,task1_return,ChevronSlow,0.9775390625,0.18017578125,0.9326171875,0.15673828125,0.95703125,0.220703125,1.0,0.8024906935802922,0.24048904196006285
3,2450,30,task1_return,IDLGated,0.9677734375,0.16455078125,0.767578125,0.3369140625,0.96142578125,0.1728515625,1.0,2.1234854916995305,0.2625827513478313
3,2460,40,task1_return,MLP,0.96875,0.1630859375,0.0,0.0,0.0,0.0,1.0,0.0,0.0
3,2460,40,task1_return,ChevronSlow,0.97998046875,0.1767578125,0.9453125,0.15478515625,0.96337890625,0.20947265625,1.0,0.8063457191443735,0.2390466817580435
3,2460,40,task1_return,IDLGated,0.96337890625,0.16650390625,0.8818359375,0.23486328125,0.97802734375,0.17578125,1.0,2.067002896055869,0.2664357302774862
3,2470,50,task1_return,MLP,0.98681640625,0.17041015625,0.0,0.0,0.0,0.0,1.0,0.0,0.0
3,2470,50,task1_return,ChevronSlow,0.986328125,0.18212890625,0.96435546875,0.1630859375,0.97021484375,0.20458984375,1.0,0.8157876535071985,0.23523320821896798
3,2470,50,task1_return,IDLGated,0.97412109375,0.17578125,0.919921875,0.205078125,0.9853515625,0.18310546875,1.0,1.9948201313429226,0.2659566058338646
3,2480,60,task1_return,MLP,0.9912109375,0.18115234375,0.0,0.0,0.0,0.0,1.0,0.0,0.0
3,2480,60,task1_return,ChevronSlow,0.98828125,0.18359375,0.97314453125,0.16943359375,0.97509765625,0.20361328125,1.0,0.8287571240905189,0.23035930302390936
3,2480,60,task1_return,IDLGated,0.97998046875,0.18017578125,0.94091796875,0.193359375,0.98583984375,0.1865234375,1.0,1.9122789164490424,0.26296354202741007
3,2490,70,task1_return,MLP,0.99169921875,0.18701171875,0.0,0.0,0.0,0.0,1.0,0.0,0.0
3,2490,70,task1_return,ChevronSlow,0.98828125,0.185546875,0.982421875,0.17431640625,0.9775390625,0.203125,1.0,0.8422989752880755,0.2246220446152253
3,2490,70,task1_return,IDLGated,0.982421875,0.18359375,0.95458984375,0.18603515625,0.98486328125,0.18994140625,1.0,1.8231421819497162,0.2587655934837555
3,2500,80,task1_return,MLP,0.98583984375,0.18408203125,0.0,0.0,0.0,0.0,1.0,0.0,0.0
3,2500,80,task1_return,ChevronSlow,0.98486328125,0.185546875,0.9853515625,0.17529296875,0.97802734375,0.2001953125,1.0,0.8546864740666037,0.2187203680091236
3,2500,80,task1_return,IDLGated,0.98193359375,0.18505859375,0.9609375,0.177734375,0.97802734375,0.19091796875,1.0,1.731487349375215,0.25379424972975545
3,2510,90,task1_return,MLP,0.99267578125,0.181640625,0.0,0.0,0.0,0.0,1.0,0.0,0.0
3,2510,90,task1_return,ChevronSlow,0.9892578125,0.18505859375,0.98779296875,0.17626953125,0.97998046875,0.19970703125,1.0,0.8648214931571209,0.21265226567773177
3,2510,90,task1_return,IDLGated,0.984375,0.18505859375,0.9619140625,0.1787109375,0.982421875,0.18994140625,1.0,1.638986654132992,0.2480716611700675
3,2520,100,task1_return,MLP,0.99267578125,0.18408203125,0.0,0.0,0.0,0.0,1.0,0.0,0.0
3,2520,100,task1_return,ChevronSlow,0.990234375,0.185546875,0.98779296875,0.1787109375,0.9814453125,0.19921875,1.0,0.8723276481049853,0.20668157422921718
3,2520,100,task1_return,IDLGated,0.98486328125,0.18408203125,0.966796875,0.18505859375,0.98681640625,0.18798828125,1.0,1.5469874118258458,0.24226242359581876
3,2530,110,task1_return,MLP,0.99267578125,0.18017578125,0.0,0.0,0.0,0.0,1.0,0.0,0.0
3,2530,110,task1_return,ChevronSlow,0.99169921875,0.1806640625,0.982421875,0.17236328125,0.98291015625,0.1962890625,1.0,0.8766654994829812,0.20102435151222617
3,2530,110,task1_return,IDLGated,0.98388671875,0.181640625,0.96630859375,0.18310546875,0.98876953125,0.18603515625,1.0,1.4569955653469326,0.2362355347104959
3,2540,120,task1_return,MLP,0.99267578125,0.177734375,0.0,0.0,0.0,0.0,1.0,0.0,0.0
3,2540,120,task1_return,ChevronSlow,0.98974609375,0.1767578125,0.9736328125,0.1669921875,0.98583984375,0.1923828125,1.0,0.8789689976084781,0.19576312863489498
3,2540,120,task1_return,IDLGated,0.98193359375,0.1767578125,0.9580078125,0.17333984375,0.98681640625,0.18212890625,1.0,1.3718987926120059,0.2303736064537481
3,2550,130,task1_return,MLP,0.98974609375,0.17822265625,0.0,0.0,0.0,0.0,1.0,0.0,0.0
3,2550,130,task1_return,ChevronSlow,0.9892578125,0.17822265625,0.984375,0.16845703125,0.9833984375,0.19287109375,1.0,0.8795299401283139,0.19154762610854628
3,2550,130,task1_return,IDLGated,0.9814453125,0.17578125,0.96240234375,0.16650390625,0.98193359375,0.18017578125,1.0,1.2917721521836765,0.225662201809322
3,2560,140,task1_return,MLP,0.9912109375,0.18310546875,0.0,0.0,0.0,0.0,1.0,0.0,0.0
3,2560,140,task1_return,ChevronSlow,0.990234375,0.18505859375,0.98974609375,0.17919921875,0.9833984375,0.19384765625,1.0,0.8773908259149489,0.18710784613276496
3,2560,140,task1_return,IDLGated,0.98388671875,0.1806640625,0.970703125,0.17626953125,0.982421875,0.18310546875,1.0,1.2163253602550361,0.22157309413665782
3,2570,150,task1_return,MLP,0.9912109375,0.1787109375,0.0,0.0,0.0,0.0,1.0,0.0,0.0
3,2570,150,task1_return,ChevronSlow,0.99072265625,0.1796875,0.98779296875,0.1728515625,0.986328125,0.19091796875,1.0,0.8721441407675372,0.18141134137209192
3,2570,150,task1_return,IDLGated,0.984375,0.17919921875,0.97412109375,0.17578125,0.98046875,0.18115234375,1.0,1.1452850872335432,0.21638238226951492
3,2580,160,task1_return,MLP,0.99169921875,0.1767578125,0.0,0.0,0.0,0.0,1.0,0.0,0.0
3,2580,160,task1_return,ChevronSlow,0.990234375,0.17724609375,0.9814453125,0.16845703125,0.9873046875,0.18994140625,1.0,0.864238030313697,0.1768232663931604
3,2580,160,task1_return,IDLGated,0.98486328125,0.17626953125,0.97412109375,0.17236328125,0.982421875,0.17822265625,0.9999998807907104,1.0783939675191143,0.21142625280023808
3,2590,170,task1_return,MLP,0.994140625,0.18017578125,0.0,0.0,0.0,0.0,1.0,0.0,0.0
3,2590,170,task1_return,ChevronSlow,0.9931640625,0.1826171875,0.9912109375,0.177734375,0.9873046875,0.1904296875,1.0,0.8543735987489229,0.17368495119609306
3,2590,170,task1_return,IDLGated,0.98974609375,0.17822265625,0.97802734375,0.17919921875,0.98486328125,0.1806640625,0.9999994039535522,1.015409667116773,0.2084344523313282
3,2600,180,task1_return,MLP,0.9912109375,0.185546875,0.0,0.0,0.0,0.0,1.0,0.0,0.0
3,2600,180,task1_return,ChevronSlow,0.9892578125,0.18603515625,0.99072265625,0.18310546875,0.9873046875,0.1923828125,1.0,0.8421596229817612,0.17041343890578367
3,2600,180,task1_return,IDLGated,0.98974609375,0.18408203125,0.978515625,0.1904296875,0.98583984375,0.18359375,0.9999979734420776,0.9561040057059856,0.20523196337633207
3,2610,190,task1_return,MLP,0.9921875,0.18505859375,0.0,0.0,0.0,0.0,1.0,0.0,0.0
3,2610,190,task1_return,ChevronSlow,0.99072265625,0.1845703125,0.9921875,0.181640625,0.9873046875,0.1923828125,1.0,0.8272242093059444,0.16634193162534944
3,2610,190,task1_return,IDLGated,0.990234375,0.18359375,0.98388671875,0.18701171875,0.98486328125,0.1845703125,0.999993085861206,0.9002621299861087,0.2007580619665569
3,2620,200,task1_return,MLP,0.99365234375,0.1826171875,0.0,0.0,0.0,0.0,1.0,0.0,0.0
3,2620,200,task1_return,ChevronSlow,0.99267578125,0.18212890625,0.990234375,0.1767578125,0.9892578125,0.18994140625,1.0,0.8097409050796931,0.16229920189441904
3,2620,200,task1_return,IDLGated,0.98974609375,0.18212890625,0.98291015625,0.18359375,0.9873046875,0.18212890625,0.9999780654907227,0.8476817353031315,0.19624132973880676
3,2630,210,task1_return,MLP,0.994140625,0.17724609375,0.0,0.0,0.0,0.0,1.0,0.0,0.0
3,2630,210,task1_return,ChevronSlow,0.99267578125,0.1787109375,0.98583984375,0.17138671875,0.98974609375,0.18798828125,1.0,0.7906798940940991,0.15865374722290065
3,2630,210,task1_return,IDLGated,0.98974609375,0.1767578125,0.9814453125,0.17236328125,0.98681640625,0.1806640625,0.9999349117279053,0.7981723327378171,0.1911839986453804
3,2640,220,task1_return,MLP,0.9912109375,0.18603515625,0.0,0.0,0.0,0.0,1.0,0.0,0.0
3,2640,220,task1_return,ChevronSlow,0.98828125,0.18701171875,0.99072265625,0.185546875,0.98681640625,0.19287109375,1.0,0.7701714687400675,0.1567165999184076
3,2640,220,task1_return,IDLGated,0.99072265625,0.18505859375,0.9873046875,0.1865234375,0.98583984375,0.18310546875,0.9998185038566589,0.7515545590000342,0.18828596205467227
3,2650,230,task1_return,MLP,0.994140625,0.18212890625,0.0,0.0,0.0,0.0,1.0,0.0,0.0
3,2650,230,task1_return,ChevronSlow,0.9921875,0.18212890625,0.99072265625,0.17626953125,0.990234375,0.1884765625,1.0,0.747511161094654,0.15281949309880602
3,2650,230,task1_return,IDLGated,0.9912109375,0.18115234375,0.9814453125,0.18212890625,0.98828125,0.181640625,0.9995235204696655,0.7076595266291599,0.18351497605328906
3,2660,240,task1_return,MLP,0.99462890625,0.17724609375,0.0,0.0,0.0,0.0,1.0,0.0,0.0
3,2660,240,task1_return,ChevronSlow,0.99267578125,0.177734375,0.9833984375,0.16943359375,0.99072265625,0.18701171875,1.0,0.7233418336752878,0.14984282496821083
3,2660,240,task1_return,IDLGated,0.9892578125,0.17724609375,0.982421875,0.17578125,0.986328125,0.17919921875,0.9988178610801697,0.6663282121464501,0.17936734034395121
3,2670,250,task1_return,MLP,0.99365234375,0.177734375,0.0,0.0,0.0,0.0,1.0,0.0,0.0
3,2670,250,task1_return,ChevronSlow,0.99267578125,0.1767578125,0.9833984375,0.1708984375,0.990234375,0.1865234375,1.0,0.6981997958997462,0.14747236133229136
3,2670,250,task1_return,IDLGated,0.98828125,0.17626953125,0.984375,0.171875,0.98486328125,0.1787109375,0.9972214698791504,0.6274108799427693,0.17524060736507607
3,2680,260,end_return,MLP,0.9931640625,0.181640625,0.0,0.0,0.0,0.0,1.0,0.0,0.0
3,2680,260,end_return,ChevronSlow,0.99169921875,0.1796875,0.98583984375,0.1748046875,0.990234375,0.18701171875,1.0,0.6722092997532871,0.14507504896823734
3,2680,260,end_return,IDLGated,0.98828125,0.17822265625,0.98095703125,0.17822265625,0.98779296875,0.1796875,0.9937992691993713,0.5907665398145293,0.17132303079445332
4,0,0,task1_initial,MLP,0.2958984375,0.5830078125,0.0,0.0,0.0,0.0,1.0,0.0,0.0
4,0,0,task1_initial,ChevronSlow,0.5009765625,0.587890625,0.5009765625,0.587890625,0.5009765625,0.587890625,1.0,0.0,0.0
4,0,0,task1_initial,IDLGated,0.3486328125,0.78564453125,0.3486328125,0.78564453125,0.3486328125,0.78564453125,1.0,0.0,0.0
4,10,0,task1_initial,MLP,0.7998046875,0.25390625,0.0,0.0,0.0,0.0,1.0,0.0,0.0
4,10,0,task1_initial,ChevronSlow,0.80859375,0.17041015625,0.81689453125,0.15234375,0.75,0.27978515625,1.0,0.0006372631775703563,0.022811419561780014
4,10,0,task1_initial,IDLGated,0.9267578125,0.2626953125,0.92724609375,0.24609375,0.78271484375,0.36328125,0.0003674557083286345,0.0005208957052554599,0.023438234755521054
4,20,0,task1_initial,MLP,0.86083984375,0.21484375,0.0,0.0,0.0,0.0,1.0,0.0,0.0
4,20,0,task1_initial,ChevronSlow,0.83056640625,0.15673828125,0.8408203125,0.15771484375,0.8076171875,0.17236328125,1.0,0.004411895813849641,0.04320252241426457
4,20,0,task1_initial,IDLGated,0.92578125,0.2353515625,0.92236328125,0.22509765625,0.92431640625,0.26611328125,0.00039723413647152483,0.0040642070666625715,0.045993721095217974
4,30,0,task1_initial,MLP,0.9208984375,0.208984375,0.0,0.0,0.0,0.0,1.0,0.0,0.0
4,30,0,task1_initial,ChevronSlow,0.8818359375,0.1728515625,0.896484375,0.1767578125,0.83935546875,0.181640625,1.0,0.013942397885799044,0.06213746218327796
4,30,0,task1_initial,IDLGated,0.9326171875,0.2255859375,0.93310546875,0.21875,0.927734375,0.2509765625,0.000492831168230623,0.013870401628343382,0.06794580686795486
4,40,0,task1_initial,MLP,0.9384765625,0.212890625,0.0,0.0,0.0,0.0,1.0,0.0,0.0
4,40,0,task1_initial,ChevronSlow,0.91748046875,0.19140625,0.919921875,0.193359375,0.87109375,0.18017578125,1.0,0.03150511321263043,0.0797728725527398
4,40,0,task1_initial,IDLGated,0.93408203125,0.224609375,0.93408203125,0.22119140625,0.9287109375,0.24755859375,0.0007473924197256565,0.03281033075121623,0.08768834406382685
4,50,0,task1_initial,MLP,0.923828125,0.2177734375,0.0,0.0,0.0,0.0,1.0,0.0,0.0
4,50,0,task1_initial,ChevronSlow,0.91455078125,0.2109375,0.92138671875,0.21630859375,0.87939453125,0.1787109375,1.0,0.05902659482129411,0.09487027926900908
4,50,0,task1_initial,IDLGated,0.9248046875,0.22021484375,0.9248046875,0.2177734375,0.92822265625,0.248046875,0.0014458741061389446,0.06283661595369194,0.10324329450429268
4,60,0,task1_initial,MLP,0.93701171875,0.21533203125,0.0,0.0,0.0,0.0,1.0,0.0,0.0
4,60,0,task1_initial,ChevronSlow,0.9267578125,0.21337890625,0.93017578125,0.21728515625,0.89794921875,0.18359375,1.0,0.09740061798923501,0.10684777331769024
4,60,0,task1_initial,IDLGated,0.93115234375,0.21044921875,0.93212890625,0.208984375,0.93115234375,0.2431640625,0.0035868254490196705,0.10423207177571839,0.11464500671032547
4,70,0,task1_initial,MLP,0.943359375,0.216796875,0.0,0.0,0.0,0.0,1.0,0.0,0.0
4,70,0,task1_initial,ChevronSlow,0.93115234375,0.22119140625,0.9296875,0.224609375,0.90966796875,0.18603515625,1.0,0.14625774005586717,0.11483412147803328
4,70,0,task1_initial,IDLGated,0.93359375,0.21875,0.9345703125,0.21630859375,0.93115234375,0.23974609375,0.011057878844439983,0.15575034608055693,0.12143210865952982
4,80,0,task1_initial,MLP,0.9375,0.20751953125,0.0,0.0,0.0,0.0,1.0,0.0,0.0
4,80,0,task1_initial,ChevronSlow,0.92822265625,0.2080078125,0.9287109375,0.21044921875,0.9072265625,0.18603515625,1.0,0.2032987838185903,0.12012480984326668
4,80,0,task1_initial,IDLGated,0.93310546875,0.2041015625,0.93359375,0.2021484375,0.93505859375,0.23388671875,0.039153825491666794,0.21453107843697855,0.12565492238549872
4,90,0,task1_initial,MLP,0.93994140625,0.21142578125,0.0,0.0,0.0,0.0,1.0,0.0,0.0
4,90,0,task1_initial,ChevronSlow,0.931640625,0.21044921875,0.9326171875,0.21484375,0.90966796875,0.18701171875,1.0,0.2665218947700313,0.12270724472974112
4,90,0,task1_initial,IDLGated,0.93359375,0.208984375,0.9345703125,0.20849609375,0.935546875,0.236328125,0.14260022342205048,0.27846094288423084,0.1269856429306411
4,100,0,task1_initial,MLP,0.94189453125,0.2158203125,0.0,0.0,0.0,0.0,1.0,0.0,0.0
4,100,0,task1_initial,ChevronSlow,0.93603515625,0.21337890625,0.9365234375,0.2158203125,0.912109375,0.18701171875,1.0,0.33365720943189087,0.12454921278368887
4,100,0,task1_initial,IDLGated,0.93701171875,0.21240234375,0.9365234375,0.2109375,0.9345703125,0.236328125,0.41861388087272644,0.3450697243118183,0.12817328744554363
4,110,0,task1_initial,MLP,0.93994140625,0.205078125,0.0,0.0,0.0,0.0,1.0,0.0,0.0
4,110,0,task1_initial,ChevronSlow,0.93212890625,0.205078125,0.93505859375,0.20849609375,0.9091796875,0.1875,1.0,0.40228354114484993,0.12497332092162942
4,110,0,task1_initial,IDLGated,0.93505859375,0.203125,0.935546875,0.19970703125,0.93505859375,0.23095703125,0.7592132687568665,0.41219868854084196,0.12844124433373508
4,120,0,task1_initial,MLP,0.9423828125,0.205078125,0.0,0.0,0.0,0.0,1.0,0.0,0.0
4,120,0,task1_initial,ChevronSlow,0.93505859375,0.20458984375,0.93798828125,0.2080078125,0.91259765625,0.18798828125,1.0,0.47051169599445114,0.125552765498428
4,120,0,task1_initial,IDLGated,0.9384765625,0.20263671875,0.9365234375,0.20068359375,0.9365234375,0.228515625,0.9307861924171448,0.47812859734547136,0.12923771657400812
4,130,0,task1_initial,MLP,0.9462890625,0.2021484375,0.0,0.0,0.0,0.0,1.0,0.0,0.0
4,130,0,task1_initial,ChevronSlow,0.9375,0.203125,0.9375,0.205078125,0.91357421875,0.1904296875,1.0,0.5369986204121455,0.12617202858447502
4,130,0,task1_initial,IDLGated,0.93994140625,0.20361328125,0.94189453125,0.19921875,0.9365234375,0.22900390625,0.9819532036781311,0.5416623225584719,0.13002432546540557
4,140,0,task1_initial,MLP,0.94091796875,0.20556640625,0.0,0.0,0.0,0.0,1.0,0.0,0.0
4,140,0,task1_initial,ChevronSlow,0.93408203125,0.20556640625,0.93505859375,0.20703125,0.9091796875,0.1953125,1.0,0.599814682988847,0.1259617988881084
4,140,0,task1_initial,IDLGated,0.93701171875,0.203125,0.9375,0.2001953125,0.92529296875,0.22802734375,0.9950721859931946,0.6012689762685208,0.1293414701473016
4,150,0,task1_initial,MLP,0.94580078125,0.2197265625,0.0,0.0,0.0,0.0,1.0,0.0,0.0
4,150,0,task1_initial,ChevronSlow,0.9365234375,0.21923828125,0.93798828125,0.22119140625,0.91162109375,0.20361328125,1.0,0.6585194599902191,0.12454490659747328
4,150,0,task1_initial,IDLGated,0.94091796875,0.2177734375,0.9404296875,0.2158203125,0.9267578125,0.23388671875,0.9985336065292358,0.656521285632109,0.12782698452988386
4,160,0,task1_initial,MLP,0.95703125,0.20703125,0.0,0.0,0.0,0.0,1.0,0.0,0.0
4,160,0,task1_initial,ChevronSlow,0.94384765625,0.208984375,0.9443359375,0.20849609375,0.9228515625,0.20166015625,1.0,0.7133447926251776,0.12247504168901102
4,160,0,task1_initial,IDLGated,0.94775390625,0.21142578125,0.9501953125,0.205078125,0.935546875,0.23193359375,0.999523401260376,0.7076535363340192,0.12631895331506338
4,170,0,task1_initial,MLP,0.9521484375,0.19482421875,0.0,0.0,0.0,0.0,1.0,0.0,0.0
4,170,0,task1_initial,ChevronSlow,0.94189453125,0.1982421875,0.9453125,0.19873046875,0.9208984375,0.19482421875,1.0,0.763288169311192,0.12109924386471514
4,170,0,task1_initial,IDLGated,0.9453125,0.197265625,0.94287109375,0.19140625,0.9375,0.22705078125,0.9998282194137573,0.7540686251096508,0.1252291856878379
4,180,0,task1_initial,MLP,0.953125,0.19580078125,0.0,0.0,0.0,0.0,1.0,0.0,0.0
4,180,0,task1_initial,ChevronSlow,0.9384765625,0.1962890625,0.94384765625,0.19873046875,0.921875,0.19482421875,1.0,0.8081653846455121,0.12069895396161265
4,180,0,task1_initial,IDLGated,0.947265625,0.19580078125,0.9462890625,0.18994140625,0.9384765625,0.2265625,0.9999312162399292,0.7956412815721617,0.12469978219090831
4,190,0,task1_initial,MLP,0.9560546875,0.19775390625,0.0,0.0,0.0,0.0,1.0,0.0,0.0
4,190,0,task1_initial,ChevronSlow,0.94287109375,0.19970703125,0.9453125,0.201171875,0.9248046875,0.1982421875,1.0,0.8480215968155409,0.12069571298041433
4,190,0,task1_initial,IDLGated,0.94921875,0.19775390625,0.94970703125,0.19384765625,0.93994140625,0.22802734375,0.9999696016311646,0.832722210040191,0.12427693855957657
4,200,0,task1_initial,MLP,0.95361328125,0.21044921875,0.0,0.0,0.0,0.0,1.0,0.0,0.0
4,200,0,task1_initial,ChevronSlow,0.94091796875,0.2119140625,0.94287109375,0.21337890625,0.91943359375,0.20654296875,1.0,0.8840060476894662,0.12081405094060023
4,200,0,task1_initial,IDLGated,0.94775390625,0.21044921875,0.947265625,0.20703125,0.9345703125,0.22900390625,0.9999853372573853,0.865968767196256,0.12372738110277809
4,210,0,task1_initial,MLP,0.96142578125,0.20068359375,0.0,0.0,0.0,0.0,1.0,0.0,0.0
4,210,0,task1_initial,ChevronSlow,0.94677734375,0.20263671875,0.95263671875,0.2021484375,0.9267578125,0.20166015625,1.0,0.9159986401011463,0.12091218648039773
4,210,0,task1_initial,IDLGated,0.953125,0.20068359375,0.95751953125,0.19580078125,0.94140625,0.22802734375,0.9999922513961792,0.8952185007114057,0.12416187810390404
4,220,0,task1_initial,MLP,0.95849609375,0.1904296875,0.0,0.0,0.0,0.0,1.0,0.0,0.0
4,220,0,task1_initial,ChevronSlow,0.94677734375,0.19091796875,0.9501953125,0.1923828125,0.92431640625,0.1962890625,1.0,0.9440079091309496,0.12024234821210796
4,220,0,task1_initial,IDLGated,0.95166015625,0.1884765625,0.9521484375,0.18310546875,0.94140625,0.2216796875,0.9999955892562866,0.920731338052526,0.12345887980663448
4,230,0,task1_initial,MLP,0.962890625,0.20556640625,0.0,0.0,0.0,0.0,1.0,0.0,0.0
4,230,0,task1_initial,ChevronSlow,0.94677734375,0.205078125,0.95068359375,0.20556640625,0.92138671875,0.20458984375,1.0,0.9682774352851369,0.11931152708207894
4,230,0,task1_initial,IDLGated,0.955078125,0.20361328125,0.9619140625,0.19677734375,0.9384765625,0.22509765625,0.9999972581863403,0.9430945423011831,0.12226829472619022
4,240,0,task1_initial,MLP,0.96240234375,0.2109375,0.0,0.0,0.0,0.0,1.0,0.0,0.0
4,240,0,task1_initial,ChevronSlow,0.9482421875,0.21337890625,0.951171875,0.21484375,0.92138671875,0.2080078125,1.0,0.9889512841459905,0.11846368229670115
4,240,0,task1_initial,IDLGated,0.955078125,0.21142578125,0.96435546875,0.20654296875,0.9345703125,0.2265625,0.9999982118606567,0.9621726716828033,0.12122891787238065
4,250,0,task1_initial,MLP,0.96484375,0.20947265625,0.0,0.0,0.0,0.0,1.0,0.0,0.0
4,250,0,task1_initial,ChevronSlow,0.95166015625,0.212890625,0.9580078125,0.21240234375,0.9228515625,0.21142578125,1.0,1.0057984548155954,0.11835044521129678
4,250,0,task1_initial,IDLGated,0.958984375,0.2109375,0.9677734375,0.2041015625,0.93505859375,0.2265625,0.9999986886978149,0.9775195373309591,0.12102708460708994
4,260,0,task1_initial,MLP,0.97119140625,0.197265625,0.0,0.0,0.0,0.0,1.0,0.0,0.0
4,260,0,task1_initial,ChevronSlow,0.9599609375,0.19580078125,0.958984375,0.19140625,0.9345703125,0.20263671875,1.0,1.0191877530326603,0.1187957077793094
4,260,0,task1_initial,IDLGated,0.96728515625,0.1953125,0.96728515625,0.189453125,0.9453125,0.22119140625,0.9999990463256836,0.9896840403574346,0.12191053118857413
4,270,0,task1_initial,MLP,0.97607421875,0.19140625,0.0,0.0,0.0,0.0,1.0,0.0,0.0
4,270,0,task1_initial,ChevronSlow,0.96240234375,0.19189453125,0.9609375,0.1865234375,0.93408203125,0.201171875,1.0,1.029283355440136,0.11966066050524858
4,270,0,task1_initial,IDLGated,0.9697265625,0.189453125,0.96826171875,0.18212890625,0.94677734375,0.21875,0.9999991655349731,0.9992281957796781,0.1221658106364309
4,280,0,task1_initial,MLP,0.97021484375,0.20458984375,0.0,0.0,0.0,0.0,1.0,0.0,0.0
4,280,0,task1_initial,ChevronSlow,0.95654296875,0.21044921875,0.9638671875,0.2080078125,0.927734375,0.2119140625,1.0,1.035731888918435,0.12097885618354821
4,280,0,task1_initial,IDLGated,0.96923828125,0.20263671875,0.97216796875,0.19775390625,0.943359375,0.22607421875,0.9999992847442627,1.0056027021440677,0.12185429130087817
4,290,0,task1_initial,MLP,0.9716796875,0.208984375,0.0,0.0,0.0,0.0,1.0,0.0,0.0
4,290,0,task1_initial,ChevronSlow,0.96630859375,0.21435546875,0.96728515625,0.21044921875,0.9384765625,0.21728515625,1.0,1.0399344005284903,0.1219191265303625
4,290,0,task1_initial,IDLGated,0.9677734375,0.208984375,0.97314453125,0.20556640625,0.94677734375,0.232421875,0.9999994039535522,1.0096208122683001,0.12219600798419625
4,300,0,task1_initial,MLP,0.9736328125,0.19873046875,0.0,0.0,0.0,0.0,1.0,0.0,0.0
4,300,0,task1_initial,ChevronSlow,0.9638671875,0.20068359375,0.970703125,0.19970703125,0.935546875,0.2109375,1.0,1.0424070778364445,0.12217716521619332
4,300,0,task1_initial,IDLGated,0.97119140625,0.19873046875,0.97265625,0.19384765625,0.947265625,0.2255859375,0.9999994039535522,1.0116338254901063,0.12194700062240386
4,310,0,task1_initial,MLP,0.97607421875,0.19384765625,0.0,0.0,0.0,0.0,1.0,0.0,0.0
4,310,0,task1_initial,ChevronSlow,0.9677734375,0.19482421875,0.9736328125,0.19091796875,0.9384765625,0.20556640625,1.0,1.0438659865322062,0.12246484941395445
4,310,0,task1_initial,IDLGated,0.97314453125,0.19384765625,0.97509765625,0.18896484375,0.94970703125,0.2197265625,0.9999994039535522,1.012702012839642,0.12174332843500439
4,320,0,task1_initial,MLP,0.9716796875,0.2099609375,0.0,0.0,0.0,0.0,1.0,0.0,0.0
4,320,0,task1_initial,ChevronSlow,0.96728515625,0.21142578125,0.96728515625,0.21240234375,0.94384765625,0.2158203125,1.0,1.0439516339111354,0.12338837048502267
4,320,0,task1_initial,IDLGated,0.97021484375,0.21240234375,0.9716796875,0.20751953125,0.95458984375,0.22802734375,0.9999994039535522,1.0124178632315721,0.12153840654396601
4,330,0,task1_initial,MLP,0.97802734375,0.20263671875,0.0,0.0,0.0,0.0,1.0,0.0,0.0
4,330,0,task1_initial,ChevronSlow,0.97216796875,0.205078125,0.9775390625,0.2041015625,0.9453125,0.21142578125,1.0,1.0433902402837834,0.12392279662411278
4,330,0,task1_initial,IDLGated,0.9755859375,0.20166015625,0.98291015625,0.197265625,0.951171875,0.22607421875,0.9999994039535522,1.011094185814214,0.12128624817343274
4,340,0,task1_initial,MLP,0.9794921875,0.1982421875,0.0,0.0,0.0,0.0,1.0,0.0,0.0
4,340,0,task1_initial,ChevronSlow,0.9716796875,0.2001953125,0.97900390625,0.19921875,0.9482421875,0.20947265625,1.0,1.042211196767181,0.12434535578391742
4,340,0,task1_initial,IDLGated,0.9765625,0.1982421875,0.98046875,0.19482421875,0.955078125,0.220703125,0.9999994039535522,1.0089031831268187,0.12111194010492653
4,350,0,task1_initial,MLP,0.9755859375,0.2041015625,0.0,0.0,0.0,0.0,1.0,0.0,0.0
4,350,0,task1_initial,ChevronSlow,0.97216796875,0.2041015625,0.97314453125,0.20458984375,0.94921875,0.212890625,1.0,1.0405754661104105,0.1241741155731453
4,350,0,task1_initial,IDLGated,0.97802734375,0.20361328125,0.97802734375,0.1982421875,0.96484375,0.22119140625,0.9999992847442627,1.0062747936602174,0.12043325157923473
4,360,0,task1_initial,MLP,0.98583984375,0.19873046875,0.0,0.0,0.0,0.0,1.0,0.0,0.0
4,360,0,task1_initial,ChevronSlow,0.9794921875,0.19677734375,0.9853515625,0.19677734375,0.9501953125,0.2109375,1.0,1.0376356417841788,0.1238475139818946
4,360,0,task1_initial,IDLGated,0.98388671875,0.19677734375,0.98486328125,0.19287109375,0.9658203125,0.21728515625,0.9999992847442627,1.0023442141386605,0.11946618035641432
4,370,0,task1_initial,MLP,0.98291015625,0.1953125,0.0,0.0,0.0,0.0,1.0,0.0,0.0
4,370,0,task1_initial,ChevronSlow,0.98095703125,0.19580078125,0.9873046875,0.1943359375,0.95263671875,0.20947265625,1.0,1.033904851262796,0.12350768874840373
4,370,0,task1_initial,IDLGated,0.982421875,0.1962890625,0.982421875,0.19091796875,0.966796875,0.21728515625,0.9999991655349731,0.9976626854655746,0.1184629873291641
4,380,0,task1_initial,MLP,0.98388671875,0.1953125,0.0,0.0,0.0,0.0,1.0,0.0,0.0
4,380,0,task1_initial,ChevronSlow,0.97998046875,0.197265625,0.98779296875,0.19677734375,0.95361328125,0.208984375,1.0,1.0293148339849334,0.12348991705057923
4,380,0,task1_initial,IDLGated,0.98193359375,0.1962890625,0.982421875,0.193359375,0.96728515625,0.21728515625,0.9999990463256836,0.9921806794470996,0.11764516591818626
4,390,0,task1_initial,MLP,0.98486328125,0.20068359375,0.0,0.0,0.0,0.0,1.0,0.0,0.0
4,390,0,task1_initial,ChevronSlow,0.98291015625,0.20166015625,0.98291015625,0.20166015625,0.95947265625,0.20703125,1.0,1.0242302635294438,0.1237293503627527
4,390,0,task1_initial,IDLGated,0.982421875,0.20068359375,0.9873046875,0.1962890625,0.9697265625,0.21435546875,0.999998927116394,0.9858921457888316,0.11732200471991398
4,400,0,task1_initial,MLP,0.982421875,0.2001953125,0.0,0.0,0.0,0.0,1.0,0.0,0.0
4,400,0,task1_initial,ChevronSlow,0.98095703125,0.20166015625,0.9814453125,0.19921875,0.96240234375,0.20263671875,1.0,1.019287795697002,0.1235982954400274
4,400,0,task1_initial,IDLGated,0.982421875,0.19970703125,0.9853515625,0.1923828125,0.96728515625,0.21142578125,0.9999988079071045,0.9794363179028005,0.11685904986053236
4,410,0,task1_initial,MLP,0.9814453125,0.2041015625,0.0,0.0,0.0,0.0,1.0,0.0,0.0
4,410,0,task1_initial,ChevronSlow,0.98095703125,0.20361328125,0.9794921875,0.20556640625,0.9638671875,0.20556640625,1.0,1.014112737606967,0.12365296087216851
4,410,0,task1_initial,IDLGated,0.98486328125,0.203125,0.98681640625,0.19873046875,0.96875,0.21240234375,0.9999985694885254,0.9723476312329791,0.11614769327827876
4,420,0,task1_initial,MLP,0.984375,0.2001953125,0.0,0.0,0.0,0.0,1.0,0.0,0.0
4,420,0,task1_initial,ChevronSlow,0.98291015625,0.2001953125,0.98583984375,0.201171875,0.9638671875,0.20556640625,1.0,1.0084753222430385,0.12296028185468179
4,420,0,task1_initial,IDLGated,0.9814453125,0.19873046875,0.98291015625,0.1962890625,0.9697265625,0.2109375,0.9999983310699463,0.9644600151455083,0.11511158263942617
4,430,0,task1_initial,MLP,0.98583984375,0.1962890625,0.0,0.0,0.0,0.0,1.0,0.0,0.0
4,430,0,task1_initial,ChevronSlow,0.98486328125,0.1953125,0.9873046875,0.19580078125,0.9677734375,0.201171875,1.0,1.001860338916858,0.12163677927297158
4,430,0,task1_initial,IDLGated,0.984375,0.19677734375,0.9833984375,0.193359375,0.97265625,0.208984375,0.9999979734420776,0.9556615909004492,0.11401247551527781
4,440,0,task1_initial,MLP,0.986328125,0.19775390625,0.0,0.0,0.0,0.0,1.0,0.0,0.0
4,440,0,task1_initial,ChevronSlow,0.98486328125,0.19775390625,0.98681640625,0.19482421875,0.970703125,0.2021484375,1.0,0.9931481554107425,0.12076811357905332
4,440,0,task1_initial,IDLGated,0.98583984375,0.19775390625,0.98681640625,0.1904296875,0.97265625,0.20703125,0.9999973773956299,0.9450903032683685,0.11323348387908028
4,450,0,task1_initial,MLP,0.98828125,0.1962890625,0.0,0.0,0.0,0.0,1.0,0.0,0.0
4,450,0,task1_initial,ChevronSlow,0.98876953125,0.19677734375,0.98828125,0.19580078125,0.96875,0.2001953125,1.0,0.9817174054857786,0.12021434013277674
4,450,0,task1_initial,IDLGated,0.98876953125,0.1953125,0.98828125,0.189453125,0.9755859375,0.20458984375,0.999996542930603,0.9322423146033988,0.1126039019700457
4,460,0,task1_initial,MLP,0.98828125,0.19677734375,0.0,0.0,0.0,0.0,1.0,0.0,0.0
4,460,0,task1_initial,ChevronSlow,0.98779296875,0.19775390625,0.98681640625,0.19580078125,0.97021484375,0.19970703125,1.0,0.9684714853464771,0.11910766333333588
4,460,0,task1_initial,IDLGated,0.98876953125,0.19580078125,0.98779296875,0.189453125,0.97607421875,0.2041015625,0.9999953508377075,0.9177817263703301,0.11152794657407449
4,470,0,task1_initial,MLP,0.9794921875,0.205078125,0.0,0.0,0.0,0.0,1.0,0.0,0.0
4,470,0,task1_initial,ChevronSlow,0.97900390625,0.20556640625,0.9765625,0.2060546875,0.97509765625,0.2021484375,1.0,0.9537502100854212,0.11790350919365718
4,470,0,task1_initial,IDLGated,0.9814453125,0.2041015625,0.98095703125,0.20263671875,0.97509765625,0.20703125,0.9999933242797852,0.9019430788665154,0.11003165852523847
4,480,0,task1_initial,MLP,0.9833984375,0.2041015625,0.0,0.0,0.0,0.0,1.0,0.0,0.0
4,480,0,task1_initial,ChevronSlow,0.982421875,0.2060546875,0.98046875,0.20556640625,0.9765625,0.2021484375,1.0,0.9374731540922842,0.11630519924763597
4,480,0,task1_initial,IDLGated,0.9833984375,0.20458984375,0.98291015625,0.20166015625,0.97607421875,0.20703125,0.9999902248382568,0.8843473490740805,0.1086775726037892
4,490,0,task1_initial,MLP,0.984375,0.19677734375,0.0,0.0,0.0,0.0,1.0,0.0,0.0
4,490,0,task1_initial,ChevronSlow,0.9873046875,0.19677734375,0.98583984375,0.197265625,0.9736328125,0.19873046875,1.0,0.9201310558385931,0.11485147570508968
4,490,0,task1_initial,IDLGated,0.98486328125,0.197265625,0.9853515625,0.1962890625,0.9775390625,0.203125,0.9999852180480957,0.8655635332601224,0.10772231797041516
4,500,0,task1_initial,MLP,0.982421875,0.1904296875,0.0,0.0,0.0,0.0,1.0,0.0,0.0
4,500,0,task1_initial,ChevronSlow,0.98046875,0.189453125,0.9775390625,0.1875,0.97802734375,0.189453125,1.0,0.9010615942765982,0.11257244627693394
4,500,0,task1_initial,IDLGated,0.98095703125,0.189453125,0.9775390625,0.18505859375,0.98046875,0.19677734375,0.9999769926071167,0.845430074535115,0.10635653649453111
4,510,0,task1_initial,MLP,0.98486328125,0.203125,0.0,0.0,0.0,0.0,1.0,0.0,0.0
4,510,0,task1_initial,ChevronSlow,0.9833984375,0.20458984375,0.98193359375,0.205078125,0.97802734375,0.19873046875,1.0,0.8794895929418973,0.11215374559148744
4,510,0,task1_initial,IDLGated,0.98388671875,0.20166015625,0.98486328125,0.2001953125,0.98291015625,0.20263671875,0.9999624490737915,0.8231298430100568,0.10559965948774343
4,520,0,task1_initial,MLP,0.9833984375,0.20458984375,0.0,0.0,0.0,0.0,1.0,0.0,0.0
4,520,0,task1_initial,ChevronSlow,0.98095703125,0.20556640625,0.9794921875,0.20947265625,0.97802734375,0.19873046875,1.0,0.8557026023499483,0.11175372189726239
4,520,0,task1_initial,IDLGated,0.98291015625,0.20263671875,0.9833984375,0.2021484375,0.98095703125,0.20263671875,0.999935507774353,0.7986256730847432,0.10533755584494411
4,530,0,task1_initial,MLP,0.98388671875,0.197265625,0.0,0.0,0.0,0.0,1.0,0.0,0.0
4,530,0,task1_initial,ChevronSlow,0.9873046875,0.1982421875,0.98681640625,0.2001953125,0.97998046875,0.1953125,1.0,0.8312237539873722,0.11088277638086602
4,530,0,task1_initial,IDLGated,0.984375,0.197265625,0.98486328125,0.19677734375,0.98046875,0.19921875,0.9998873472213745,0.7732368339419683,0.10484855242400803
4,540,0,task1_initial,MLP,0.9873046875,0.193359375,0.0,0.0,0.0,0.0,1.0,0.0,0.0
4,540,0,task1_initial,ChevronSlow,0.98681640625,0.1953125,0.9873046875,0.19580078125,0.9814453125,0.1943359375,1.0,0.8069530890703713,0.10933626531637616
4,540,0,task1_initial,IDLGated,0.9892578125,0.1962890625,0.98779296875,0.19140625,0.982421875,0.19970703125,0.9998040795326233,0.7480735577226768,0.10383293156554009
4,550,0,task1_initial,MLP,0.98828125,0.19677734375,0.0,0.0,0.0,0.0,1.0,0.0,0.0
4,550,0,task1_initial,ChevronSlow,0.986328125,0.19580078125,0.98779296875,0.19775390625,0.98193359375,0.19580078125,1.0,0.7832863074904954,0.10861914271856175
4,550,0,task1_initial,IDLGated,0.9892578125,0.1962890625,0.98828125,0.19140625,0.98486328125,0.19921875,0.9996639490127563,0.7235478949965265,0.1030756727711487
4,560,0,task1_initial,MLP,0.98486328125,0.19970703125,0.0,0.0,0.0,0.0,1.0,0.0,0.0
4,560,0,task1_initial,ChevronSlow,0.98681640625,0.201171875,0.98828125,0.20458984375,0.98291015625,0.1953125,1.0,0.7599537558779098,0.10866267903308194
4,560,0,task1_initial,IDLGated,0.98388671875,0.1982421875,0.98486328125,0.1982421875,0.98193359375,0.1982421875,0.9994274377822876,0.6993061088589587,0.10255668756244915
4,570,0,task1_initial,MLP,0.9892578125,0.19921875,0.0,0.0,0.0,0.0,1.0,0.0,0.0
4,570,0,task1_initial,ChevronSlow,0.98974609375,0.19873046875,0.986328125,0.19970703125,0.98388671875,0.19677734375,1.0,0.737316515051761,0.10720024524459176
4,570,0,task1_initial,IDLGated,0.98876953125,0.19873046875,0.9892578125,0.19775390625,0.98681640625,0.2001953125,0.9990341663360596,0.6755259417255107,0.10140222301772372
4,580,0,task1_initial,MLP,0.98876953125,0.19677734375,0.0,0.0,0.0,0.0,1.0,0.0,0.0
4,580,0,task1_initial,ChevronSlow,0.990234375,0.19775390625,0.9873046875,0.197265625,0.986328125,0.19580078125,1.0,0.7149574693410322,0.10645099014150466
4,580,0,task1_initial,IDLGated,0.9873046875,0.1962890625,0.9873046875,0.1962890625,0.9853515625,0.19873046875,0.9983782768249512,0.6519392426948688,0.1006888768472057
4,590,0,task1_initial,MLP,0.986328125,0.197265625,0.0,0.0,0.0,0.0,1.0,0.0,0.0
4,590,0,task1_initial,ChevronSlow,0.98876953125,0.19921875,0.98779296875,0.19970703125,0.9853515625,0.19580078125,1.0,0.6930576322650247,0.10593412985444244
4,590,0,task1_initial,IDLGated,0.986328125,0.1982421875,0.9853515625,0.197265625,0.986328125,0.1982421875,0.9973078966140747,0.6288511258813909,0.09997338723218782
4,600,0,task1_initial,MLP,0.98583984375,0.2021484375,0.0,0.0,0.0,0.0,1.0,0.0,0.0
4,600,0,task1_initial,ChevronSlow,0.9853515625,0.20263671875,0.984375,0.2060546875,0.98486328125,0.197265625,1.0,0.6721739479382549,0.10523329856416114
4,600,0,task1_initial,IDLGated,0.986328125,0.2021484375,0.9873046875,0.203125,0.98486328125,0.201171875,0.995618999004364,0.6066402152462196,0.09931145744874648
4,610,0,task1_initial,MLP,0.9814453125,0.20654296875,0.0,0.0,0.0,0.0,1.0,0.0,0.0
4,610,0,task1_initial,ChevronSlow,0.978515625,0.20703125,0.97607421875,0.2099609375,0.98291015625,0.2001953125,1.0,0.6522576922661677,0.10437433401457008
4,610,0,task1_initial,IDLGated,0.98193359375,0.2060546875,0.98193359375,0.20654296875,0.9833984375,0.203125,0.9930039048194885,0.5852445959416491,0.09863887711001251
4,620,0,task1_initial,MLP,0.98193359375,0.2001953125,0.0,0.0,0.0,0.0,1.0,0.0,0.0
4,620,0,task1_initial,ChevronSlow,0.98486328125,0.20068359375,0.98291015625,0.2021484375,0.98583984375,0.1962890625,1.0,0.6327602169470148,0.10333395765868904
4,620,0,task1_initial,IDLGated,0.9833984375,0.19921875,0.982421875,0.201171875,0.984375,0.19921875,0.9889540672302246,0.5642993123831869,0.09784995719566791
4,630,0,task1_initial,MLP,0.98291015625,0.197265625,0.0,0.0,0.0,0.0,1.0,0.0,0.0
4,630,0,task1_initial,ChevronSlow,0.98291015625,0.1962890625,0.9814453125,0.1982421875,0.986328125,0.19482421875,1.0,0.6133735092156819,0.10154092970508659
4,630,0,task1_initial,IDLGated,0.98193359375,0.197265625,0.98046875,0.19677734375,0.98583984375,0.19775390625,0.9827407002449036,0.5437270845015209,0.0964075350119288
4,640,0,task1_initial,MLP,0.986328125,0.19091796875,0.0,0.0,0.0,0.0,1.0,0.0,0.0
4,640,0,task1_initial,ChevronSlow,0.98681640625,0.19482421875,0.986328125,0.19482421875,0.986328125,0.197265625,1.0,0.593211266677712,0.09913030413767453
4,640,0,task1_initial,IDLGated,0.98828125,0.19189453125,0.98583984375,0.1904296875,0.9873046875,0.19970703125,0.9728624820709229,0.5226966619746564,0.09509861139823801
4,650,0,task1_initial,MLP,0.98095703125,0.20654296875,0.0,0.0,0.0,0.0,1.0,0.0,0.0
4,650,0,task1_initial,ChevronSlow,0.978515625,0.20654296875,0.9765625,0.2099609375,0.982421875,0.20263671875,1.0,0.5713692002123436,0.09926838377167499
4,650,0,task1_initial,IDLGated,0.9814453125,0.2060546875,0.98046875,0.205078125,0.98291015625,0.2041015625,0.9563748836517334,0.5003416610136482,0.09487009367056146
4,660,0,task1_initial,MLP,0.98388671875,0.20458984375,0.0,0.0,0.0,0.0,1.0,0.0,0.0
4,660,0,task1_initial,ChevronSlow,0.98193359375,0.20556640625,0.98193359375,0.2080078125,0.98486328125,0.2021484375,1.0,0.5481190855726552,0.09809403474656249
4,660,0,task1_initial,IDLGated,0.9833984375,0.2041015625,0.98291015625,0.2041015625,0.9833984375,0.203125,0.9290344715118408,0.4769069085373236,0.09398098812139208
4,670,0,task1_initial,MLP,0.9873046875,0.1982421875,0.0,0.0,0.0,0.0,1.0,0.0,0.0
4,670,0,task1_initial,ChevronSlow,0.98828125,0.19970703125,0.98876953125,0.20068359375,0.98779296875,0.19873046875,1.0,0.5235952338845755,0.09688907152911595
4,670,0,task1_initial,IDLGated,0.98681640625,0.19873046875,0.9873046875,0.1982421875,0.98583984375,0.20068359375,0.8844377994537354,0.452506542451778,0.09306880859469235
4,680,0,task1_initial,MLP,0.98681640625,0.1962890625,0.0,0.0,0.0,0.0,1.0,0.0,0.0
4,680,0,task1_initial,ChevronSlow,0.986328125,0.1953125,0.984375,0.1962890625,0.98828125,0.1953125,1.0,0.49850741040867536,0.09535326067564064
4,680,0,task1_initial,IDLGated,0.9873046875,0.19580078125,0.98583984375,0.19482421875,0.98583984375,0.19775390625,0.8160313367843628,0.4277130685251654,0.09182719187162243
4,690,0,task1_initial,MLP,0.9892578125,0.19873046875,0.0,0.0,0.0,0.0,1.0,0.0,0.0
4,690,0,task1_initial,ChevronSlow,0.98828125,0.19873046875,0.98681640625,0.19873046875,0.9873046875,0.1982421875,1.0,0.47339164891439484,0.09429771644197898
4,690,0,task1_initial,IDLGated,0.990234375,0.19873046875,0.99072265625,0.1962890625,0.98681640625,0.2001953125,0.7211578488349915,0.4031914519075498,0.09097526957361468
4,700,0,task1_initial,MLP,0.9833984375,0.201171875,0.0,0.0,0.0,0.0,1.0,0.0,0.0
4,700,0,task1_initial,ChevronSlow,0.98095703125,0.2021484375,0.98095703125,0.20263671875,0.98291015625,0.201171875,1.0,0.44907653247393037,0.09343418574270815
4,700,0,task1_initial,IDLGated,0.9833984375,0.2001953125,0.98193359375,0.19775390625,0.98486328125,0.2021484375,0.6065594553947449,0.3796760378170316,0.09038023540447242
4,710,0,task1_initial,MLP,0.97900390625,0.20263671875,0.0,0.0,0.0,0.0,1.0,0.0,0.0
4,710,0,task1_initial,ChevronSlow,0.9853515625,0.203125,0.982421875,0.2041015625,0.98681640625,0.19970703125,1.0,0.42569189466430113,0.09335813776306891
4,710,0,task1_initial,IDLGated,0.982421875,0.20166015625,0.9814453125,0.201171875,0.984375,0.201171875,0.4862578809261322,0.3575008121187158,0.08996151627369064
4,720,0,task1_initial,MLP,0.982421875,0.20947265625,0.0,0.0,0.0,0.0,1.0,0.0,0.0
4,720,0,task1_initial,ChevronSlow,0.98046875,0.2099609375,0.98095703125,0.2119140625,0.98388671875,0.20458984375,1.0,0.40336073418709956,0.09223993910226272
4,720,0,task1_initial,IDLGated,0.982421875,0.20703125,0.9833984375,0.208984375,0.98291015625,0.20654296875,0.3741758465766907,0.33662074488654536,0.08869825282748811
4,730,0,task1_initial,MLP,0.98828125,0.20068359375,0.0,0.0,0.0,0.0,1.0,0.0,0.0
4,730,0,task1_initial,ChevronSlow,0.98779296875,0.20068359375,0.9873046875,0.19970703125,0.98828125,0.20068359375,1.0,0.3821739108368171,0.0900768410287295
4,730,0,task1_initial,IDLGated,0.98681640625,0.20068359375,0.98779296875,0.2001953125,0.98486328125,0.201171875,0.27951353788375854,0.31696019154872435,0.0871664030043184
4,740,0,task1_initial,MLP,0.98095703125,0.19384765625,0.0,0.0,0.0,0.0,1.0,0.0,0.0
4,740,0,task1_initial,ChevronSlow,0.98291015625,0.1953125,0.97998046875,0.19287109375,0.9873046875,0.19677734375,1.0,0.36183043888064204,0.08854365886844556
4,740,0,task1_initial,IDLGated,0.982421875,0.19384765625,0.9814453125,0.19287109375,0.984375,0.197265625,0.205193430185318,0.2984479256038255,0.0858034137569849
4,750,0,task1_initial,MLP,0.98974609375,0.197265625,0.0,0.0,0.0,0.0,1.0,0.0,0.0
4,750,0,task1_initial,ChevronSlow,0.98974609375,0.1982421875,0.98779296875,0.1962890625,0.9892578125,0.1982421875,1.0,0.3418259479636653,0.0869155052441915
4,750,0,task1_initial,IDLGated,0.99072265625,0.197265625,0.99169921875,0.1923828125,0.98779296875,0.19921875,0.1496143937110901,0.28101688058051993,0.08421501332394957
4,760,0,task1_initial,MLP,0.9775390625,0.20556640625,0.0,0.0,0.0,0.0,1.0,0.0,0.0
4,760,0,task1_initial,ChevronSlow,0.97802734375,0.20703125,0.9765625,0.20703125,0.98193359375,0.2041015625,1.0,0.32199240682680447,0.0858509290107421
4,760,0,task1_initial,IDLGated,0.9794921875,0.2041015625,0.97509765625,0.205078125,0.98193359375,0.203125,0.10922186821699142,0.26460390706831555,0.08313186260630698
4,770,0,task1_initial,MLP,0.9873046875,0.203125,0.0,0.0,0.0,0.0,1.0,0.0,0.0
4,770,0,task1_initial,ChevronSlow,0.98583984375,0.2041015625,0.984375,0.2041015625,0.98681640625,0.203125,1.0,0.30318623107870724,0.08467620658550487
4,770,0,task1_initial,IDLGated,0.98828125,0.20361328125,0.98779296875,0.20263671875,0.98681640625,0.20361328125,0.08026809245347977,0.24914954393907401,0.08219042163855324
4,780,0,task1_initial,MLP,0.98291015625,0.19677734375,0.0,0.0,0.0,0.0,1.0,0.0,0.0
4,780,0,task1_initial,ChevronSlow,0.9833984375,0.19873046875,0.97900390625,0.1982421875,0.98828125,0.19873046875,1.0,0.28547844224523866,0.08353506918419837
4,780,0,task1_initial,IDLGated,0.98388671875,0.197265625,0.98046875,0.1962890625,0.9853515625,0.19921875,0.05958886817097664,0.23459780293048313,0.08147870649221568
4,790,0,task1_initial,MLP,0.9892578125,0.19677734375,0.0,0.0,0.0,0.0,1.0,0.0,0.0
4,790,0,task1_initial,ChevronSlow,0.98876953125,0.19775390625,0.9873046875,0.19775390625,0.98974609375,0.19921875,1.0,0.26880488832492916,0.08221141941192577
4,790,0,task1_initial,IDLGated,0.990234375,0.1962890625,0.98974609375,0.1943359375,0.98828125,0.19921875,0.044775351881980896,0.22089596581107168,0.08049037120901696
4,800,0,task1_initial,MLP,0.98046875,0.19384765625,0.0,0.0,0.0,0.0,1.0,0.0,0.0
4,800,0,task1_initial,ChevronSlow,0.982421875,0.1953125,0.9833984375,0.1943359375,0.98681640625,0.197265625,1.0,0.2531051641556403,0.08084220456371553
4,800,0,task1_initial,IDLGated,0.9833984375,0.19384765625,0.9814453125,0.193359375,0.98828125,0.19775390625,0.0340881310403347,0.2079943933919333,0.07954401177148214
4,810,0,task1_initial,MLP,0.9873046875,0.19775390625,0.0,0.0,0.0,0.0,1.0,0.0,0.0
4,810,0,task1_initial,ChevronSlow,0.98876953125,0.19677734375,0.98779296875,0.19580078125,0.9892578125,0.1982421875,1.0,0.23832239257797927,0.08029330565112502
4,810,0,task1_initial,IDLGated,0.98974609375,0.1962890625,0.98974609375,0.1943359375,0.98828125,0.19873046875,0.026303943246603012,0.19584634569324472,0.07908092447729509
4,820,0,task1_initial,MLP,0.986328125,0.20654296875,0.0,0.0,0.0,0.0,1.0,0.0,0.0
4,820,0,task1_initial,ChevronSlow,0.986328125,0.2060546875,0.9853515625,0.2080078125,0.98583984375,0.20166015625,1.0,0.2244030183800055,0.08046326749529124
4,820,0,task1_initial,IDLGated,0.98779296875,0.2041015625,0.9873046875,0.20458984375,0.98779296875,0.20361328125,0.020572196692228317,0.1844078126140753,0.07909918910058893
4,830,0,task1_initial,MLP,0.97802734375,0.201171875,0.0,0.0,0.0,0.0,1.0,0.0,0.0
4,830,0,task1_initial,ChevronSlow,0.98046875,0.205078125,0.9794921875,0.205078125,0.98291015625,0.2041015625,1.0,0.2112966142767316,0.07900728166482887
4,830,0,task1_initial,IDLGated,0.982421875,0.20361328125,0.97900390625,0.20263671875,0.9833984375,0.203125,0.01630285196006298,0.1736373544920368,0.07824176278544645
4,840,0,task1_initial,MLP,0.9833984375,0.20068359375,0.0,0.0,0.0,0.0,1.0,0.0,0.0
4,840,0,task1_initial,ChevronSlow,0.98193359375,0.20263671875,0.98095703125,0.2021484375,0.982421875,0.203125,1.0,0.19895569822151693,0.07791580852830915
4,840,0,task1_initial,IDLGated,0.982421875,0.2001953125,0.982421875,0.19873046875,0.982421875,0.2021484375,0.013085364364087582,0.16349595197514966,0.07766563914983994
4,850,0,task1_initial,MLP,0.9873046875,0.2041015625,0.0,0.0,0.0,0.0,1.0,0.0,0.0
4,850,0,task1_initial,ChevronSlow,0.9853515625,0.203125,0.9853515625,0.2041015625,0.9833984375,0.205078125,1.0,0.18733556138750831,0.07778445888540592
4,850,0,task1_initial,IDLGated,0.98681640625,0.20263671875,0.9873046875,0.20263671875,0.984375,0.203125,0.010632307268679142,0.15394686466204108,0.07766198715698264
4,860,0,task1_initial,MLP,0.98095703125,0.2119140625,0.0,0.0,0.0,0.0,1.0,0.0,0.0
4,860,0,task1_initial,ChevronSlow,0.97998046875,0.212890625,0.9775390625,0.21435546875,0.9794921875,0.20849609375,1.0,0.17639410619593626,0.07812553603546146
4,860,0,task1_initial,IDLGated,0.98193359375,0.20947265625,0.98046875,0.2119140625,0.982421875,0.2080078125,0.008740759454667568,0.14495549799835405,0.07784628118836781
4,870,0,task1_initial,MLP,0.9892578125,0.19873046875,0.0,0.0,0.0,0.0,1.0,0.0,0.0
4,870,0,task1_initial,ChevronSlow,0.9873046875,0.2001953125,0.98828125,0.19921875,0.986328125,0.2021484375,1.0,0.16609169380447378,0.07637878052981857
4,870,0,task1_initial,IDLGated,0.98876953125,0.19970703125,0.98974609375,0.19873046875,0.98681640625,0.20166015625,0.0072661517187952995,0.1364892779471579,0.07667302068658378
4,880,0,task1_initial,MLP,0.98486328125,0.18603515625,0.0,0.0,0.0,0.0,1.0,0.0,0.0
4,880,0,task1_initial,ChevronSlow,0.9853515625,0.1884765625,0.97998046875,0.18408203125,0.98974609375,0.1953125,1.0,0.15639100050313698,0.07498606173502141
4,880,0,task1_initial,IDLGated,0.9853515625,0.18603515625,0.9814453125,0.18505859375,0.99169921875,0.1953125,0.006104449741542339,0.12851753297931517,0.07585621468789873
4,890,0,task1_initial,MLP,0.99169921875,0.19384765625,0.0,0.0,0.0,0.0,1.0,0.0,0.0
4,890,0,task1_initial,ChevronSlow,0.99072265625,0.193359375,0.98828125,0.18896484375,0.98876953125,0.19677734375,1.0,0.1472568824974763,0.07420957396174487
4,890,0,task1_initial,IDLGated,0.99072265625,0.19091796875,0.98876953125,0.1884765625,0.99072265625,0.1982421875,0.00518003711476922,0.12101138295627777,0.07491453317524108
4,900,0,task1_initial,MLP,0.98583984375,0.2041015625,0.0,0.0,0.0,0.0,1.0,0.0,0.0
4,900,0,task1_initial,ChevronSlow,0.98876953125,0.201171875,0.9873046875,0.20166015625,0.98681640625,0.201171875,1.0,0.13865624858919273,0.07414739580884666
4,900,0,task1_initial,IDLGated,0.98828125,0.201171875,0.98828125,0.20068359375,0.98876953125,0.20068359375,0.004437397699803114,0.11394363450275552,0.07443967763021596
4,910,0,task1_initial,MLP,0.97705078125,0.205078125,0.0,0.0,0.0,0.0,1.0,0.0,0.0
4,910,0,task1_initial,ChevronSlow,0.9814453125,0.2041015625,0.9775390625,0.20751953125,0.98779296875,0.2041015625,1.0,0.1305579402929266,0.0741497094977324
4,910,0,task1_initial,IDLGated,0.9794921875,0.2041015625,0.97900390625,0.20556640625,0.9833984375,0.2021484375,0.0038353607524186373,0.107288682490212,0.07392492842627985
4,920,0,task1_initial,MLP,0.98876953125,0.19970703125,0.0,0.0,0.0,0.0,1.0,0.0,0.0
4,920,0,task1_initial,ChevronSlow,0.98681640625,0.201171875,0.98779296875,0.2021484375,0.98681640625,0.201171875,1.0,0.12293261895490193,0.07200816810956717
4,920,0,task1_initial,IDLGated,0.98828125,0.2001953125,0.98876953125,0.2001953125,0.98876953125,0.2001953125,0.003343103686347604,0.10102241727428095,0.07193149199474769
4,930,0,task1_initial,MLP,0.98828125,0.18798828125,0.0,0.0,0.0,0.0,1.0,0.0,0.0
4,930,0,task1_initial,ChevronSlow,0.98974609375,0.19140625,0.9873046875,0.18896484375,0.9892578125,0.1962890625,1.0,0.11575265946448049,0.07056938279589205
4,930,0,task1_initial,IDLGated,0.990234375,0.189453125,0.9873046875,0.18896484375,0.9912109375,0.197265625,0.00293732900172472,0.09512213735004148,0.07058381243352713
4,940,0,task1_initial,MLP,0.98681640625,0.19677734375,0.0,0.0,0.0,0.0,1.0,0.0,0.0
4,940,0,task1_initial,ChevronSlow,0.990234375,0.1962890625,0.98974609375,0.1953125,0.990234375,0.19775390625,1.0,0.10899205017356148,0.07014085669856243
4,940,0,task1_initial,IDLGated,0.9921875,0.19677734375,0.9931640625,0.19384765625,0.98876953125,0.19677734375,0.0026002663653343916,0.08956646710871886,0.06974816089841
4,950,0,task1_initial,MLP,0.986328125,0.2001953125,0.0,0.0,0.0,0.0,1.0,0.0,0.0
4,950,0,task1_initial,ChevronSlow,0.98779296875,0.1982421875,0.98828125,0.19970703125,0.98828125,0.19873046875,1.0,0.10262629866125346,0.06976345277365743
4,950,0,task1_initial,IDLGated,0.9892578125,0.19873046875,0.9892578125,0.1982421875,0.9892578125,0.19873046875,0.0023182451259344816,0.08433527939785848,0.0690215881865281
4,960,0,task1_initial,MLP,0.98876953125,0.19873046875,0.0,0.0,0.0,0.0,1.0,0.0,0.0
4,960,0,task1_initial,ChevronSlow,0.98828125,0.19970703125,0.98779296875,0.1982421875,0.98876953125,0.20068359375,1.0,0.09663234300242213,0.068575377000501
4,960,0,task1_initial,IDLGated,0.98974609375,0.2001953125,0.98974609375,0.19873046875,0.98828125,0.19873046875,0.0020806577522307634,0.07940962260442329,0.06794635316967247
4,970,0,task1_initial,MLP,0.9873046875,0.19921875,0.0,0.0,0.0,0.0,1.0,0.0,0.0
4,970,0,task1_initial,ChevronSlow,0.98583984375,0.2001953125,0.9853515625,0.2001953125,0.986328125,0.201171875,1.0,0.090988468218656,0.06793839283919098
4,970,0,task1_initial,IDLGated,0.98779296875,0.2001953125,0.9873046875,0.20068359375,0.98828125,0.19873046875,0.0018792087212204933,0.07477165199665012,0.06718971069251786
4,980,0,task1_initial,MLP,0.990234375,0.1953125,0.0,0.0,0.0,0.0,1.0,0.0,0.0
4,980,0,task1_initial,ChevronSlow,0.98974609375,0.19775390625,0.990234375,0.19677734375,0.9892578125,0.19921875,1.0,0.08567422760896795,0.066980078895826
4,980,0,task1_initial,IDLGated,0.9921875,0.197265625,0.9921875,0.19287109375,0.990234375,0.19775390625,0.001707357820123434,0.0704045650759299,0.06641297162489657
4,990,0,task1_initial,MLP,0.98779296875,0.2001953125,0.0,0.0,0.0,0.0,1.0,0.0,0.0
4,990,0,task1_initial,ChevronSlow,0.98876953125,0.19970703125,0.9873046875,0.20068359375,0.98828125,0.19873046875,1.0,0.08067036867522802,0.06704566035171013
4,990,0,task1_initial,IDLGated,0.9892578125,0.19970703125,0.9892578125,0.19970703125,0.98876953125,0.19921875,0.0015599129255861044,0.06629254070450281,0.06607013239832059
4,1000,0,task1_initial,MLP,0.98876953125,0.19970703125,0.0,0.0,0.0,0.0,1.0,0.0,0.0
4,1000,0,task1_initial,ChevronSlow,0.986328125,0.2001953125,0.9873046875,0.2001953125,0.98779296875,0.20068359375,1.0,0.07595876337396959,0.0660568348188227
4,1000,0,task1_initial,IDLGated,0.9892578125,0.201171875,0.98876953125,0.20068359375,0.9892578125,0.19970703125,0.0014327227836474776,0.062420681788440374,0.06519740815347354
4,1010,0,task1_initial,MLP,0.9853515625,0.1962890625,0.0,0.0,0.0,0.0,1.0,0.0,0.0
4,1010,0,task1_initial,ChevronSlow,0.98681640625,0.19677734375,0.98486328125,0.1962890625,0.98876953125,0.19873046875,1.0,0.07152234244188414,0.06534875545445272
4,1010,0,task1_initial,IDLGated,0.98828125,0.19677734375,0.9892578125,0.1943359375,0.98681640625,0.19677734375,0.0013224435970187187,0.05877496130826494,0.06468233852821244
4,1020,0,task1_initial,MLP,0.98779296875,0.19677734375,0.0,0.0,0.0,0.0,1.0,0.0,0.0
4,1020,0,task1_initial,ChevronSlow,0.98779296875,0.19775390625,0.9873046875,0.19775390625,0.98876953125,0.19921875,1.0,0.06734503355707816,0.06474090163137865
4,1020,0,task1_initial,IDLGated,0.990234375,0.19775390625,0.9912109375,0.1962890625,0.98779296875,0.197265625,0.0012263667304068804,0.055342171501686084,0.06395293524801467
4,1030,0,task1_initial,MLP,0.98193359375,0.2041015625,0.0,0.0,0.0,0.0,1.0,0.0,0.0
4,1030,0,task1_initial,ChevronSlow,0.982421875,0.20458984375,0.9794921875,0.205078125,0.98583984375,0.2021484375,1.0,0.06341170311206194,0.06402841125961799
4,1030,0,task1_initial,IDLGated,0.984375,0.2041015625,0.9814453125,0.20361328125,0.98828125,0.20166015625,0.0011422836687415838,0.05210987601435223,0.06336357173083455
4,1040,0,task1_initial,MLP,0.98974609375,0.197265625,0.0,0.0,0.0,0.0,1.0,0.0,0.0
4,1040,0,task1_initial,ChevronSlow,0.98681640625,0.19873046875,0.986328125,0.19775390625,0.9873046875,0.20068359375,1.0,0.059708101387524866,0.06262216411658253
4,1040,0,task1_initial,IDLGated,0.99072265625,0.19970703125,0.9912109375,0.19775390625,0.98974609375,0.19873046875,0.0010683831060305238,0.04906636484526871,0.06253895906367814
4,1050,0,task1_initial,MLP,0.9892578125,0.1953125,0.0,0.0,0.0,0.0,1.0,0.0,0.0
4,1050,0,task1_initial,ChevronSlow,0.98876953125,0.197265625,0.98876953125,0.19482421875,0.98876953125,0.19921875,1.0,0.05622081092827194,0.06128583633645021
4,1050,0,task1_initial,IDLGated,0.9912109375,0.19580078125,0.9912109375,0.19287109375,0.98974609375,0.197265625,0.0010031702695414424,0.046200611923657986,0.06159821296532549
4,1060,0,task1_initial,MLP,0.98681640625,0.19921875,0.0,0.0,0.0,0.0,1.0,0.0,0.0
4,1060,0,task1_initial,ChevronSlow,0.98681640625,0.197265625,0.9853515625,0.197265625,0.98828125,0.19873046875,1.0,0.05293719793429741,0.06091081122772536
4,1060,0,task1_initial,IDLGated,0.98779296875,0.1982421875,0.98779296875,0.19677734375,0.98828125,0.1982421875,0.0009454055689275265,0.04350223516357092,0.061179684016731316
4,1070,0,task1_initial,MLP,0.986328125,0.19921875,0.0,0.0,0.0,0.0,1.0,0.0,0.0
4,1070,0,task1_initial,ChevronSlow,0.98828125,0.19873046875,0.9853515625,0.19873046875,0.98876953125,0.19873046875,1.0,0.049845366490894154,0.060029778299048
4,1070,0,task1_initial,IDLGated,0.98779296875,0.1982421875,0.98681640625,0.197265625,0.9873046875,0.1982421875,0.000894055818207562,0.04096145885153441,0.06052711424213391
4,1080,0,task1_initial,MLP,0.9892578125,0.197265625,0.0,0.0,0.0,0.0,1.0,0.0,0.0
4,1080,0,task1_initial,ChevronSlow,0.98779296875,0.1982421875,0.98779296875,0.19775390625,0.98828125,0.19970703125,1.0,0.046934115471983374,0.05858056687242714
4,1080,0,task1_initial,IDLGated,0.99169921875,0.19775390625,0.9912109375,0.19482421875,0.99072265625,0.19873046875,0.0008482552948407829,0.038569078230972886,0.05954428783631515
4,1090,0,task1_initial,MLP,0.99072265625,0.19677734375,0.0,0.0,0.0,0.0,1.0,0.0,0.0
4,1090,0,task1_initial,ChevronSlow,0.9892578125,0.1982421875,0.990234375,0.19677734375,0.98876953125,0.19970703125,1.0,0.04419289796053325,0.05752719675930936
4,1090,0,task1_initial,IDLGated,0.99267578125,0.1953125,0.99169921875,0.193359375,0.99072265625,0.1982421875,0.0008072751224972308,0.03631642615509976,0.059248515964615896
4,1100,0,task1_initial,MLP,0.98974609375,0.19287109375,0.0,0.0,0.0,0.0,1.0,0.0,0.0
4,1100,0,task1_initial,ChevronSlow,0.990234375,0.19580078125,0.990234375,0.1943359375,0.9892578125,0.19921875,1.0,0.04161178303905452,0.0568209711129787
4,1100,0,task1_initial,IDLGated,0.9912109375,0.1943359375,0.9892578125,0.19189453125,0.99072265625,0.19921875,0.0007704980671405792,0.034195341687468316,0.05893262179176304
4,1110,0,task1_initial,MLP,0.9892578125,0.19189453125,0.0,0.0,0.0,0.0,1.0,0.0,0.0
4,1110,0,task1_initial,ChevronSlow,0.990234375,0.19482421875,0.98974609375,0.19189453125,0.9892578125,0.1982421875,1.0,0.039181419811746866,0.05625387869173873
4,1110,0,task1_initial,IDLGated,0.9931640625,0.19287109375,0.9912109375,0.1904296875,0.9912109375,0.197265625,0.0007374011329375207,0.032198140536427916,0.05868081168533521
4,1120,0,task1_initial,MLP,0.986328125,0.20068359375,0.0,0.0,0.0,0.0,1.0,0.0,0.0
4,1120,0,task1_initial,ChevronSlow,0.986328125,0.201171875,0.98583984375,0.20068359375,0.986328125,0.201171875,1.0,0.03689300352795531,0.05614783280433223
4,1120,0,task1_initial,IDLGated,0.9892578125,0.201171875,0.98876953125,0.201171875,0.98974609375,0.2001953125,0.0007075368193909526,0.030317587216374932,0.05834402343175912
4,1130,0,task1_initial,MLP,0.986328125,0.203125,0.0,0.0,0.0,0.0,1.0,0.0,0.0
4,1130,0,task1_initial,ChevronSlow,0.98681640625,0.20361328125,0.986328125,0.20458984375,0.98681640625,0.2021484375,1.0,0.03473824368420815,0.0567403573395868
4,1130,0,task1_initial,IDLGated,0.98681640625,0.203125,0.98681640625,0.203125,0.98876953125,0.2021484375,0.0006805225857533514,0.02854686883494399,0.05852266772830442
4,1140,0,task1_initial,MLP,0.986328125,0.20361328125,0.0,0.0,0.0,0.0,1.0,0.0,0.0
4,1140,0,task1_initial,ChevronSlow,0.986328125,0.205078125,0.98583984375,0.20458984375,0.98828125,0.20361328125,1.0,0.03270933398927598,0.056402813732225346
4,1140,0,task1_initial,IDLGated,0.98681640625,0.20361328125,0.986328125,0.2041015625,0.98828125,0.201171875,0.0006560288602486253,0.026879570411175245,0.0578315423218783
4,1150,0,task1_initial,MLP,0.98291015625,0.2021484375,0.0,0.0,0.0,0.0,1.0,0.0,0.0
4,1150,0,task1_initial,ChevronSlow,0.98388671875,0.20361328125,0.97998046875,0.20361328125,0.9873046875,0.20361328125,1.0,0.030798924083441117,0.05604866359086968
4,1150,0,task1_initial,IDLGated,0.984375,0.201171875,0.9833984375,0.20166015625,0.98828125,0.201171875,0.0006337717059068382,0.025309651635240203,0.057172349570368444
4,1160,0,task1_initial,MLP,0.98779296875,0.20068359375,0.0,0.0,0.0,0.0,1.0,0.0,0.0
4,1160,0,task1_initial,ChevronSlow,0.98828125,0.20166015625,0.98828125,0.20068359375,0.98779296875,0.2021484375,1.0,0.029000092909521387,0.054037164336228086
4,1160,0,task1_initial,IDLGated,0.990234375,0.20068359375,0.98974609375,0.20068359375,0.9892578125,0.2001953125,0.0006135049043223262,0.023831424985530838,0.0558706647198148
4,1170,0,task1_initial,MLP,0.98291015625,0.197265625,0.0,0.0,0.0,0.0,1.0,0.0,0.0
4,1170,0,task1_initial,ChevronSlow,0.98486328125,0.19775390625,0.9794921875,0.197265625,0.98486328125,0.20068359375,1.0,0.02730632363917657,0.05213317618123178
4,1170,0,task1_initial,IDLGated,0.9853515625,0.197265625,0.98095703125,0.19775390625,0.98876953125,0.19970703125,0.0005950141930952668,0.022439535123834328,0.05470071659546159
4,1180,0,task1_initial,MLP,0.98828125,0.20068359375,0.0,0.0,0.0,0.0,1.0,0.0,0.0
4,1180,0,task1_initial,ChevronSlow,0.9853515625,0.19970703125,0.98681640625,0.19921875,0.98681640625,0.2001953125,1.0,0.02571148006366022,0.05148382782346724
4,1180,0,task1_initial,IDLGated,0.99072265625,0.19921875,0.99072265625,0.19775390625,0.990234375,0.2001953125,0.0005781126674264669,0.021128939493946012,0.053819892859654564
4,1190,0,task1_initial,MLP,0.98974609375,0.19873046875,0.0,0.0,0.0,0.0,1.0,0.0,0.0
4,1190,0,task1_initial,ChevronSlow,0.9873046875,0.19921875,0.98876953125,0.19873046875,0.986328125,0.2001953125,1.0,0.024209784363484973,0.05097831117267374
4,1190,0,task1_initial,IDLGated,0.99169921875,0.19873046875,0.990234375,0.19775390625,0.990234375,0.2001953125,0.0005626375204883516,0.019894890053432986,0.05357121328951121
4,1200,0,task1_initial,MLP,0.9892578125,0.19775390625,0.0,0.0,0.0,0.0,1.0,0.0,0.0
4,1200,0,task1_initial,ChevronSlow,0.98828125,0.19873046875,0.9873046875,0.197265625,0.9873046875,0.20068359375,1.0,0.022795796176464992,0.050343204845359424
4,1200,0,task1_initial,IDLGated,0.99169921875,0.1982421875,0.99267578125,0.19775390625,0.9912109375,0.19873046875,0.0005484444554895163,0.018732916072365848,0.052963983135983
4,1210,0,task1_initial,MLP,0.9892578125,0.19384765625,0.0,0.0,0.0,0.0,1.0,0.0,0.0
4,1210,0,task1_initial,ChevronSlow,0.990234375,0.1953125,0.98876953125,0.1923828125,0.98779296875,0.19921875,1.0,0.02146439288830299,0.04925979069722053
4,1210,0,task1_initial,IDLGated,0.9912109375,0.19384765625,0.9892578125,0.1923828125,0.99169921875,0.1982421875,0.0005354078602977097,0.01763880793670176,0.052447509660003146
4,1220,0,task1_initial,MLP,0.9833984375,0.19873046875,0.0,0.0,0.0,0.0,1.0,0.0,0.0
4,1220,0,task1_initial,ChevronSlow,0.984375,0.19873046875,0.98193359375,0.19775390625,0.9853515625,0.20068359375,1.0,0.020210751074318356,0.04871285299555814
4,1220,0,task1_initial,IDLGated,0.98681640625,0.197265625,0.98193359375,0.19775390625,0.9892578125,0.19921875,0.0005234158597886562,0.016608601897641424,0.05194409044707914
4,1230,0,task1_initial,MLP,0.98388671875,0.20947265625,0.0,0.0,0.0,0.0,1.0,0.0,0.0
4,1230,0,task1_initial,ChevronSlow,0.98046875,0.208984375,0.98046875,0.21044921875,0.982421875,0.20556640625,1.0,0.019030329025083143,0.049456905050159865
4,1230,0,task1_initial,IDLGated,0.98388671875,0.20849609375,0.9833984375,0.208984375,0.9873046875,0.203125,0.0005123697337694466,0.015638565711709778,0.05219393273323255
4,1240,0,task1_initial,MLP,0.98779296875,0.2021484375,0.0,0.0,0.0,0.0,1.0,0.0,0.0
4,1240,0,task1_initial,ChevronSlow,0.98583984375,0.205078125,0.98583984375,0.20703125,0.986328125,0.20361328125,1.0,0.01791885029265971,0.04851026801154552
4,1240,0,task1_initial,IDLGated,0.98828125,0.203125,0.9873046875,0.20458984375,0.98974609375,0.201171875,0.0005021818215027452,0.014725185119537073,0.051513275792490563
4,1250,0,task1_initial,MLP,0.98681640625,0.197265625,0.0,0.0,0.0,0.0,1.0,0.0,0.0
4,1250,0,task1_initial,ChevronSlow,0.98876953125,0.19873046875,0.9853515625,0.19970703125,0.98779296875,0.2001953125,1.0,0.01687228819783099,0.04738183294729181
4,1250,0,task1_initial,IDLGated,0.99169921875,0.197265625,0.99072265625,0.1962890625,0.9912109375,0.19873046875,0.0004927740665152669,0.013865151114355597,0.05063985370590088
4,1260,0,task1_initial,MLP,0.99169921875,0.1923828125,0.0,0.0,0.0,0.0,1.0,0.0,0.0
4,1260,0,task1_initial,ChevronSlow,0.98974609375,0.1953125,0.99169921875,0.19287109375,0.9892578125,0.1982421875,1.0,0.0158868512421961,0.046303730573132126
4,1260,0,task1_initial,IDLGated,0.9931640625,0.19384765625,0.99365234375,0.1923828125,0.99267578125,0.197265625,0.0004840769979637116,0.013055347954088055,0.05001577425444714
4,1270,0,task1_initial,MLP,0.9892578125,0.1923828125,0.0,0.0,0.0,0.0,1.0,0.0,0.0
4,1270,0,task1_initial,ChevronSlow,0.98583984375,0.19140625,0.98388671875,0.18994140625,0.98876953125,0.19677734375,1.0,0.014958969372281939,0.045710426415172596
4,1270,0,task1_initial,IDLGated,0.98974609375,0.19384765625,0.98486328125,0.19189453125,0.9921875,0.1962890625,0.00047602804261259735,0.012292841873597771,0.04953197839124345
4,1280,0,task1_initial,MLP,0.98974609375,0.1953125,0.0,0.0,0.0,0.0,1.0,0.0,0.0
4,1280,0,task1_initial,ChevronSlow,0.990234375,0.193359375,0.98828125,0.1884765625,0.99072265625,0.19775390625,1.0,0.014085281045908279,0.045302596090632294
4,1280,0,task1_initial,IDLGated,0.9931640625,0.19287109375,0.99365234375,0.19189453125,0.9931640625,0.19677734375,0.00046857167035341263,0.01157487045620718,0.049068775561073
4,1290,0,task1_initial,MLP,0.98681640625,0.197265625,0.0,0.0,0.0,0.0,1.0,0.0,0.0
4,1290,0,task1_initial,ChevronSlow,0.98583984375,0.19677734375,0.98486328125,0.1953125,0.98828125,0.1982421875,1.0,0.013262621053950223,0.04546574853581928
4,1290,0,task1_initial,IDLGated,0.9892578125,0.19677734375,0.98876953125,0.1953125,0.99072265625,0.197265625,0.0004616573569364846,0.010898832625979783,0.048696445310650545
4,1300,0,task1_initial,MLP,0.9853515625,0.2001953125,0.0,0.0,0.0,0.0,1.0,0.0,0.0
4,1300,0,task1_initial,ChevronSlow,0.9853515625,0.20068359375,0.98388671875,0.201171875,0.98876953125,0.19970703125,1.0,0.012488009053378542,0.04551893898554539
4,1300,0,task1_initial,IDLGated,0.98681640625,0.2001953125,0.986328125,0.201171875,0.98974609375,0.19775390625,0.00045524019515141845,0.010262279224509294,0.04816313051407604
4,1310,0,task1_initial,MLP,0.98681640625,0.19921875,0.0,0.0,0.0,0.0,1.0,0.0,0.0
4,1310,0,task1_initial,ChevronSlow,0.986328125,0.19970703125,0.98583984375,0.2001953125,0.9892578125,0.19921875,1.0,0.011758638770035216,0.04472077104958128
4,1310,0,task1_initial,IDLGated,0.9892578125,0.19873046875,0.98779296875,0.19921875,0.98974609375,0.19775390625,0.0004492794687394053,0.009662904138077591,0.04758091126014762
4,1320,0,task1_initial,MLP,0.9912109375,0.18994140625,0.0,0.0,0.0,0.0,1.0,0.0,0.0
4,1320,0,task1_initial,ChevronSlow,0.99072265625,0.19482421875,0.9892578125,0.19091796875,0.98876953125,0.197265625,1.0,0.011071867832027918,0.043564558765872195
4,1320,0,task1_initial,IDLGated,0.9931640625,0.19189453125,0.9921875,0.19189453125,0.99267578125,0.197265625,0.0004437380121089518,0.00909853594303674,0.04740145412895197
4,1330,0,task1_initial,MLP,0.98291015625,0.1943359375,0.0,0.0,0.0,0.0,1.0,0.0,0.0
4,1330,0,task1_initial,ChevronSlow,0.9853515625,0.1953125,0.9853515625,0.1953125,0.98828125,0.19775390625,1.0,0.010425208196911678,0.043671189509353246
4,1330,0,task1_initial,IDLGated,0.9892578125,0.1943359375,0.98828125,0.1943359375,0.9892578125,0.19677734375,0.0004385829088278115,0.008567130039147941,0.04755701643133533
4,1340,0,task1_initial,MLP,0.9892578125,0.1962890625,0.0,0.0,0.0,0.0,1.0,0.0,0.0
4,1340,0,task1_initial,ChevronSlow,0.98876953125,0.19677734375,0.98779296875,0.1962890625,0.98779296875,0.19775390625,1.0,0.009816317137977228,0.04333137084884094
4,1340,0,task1_initial,IDLGated,0.9921875,0.1962890625,0.99365234375,0.19482421875,0.9892578125,0.19677734375,0.000433783425251022,0.008066761242377894,0.04725053400673911
4,1350,0,task1_initial,MLP,0.990234375,0.19873046875,0.0,0.0,0.0,0.0,1.0,0.0,0.0
4,1350,0,task1_initial,ChevronSlow,0.98876953125,0.1982421875,0.98876953125,0.1982421875,0.98828125,0.19873046875,1.0,0.009242988756991038,0.0429070018139433
4,1350,0,task1_initial,IDLGated,0.99365234375,0.19873046875,0.994140625,0.19775390625,0.9912109375,0.19873046875,0.0004293124075047672,0.007595616810317737,0.046462888923062745
4,1360,0,task1_initial,MLP,0.990234375,0.1982421875,0.0,0.0,0.0,0.0,1.0,0.0,0.0
4,1360,0,task1_initial,ChevronSlow,0.98779296875,0.19921875,0.98876953125,0.19775390625,0.98828125,0.19921875,1.0,0.008703145992639272,0.04243350732164113
4,1360,0,task1_initial,IDLGated,0.9931640625,0.19873046875,0.99267578125,0.19677734375,0.9921875,0.19873046875,0.00042514450615271926,0.0071519898749568935,0.04607102651446332
4,1370,0,task1_initial,MLP,0.9853515625,0.19921875,0.0,0.0,0.0,0.0,1.0,0.0,0.0
4,1370,0,task1_initial,ChevronSlow,0.986328125,0.19970703125,0.98583984375,0.19921875,0.98779296875,0.19873046875,1.0,0.008194833095723787,0.04254110075772656
4,1370,0,task1_initial,IDLGated,0.98828125,0.19873046875,0.98681640625,0.19921875,0.98828125,0.197265625,0.00042125710751861334,0.006734273259020054,0.046066081055782464
4,1380,0,task1_initial,MLP,0.97998046875,0.1943359375,0.0,0.0,0.0,0.0,1.0,0.0,0.0
4,1380,0,task1_initial,ChevronSlow,0.9814453125,0.19580078125,0.9794921875,0.1943359375,0.9853515625,0.1982421875,1.0,0.007716208543849179,0.04179266004049262
4,1380,0,task1_initial,IDLGated,0.98291015625,0.1962890625,0.9794921875,0.1943359375,0.98583984375,0.19775390625,0.0004176291695330292,0.006340953653464996,0.04551353621530519
4,1390,0,task1_initial,MLP,0.98681640625,0.19482421875,0.0,0.0,0.0,0.0,1.0,0.0,0.0
4,1390,0,task1_initial,ChevronSlow,0.9892578125,0.19775390625,0.98828125,0.19482421875,0.9873046875,0.19873046875,1.0,0.007265538369932156,0.040746853359737635
4,1390,0,task1_initial,IDLGated,0.9921875,0.1953125,0.9873046875,0.1962890625,0.9931640625,0.19873046875,0.00041424165829084814,0.0059706061350474435,0.044510123344910196
4,1400,0,task1_initial,MLP,0.98779296875,0.20263671875,0.0,0.0,0.0,0.0,1.0,0.0,0.0
4,1400,0,task1_initial,ChevronSlow,0.986328125,0.201171875,0.9833984375,0.20166015625,0.98876953125,0.20166015625,1.0,0.006841189880363634,0.040289698546462645
4,1400,0,task1_initial,IDLGated,0.98876953125,0.203125,0.9873046875,0.20361328125,0.990234375,0.201171875,0.0004110771114937961,0.005621889004091104,0.04408868787856377
4,1410,0,task1_initial,MLP,0.990234375,0.19775390625,0.0,0.0,0.0,0.0,1.0,0.0,0.0
4,1410,0,task1_initial,ChevronSlow,0.98828125,0.19921875,0.98828125,0.19921875,0.98779296875,0.2001953125,1.0,0.006441625740065675,0.039480314699087346
4,1410,0,task1_initial,IDLGated,0.994140625,0.1982421875,0.994140625,0.19677734375,0.990234375,0.19921875,0.00040811958024278283,0.005293538923761099,0.0438125550914231
4,1420,0,task1_initial,MLP,0.990234375,0.193359375,0.0,0.0,0.0,0.0,1.0,0.0,0.0
4,1420,0,task1_initial,ChevronSlow,0.98974609375,0.19677734375,0.98779296875,0.193359375,0.98828125,0.19921875,1.0,0.0060653984030145155,0.03844599666599363
4,1420,0,task1_initial,IDLGated,0.99267578125,0.1943359375,0.990234375,0.1943359375,0.99365234375,0.19775390625,0.0004053542506881058,0.004984366343231298,0.0431137435110038
4,1430,0,task1_initial,MLP,0.990234375,0.2001953125,0.0,0.0,0.0,0.0,1.0,0.0,0.0
4,1430,0,task1_initial,ChevronSlow,0.98828125,0.19921875,0.9892578125,0.19873046875,0.9873046875,0.20068359375,1.0,0.0057111448680525105,0.03798056316989132
4,1430,0,task1_initial,IDLGated,0.9931640625,0.19921875,0.9931640625,0.1982421875,0.9912109375,0.20068359375,0.0004027673276141286,0.0046932511881645255,0.04256139239708534
4,1440,0,task1_initial,MLP,0.9892578125,0.201171875,0.0,0.0,0.0,0.0,1.0,0.0,0.0
4,1440,0,task1_initial,ChevronSlow,0.98779296875,0.2001953125,0.9873046875,0.20068359375,0.9873046875,0.201171875,1.0,0.005377581740990291,0.037363593231933376
4,1440,0,task1_initial,IDLGated,0.9931640625,0.2001953125,0.99169921875,0.19970703125,0.99072265625,0.201171875,0.00040034670382738113,0.004419138802893082,0.041972690708392796
4,1450,0,task1_initial,MLP,0.9921875,0.18994140625,0.0,0.0,0.0,0.0,1.0,0.0,0.0
4,1450,0,task1_initial,ChevronSlow,0.9921875,0.19384765625,0.990234375,0.1904296875,0.9892578125,0.1982421875,1.0,0.0050635005851100544,0.036648836978527555
4,1450,0,task1_initial,IDLGated,0.99365234375,0.193359375,0.99267578125,0.19189453125,0.99365234375,0.19677734375,0.00039808082510717213,0.004161036129598846,0.04179163379097669
4,1460,0,task1_initial,MLP,0.9921875,0.1923828125,0.0,0.0,0.0,0.0,1.0,0.0,0.0
4,1460,0,task1_initial,ChevronSlow,0.99267578125,0.1943359375,0.990234375,0.1904296875,0.9892578125,0.1982421875,1.0,0.004767763543225731,0.03640487423730664
4,1460,0,task1_initial,IDLGated,0.99365234375,0.193359375,0.99365234375,0.19189453125,0.994140625,0.197265625,0.00039595909765921533,0.003918008110650843,0.041545913755555136
4,1470,0,task1_initial,MLP,0.986328125,0.197265625,0.0,0.0,0.0,0.0,1.0,0.0,0.0
4,1470,0,task1_initial,ChevronSlow,0.98681640625,0.197265625,0.98583984375,0.19677734375,0.98828125,0.1982421875,1.0,0.004489299215439571,0.03632315590091076
4,1470,0,task1_initial,IDLGated,0.990234375,0.19677734375,0.990234375,0.1953125,0.99072265625,0.1982421875,0.00039397142245434225,0.003689174301066622,0.041237421323134744
4,1480,0,task1_initial,MLP,0.98681640625,0.197265625,0.0,0.0,0.0,0.0,1.0,0.0,0.0
4,1480,0,task1_initial,ChevronSlow,0.98681640625,0.19873046875,0.98583984375,0.19873046875,0.98876953125,0.19873046875,1.0,0.0042270987776610374,0.03631032569451748
4,1480,0,task1_initial,IDLGated,0.98828125,0.197265625,0.98828125,0.19775390625,0.990234375,0.197265625,0.00039210906834341586,0.0034737056788250393,0.040883419999243095
4,1490,0,task1_initial,MLP,0.98779296875,0.201171875,0.0,0.0,0.0,0.0,1.0,0.0,0.0
4,1490,0,task1_initial,ChevronSlow,0.9873046875,0.20166015625,0.98583984375,0.20166015625,0.98828125,0.20166015625,1.0,0.003980212326826128,0.03595165816979486
4,1490,0,task1_initial,IDLGated,0.990234375,0.20263671875,0.98779296875,0.203125,0.990234375,0.201171875,0.0003903633914887905,0.0032708216414747866,0.04011203109191871
4,1500,0,task1_initial,MLP,0.986328125,0.1982421875,0.0,0.0,0.0,0.0,1.0,0.0,0.0
4,1500,0,task1_initial,ChevronSlow,0.9833984375,0.2021484375,0.9814453125,0.20263671875,0.9873046875,0.2001953125,1.0,0.003747745439576524,0.035344778863834636
4,1500,0,task1_initial,IDLGated,0.98828125,0.2001953125,0.9853515625,0.19970703125,0.99169921875,0.201171875,0.0003887268539983779,0.003079787178157952,0.039602782088794794
4,1510,0,task1_initial,MLP,0.99072265625,0.1904296875,0.0,0.0,0.0,0.0,1.0,0.0,0.0
4,1510,0,task1_initial,ChevronSlow,0.9921875,0.1923828125,0.98974609375,0.1904296875,0.98876953125,0.197265625,1.0,0.0035288559319313433,0.03443701916561297
4,1510,0,task1_initial,IDLGated,0.9951171875,0.1923828125,0.9931640625,0.1904296875,0.99365234375,0.19677734375,0.0003871921799145639,0.0028999102068033794,0.03968874469640858
4,1520,0,task1_initial,MLP,0.98388671875,0.1943359375,0.0,0.0,0.0,0.0,1.0,0.0,0.0
4,1520,0,task1_initial,ChevronSlow,0.9853515625,0.1953125,0.9833984375,0.19482421875,0.98828125,0.197265625,1.0,0.0033227508082123458,0.034155536404425785
4,1520,0,task1_initial,IDLGated,0.98828125,0.19482421875,0.98681640625,0.19482421875,0.990234375,0.19677734375,0.0003857527335640043,0.0027305390668429896,0.03943821868250816
4,1530,0,task1_initial,MLP,0.98779296875,0.19921875,0.0,0.0,0.0,0.0,1.0,0.0,0.0
4,1530,0,task1_initial,ChevronSlow,0.98828125,0.19970703125,0.98681640625,0.19970703125,0.98974609375,0.2001953125,1.0,0.0031286833881691615,0.03384809587477808
4,1530,0,task1_initial,IDLGated,0.9892578125,0.19921875,0.98974609375,0.2001953125,0.99072265625,0.19873046875,0.00038440219941549003,0.002571060158367624,0.03846604228830299
4,1540,0,task1_initial,MLP,0.98876953125,0.2001953125,0.0,0.0,0.0,0.0,1.0,0.0,0.0
4,1540,0,task1_initial,ChevronSlow,0.986328125,0.2001953125,0.986328125,0.2001953125,0.98828125,0.2001953125,1.0,0.0029459506018966264,0.03348472279983255
4,1540,0,task1_initial,IDLGated,0.990234375,0.2021484375,0.98876953125,0.20166015625,0.990234375,0.201171875,0.00038313487311825156,0.0024208957191695283,0.03763655895000491
4,1550,0,task1_initial,MLP,0.9873046875,0.18896484375,0.0,0.0,0.0,0.0,1.0,0.0,0.0
4,1550,0,task1_initial,ChevronSlow,0.98876953125,0.19091796875,0.98388671875,0.1884765625,0.9912109375,0.1962890625,1.0,0.002773890442744238,0.03306629148664129
4,1550,0,task1_initial,IDLGated,0.990234375,0.19140625,0.98388671875,0.18798828125,0.994140625,0.19482421875,0.0003819453122559935,0.0022795017316181157,0.03778992762016745
4,1560,0,task1_initial,MLP,0.98583984375,0.18798828125,0.0,0.0,0.0,0.0,1.0,0.0,0.0
4,1560,0,task1_initial,ChevronSlow,0.98681640625,0.1884765625,0.98193359375,0.18505859375,0.99169921875,0.1943359375,1.0,0.0026118795689900787,0.03294641849254668
4,1560,0,task1_initial,IDLGated,0.98974609375,0.18798828125,0.9833984375,0.18505859375,0.99365234375,0.19287109375,0.00038082877290435135,0.0021463659517860128,0.03777872298611896
4,1570,0,task1_initial,MLP,0.9912109375,0.19775390625,0.0,0.0,0.0,0.0,1.0,0.0,0.0
4,1570,0,task1_initial,ChevronSlow,0.99072265625,0.1962890625,0.9912109375,0.19482421875,0.9892578125,0.197265625,1.0,0.0024593310455905426,0.0330267964289323
4,1570,0,task1_initial,IDLGated,0.994140625,0.19580078125,0.99462890625,0.193359375,0.9931640625,0.197265625,0.0003797802492044866,0.002021006053685275,0.03729340273101546
4,1580,0,task1_initial,MLP,0.9873046875,0.1953125,0.0,0.0,0.0,0.0,1.0,0.0,0.0
4,1580,0,task1_initial,ChevronSlow,0.986328125,0.1962890625,0.98486328125,0.1953125,0.98779296875,0.19677734375,1.0,0.002315692217824629,0.03340536658081907
4,1580,0,task1_initial,IDLGated,0.9912109375,0.193359375,0.98876953125,0.1923828125,0.99267578125,0.1962890625,0.00037879569572396576,0.0019029678818906913,0.03767955638882502
4,1590,0,task1_initial,MLP,0.99169921875,0.19482421875,0.0,0.0,0.0,0.0,1.0,0.0,0.0
4,1590,0,task1_initial,ChevronSlow,0.990234375,0.1962890625,0.990234375,0.1953125,0.9892578125,0.197265625,1.0,0.002180442709129427,0.03318716366276529
4,1590,0,task1_initial,IDLGated,0.994140625,0.19482421875,0.994140625,0.19384765625,0.99365234375,0.1962890625,0.00037787092151120305,0.0017918238062197694,0.03726595100364919
4,1600,0,task1_initial,MLP,0.98876953125,0.20068359375,0.0,0.0,0.0,0.0,1.0,0.0,0.0
4,1600,0,task1_initial,ChevronSlow,0.98828125,0.19970703125,0.98828125,0.20068359375,0.98876953125,0.19921875,1.0,0.0020530925358733182,0.033619000488987465
4,1600,0,task1_initial,IDLGated,0.9931640625,0.201171875,0.99169921875,0.20068359375,0.9931640625,0.2001953125,0.0003770023467950523,0.001687171172508693,0.03717333498123839
4,1610,0,task1_initial,MLP,0.9921875,0.19873046875,0.0,0.0,0.0,0.0,1.0,0.0,0.0
4,1610,0,task1_initial,ChevronSlow,0.98876953125,0.19970703125,0.9892578125,0.19921875,0.98876953125,0.19921875,1.0,0.0019331803322370738,0.03329341910496438
4,1610,0,task1_initial,IDLGated,0.9931640625,0.19921875,0.9931640625,0.19921875,0.99365234375,0.19970703125,0.00037618610076606274,0.0015886308438717246,0.03689176045301642
4,1620,0,task1_initial,MLP,0.9892578125,0.19873046875,0.0,0.0,0.0,0.0,1.0,0.0,0.0
4,1620,0,task1_initial,ChevronSlow,0.9892578125,0.19921875,0.9892578125,0.2001953125,0.98828125,0.19873046875,1.0,0.0018202716787719298,0.032648260455153434
4,1620,0,task1_initial,IDLGated,0.99365234375,0.197265625,0.9931640625,0.19677734375,0.9931640625,0.19775390625,0.00037541944766417146,0.0014958458271592976,0.0361121718025744
4,1630,0,task1_initial,MLP,0.9921875,0.19775390625,0.0,0.0,0.0,0.0,1.0,0.0,0.0
4,1630,0,task1_initial,ChevronSlow,0.98828125,0.19921875,0.98974609375,0.19921875,0.98876953125,0.19921875,1.0,0.0017139575285793072,0.032220027498413656
4,1630,0,task1_initial,IDLGated,0.99365234375,0.19921875,0.99365234375,0.197265625,0.99365234375,0.19970703125,0.0003746988077182323,0.001408479979638716,0.03564524384539029
4,1640,0,task1_initial,MLP,0.9912109375,0.193359375,0.0,0.0,0.0,0.0,1.0,0.0,0.0
4,1640,0,task1_initial,ChevronSlow,0.990234375,0.1962890625,0.98779296875,0.19580078125,0.9892578125,0.19873046875,1.0,0.0016138527254105338,0.031676667118411016
4,1640,0,task1_initial,IDLGated,0.99267578125,0.19580078125,0.990234375,0.1953125,0.99365234375,0.1982421875,0.00037402144516818225,0.0013262167912120098,0.03535302802414052
4,1650,0,task1_initial,MLP,0.9892578125,0.19482421875,0.0,0.0,0.0,0.0,1.0,0.0,0.0
4,1650,0,task1_initial,ChevronSlow,0.98681640625,0.19580078125,0.98583984375,0.1953125,0.990234375,0.1982421875,1.0,0.0015195946083179116,0.031427628587580136
4,1650,0,task1_initial,IDLGated,0.9912109375,0.19482421875,0.9873046875,0.19580078125,0.99365234375,0.197265625,0.00037338497349992394,0.001248758237759145,0.03523745858144401
4,1660,0,task1_initial,MLP,0.99072265625,0.19921875,0.0,0.0,0.0,0.0,1.0,0.0,0.0
4,1660,0,task1_initial,ChevronSlow,0.98974609375,0.1982421875,0.990234375,0.19775390625,0.98828125,0.19970703125,1.0,0.0014308416978020462,0.031187624364080065
4,1660,0,task1_initial,IDLGated,0.994140625,0.197265625,0.994140625,0.19580078125,0.994140625,0.19873046875,0.00037278656964190304,0.0011758237014524717,0.03496983475039374
4,1670,0,task1_initial,MLP,0.990234375,0.19677734375,0.0,0.0,0.0,0.0,1.0,0.0,0.0
4,1670,0,task1_initial,ChevronSlow,0.98876953125,0.20068359375,0.98828125,0.2001953125,0.98876953125,0.2001953125,1.0,0.0013472724586955944,0.031168144250557327
4,1670,0,task1_initial,IDLGated,0.99365234375,0.19873046875,0.9921875,0.19873046875,0.9931640625,0.19921875,0.00037222387618385255,0.0011071489541309065,0.0346767322983398
4,1680,0,task1_initial,MLP,0.9892578125,0.197265625,0.0,0.0,0.0,0.0,1.0,0.0,0.0
4,1680,0,task1_initial,ChevronSlow,0.9873046875,0.19873046875,0.986328125,0.19921875,0.9892578125,0.19921875,1.0,0.0012685841353015927,0.03053319425647303
4,1680,0,task1_initial,IDLGated,0.99169921875,0.19873046875,0.9892578125,0.1982421875,0.9931640625,0.19873046875,0.0003716950013767928,0.0010424852000508072,0.03384591483335499
4,1690,0,task1_initial,MLP,0.9873046875,0.20361328125,0.0,0.0,0.0,0.0,1.0,0.0,0.0
4,1690,0,task1_initial,ChevronSlow,0.98681640625,0.2021484375,0.986328125,0.2021484375,0.98828125,0.201171875,1.0,0.0011944916545662868,0.030383917392136438
4,1690,0,task1_initial,IDLGated,0.99072265625,0.20263671875,0.98828125,0.20458984375,0.9921875,0.20068359375,0.0003711974713951349,0.0009815981745456032,0.03337585588472926
4,1700,0,task1_initial,MLP,0.98876953125,0.20263671875,0.0,0.0,0.0,0.0,1.0,0.0,0.0
4,1700,0,task1_initial,ChevronSlow,0.98779296875,0.2041015625,0.986328125,0.205078125,0.98876953125,0.2021484375,1.0,0.001124726593312864,0.030809440684522398
4,1700,0,task1_initial,IDLGated,0.9892578125,0.2021484375,0.98876953125,0.20361328125,0.98974609375,0.20263671875,0.00037072980194352567,0.0009242672953287977,0.033503947913810894
4,1710,0,task1_initial,MLP,0.990234375,0.1953125,0.0,0.0,0.0,0.0,1.0,0.0,0.0
4,1710,0,task1_initial,ChevronSlow,0.986328125,0.19873046875,0.98583984375,0.1982421875,0.98876953125,0.19970703125,1.0,0.0010590362057945719,0.029918536402256016
4,1710,0,task1_initial,IDLGated,0.99169921875,0.1962890625,0.98974609375,0.1923828125,0.9931640625,0.19775390625,0.0003702900430653244,0.0008702848633656695,0.03335387649545646
4,1720,0,task1_initial,MLP,0.98583984375,0.1875,0.0,0.0,0.0,0.0,1.0,0.0,0.0
4,1720,0,task1_initial,ChevronSlow,0.9853515625,0.18994140625,0.9814453125,0.18505859375,0.98828125,0.1962890625,1.0,0.0009971825080442285,0.0298901316341309
4,1720,0,task1_initial,IDLGated,0.98779296875,0.1904296875,0.9814453125,0.18505859375,0.99462890625,0.19384765625,0.0003698763612192124,0.0008194553104185808,0.034291123428038736
4,1730,0,task1_initial,MLP,0.98828125,0.1982421875,0.0,0.0,0.0,0.0,1.0,0.0,0.0
4,1730,0,task1_initial,ChevronSlow,0.98779296875,0.197265625,0.98828125,0.19775390625,0.98876953125,0.19775390625,1.0,0.0009389414157028948,0.029845326773233743
4,1730,0,task1_initial,IDLGated,0.9931640625,0.19677734375,0.99169921875,0.19677734375,0.9921875,0.1982421875,0.0003694870974868536,0.0007715944905398913,0.033957519394436975
4,1740,0,task1_initial,MLP,0.986328125,0.2060546875,0.0,0.0,0.0,0.0,1.0,0.0,0.0
4,1740,0,task1_initial,ChevronSlow,0.98681640625,0.2041015625,0.98388671875,0.2060546875,0.98876953125,0.20263671875,1.0,0.0008841019322042238,0.030324703747295064
4,1740,0,task1_initial,IDLGated,0.98828125,0.20458984375,0.986328125,0.20703125,0.990234375,0.20166015625,0.00036912114592269063,0.0007265290129456887,0.03397929563898773
4,1750,0,task1_initial,MLP,0.986328125,0.2001953125,0.0,0.0,0.0,0.0,1.0,0.0,0.0
4,1750,0,task1_initial,ChevronSlow,0.98291015625,0.2041015625,0.982421875,0.20556640625,0.98681640625,0.2021484375,1.0,0.0008324653843734293,0.02973904011482013
4,1750,0,task1_initial,IDLGated,0.9873046875,0.203125,0.984375,0.2021484375,0.99072265625,0.201171875,0.0003687769640237093,0.0006840956138534625,0.03302246982257664
4,1760,0,task1_initial,MLP,0.99072265625,0.19677734375,0.0,0.0,0.0,0.0,1.0,0.0,0.0
4,1760,0,task1_initial,ChevronSlow,0.98876953125,0.19921875,0.9892578125,0.197265625,0.98828125,0.2001953125,1.0,0.0007838447026715936,0.02900845605733046
4,1760,0,task1_initial,IDLGated,0.9931640625,0.197265625,0.99267578125,0.1962890625,0.9931640625,0.19921875,0.00036845298018306494,0.0006441405650080074,0.03249869653403485
4,1770,0,task1_initial,MLP,0.9873046875,0.20361328125,0.0,0.0,0.0,0.0,1.0,0.0,0.0
4,1770,0,task1_initial,ChevronSlow,0.98779296875,0.203125,0.98583984375,0.2041015625,0.9873046875,0.2021484375,1.0,0.000738063743477776,0.029279360227914872
4,1770,0,task1_initial,IDLGated,0.9892578125,0.20263671875,0.98974609375,0.20361328125,0.990234375,0.2021484375,0.000368148204870522,0.0006065191167527536,0.03249727794165958
4,1780,0,task1_initial,MLP,0.98583984375,0.19921875,0.0,0.0,0.0,0.0,1.0,0.0,0.0
4,1780,0,task1_initial,ChevronSlow,0.98583984375,0.19970703125,0.98388671875,0.19970703125,0.9892578125,0.201171875,1.0,0.0006949566509536733,0.029133252595923177
4,1780,0,task1_initial,IDLGated,0.98779296875,0.19921875,0.98681640625,0.19970703125,0.990234375,0.20068359375,0.0003678615903481841,0.0005710949736288809,0.03227951543790612
4,1790,0,task1_initial,MLP,0.9931640625,0.19140625,0.0,0.0,0.0,0.0,1.0,0.0,0.0
4,1790,0,task1_initial,ChevronSlow,0.990234375,0.193359375,0.98974609375,0.19189453125,0.98974609375,0.19873046875,1.0,0.0006543672561789893,0.028709480391318744
4,1790,0,task1_initial,IDLGated,0.9951171875,0.1923828125,0.99267578125,0.19189453125,0.99365234375,0.197265625,0.00036759182694368064,0.0005377398006024045,0.031937733278246914
4,1800,0,task1_initial,MLP,0.98974609375,0.1943359375,0.0,0.0,0.0,0.0,1.0,0.0,0.0
4,1800,0,task1_initial,ChevronSlow,0.990234375,0.19287109375,0.98828125,0.1923828125,0.990234375,0.197265625,1.0,0.0006161485113806949,0.028702434770593966
4,1800,0,task1_initial,IDLGated,0.99169921875,0.1943359375,0.9892578125,0.19384765625,0.99267578125,0.1962890625,0.00036733801243826747,0.0005063327581303901,0.031711696910578
4,1810,0,task1_initial,MLP,0.98388671875,0.203125,0.0,0.0,0.0,0.0,1.0,0.0,0.0
4,1810,0,task1_initial,ChevronSlow,0.98828125,0.20263671875,0.98583984375,0.203125,0.9892578125,0.201171875,1.0,0.0005801619572064949,0.02916388667008456
4,1810,0,task1_initial,IDLGated,0.9892578125,0.203125,0.98779296875,0.2021484375,0.98974609375,0.2021484375,0.0003670992737170309,0.00047676006438192927,0.03211809081392743
4,1820,0,task1_initial,MLP,0.98583984375,0.20458984375,0.0,0.0,0.0,0.0,1.0,0.0,0.0
4,1820,0,task1_initial,ChevronSlow,0.984375,0.20556640625,0.9833984375,0.20751953125,0.98779296875,0.2041015625,1.0,0.0005462772211125345,0.028972129945707966
4,1820,0,task1_initial,IDLGated,0.98974609375,0.20458984375,0.986328125,0.20556640625,0.98876953125,0.20361328125,0.00036687450483441353,0.00044891458302788163,0.03136034384556378
4,1830,0,task1_initial,MLP,0.98876953125,0.2021484375,0.0,0.0,0.0,0.0,1.0,0.0,0.0
4,1830,0,task1_initial,ChevronSlow,0.9853515625,0.20458984375,0.9853515625,0.20556640625,0.9873046875,0.20361328125,1.0,0.0005143715450480972,0.02824326997062537
4,1830,0,task1_initial,IDLGated,0.98876953125,0.20263671875,0.98876953125,0.20361328125,0.990234375,0.20263671875,0.00036666294909082353,0.0004226954351060266,0.03083307186227188
4,1840,0,task1_initial,MLP,0.98828125,0.20166015625,0.0,0.0,0.0,0.0,1.0,0.0,0.0
4,1840,0,task1_initial,ChevronSlow,0.98779296875,0.2021484375,0.98779296875,0.2021484375,0.9873046875,0.20166015625,1.0,0.000484329340726186,0.02764430768111529
4,1840,0,task1_initial,IDLGated,0.99072265625,0.201171875,0.9912109375,0.201171875,0.990234375,0.20166015625,0.0003664639370981604,0.0003980076335554821,0.03069811846624218
4,1850,0,task1_initial,MLP,0.99072265625,0.1943359375,0.0,0.0,0.0,0.0,1.0,0.0,0.0
4,1850,0,task1_initial,ChevronSlow,0.9912109375,0.19482421875,0.990234375,0.19189453125,0.990234375,0.19873046875,1.0,0.0004560417708688136,0.02717067503604441
4,1850,0,task1_initial,IDLGated,0.994140625,0.19482421875,0.99365234375,0.1923828125,0.9931640625,0.19873046875,0.0003662767121568322,0.0003747617390963784,0.030660729816591032
4,1860,0,task1_initial,MLP,0.9921875,0.197265625,0.0,0.0,0.0,0.0,1.0,0.0,0.0
4,1860,0,task1_initial,ChevronSlow,0.98779296875,0.197265625,0.98876953125,0.1953125,0.98974609375,0.19921875,1.0,0.0004294063549099351,0.026896385734627985
4,1860,0,task1_initial,IDLGated,0.99462890625,0.1962890625,0.99462890625,0.19384765625,0.9931640625,0.19921875,0.0003661004302557558,0.0003528735362081034,0.03057040322644812
4,1870,0,task1_initial,MLP,0.9912109375,0.19580078125,0.0,0.0,0.0,0.0,1.0,0.0,0.0
4,1870,0,task1_initial,ChevronSlow,0.99072265625,0.19384765625,0.99169921875,0.19287109375,0.990234375,0.19970703125,1.0,0.00040432659772755614,0.02636203079519699
4,1870,0,task1_initial,IDLGated,0.994140625,0.19580078125,0.99267578125,0.1953125,0.99365234375,0.1982421875,0.00036593450931832194,0.0003322637280322488,0.029981706157920823
4,1880,0,task1_initial,MLP,0.9912109375,0.1904296875,0.0,0.0,0.0,0.0,1.0,0.0,0.0
4,1880,0,task1_initial,ChevronSlow,0.9921875,0.19091796875,0.98876953125,0.189453125,0.99072265625,0.19677734375,1.0,0.0003807116400599841,0.02621806282460179
4,1880,0,task1_initial,IDLGated,0.99462890625,0.193359375,0.99267578125,0.19287109375,0.99560546875,0.1982421875,0.0003657784254755825,0.0003128576490949479,0.029966737606156563
4,1890,0,task1_initial,MLP,0.990234375,0.19921875,0.0,0.0,0.0,0.0,1.0,0.0,0.0
4,1890,0,task1_initial,ChevronSlow,0.98876953125,0.2001953125,0.98876953125,0.19970703125,0.9892578125,0.2001953125,1.0,0.00035847592933974494,0.026360446691234593
4,1890,0,task1_initial,IDLGated,0.9921875,0.20068359375,0.9912109375,0.2001953125,0.99267578125,0.2001953125,0.0003656315093394369,0.00029458499480785206,0.029676187682119555
4,1900,0,task1_initial,MLP,0.98583984375,0.2041015625,0.0,0.0,0.0,0.0,1.0,0.0,0.0
4,1900,0,task1_initial,ChevronSlow,0.9853515625,0.205078125,0.98388671875,0.2060546875,0.9873046875,0.20263671875,1.0,0.00033753890975265913,0.02670852699772497
4,1900,0,task1_initial,IDLGated,0.98779296875,0.20361328125,0.986328125,0.205078125,0.990234375,0.20166015625,0.0003654931206256151,0.0002773795667677781,0.029832480266346544
4,1910,0,task1_initial,MLP,0.98828125,0.2021484375,0.0,0.0,0.0,0.0,1.0,0.0,0.0
4,1910,0,task1_initial,ChevronSlow,0.9873046875,0.2021484375,0.9873046875,0.20263671875,0.98779296875,0.2021484375,1.0,0.0003178247303992185,0.026588025559303296
4,1910,0,task1_initial,IDLGated,0.990234375,0.201171875,0.9892578125,0.20166015625,0.99072265625,0.20068359375,0.0003653628518804908,0.00026117903293229616,0.029865350035640684
4,1920,0,task1_initial,MLP,0.98876953125,0.19873046875,0.0,0.0,0.0,0.0,1.0,0.0,0.0
4,1920,0,task1_initial,ChevronSlow,0.98876953125,0.19970703125,0.98779296875,0.19873046875,0.98876953125,0.20068359375,1.0,0.00029926197050098794,0.026261428391631616
4,1920,0,task1_initial,IDLGated,0.99169921875,0.2001953125,0.9912109375,0.19873046875,0.9912109375,0.2001953125,0.000365240266546607,0.000245924701802417,0.02986447562456225
4,1930,0,task1_initial,MLP,0.99169921875,0.19921875,0.0,0.0,0.0,0.0,1.0,0.0,0.0
4,1930,0,task1_initial,ChevronSlow,0.98974609375,0.201171875,0.98974609375,0.19970703125,0.98876953125,0.20166015625,1.0,0.0002817833806565054,0.02537479079688314
4,1930,0,task1_initial,IDLGated,0.99267578125,0.1982421875,0.994140625,0.197265625,0.99267578125,0.19921875,0.0003651250444818288,0.000231561309794287,0.029306174989335902
4,1940,0,task1_initial,MLP,0.99267578125,0.193359375,0.0,0.0,0.0,0.0,1.0,0.0,0.0
4,1940,0,task1_initial,ChevronSlow,0.9912109375,0.1962890625,0.99169921875,0.19384765625,0.98974609375,0.2001953125,1.0,0.00026532563920929916,0.024993320627369534
4,1940,0,task1_initial,IDLGated,0.994140625,0.1962890625,0.99462890625,0.19482421875,0.99365234375,0.1982421875,0.0003650164289865643,0.00021803682102957732,0.029837519650955192
4,1950,0,task1_initial,MLP,0.98583984375,0.19287109375,0.0,0.0,0.0,0.0,1.0,0.0,0.0
4,1950,0,task1_initial,ChevronSlow,0.986328125,0.19384765625,0.98291015625,0.19140625,0.98876953125,0.19580078125,1.0,0.0002498291228453893,0.025036376958112158
4,1950,0,task1_initial,IDLGated,0.98828125,0.19482421875,0.98388671875,0.19287109375,0.99365234375,0.19677734375,0.0003649141581263393,0.00020530223881924518,0.029997754937783727
4,1960,0,task1_initial,MLP,0.9892578125,0.19287109375,0.0,0.0,0.0,0.0,1.0,0.0,0.0
4,1960,0,task1_initial,ChevronSlow,0.990234375,0.1904296875,0.986328125,0.18701171875,0.9912109375,0.1962890625,1.0,0.0002352376905891917,0.02490589796829834
4,1960,0,task1_initial,IDLGated,0.99462890625,0.1923828125,0.9892578125,0.1904296875,0.99462890625,0.1962890625,0.0003648179699666798,0.00019331142815770896,0.029957479856720984
4,1970,0,task1_initial,MLP,0.99072265625,0.1962890625,0.0,0.0,0.0,0.0,1.0,0.0,0.0
4,1970,0,task1_initial,ChevronSlow,0.98828125,0.19677734375,0.98779296875,0.1953125,0.99072265625,0.19921875,1.0,0.00022149848041528087,0.02498173774769006
4,1970,0,task1_initial,IDLGated,0.99462890625,0.19482421875,0.9921875,0.193359375,0.99462890625,0.1962890625,0.000364727369742468,0.00018202094858436605,0.030109919114416392
4,1980,0,task1_initial,MLP,0.9873046875,0.20166015625,0.0,0.0,0.0,0.0,1.0,0.0,0.0
4,1980,0,task1_initial,ChevronSlow,0.9873046875,0.201171875,0.98486328125,0.20068359375,0.98876953125,0.2001953125,1.0,0.0002085617177391758,0.025783837855990113
4,1980,0,task1_initial,IDLGated,0.99072265625,0.20068359375,0.98876953125,0.2001953125,0.99169921875,0.2001953125,0.0003646422119345516,0.00017138989680694263,0.030246346455983227
4,1990,0,task1_initial,MLP,0.990234375,0.2001953125,0.0,0.0,0.0,0.0,1.0,0.0,0.0
4,1990,0,task1_initial,ChevronSlow,0.98828125,0.201171875,0.9873046875,0.201171875,0.98876953125,0.20068359375,1.0,0.00019638053509334492,0.025252107444050917
4,1990,0,task1_initial,IDLGated,0.9912109375,0.19921875,0.9912109375,0.19970703125,0.9921875,0.19921875,0.00036456191446632147,0.00016137975851652846,0.029441523109158194
4,2000,0,task1_initial,MLP,0.990234375,0.20068359375,0.0,0.0,0.0,0.0,1.0,0.0,0.0
4,2000,0,task1_initial,ChevronSlow,0.98876953125,0.201171875,0.98876953125,0.201171875,0.98876953125,0.20068359375,1.0,0.00018491080233515187,0.025048758638586903
4,2000,0,task1_initial,IDLGated,0.9931640625,0.19775390625,0.9931640625,0.19775390625,0.9921875,0.19921875,0.00036448633181862533,0.00015195426885745156,0.02893936693418347
4,2010,0,task1_initial,MLP,0.99169921875,0.20068359375,0.0,0.0,0.0,0.0,1.0,0.0,0.0
4,2010,0,task1_initial,ChevronSlow,0.9912109375,0.2001953125,0.99169921875,0.19921875,0.990234375,0.19921875,1.0,0.00017411096677161632,0.02472038417730289
4,2010,0,task1_initial,IDLGated,0.99462890625,0.19775390625,0.9951171875,0.19775390625,0.99267578125,0.19873046875,0.0003644151147454977,0.00014307928104650001,0.02839812111256035
4,2020,0,task1_initial,MLP,0.99267578125,0.1943359375,0.0,0.0,0.0,0.0,1.0,0.0,0.0
4,2020,0,task1_initial,ChevronSlow,0.9921875,0.19677734375,0.99365234375,0.19384765625,0.99072265625,0.19921875,1.0,0.0001639419026217919,0.024279783802620417
4,2020,0,task1_initial,IDLGated,0.9951171875,0.19580078125,0.99462890625,0.19482421875,0.99365234375,0.19775390625,0.00036434823414310813,0.0001347226426655235,0.028177595293958142
4,2030,0,task1_initial,MLP,0.99267578125,0.1953125,0.0,0.0,0.0,0.0,1.0,0.0,0.0
4,2030,0,task1_initial,ChevronSlow,0.99169921875,0.19775390625,0.9912109375,0.19482421875,0.990234375,0.19970703125,1.0,0.000154366769271392,0.024093693231080113
4,2030,0,task1_initial,IDLGated,0.99462890625,0.19580078125,0.99365234375,0.1962890625,0.99462890625,0.1982421875,0.00036428519524633884,0.0001268540791792462,0.02798998335046392
4,2040,0,task1_initial,MLP,0.99169921875,0.197265625,0.0,0.0,0.0,0.0,1.0,0.0,0.0
4,2040,0,task1_initial,ChevronSlow,0.99169921875,0.19873046875,0.9912109375,0.1962890625,0.990234375,0.19921875,1.0,0.00014535087780614603,0.0240675441688852
4,2040,0,task1_initial,IDLGated,0.99365234375,0.197265625,0.994140625,0.19677734375,0.99267578125,0.19921875,0.00036422579432837665,0.00011944508425629714,0.027739312057798834
4,2050,0,task1_initial,MLP,0.9912109375,0.19677734375,0.0,0.0,0.0,0.0,1.0,0.0,0.0
4,2050,0,task1_initial,ChevronSlow,0.98876953125,0.19775390625,0.98779296875,0.19677734375,0.9892578125,0.19921875,1.0,0.000136861565340362,0.024356002755235407
4,2050,0,task1_initial,IDLGated,0.9921875,0.1982421875,0.99267578125,0.1982421875,0.9931640625,0.19921875,0.0003641699149738997,0.00011246881649611214,0.02785804511432299
4,2060,0,task1_initial,MLP,0.98828125,0.19482421875,0.0,0.0,0.0,0.0,1.0,0.0,0.0
4,2060,0,task1_initial,ChevronSlow,0.9892578125,0.1953125,0.98974609375,0.1943359375,0.9912109375,0.1982421875,1.0,0.00012886807668541068,0.024392687183115283
4,2060,0,task1_initial,IDLGated,0.9912109375,0.1962890625,0.98779296875,0.19482421875,0.99462890625,0.19677734375,0.00036411729524843395,0.00010590000218756831,0.02791314152040718
4,2070,0,task1_initial,MLP,0.99267578125,0.19384765625,0.0,0.0,0.0,0.0,1.0,0.0,0.0
4,2070,0,task1_initial,ChevronSlow,0.9912109375,0.1943359375,0.99169921875,0.193359375,0.9912109375,0.19775390625,1.0,0.00012134145292943903,0.02424111515331709
4,2070,0,task1_initial,IDLGated,0.9931640625,0.19580078125,0.99169921875,0.19580078125,0.994140625,0.19677734375,0.00036406784784048796,9.971484374706343e-05,0.027679734123294848
4,2080,0,task1_initial,MLP,0.98828125,0.1962890625,0.0,0.0,0.0,0.0,1.0,0.0,0.0
4,2080,0,task1_initial,ChevronSlow,0.98828125,0.1962890625,0.98828125,0.1953125,0.99072265625,0.197265625,1.0,0.00011425442652465818,0.02421384907588076
4,2080,0,task1_initial,IDLGated,0.99365234375,0.19677734375,0.9912109375,0.1962890625,0.994140625,0.1962890625,0.00036402116529643536,9.389093350432904e-05,0.02773019019591753
4,2090,0,task1_initial,MLP,0.98974609375,0.2001953125,0.0,0.0,0.0,0.0,1.0,0.0,0.0
4,2090,0,task1_initial,ChevronSlow,0.990234375,0.19873046875,0.98974609375,0.1982421875,0.990234375,0.19921875,1.0,0.00010758132250212594,0.024342711570415874
4,2090,0,task1_initial,IDLGated,0.99267578125,0.19921875,0.99169921875,0.19921875,0.9931640625,0.19921875,0.0003639772767201066,8.840717252363895e-05,0.027144491124977778
4,2100,0,task1_initial,MLP,0.9921875,0.2001953125,0.0,0.0,0.0,0.0,1.0,0.0,0.0
4,2100,0,task1_initial,ChevronSlow,0.98974609375,0.20068359375,0.98876953125,0.2021484375,0.99072265625,0.19921875,1.0,0.00010129796545614454,0.02436814305090989
4,2100,0,task1_initial,IDLGated,0.9921875,0.19970703125,0.99267578125,0.19970703125,0.99267578125,0.19873046875,0.00036393600748851895,8.324369416631794e-05,0.026574742683851054
4,2110,0,task1_initial,MLP,0.99072265625,0.1962890625,0.0,0.0,0.0,0.0,1.0,0.0,0.0
4,2110,0,task1_initial,ChevronSlow,0.990234375,0.197265625,0.98876953125,0.197265625,0.99072265625,0.1982421875,1.0,9.538159196129496e-05,0.02429408151668358
4,2110,0,task1_initial,IDLGated,0.99462890625,0.19580078125,0.9951171875,0.1943359375,0.99462890625,0.19580078125,0.0003638969792518765,7.838179211763179e-05,0.026317608197825193
4,2120,0,task1_initial,MLP,0.99169921875,0.19287109375,0.0,0.0,0.0,0.0,1.0,0.0,0.0
4,2120,0,task1_initial,ChevronSlow,0.9921875,0.19384765625,0.9912109375,0.19091796875,0.9921875,0.1962890625,1.0,8.981076810481113e-05,0.024195557099080698
4,2120,0,task1_initial,IDLGated,0.99560546875,0.19384765625,0.9931640625,0.19091796875,0.99462890625,0.19580078125,0.0003638603666331619,7.380385261731343e-05,0.026051382814438532
4,2130,0,task1_initial,MLP,0.98876953125,0.19775390625,0.0,0.0,0.0,0.0,1.0,0.0,0.0
4,2130,0,task1_initial,ChevronSlow,0.98779296875,0.197265625,0.98779296875,0.19775390625,0.98974609375,0.197265625,1.0,8.45653118355297e-05,0.024106921836826785
4,2130,0,task1_initial,IDLGated,0.99267578125,0.197265625,0.98876953125,0.1962890625,0.9931640625,0.197265625,0.0003638258785940707,6.949329064820951e-05,0.026050848493844855
4,2140,0,task1_initial,MLP,0.99365234375,0.1982421875,0.0,0.0,0.0,0.0,1.0,0.0,0.0
4,2140,0,task1_initial,ChevronSlow,0.99169921875,0.19873046875,0.9912109375,0.19873046875,0.9921875,0.19873046875,1.0,7.962621984809956e-05,0.024217558378236352
4,2140,0,task1_initial,IDLGated,0.99462890625,0.19775390625,0.9951171875,0.19775390625,0.99365234375,0.197265625,0.0003637934278231114,6.543448985187025e-05,0.025906976668416216
4,2150,0,task1_initial,MLP,0.990234375,0.1953125,0.0,0.0,0.0,0.0,1.0,0.0,0.0
4,2150,0,task1_initial,ChevronSlow,0.98828125,0.19873046875,0.9853515625,0.19921875,0.990234375,0.19970703125,1.0,7.497559873756682e-05,0.024522853749922472
4,2150,0,task1_initial,IDLGated,0.9921875,0.19677734375,0.98974609375,0.197265625,0.99609375,0.19677734375,0.0003637628979049623,6.161274595340848e-05,0.025945801466590004
4,2160,0,task1_initial,MLP,0.99365234375,0.1982421875,0.0,0.0,0.0,0.0,1.0,0.0,0.0
4,2160,0,task1_initial,ChevronSlow,0.99169921875,0.19921875,0.9921875,0.1982421875,0.990234375,0.19873046875,1.0,7.059660017492083e-05,0.02384687528342778
4,2160,0,task1_initial,IDLGated,0.99560546875,0.1962890625,0.9951171875,0.19580078125,0.9951171875,0.19677734375,0.0003637341142166406,5.801421349066653e-05,0.02587559143312711
4,2170,0,task1_initial,MLP,0.9912109375,0.1923828125,0.0,0.0,0.0,0.0,1.0,0.0,0.0
4,2170,0,task1_initial,ChevronSlow,0.99072265625,0.1904296875,0.9873046875,0.1884765625,0.99169921875,0.19482421875,1.0,6.647335986875474e-05,0.02365282679028621
4,2170,0,task1_initial,IDLGated,0.9951171875,0.1923828125,0.99169921875,0.19091796875,0.99462890625,0.19482421875,0.00036370690213516355,5.462585565470067e-05,0.026141570483972393
4,2180,0,task1_initial,MLP,0.99169921875,0.1923828125,0.0,0.0,0.0,0.0,1.0,0.0,0.0
4,2180,0,task1_initial,ChevronSlow,0.9912109375,0.19287109375,0.9912109375,0.18994140625,0.99169921875,0.19580078125,1.0,6.259094009190972e-05,0.02344998263945761
4,2180,0,task1_initial,IDLGated,0.99560546875,0.1943359375,0.99560546875,0.19189453125,0.99462890625,0.19580078125,0.0003636814362835139,5.1435397059864715e-05,0.026473406059764178
4,2190,0,task1_initial,MLP,0.98974609375,0.20166015625,0.0,0.0,0.0,0.0,1.0,0.0,0.0
4,2190,0,task1_initial,ChevronSlow,0.98779296875,0.201171875,0.986328125,0.20263671875,0.99072265625,0.2001953125,1.0,5.893527556488806e-05,0.023904235579000968
4,2190,0,task1_initial,IDLGated,0.99267578125,0.2001953125,0.99169921875,0.201171875,0.99462890625,0.1982421875,0.00036365751293487847,4.8431279272387575e-05,0.02663590340912988
4,2200,0,end_task1,MLP,0.98583984375,0.2060546875,0.0,0.0,0.0,0.0,1.0,0.0,0.0
4,2200,0,end_task1,ChevronSlow,0.98583984375,0.2060546875,0.98291015625,0.208984375,0.98828125,0.2021484375,1.0,5.549312249998056e-05,0.024720666920750797
4,2200,0,end_task1,IDLGated,0.98779296875,0.2060546875,0.98486328125,0.20849609375,0.9931640625,0.20166015625,0.00036363478284329176,4.5602618936333095e-05,0.02716522414312693
4,2210,0,task2,MLP,0.9326171875,0.26513671875,0.0,0.0,0.0,0.0,1.0,0.0,0.0
4,2210,0,task2,ChevronSlow,0.95361328125,0.23583984375,0.17138671875,0.8115234375,0.97265625,0.21484375,1.0,0.0005393403388661796,0.05180317879505602
4,2210,0,task2,IDLGated,0.9755859375,0.21435546875,0.1357421875,0.79833984375,0.9892578125,0.201171875,0.00038111492176540196,0.002180530922327371,0.07818688779556097
4,2220,0,task2,MLP,0.1005859375,0.82470703125,0.0,0.0,0.0,0.0,1.0,0.0,0.0
4,2220,0,task2,ChevronSlow,0.06396484375,0.8349609375,0.01513671875,0.80712890625,0.9521484375,0.236328125,1.0,0.01930193125496024,0.08942330111810938
4,2220,0,task2,IDLGated,0.15625,0.74560546875,0.05078125,0.78466796875,0.9892578125,0.20263671875,0.0007851237314753234,0.035050736765348436,0.1391037728538888
4,2230,0,task2,MLP,0.10498046875,0.8408203125,0.0,0.0,0.0,0.0,1.0,0.0,0.0
4,2230,0,task2,ChevronSlow,0.12353515625,0.8603515625,0.087890625,0.86474609375,0.93701171875,0.2685546875,1.0,0.06747028499263828,0.11599028524094951
4,2230,0,task2,IDLGated,0.1455078125,0.814453125,0.06591796875,0.83056640625,0.9892578125,0.20263671875,0.004747751634567976,0.11703067373952844,0.1722580171024511
4,2240,0,task2,MLP,0.123046875,0.853515625,0.0,0.0,0.0,0.0,1.0,0.0,0.0
4,2240,0,task2,ChevronSlow,0.1552734375,0.89111328125,0.13134765625,0.880859375,0.92578125,0.28125,1.0,0.13596779867115208,0.13189927214963182
4,2240,0,task2,IDLGated,0.1689453125,0.8408203125,0.09619140625,0.8525390625,0.9892578125,0.20263671875,0.06834596395492554,0.24125549716925612,0.18619392616186617
4,2250,0,task2,MLP,0.142578125,0.86669921875,0.0,0.0,0.0,0.0,1.0,0.0,0.0
4,2250,0,task2,ChevronSlow,0.2236328125,0.8779296875,0.20068359375,0.884765625,0.916015625,0.29443359375,1.0,0.2130946325578414,0.14572182801316147
4,2250,0,task2,IDLGated,0.1796875,0.85498046875,0.109375,0.8603515625,0.98828125,0.2041015625,0.6679021716117859,0.39175963886708837,0.19186472387231482
4,2260,0,task2,MLP,0.15234375,0.88037109375,0.0,0.0,0.0,0.0,1.0,0.0,0.0
4,2260,0,task2,ChevronSlow,0.224609375,0.89599609375,0.19775390625,0.90625,0.77783203125,0.453125,1.0,0.28970295887055114,0.14596692903881187
4,2260,0,task2,IDLGated,0.17626953125,0.86328125,0.11181640625,0.8662109375,0.97998046875,0.20751953125,0.9863404035568237,0.5545251699413866,0.1901361226181218
4,2270,0,task2,MLP,0.13623046875,0.89208984375,0.0,0.0,0.0,0.0,1.0,0.0,0.0
4,2270,0,task2,ChevronSlow,0.18408203125,0.91845703125,0.1669921875,0.90283203125,0.59521484375,0.61376953125,1.0,0.3618295922598354,0.1432569692419382
4,2270,0,task2,IDLGated,0.1689453125,0.89697265625,0.091796875,0.84765625,0.97119140625,0.21435546875,0.9996365308761597,0.7199760620588396,0.18747053593790536
4,2280,0,task2,MLP,0.1357421875,0.90185546875,0.0,0.0,0.0,0.0,1.0,0.0,0.0
4,2280,0,task2,ChevronSlow,0.18798828125,0.91796875,0.17138671875,0.92529296875,0.3447265625,0.7412109375,1.0,0.42818605325016523,0.14594576210754173
4,2280,0,task2,IDLGated,0.18115234375,0.908203125,0.087890625,0.8564453125,0.9560546875,0.22314453125,0.99998939037323,0.8803860500061624,0.19122573213453678
4,2290,0,task2,MLP,0.13427734375,0.90673828125,0.0,0.0,0.0,0.0,1.0,0.0,0.0
4,2290,0,task2,ChevronSlow,0.166015625,0.92626953125,0.158203125,0.91162109375,0.205078125,0.83251953125,1.0,0.487554039511591,0.14809598607748867
4,2290,0,task2,IDLGated,0.16650390625,0.92041015625,0.0869140625,0.85498046875,0.94287109375,0.22802734375,0.9999996423721313,1.030519345463349,0.191884366979534
4,2300,0,task2,MLP,0.14794921875,0.91064453125,0.0,0.0,0.0,0.0,1.0,0.0,0.0
4,2300,0,task2,ChevronSlow,0.18798828125,0.93994140625,0.18408203125,0.931640625,0.1826171875,0.8408203125,1.0,0.5404637370149958,0.15527371946333254
4,2300,0,task2,IDLGated,0.1826171875,0.9267578125,0.09912109375,0.86279296875,0.93701171875,0.23291015625,1.0,1.1671846874424172,0.19472572982461253
4,2310,0,task2,MLP,0.154296875,0.9130859375,0.0,0.0,0.0,0.0,1.0,0.0,0.0
4,2310,0,task2,ChevronSlow,0.19287109375,0.943359375,0.19189453125,0.93115234375,0.1591796875,0.85498046875,1.0,0.586212168315278,0.1610532348729049
4,2310,0,task2,IDLGated,0.18212890625,0.9345703125,0.10107421875,0.86328125,0.93359375,0.2412109375,1.0,1.2891787026824872,0.19767796688883077
4,2320,0,task2,MLP,0.17041015625,0.92138671875,0.0,0.0,0.0,0.0,1.0,0.0,0.0
4,2320,0,task2,ChevronSlow,0.1982421875,0.951171875,0.197265625,0.95361328125,0.154296875,0.85595703125,1.0,0.6259246061541741,0.1656465931722629
4,2320,0,task2,IDLGated,0.185546875,0.9384765625,0.11083984375,0.87841796875,0.92236328125,0.24462890625,1.0,1.39807691874705,0.2001427192627583
4,2330,0,task2,MLP,0.16259765625,0.92236328125,0.0,0.0,0.0,0.0,1.0,0.0,0.0
4,2330,0,task2,ChevronSlow,0.18212890625,0.955078125,0.18505859375,0.95166015625,0.1455078125,0.8603515625,1.0,0.6591485544948545,0.1661272724060399
4,2330,0,task2,IDLGated,0.171875,0.9404296875,0.11279296875,0.8828125,0.91259765625,0.2470703125,1.0,1.49244359273225,0.19599370702556376
4,2340,0,task2,MLP,0.16455078125,0.92431640625,0.0,0.0,0.0,0.0,1.0,0.0,0.0
4,2340,0,task2,ChevronSlow,0.1875,0.9580078125,0.18994140625,0.95166015625,0.140625,0.86474609375,1.0,0.6875521594504435,0.17216755585179988
4,2340,0,task2,IDLGated,0.18017578125,0.94580078125,0.11474609375,0.88818359375,0.908203125,0.24853515625,1.0,1.5757518028341804,0.19724084317717083
4,2350,0,task2,MLP,0.16259765625,0.92919921875,0.0,0.0,0.0,0.0,1.0,0.0,0.0
4,2350,0,task2,ChevronSlow,0.18603515625,0.95849609375,0.1953125,0.9501953125,0.13427734375,0.87255859375,1.0,0.7111475419872739,0.17675716096174898
4,2350,0,task2,IDLGated,0.1865234375,0.95458984375,0.11572265625,0.8935546875,0.9052734375,0.25,1.0,1.6488406745241546,0.19742137619175654
4,2360,0,task2,MLP,0.166015625,0.93115234375,0.0,0.0,0.0,0.0,1.0,0.0,0.0
4,2360,0,task2,ChevronSlow,0.18408203125,0.96240234375,0.1943359375,0.9609375,0.1318359375,0.87353515625,1.0,0.729243911313677,0.1767700889701606
4,2360,0,task2,IDLGated,0.1787109375,0.9521484375,0.1201171875,0.89990234375,0.900390625,0.2509765625,1.0,1.7109488967770388,0.1939512309524569
4,2370,0,task2,MLP,0.17333984375,0.93505859375,0.0,0.0,0.0,0.0,1.0,0.0,0.0
4,2370,0,task2,ChevronSlow,0.185546875,0.96533203125,0.19873046875,0.96435546875,0.12890625,0.8759765625,1.0,0.7441844378507422,0.17985899247501724
4,2370,0,task2,IDLGated,0.18408203125,0.95703125,0.12548828125,0.908203125,0.896484375,0.25341796875,1.0,1.7635609712652918,0.19310971282231965
4,2380,0,task2,MLP,0.17578125,0.9423828125,0.0,0.0,0.0,0.0,1.0,0.0,0.0
4,2380,0,task2,ChevronSlow,0.18798828125,0.96533203125,0.2001953125,0.95751953125,0.12841796875,0.876953125,1.0,0.7555937839701654,0.18477587237260704
4,2380,0,task2,IDLGated,0.19091796875,0.96240234375,0.126953125,0.90869140625,0.8935546875,0.255859375,1.0,1.807373482763298,0.19503073097721696
4,2390,0,task2,MLP,0.16943359375,0.93603515625,0.0,0.0,0.0,0.0,1.0,0.0,0.0
4,2390,0,task2,ChevronSlow,0.18212890625,0.95849609375,0.19775390625,0.9482421875,0.1201171875,0.89208984375,1.0,0.7636291296854965,0.186670250370116
4,2390,0,task2,IDLGated,0.181640625,0.95361328125,0.1298828125,0.91015625,0.892578125,0.2568359375,1.0,1.844278028186774,0.19285459493886892
4,2400,0,task2,MLP,0.18115234375,0.947265625,0.0,0.0,0.0,0.0,1.0,0.0,0.0
4,2400,0,task2,ChevronSlow,0.19482421875,0.97119140625,0.21435546875,0.96875,0.125,0.89013671875,1.0,0.7688781579100417,0.18833245148414476
4,2400,0,task2,IDLGated,0.1904296875,0.96142578125,0.14453125,0.92578125,0.8876953125,0.25732421875,1.0,1.8741424197262133,0.19459857747215462
4,2410,0,task2,MLP,0.18603515625,0.94677734375,0.0,0.0,0.0,0.0,1.0,0.0,0.0
4,2410,0,task2,ChevronSlow,0.20068359375,0.95947265625,0.22021484375,0.9638671875,0.12939453125,0.88720703125,1.0,0.7713717325883789,0.18662036847515467
4,2410,0,task2,IDLGated,0.193359375,0.95166015625,0.154296875,0.935546875,0.88427734375,0.26025390625,1.0,1.8971585204813197,0.1940290446220661
4,2420,0,end_task2,MLP,0.1669921875,0.939453125,0.0,0.0,0.0,0.0,1.0,0.0,0.0
4,2420,0,end_task2,ChevronSlow,0.171875,0.9541015625,0.1923828125,0.95263671875,0.11669921875,0.90087890625,1.0,0.771821195273238,0.1858610193074754
4,2420,0,end_task2,IDLGated,0.1708984375,0.9482421875,0.14697265625,0.923828125,0.88037109375,0.2607421875,1.0,1.912078759083,0.19027914270572943
4,2430,10,task1_return,MLP,0.39501953125,0.810546875,0.0,0.0,0.0,0.0,1.0,0.0,0.0
4,2430,10,task1_return,ChevronSlow,0.39013671875,0.81884765625,0.43359375,0.77294921875,0.2041015625,0.830078125,1.0,0.7695656296225687,0.21582103133121724
4,2430,10,task1_return,IDLGated,0.48779296875,0.72412109375,0.4111328125,0.7958984375,0.89404296875,0.23681640625,1.0,1.9185780313386425,0.21293709735703978
4,2440,20,task1_return,MLP,0.896484375,0.27197265625,0.0,0.0,0.0,0.0,1.0,0.0,0.0
4,2440,20,task1_return,ChevronSlow,0.73486328125,0.46826171875,0.91650390625,0.279296875,0.35400390625,0.7392578125,1.0,0.7643565679796088,0.2432375779346507
4,2440,20,task1_return,IDLGated,0.88525390625,0.2861328125,0.77197265625,0.4091796875,0.92333984375,0.2099609375,1.0,1.9024343263116226,0.24177235979293413
4,2450,30,task1_return,MLP,0.97412109375,0.2216796875,0.0,0.0,0.0,0.0,1.0,0.0,0.0
4,2450,30,task1_return,ChevronSlow,0.96533203125,0.20703125,0.9326171875,0.17138671875,0.736328125,0.4677734375,1.0,0.762303083255892,0.2562545842070388
4,2450,30,task1_return,IDLGated,0.98388671875,0.19140625,0.91845703125,0.2236328125,0.955078125,0.19140625,1.0,1.8573169817473152,0.2542185189919892
4,2460,40,task1_return,MLP,0.96630859375,0.1875,0.0,0.0,0.0,0.0,1.0,0.0,0.0
4,2460,40,task1_return,ChevronSlow,0.9619140625,0.17822265625,0.916015625,0.15234375,0.88232421875,0.32080078125,1.0,0.7706270496372363,0.2563931889229704
4,2460,40,task1_return,IDLGated,0.9814453125,0.18798828125,0.9375,0.2021484375,0.96826171875,0.19287109375,1.0,1.7913855378001615,0.25540788694342664
4,2470,50,task1_return,MLP,0.98779296875,0.18994140625,0.0,0.0,0.0,0.0,1.0,0.0,0.0
4,2470,50,task1_return,ChevronSlow,0.97607421875,0.1845703125,0.9345703125,0.15869140625,0.94140625,0.25732421875,1.0,0.7877283965518767,0.24981795514719055
4,2470,50,task1_return,IDLGated,0.986328125,0.197265625,0.958984375,0.205078125,0.974609375,0.19970703125,1.0,1.71288405779778,0.25268323863181325
4,2480,60,task1_return,MLP,0.9853515625,0.201171875,0.0,0.0,0.0,0.0,1.0,0.0,0.0
4,2480,60,task1_return,ChevronSlow,0.9794921875,0.19775390625,0.962890625,0.177734375,0.9462890625,0.248046875,1.0,0.8082620433248316,0.2431511964815925
4,2480,60,task1_return,IDLGated,0.9853515625,0.19921875,0.9697265625,0.20263671875,0.97607421875,0.20166015625,1.0,1.627199649950638,0.24750585040389397
4,2490,70,task1_return,MLP,0.986328125,0.20458984375,0.0,0.0,0.0,0.0,1.0,0.0,0.0
4,2490,70,task1_return,ChevronSlow,0.978515625,0.2060546875,0.97119140625,0.18505859375,0.94921875,0.24658203125,1.0,0.8297994376758806,0.2366694201004443
4,2490,70,task1_return,IDLGated,0.9853515625,0.2001953125,0.9755859375,0.2001953125,0.9775390625,0.203125,1.0,1.537766321874908,0.24247692082556713
4,2500,80,task1_return,MLP,0.98828125,0.2001953125,0.0,0.0,0.0,0.0,1.0,0.0,0.0
4,2500,80,task1_return,ChevronSlow,0.982421875,0.20068359375,0.97265625,0.18408203125,0.953125,0.24169921875,1.0,0.8492263382964204,0.23000672490541937
4,2500,80,task1_return,IDLGated,0.98583984375,0.19970703125,0.97314453125,0.2021484375,0.98095703125,0.2021484375,1.0,1.4483429897517162,0.23687694410120644
4,2510,90,task1_return,MLP,0.98779296875,0.19482421875,0.0,0.0,0.0,0.0,1.0,0.0,0.0
4,2510,90,task1_return,ChevronSlow,0.9814453125,0.19482421875,0.96630859375,0.17333984375,0.95849609375,0.234375,1.0,0.8659350550343429,0.22187328481127863
4,2510,90,task1_return,IDLGated,0.98486328125,0.19677734375,0.9794921875,0.1943359375,0.98193359375,0.20068359375,1.0,1.3637515763167833,0.23032470174239672
4,2520,100,task1_return,MLP,0.98779296875,0.19677734375,0.0,0.0,0.0,0.0,1.0,0.0,0.0
4,2520,100,task1_return,ChevronSlow,0.982421875,0.19384765625,0.9697265625,0.17529296875,0.9638671875,0.23095703125,1.0,0.8791993378867994,0.21574995688606333
4,2520,100,task1_return,IDLGated,0.9853515625,0.19677734375,0.982421875,0.193359375,0.982421875,0.201171875,1.0,1.284100779350154,0.22439630822873433
4,2530,110,task1_return,MLP,0.98779296875,0.201171875,0.0,0.0,0.0,0.0,1.0,0.0,0.0
4,2530,110,task1_return,ChevronSlow,0.982421875,0.19677734375,0.97607421875,0.1865234375,0.96435546875,0.22998046875,1.0,0.8892864215866452,0.21034005523310068
4,2530,110,task1_return,IDLGated,0.98779296875,0.19873046875,0.9775390625,0.19775390625,0.9833984375,0.20263671875,1.0,1.2091020389366354,0.2193610470648457
4,2540,120,task1_return,MLP,0.98876953125,0.19482421875,0.0,0.0,0.0,0.0,1.0,0.0,0.0
4,2540,120,task1_return,ChevronSlow,0.98291015625,0.19482421875,0.970703125,0.18017578125,0.96728515625,0.22509765625,1.0,0.8949593365656637,0.20347718606443774
4,2540,120,task1_return,IDLGated,0.98486328125,0.19677734375,0.98046875,0.1943359375,0.984375,0.20166015625,1.0,1.1384836486903838,0.21271491644820914
4,2550,130,task1_return,MLP,0.98974609375,0.19580078125,0.0,0.0,0.0,0.0,1.0,0.0,0.0
4,2550,130,task1_return,ChevronSlow,0.98486328125,0.1953125,0.97607421875,0.18505859375,0.96826171875,0.224609375,1.0,0.8957828609876275,0.1980032921116704
4,2550,130,task1_return,IDLGated,0.9873046875,0.1982421875,0.97705078125,0.19921875,0.98583984375,0.20166015625,0.9999998807907104,1.071989771413573,0.20700533837654603
4,2560,140,task1_return,MLP,0.9853515625,0.19873046875,0.0,0.0,0.0,0.0,1.0,0.0,0.0
4,2560,140,task1_return,ChevronSlow,0.98291015625,0.19873046875,0.97509765625,0.1845703125,0.970703125,0.22216796875,1.0,0.8933504784588441,0.19213335260484726
4,2560,140,task1_return,IDLGated,0.9853515625,0.1982421875,0.98095703125,0.1962890625,0.9833984375,0.2021484375,0.9999994039535522,1.0093795122461573,0.20214922378067696
4,2570,150,task1_return,MLP,0.98681640625,0.197265625,0.0,0.0,0.0,0.0,1.0,0.0,0.0
4,2570,150,task1_return,ChevronSlow,0.98388671875,0.1962890625,0.97607421875,0.18212890625,0.9736328125,0.220703125,1.0,0.8873188672680685,0.1869950388868253
4,2570,150,task1_return,IDLGated,0.98486328125,0.197265625,0.984375,0.19384765625,0.98046875,0.2001953125,0.9999977350234985,0.9504260459489215,0.1979963893645389
4,2580,160,task1_return,MLP,0.990234375,0.1943359375,0.0,0.0,0.0,0.0,1.0,0.0,0.0
4,2580,160,task1_return,ChevronSlow,0.9873046875,0.19384765625,0.97705078125,0.18359375,0.9716796875,0.21875,1.0,0.8780524336864101,0.18282660927342162
4,2580,160,task1_return,IDLGated,0.98974609375,0.1962890625,0.97705078125,0.1943359375,0.9853515625,0.19921875,0.9999922513961792,0.8949157951581361,0.1940937543666942
4,2590,170,task1_return,MLP,0.9873046875,0.1962890625,0.0,0.0,0.0,0.0,1.0,0.0,0.0
4,2590,170,task1_return,ChevronSlow,0.98583984375,0.1953125,0.97607421875,0.18212890625,0.9765625,0.21728515625,1.0,0.8657292580293022,0.17723229156100656
4,2590,170,task1_return,IDLGated,0.9853515625,0.19677734375,0.98193359375,0.1953125,0.9833984375,0.19921875,0.9999755620956421,0.8426476566347805,0.19085950668245533
4,2600,180,task1_return,MLP,0.9873046875,0.1943359375,0.0,0.0,0.0,0.0,1.0,0.0,0.0
4,2600,180,task1_return,ChevronSlow,0.984375,0.19189453125,0.970703125,0.17724609375,0.97607421875,0.21533203125,1.0,0.8506384088510783,0.17289491358872836
4,2600,180,task1_return,IDLGated,0.9873046875,0.19580078125,0.984375,0.19140625,0.98046875,0.19775390625,0.9999277591705322,0.7934322727051841,0.18736221418309
4,2610,190,task1_return,MLP,0.98291015625,0.19775390625,0.0,0.0,0.0,0.0,1.0,0.0,0.0
4,2610,190,task1_return,ChevronSlow,0.982421875,0.1953125,0.98046875,0.1884765625,0.9716796875,0.2158203125,1.0,0.8339498609179169,0.17000707069017149
4,2610,190,task1_return,IDLGated,0.9873046875,0.197265625,0.97216796875,0.19775390625,0.98583984375,0.20068359375,0.9997997879981995,0.7470913452536497,0.18378176445919597
4,2620,200,task1_return,MLP,0.982421875,0.2060546875,0.0,0.0,0.0,0.0,1.0,0.0,0.0
4,2620,200,task1_return,ChevronSlow,0.982421875,0.20458984375,0.9853515625,0.19775390625,0.9716796875,0.21875,1.0,0.8144228564432814,0.1659085492669559
4,2620,200,task1_return,IDLGated,0.98095703125,0.20458984375,0.9716796875,0.20849609375,0.98583984375,0.20361328125,0.9994773268699646,0.7034569897817836,0.18086848393147856
4,2630,210,task1_return,MLP,0.98388671875,0.2060546875,0.0,0.0,0.0,0.0,1.0,0.0,0.0
4,2630,210,task1_return,ChevronSlow,0.98291015625,0.205078125,0.984375,0.20068359375,0.97314453125,0.21826171875,1.0,0.7914970052338618,0.16200290757167732
4,2630,210,task1_return,IDLGated,0.98193359375,0.2060546875,0.9716796875,0.208984375,0.98583984375,0.20458984375,0.9987103939056396,0.6623711271944104,0.17798891487262858
4,2640,220,task1_return,MLP,0.98583984375,0.19970703125,0.0,0.0,0.0,0.0,1.0,0.0,0.0
4,2640,220,task1_return,ChevronSlow,0.984375,0.201171875,0.9853515625,0.19287109375,0.9736328125,0.21533203125,1.0,0.7663461799759108,0.15775088372772422
4,2640,220,task1_return,IDLGated,0.984375,0.201171875,0.9736328125,0.19970703125,0.984375,0.20361328125,0.9969847798347473,0.6236849111086264,0.17463695176157276
4,2650,230,task1_return,MLP,0.98681640625,0.18896484375,0.0,0.0,0.0,0.0,1.0,0.0,0.0
4,2650,230,task1_return,ChevronSlow,0.984375,0.18798828125,0.96875,0.17822265625,0.97705078125,0.21044921875,1.0,0.739050644001155,0.15252398432520872
4,2650,230,task1_return,IDLGated,0.98779296875,0.189453125,0.97265625,0.18505859375,0.9853515625,0.19970703125,0.9933050274848938,0.5872581886112412,0.17053850413894917
4,2660,240,task1_return,MLP,0.9892578125,0.1943359375,0.0,0.0,0.0,0.0,1.0,0.0,0.0
4,2660,240,task1_return,ChevronSlow,0.98388671875,0.18994140625,0.97119140625,0.17626953125,0.978515625,0.2099609375,1.0,0.7108195267328777,0.1482321569904268
4,2660,240,task1_return,IDLGated,0.98828125,0.19287109375,0.9775390625,0.18701171875,0.982421875,0.2001953125,0.9858682751655579,0.552958992511028,0.16687710358181015
4,2670,250,task1_return,MLP,0.9853515625,0.19970703125,0.0,0.0,0.0,0.0,1.0,0.0,0.0
4,2670,250,task1_return,ChevronSlow,0.9853515625,0.19921875,0.974609375,0.1884765625,0.9775390625,0.2119140625,1.0,0.6818410861632463,0.14497738212491504
4,2670,250,task1_return,IDLGated,0.9853515625,0.19873046875,0.9853515625,0.19482421875,0.98095703125,0.20263671875,0.971656084060669,0.520663063246315,0.1637781538224114
4,2680,260,end_return,MLP,0.9873046875,0.2021484375,0.0,0.0,0.0,0.0,1.0,0.0,0.0
4,2680,260,end_return,ChevronSlow,0.98486328125,0.201171875,0.98779296875,0.1962890625,0.97607421875,0.21240234375,1.0,0.6521482133121489,0.14249071678404135
4,2680,260,end_return,IDLGated,0.986328125,0.20068359375,0.98193359375,0.201171875,0.98388671875,0.2041015625,0.9461182355880737,0.4902533987158727,0.16107210923911333
5,0,0,task1_initial,MLP,0.3349609375,0.51708984375,0.0,0.0,0.0,0.0,1.0,0.0,0.0
5,0,0,task1_initial,ChevronSlow,0.65673828125,0.21142578125,0.65673828125,0.21142578125,0.65673828125,0.21142578125,1.0,0.0,0.0
5,0,0,task1_initial,IDLGated,0.28955078125,0.5166015625,0.28955078125,0.5166015625,0.28955078125,0.5166015625,1.0,0.0,0.0
5,10,0,task1_initial,MLP,0.8623046875,0.1611328125,0.0,0.0,0.0,0.0,1.0,0.0,0.0
5,10,0,task1_initial,ChevronSlow,0.8486328125,0.15283203125,0.869140625,0.15869140625,0.802734375,0.15869140625,1.0,0.0005739217122316597,0.024051051618422636
5,10,0,task1_initial,IDLGated,0.89501953125,0.19677734375,0.904296875,0.22412109375,0.81298828125,0.13916015625,0.00036672604619525373,0.0004305239588854974,0.023391001115261153
5,20,0,task1_initial,MLP,0.8212890625,0.24072265625,0.0,0.0,0.0,0.0,1.0,0.0,0.0
5,20,0,task1_initial,ChevronSlow,0.86669921875,0.18115234375,0.87109375,0.193359375,0.83740234375,0.1474609375,1.0,0.004507116558846822,0.045384235142457645
5,20,0,task1_initial,IDLGated,0.8857421875,0.25390625,0.88427734375,0.259765625,0.8603515625,0.203125,0.00039177408325485885,0.0034348534764035454,0.04529640583558355
5,30,0,task1_initial,MLP,0.9189453125,0.232421875,0.0,0.0,0.0,0.0,1.0,0.0,0.0
5,30,0,task1_initial,ChevronSlow,0.9130859375,0.18603515625,0.91650390625,0.19189453125,0.87060546875,0.1572265625,1.0,0.015181068212291865,0.06549200761402199
5,30,0,task1_initial,IDLGated,0.91943359375,0.24853515625,0.91943359375,0.25,0.90576171875,0.22705078125,0.00047222539433278143,0.01192809322418655,0.0675674852444901
5,40,0,task1_initial,MLP,0.9453125,0.24560546875,0.0,0.0,0.0,0.0,1.0,0.0,0.0
5,40,0,task1_initial,ChevronSlow,0.93798828125,0.1962890625,0.93701171875,0.20263671875,0.90673828125,0.17138671875,1.0,0.0353239630736388,0.08300120779905869
5,40,0,task1_initial,IDLGated,0.9296875,0.2490234375,0.93017578125,0.2470703125,0.92578125,0.2392578125,0.0006934851408004761,0.029405124919963645,0.08930727897043372
5,50,0,task1_initial,MLP,0.94970703125,0.2353515625,0.0,0.0,0.0,0.0,1.0,0.0,0.0
5,50,0,task1_initial,ChevronSlow,0.93603515625,0.216796875,0.93408203125,0.22412109375,0.9228515625,0.18017578125,1.0,0.06569806839959474,0.09673433899770656
5,50,0,task1_initial,IDLGated,0.93212890625,0.23828125,0.9345703125,0.23779296875,0.92724609375,0.24169921875,0.0013001170009374619,0.05800000296110433,0.10706759032536552
5,60,0,task1_initial,MLP,0.94873046875,0.2265625,0.0,0.0,0.0,0.0,1.0,0.0,0.0
5,60,0,task1_initial,ChevronSlow,0.93408203125,0.22802734375,0.93310546875,0.2333984375,0.93017578125,0.18505859375,1.0,0.1072692428380195,0.1067024562830412
5,60,0,task1_initial,IDLGated,0.93310546875,0.23291015625,0.93505859375,0.23193359375,0.927734375,0.2412109375,0.003224353538826108,0.09937302781973403,0.1197264451647719
5,70,0,task1_initial,MLP,0.94873046875,0.2275390625,0.0,0.0,0.0,0.0,1.0,0.0,0.0
5,70,0,task1_initial,ChevronSlow,0.93603515625,0.22802734375,0.9365234375,0.23291015625,0.93310546875,0.18896484375,1.0,0.15810788740486714,0.11389478794446913
5,70,0,task1_initial,IDLGated,0.9365234375,0.22998046875,0.9365234375,0.22802734375,0.9287109375,0.2431640625,0.010085548274219036,0.1515220446705373,0.12843717608888575
5,80,0,task1_initial,MLP,0.94921875,0.216796875,0.0,0.0,0.0,0.0,1.0,0.0,0.0
5,80,0,task1_initial,ChevronSlow,0.9365234375,0.21435546875,0.9375,0.220703125,0.93359375,0.1875,1.0,0.21685908483323388,0.11811534595789316
5,80,0,task1_initial,IDLGated,0.935546875,0.2158203125,0.9365234375,0.2119140625,0.9296875,0.23828125,0.03796355798840523,0.21307155956883161,0.13365103728328062
5,90,0,task1_initial,MLP,0.951171875,0.21875,0.0,0.0,0.0,0.0,1.0,0.0,0.0
5,90,0,task1_initial,ChevronSlow,0.9404296875,0.21044921875,0.94140625,0.2158203125,0.93505859375,0.189453125,1.0,0.28010041323329615,0.12055719600328538
5,90,0,task1_initial,IDLGated,0.94140625,0.21533203125,0.94189453125,0.21142578125,0.93359375,0.23681640625,0.1475633978843689,0.2802799596504256,0.13619089684763558
5,100,0,task1_initial,MLP,0.94580078125,0.22265625,0.0,0.0,0.0,0.0,1.0,0.0,0.0
5,100,0,task1_initial,ChevronSlow,0.93212890625,0.2265625,0.9326171875,0.22802734375,0.92578125,0.20263671875,1.0,0.3458100618585799,0.12095514197109938
5,100,0,task1_initial,IDLGated,0.93310546875,0.228515625,0.9326171875,0.2255859375,0.92822265625,0.248046875,0.45076462626457214,0.35101901215193354,0.13644698745177644
5,110,0,task1_initial,MLP,0.9462890625,0.2119140625,0.0,0.0,0.0,0.0,1.0,0.0,0.0
5,110,0,task1_initial,ChevronSlow,0.93603515625,0.21728515625,0.935546875,0.21923828125,0.92822265625,0.2041015625,1.0,0.4125427428130111,0.12264922451318251
5,110,0,task1_initial,IDLGated,0.93603515625,0.21728515625,0.93701171875,0.2158203125,0.93017578125,0.244140625,0.8017302751541138,0.42350652790460463,0.1382885693171642
5,120,0,task1_initial,MLP,0.958984375,0.21533203125,0.0,0.0,0.0,0.0,1.0,0.0,0.0
5,120,0,task1_initial,ChevronSlow,0.9453125,0.20751953125,0.9453125,0.20703125,0.93798828125,0.19482421875,1.0,0.47853413293106123,0.12433388152971814
5,120,0,task1_initial,IDLGated,0.9443359375,0.20849609375,0.94580078125,0.20654296875,0.93408203125,0.2373046875,0.9515311121940613,0.4953249918337509,0.13979246967815734
5,130,0,task1_initial,MLP,0.958984375,0.20947265625,0.0,0.0,0.0,0.0,1.0,0.0,0.0
5,130,0,task1_initial,ChevronSlow,0.9443359375,0.20703125,0.94580078125,0.208984375,0.935546875,0.1982421875,1.0,0.5423903123591354,0.1253302431886784
5,130,0,task1_initial,IDLGated,0.94482421875,0.208984375,0.94580078125,0.20751953125,0.93505859375,0.2392578125,0.9891005158424377,0.5649125240827384,0.14034264721521453
5,140,0,task1_initial,MLP,0.9541015625,0.208984375,0.0,0.0,0.0,0.0,1.0,0.0,0.0
5,140,0,task1_initial,ChevronSlow,0.94091796875,0.20947265625,0.9423828125,0.21240234375,0.93017578125,0.205078125,1.0,0.6033430546497885,0.12443912712041785
5,140,0,task1_initial,IDLGated,0.94140625,0.2119140625,0.94384765625,0.20654296875,0.9326171875,0.2431640625,0.9974570870399475,0.631449132519091,0.13914694020841772
5,150,0,task1_initial,MLP,0.958984375,0.2177734375,0.0,0.0,0.0,0.0,1.0,0.0,0.0
5,150,0,task1_initial,ChevronSlow,0.94287109375,0.2138671875,0.943359375,0.216796875,0.93505859375,0.205078125,1.0,0.6607375088967304,0.12385415366225927
5,150,0,task1_initial,IDLGated,0.94287109375,0.21728515625,0.94287109375,0.21484375,0.93359375,0.24365234375,0.9993615746498108,0.6943601252958089,0.13818801387766802
5,160,0,task1_initial,MLP,0.962890625,0.205078125,0.0,0.0,0.0,0.0,1.0,0.0,0.0
5,160,0,task1_initial,ChevronSlow,0.9482421875,0.20654296875,0.9501953125,0.20947265625,0.939453125,0.197265625,1.0,0.7134592661438093,0.12288599731521423
5,160,0,task1_initial,IDLGated,0.94873046875,0.21044921875,0.95166015625,0.2060546875,0.9375,0.2373046875,0.9998220801353455,0.7524612342963657,0.1368714214647742
5,170,0,task1_initial,MLP,0.96435546875,0.20703125,0.0,0.0,0.0,0.0,1.0,0.0,0.0
5,170,0,task1_initial,ChevronSlow,0.9482421875,0.21044921875,0.95166015625,0.20849609375,0.94091796875,0.19873046875,1.0,0.7612035723676508,0.12181564940582806
5,170,0,task1_initial,IDLGated,0.94970703125,0.20947265625,0.951171875,0.20556640625,0.9384765625,0.236328125,0.9999443292617798,0.8053203648303844,0.13527918577810305
5,180,0,task1_initial,MLP,0.962890625,0.2216796875,0.0,0.0,0.0,0.0,1.0,0.0,0.0
5,180,0,task1_initial,ChevronSlow,0.94482421875,0.22021484375,0.94677734375,0.22314453125,0.9404296875,0.20751953125,1.0,0.8038490096558312,0.12227648740756167
5,180,0,task1_initial,IDLGated,0.94482421875,0.22216796875,0.94775390625,0.21923828125,0.93798828125,0.24169921875,0.9999804496765137,0.8528491766672978,0.13454132672767719
5,190,0,task1_initial,MLP,0.9619140625,0.2158203125,0.0,0.0,0.0,0.0,1.0,0.0,0.0
5,190,0,task1_initial,ChevronSlow,0.9462890625,0.22021484375,0.947265625,0.2216796875,0.9375,0.20849609375,1.0,0.8424059888662455,0.12128552621877411
5,190,0,task1_initial,IDLGated,0.94775390625,0.22216796875,0.94873046875,0.21630859375,0.9375,0.2431640625,0.9999924898147583,0.8959804489131111,0.13347276451751383
5,200,0,task1_initial,MLP,0.9658203125,0.20654296875,0.0,0.0,0.0,0.0,1.0,0.0,0.0
5,200,0,task1_initial,ChevronSlow,0.9560546875,0.2119140625,0.95556640625,0.21337890625,0.9404296875,0.2060546875,1.0,0.8764105225529035,0.11940000917794467
5,200,0,task1_initial,IDLGated,0.9560546875,0.21435546875,0.95751953125,0.21044921875,0.94140625,0.2392578125,0.9999967813491821,0.9342817325555393,0.130925290259517
5,210,0,task1_initial,MLP,0.9716796875,0.203125,0.0,0.0,0.0,0.0,1.0,0.0,0.0
5,210,0,task1_initial,ChevronSlow,0.95654296875,0.2099609375,0.95703125,0.21044921875,0.94091796875,0.20361328125,1.0,0.9058336605856909,0.11904685346793954
5,210,0,task1_initial,IDLGated,0.9580078125,0.2099609375,0.95947265625,0.205078125,0.9423828125,0.23828125,0.9999984502792358,0.9677084444603994,0.13017970823154282
5,220,0,task1_initial,MLP,0.958984375,0.18896484375,0.0,0.0,0.0,0.0,1.0,0.0,0.0
5,220,0,task1_initial,ChevronSlow,0.95068359375,0.19384765625,0.95361328125,0.18994140625,0.931640625,0.2001953125,1.0,0.9303226463531536,0.11897213742590687
5,220,0,task1_initial,IDLGated,0.95263671875,0.1884765625,0.951171875,0.1796875,0.94140625,0.22216796875,0.9999991655349731,0.9958421382790542,0.13118825735961998
5,230,0,task1_initial,MLP,0.97216796875,0.2099609375,0.0,0.0,0.0,0.0,1.0,0.0,0.0
5,230,0,task1_initial,ChevronSlow,0.9521484375,0.19677734375,0.9580078125,0.1953125,0.93115234375,0.20361328125,1.0,0.9508329728767112,0.11832394395178795
5,230,0,task1_initial,IDLGated,0.95654296875,0.20166015625,0.96044921875,0.1982421875,0.94140625,0.228515625,0.9999995231628418,1.0199984852462118,0.12953526794255513
5,240,0,task1_initial,MLP,0.966796875,0.212890625,0.0,0.0,0.0,0.0,1.0,0.0,0.0
5,240,0,task1_initial,ChevronSlow,0.9580078125,0.21240234375,0.9609375,0.2080078125,0.9423828125,0.20263671875,1.0,0.9676211076951301,0.11810651811388345
5,240,0,task1_initial,IDLGated,0.96044921875,0.21484375,0.96142578125,0.20947265625,0.9453125,0.236328125,0.9999996423721313,1.0402826298707433,0.12808896365778596
5,250,0,task1_initial,MLP,0.96826171875,0.2158203125,0.0,0.0,0.0,0.0,1.0,0.0,0.0
5,250,0,task1_initial,ChevronSlow,0.95263671875,0.22509765625,0.955078125,0.2275390625,0.94091796875,0.21240234375,1.0,0.9805866039598656,0.11792111390373959
5,250,0,task1_initial,IDLGated,0.95556640625,0.224609375,0.9560546875,0.22119140625,0.943359375,0.24267578125,0.9999997615814209,1.056235550487971,0.12718606128786342
5,260,0,task1_initial,MLP,0.97509765625,0.2041015625,0.0,0.0,0.0,0.0,1.0,0.0,0.0
5,260,0,task1_initial,ChevronSlow,0.9541015625,0.21484375,0.958984375,0.21484375,0.94287109375,0.20849609375,1.0,0.9906918624683201,0.11706113417091596
5,260,0,task1_initial,IDLGated,0.95751953125,0.2099609375,0.96484375,0.2060546875,0.94580078125,0.23046875,0.9999998807907104,1.0691990486938459,0.12719623816146358
5,270,0,task1_initial,MLP,0.9755859375,0.20068359375,0.0,0.0,0.0,0.0,1.0,0.0,0.0
5,270,0,task1_initial,ChevronSlow,0.96484375,0.19873046875,0.96923828125,0.1943359375,0.94287109375,0.2001953125,1.0,0.9980173010191113,0.11572791369627
5,270,0,task1_initial,IDLGated,0.96875,0.19970703125,0.97119140625,0.19287109375,0.94873046875,0.22607421875,0.9999998807907104,1.0791298629497494,0.12615029029751013
5,280,0,task1_initial,MLP,0.97314453125,0.2041015625,0.0,0.0,0.0,0.0,1.0,0.0,0.0
5,280,0,task1_initial,ChevronSlow,0.96630859375,0.19970703125,0.96923828125,0.19580078125,0.94677734375,0.201171875,1.0,1.0024791546630443,0.11522609461939183
5,280,0,task1_initial,IDLGated,0.96533203125,0.2021484375,0.97021484375,0.1962890625,0.94921875,0.22900390625,0.9999998807907104,1.0861253213060147,0.12476546161638297
5,290,0,task1_initial,MLP,0.9775390625,0.20751953125,0.0,0.0,0.0,0.0,1.0,0.0,0.0
5,290,0,task1_initial,ChevronSlow,0.9609375,0.212890625,0.9658203125,0.21337890625,0.9443359375,0.20849609375,1.0,1.004199487941224,0.11581553416674362
5,290,0,task1_initial,IDLGated,0.9638671875,0.21240234375,0.9677734375,0.208984375,0.94775390625,0.22900390625,0.9999998807907104,1.0900245806527655,0.12455110791695485
5,300,0,task1_initial,MLP,0.9775390625,0.203125,0.0,0.0,0.0,0.0,1.0,0.0,0.0
5,300,0,task1_initial,ChevronSlow,0.96337890625,0.21142578125,0.966796875,0.208984375,0.9453125,0.20751953125,1.0,1.0036531058321705,0.11597679443737485
5,300,0,task1_initial,IDLGated,0.96630859375,0.20947265625,0.97265625,0.2041015625,0.9501953125,0.2275390625,0.9999998807907104,1.091154735353009,0.12471172647744588
5,310,0,task1_initial,MLP,0.9716796875,0.20947265625,0.0,0.0,0.0,0.0,1.0,0.0,0.0
5,310,0,task1_initial,ChevronSlow,0.96435546875,0.2109375,0.96728515625,0.20703125,0.9501953125,0.208984375,1.0,1.0018882134604545,0.11635030961869695
5,310,0,task1_initial,IDLGated,0.96630859375,0.208984375,0.96875,0.205078125,0.95263671875,0.22998046875,0.9999998807907104,1.0906103671794094,0.12444077535798094
5,320,0,task1_initial,MLP,0.98046875,0.201171875,0.0,0.0,0.0,0.0,1.0,0.0,0.0
5,320,0,task1_initial,ChevronSlow,0.9677734375,0.20166015625,0.970703125,0.2001953125,0.95166015625,0.205078125,1.0,0.9989386214559656,0.11654334167658922
5,320,0,task1_initial,IDLGated,0.9716796875,0.2041015625,0.97607421875,0.197265625,0.95361328125,0.22607421875,0.9999998807907104,1.0885923552514354,0.12489518512847463
5,330,0,task1_initial,MLP,0.9794921875,0.19384765625,0.0,0.0,0.0,0.0,1.0,0.0,0.0
5,330,0,task1_initial,ChevronSlow,0.97119140625,0.19775390625,0.9765625,0.19580078125,0.9501953125,0.2060546875,1.0,0.9952218282124876,0.11718298420482541
5,330,0,task1_initial,IDLGated,0.97314453125,0.2001953125,0.9755859375,0.19091796875,0.9560546875,0.22119140625,0.9999998807907104,1.0857417881071423,0.12563854529114554
5,340,0,task1_initial,MLP,0.978515625,0.20654296875,0.0,0.0,0.0,0.0,1.0,0.0,0.0
5,340,0,task1_initial,ChevronSlow,0.97314453125,0.20458984375,0.974609375,0.201171875,0.951171875,0.20849609375,1.0,0.9907918505800087,0.11768602233181805
5,340,0,task1_initial,IDLGated,0.974609375,0.2060546875,0.9775390625,0.20068359375,0.9560546875,0.2265625,0.9999998807907104,1.0820378802143815,0.12532156282835744
5,350,0,task1_initial,MLP,0.97900390625,0.212890625,0.0,0.0,0.0,0.0,1.0,0.0,0.0
5,350,0,task1_initial,ChevronSlow,0.96923828125,0.21337890625,0.97119140625,0.2109375,0.9541015625,0.21435546875,1.0,0.9851145795627004,0.11745265624936542
5,350,0,task1_initial,IDLGated,0.97119140625,0.212890625,0.9736328125,0.208984375,0.95458984375,0.2314453125,0.9999998807907104,1.0768130349070235,0.124123091959509
5,360,0,task1_initial,MLP,0.982421875,0.2021484375,0.0,0.0,0.0,0.0,1.0,0.0,0.0
5,360,0,task1_initial,ChevronSlow,0.97509765625,0.20556640625,0.9775390625,0.2021484375,0.95654296875,0.2109375,1.0,0.9781673468090126,0.11639120760558327
5,360,0,task1_initial,IDLGated,0.97802734375,0.2060546875,0.97900390625,0.1953125,0.95751953125,0.22607421875,0.9999998807907104,1.0701526478665098,0.12392244716757617
5,370,0,task1_initial,MLP,0.98486328125,0.1982421875,0.0,0.0,0.0,0.0,1.0,0.0,0.0
5,370,0,task1_initial,ChevronSlow,0.97802734375,0.197265625,0.9814453125,0.19580078125,0.9580078125,0.20703125,1.0,0.9694227272846779,0.11596469733382148
5,370,0,task1_initial,IDLGated,0.97900390625,0.19677734375,0.98193359375,0.19189453125,0.962890625,0.2197265625,0.9999997615814209,1.0617221458771964,0.12344523760087628
5,380,0,task1_initial,MLP,0.9794921875,0.2119140625,0.0,0.0,0.0,0.0,1.0,0.0,0.0
5,380,0,task1_initial,ChevronSlow,0.97265625,0.20703125,0.97265625,0.2099609375,0.95654296875,0.21240234375,1.0,0.9590194789820509,0.11698298981549217
5,380,0,task1_initial,IDLGated,0.97314453125,0.20947265625,0.978515625,0.20751953125,0.95947265625,0.22802734375,0.9999997615814209,1.0514146025444033,0.12317984559951636
5,390,0,task1_initial,MLP,0.98291015625,0.2060546875,0.0,0.0,0.0,0.0,1.0,0.0,0.0
5,390,0,task1_initial,ChevronSlow,0.97509765625,0.2099609375,0.9794921875,0.20703125,0.95849609375,0.21435546875,1.0,0.9477494522876748,0.1173148493066955
5,390,0,task1_initial,IDLGated,0.978515625,0.2080078125,0.9814453125,0.2021484375,0.96044921875,0.22509765625,0.9999996423721313,1.0398700141628991,0.1238276965691022
5,400,0,task1_initial,MLP,0.97900390625,0.19384765625,0.0,0.0,0.0,0.0,1.0,0.0,0.0
5,400,0,task1_initial,ChevronSlow,0.97802734375,0.19775390625,0.9794921875,0.19384765625,0.96044921875,0.208984375,1.0,0.936043706507287,0.11709040047313936
5,400,0,task1_initial,IDLGated,0.97802734375,0.1953125,0.974609375,0.189453125,0.96240234375,0.2177734375,0.9999996423721313,1.027716272356379,0.12412244784928532
5,410,0,task1_initial,MLP,0.9814453125,0.19677734375,0.0,0.0,0.0,0.0,1.0,0.0,0.0
5,410,0,task1_initial,ChevronSlow,0.9765625,0.1943359375,0.9794921875,0.19140625,0.962890625,0.20703125,1.0,0.9239826661031589,0.11688217010633412
5,410,0,task1_initial,IDLGated,0.98046875,0.19677734375,0.9794921875,0.19189453125,0.96337890625,0.21728515625,0.9999994039535522,1.0151423136911863,0.12332595924359796
5,420,0,task1_initial,MLP,0.9833984375,0.201171875,0.0,0.0,0.0,0.0,1.0,0.0,0.0
5,420,0,task1_initial,ChevronSlow,0.978515625,0.2001953125,0.9833984375,0.1982421875,0.962890625,0.20751953125,1.0,0.9122022445002919,0.11625856094190241
5,420,0,task1_initial,IDLGated,0.97998046875,0.20068359375,0.9853515625,0.19580078125,0.96484375,0.21728515625,0.9999992847442627,1.0026132520856497,0.12221459864088625
5,430,0,task1_initial,MLP,0.97998046875,0.2119140625,0.0,0.0,0.0,0.0,1.0,0.0,0.0
5,430,0,task1_initial,ChevronSlow,0.97705078125,0.208984375,0.9794921875,0.21337890625,0.9638671875,0.2119140625,1.0,0.9001536500153576,0.11602096195141293
5,430,0,task1_initial,IDLGated,0.97998046875,0.2099609375,0.9814453125,0.21044921875,0.9658203125,0.220703125,0.9999990463256836,0.9895320748900843,0.12108821658531231
5,440,0,task1_initial,MLP,0.98046875,0.21044921875,0.0,0.0,0.0,0.0,1.0,0.0,0.0
5,440,0,task1_initial,ChevronSlow,0.974609375,0.208984375,0.97314453125,0.21240234375,0.96484375,0.21337890625,1.0,0.8877142011459629,0.11519278537177836
5,440,0,task1_initial,IDLGated,0.9765625,0.208984375,0.97802734375,0.20751953125,0.9677734375,0.21875,0.9999986886978149,0.9757595808855062,0.12015167831140285
5,450,0,task1_initial,MLP,0.9814453125,0.19873046875,0.0,0.0,0.0,0.0,1.0,0.0,0.0
5,450,0,task1_initial,ChevronSlow,0.9794921875,0.20556640625,0.982421875,0.203125,0.96826171875,0.20849609375,1.0,0.8747093823230077,0.11491523039019946
5,450,0,task1_initial,IDLGated,0.9814453125,0.20166015625,0.98095703125,0.19677734375,0.96826171875,0.21533203125,0.9999982118606567,0.9611386396684445,0.12042494535509866
5,460,0,task1_initial,MLP,0.97998046875,0.19775390625,0.0,0.0,0.0,0.0,1.0,0.0,0.0
5,460,0,task1_initial,ChevronSlow,0.9775390625,0.1982421875,0.9755859375,0.19580078125,0.9677734375,0.2080078125,1.0,0.860652329313577,0.11451658749391726
5,460,0,task1_initial,IDLGated,0.97802734375,0.19677734375,0.974609375,0.19384765625,0.97265625,0.2138671875,0.9999974966049194,0.9455066816743402,0.12017312757669019
5,470,0,task1_initial,MLP,0.98486328125,0.205078125,0.0,0.0,0.0,0.0,1.0,0.0,0.0
5,470,0,task1_initial,ChevronSlow,0.98193359375,0.19970703125,0.982421875,0.201171875,0.970703125,0.20849609375,1.0,0.8455573805844238,0.1139818260605296
5,470,0,task1_initial,IDLGated,0.982421875,0.20068359375,0.98486328125,0.19921875,0.9716796875,0.21484375,0.9999963045120239,0.9287683835290736,0.11913630307094572
5,480,0,task1_initial,MLP,0.98291015625,0.2119140625,0.0,0.0,0.0,0.0,1.0,0.0,0.0
5,480,0,task1_initial,ChevronSlow,0.98046875,0.2119140625,0.98046875,0.21484375,0.966796875,0.2138671875,1.0,0.8299129958543551,0.11386574513008878
5,480,0,task1_initial,IDLGated,0.98095703125,0.2119140625,0.9833984375,0.21240234375,0.9697265625,0.220703125,0.9999946355819702,0.9113199930333885,0.11830235249895256
5,490,0,task1_initial,MLP,0.9833984375,0.20361328125,0.0,0.0,0.0,0.0,1.0,0.0,0.0
5,490,0,task1_initial,ChevronSlow,0.98095703125,0.20751953125,0.98388671875,0.20751953125,0.96875,0.21142578125,1.0,0.8139499256149444,0.11260062239951595
5,490,0,task1_initial,IDLGated,0.984375,0.20703125,0.984375,0.20166015625,0.97412109375,0.216796875,0.9999920129776001,0.8933152747154797,0.11739847629565957
5,500,0,task1_initial,MLP,0.98193359375,0.19580078125,0.0,0.0,0.0,0.0,1.0,0.0,0.0
5,500,0,task1_initial,ChevronSlow,0.9814453125,0.1953125,0.98193359375,0.1962890625,0.97265625,0.20703125,1.0,0.7976249227695361,0.11112395292932785
5,500,0,task1_initial,IDLGated,0.98193359375,0.19482421875,0.98095703125,0.1923828125,0.9775390625,0.2119140625,0.9999879598617554,0.8748877044940642,0.11612513576202844
5,510,0,task1_initial,MLP,0.986328125,0.2060546875,0.0,0.0,0.0,0.0,1.0,0.0,0.0
5,510,0,task1_initial,ChevronSlow,0.98388671875,0.2060546875,0.98486328125,0.2080078125,0.97216796875,0.208984375,1.0,0.7811382191350816,0.11003345770472281
5,510,0,task1_initial,IDLGated,0.9873046875,0.2060546875,0.98828125,0.2060546875,0.97802734375,0.21484375,0.9999818801879883,0.856279571572559,0.11441794919438017
5,520,0,task1_initial,MLP,0.982421875,0.21044921875,0.0,0.0,0.0,0.0,1.0,0.0,0.0
5,520,0,task1_initial,ChevronSlow,0.97998046875,0.20947265625,0.9775390625,0.2119140625,0.97412109375,0.21044921875,1.0,0.763543683101064,0.10909932869700828
5,520,0,task1_initial,IDLGated,0.9814453125,0.2099609375,0.97900390625,0.20751953125,0.9765625,0.212890625,0.9999719858169556,0.8364287954925901,0.11324807468352048
5,530,0,task1_initial,MLP,0.9775390625,0.19287109375,0.0,0.0,0.0,0.0,1.0,0.0,0.0
5,530,0,task1_initial,ChevronSlow,0.98193359375,0.19775390625,0.9814453125,0.19873046875,0.97509765625,0.2060546875,1.0,0.7454641312335387,0.1082203672442393
5,530,0,task1_initial,IDLGated,0.98193359375,0.19580078125,0.97900390625,0.19189453125,0.98046875,0.2099609375,0.9999558925628662,0.8159171200179166,0.1129536507215434
5,540,0,task1_initial,MLP,0.9814453125,0.1923828125,0.0,0.0,0.0,0.0,1.0,0.0,0.0
5,540,0,task1_initial,ChevronSlow,0.9814453125,0.19287109375,0.9765625,0.19384765625,0.9775390625,0.20361328125,1.0,0.7272680713515273,0.10639245119317949
5,540,0,task1_initial,IDLGated,0.98095703125,0.1923828125,0.97802734375,0.189453125,0.9794921875,0.2060546875,0.999930739402771,0.7953680369596463,0.11117475714681782
5,550,0,task1_initial,MLP,0.986328125,0.21044921875,0.0,0.0,0.0,0.0,1.0,0.0,0.0
5,550,0,task1_initial,ChevronSlow,0.98486328125,0.20849609375,0.98583984375,0.2099609375,0.9775390625,0.2099609375,1.0,0.708241726926122,0.10538002287061775
5,550,0,task1_initial,IDLGated,0.98681640625,0.20751953125,0.98779296875,0.20849609375,0.98095703125,0.21142578125,0.9998893737792969,0.7740468715956912,0.10943277408725251
5,560,0,task1_initial,MLP,0.986328125,0.2109375,0.0,0.0,0.0,0.0,1.0,0.0,0.0
5,560,0,task1_initial,ChevronSlow,0.9814453125,0.2109375,0.98193359375,0.21240234375,0.97802734375,0.20751953125,1.0,0.6885399855608274,0.10406801192865661
5,560,0,task1_initial,IDLGated,0.984375,0.2109375,0.9833984375,0.2099609375,0.98095703125,0.2109375,0.9998202919960022,0.7519853059253037,0.10794643354900404
5,570,0,task1_initial,MLP,0.97998046875,0.21044921875,0.0,0.0,0.0,0.0,1.0,0.0,0.0
5,570,0,task1_initial,ChevronSlow,0.978515625,0.2119140625,0.97802734375,0.2109375,0.978515625,0.20556640625,1.0,0.6685348521362032,0.102797135562284
5,570,0,task1_initial,IDLGated,0.978515625,0.20849609375,0.97998046875,0.20849609375,0.97998046875,0.2109375,0.9997057318687439,0.7295785851292963,0.10647524858905881
5,580,0,task1_initial,MLP,0.9833984375,0.21240234375,0.0,0.0,0.0,0.0,1.0,0.0,0.0
5,580,0,task1_initial,ChevronSlow,0.982421875,0.21337890625,0.98095703125,0.21533203125,0.97998046875,0.2080078125,1.0,0.6482602140416996,0.10205367940095018
5,580,0,task1_initial,IDLGated,0.98193359375,0.212890625,0.982421875,0.21240234375,0.98193359375,0.21337890625,0.9995146989822388,0.7068250464616707,0.1056657582414287
5,590,0,task1_initial,MLP,0.98388671875,0.212890625,0.0,0.0,0.0,0.0,1.0,0.0,0.0
5,590,0,task1_initial,ChevronSlow,0.9814453125,0.21435546875,0.98095703125,0.2158203125,0.98046875,0.2109375,1.0,0.6279779075378172,0.10117593461557935
5,590,0,task1_initial,IDLGated,0.98291015625,0.21337890625,0.982421875,0.21337890625,0.9794921875,0.21435546875,0.9991989731788635,0.6840387594362273,0.10484513466068178
5,600,0,task1_initial,MLP,0.9892578125,0.2041015625,0.0,0.0,0.0,0.0,1.0,0.0,0.0
5,600,0,task1_initial,ChevronSlow,0.984375,0.2109375,0.98486328125,0.2099609375,0.9794921875,0.20947265625,1.0,0.6078927435826436,0.1003440134436014
5,600,0,task1_initial,IDLGated,0.98876953125,0.20703125,0.9892578125,0.20556640625,0.98193359375,0.21142578125,0.9986856579780579,0.661504920528697,0.10438113643269614
5,610,0,task1_initial,MLP,0.9853515625,0.19873046875,0.0,0.0,0.0,0.0,1.0,0.0,0.0
5,610,0,task1_initial,ChevronSlow,0.984375,0.19970703125,0.98291015625,0.19921875,0.98095703125,0.20849609375,1.0,0.5879440834083192,0.09950459195803475
5,610,0,task1_initial,IDLGated,0.9853515625,0.19921875,0.984375,0.19677734375,0.98291015625,0.20947265625,0.9978596568107605,0.6393018461642849,0.10377281946200659
5,620,0,task1_initial,MLP,0.9814453125,0.21533203125,0.0,0.0,0.0,0.0,1.0,0.0,0.0
5,620,0,task1_initial,ChevronSlow,0.98291015625,0.21142578125,0.98193359375,0.2119140625,0.9814453125,0.208984375,1.0,0.5678142361218094,0.09853612400048918
5,620,0,task1_initial,IDLGated,0.98486328125,0.21240234375,0.98291015625,0.21240234375,0.982421875,0.2138671875,0.996514618396759,0.6170762936219029,0.10231493031043441
5,630,0,task1_initial,MLP,0.9873046875,0.19970703125,0.0,0.0,0.0,0.0,1.0,0.0,0.0
5,630,0,task1_initial,ChevronSlow,0.98388671875,0.2060546875,0.9833984375,0.20458984375,0.9814453125,0.20751953125,1.0,0.5476369856238553,0.09741251668433229
5,630,0,task1_initial,IDLGated,0.98876953125,0.205078125,0.986328125,0.201171875,0.98486328125,0.20751953125,0.9943299293518066,0.5948578292116986,0.10150666461375397
5,640,0,task1_initial,MLP,0.98486328125,0.20068359375,0.0,0.0,0.0,0.0,1.0,0.0,0.0
5,640,0,task1_initial,ChevronSlow,0.982421875,0.20263671875,0.98095703125,0.2021484375,0.98095703125,0.2041015625,1.0,0.5275042896282384,0.09593457435364734
5,640,0,task1_initial,IDLGated,0.984375,0.20263671875,0.98486328125,0.19921875,0.98388671875,0.20751953125,0.9907965660095215,0.5726785837948958,0.10009874258133925
5,650,0,task1_initial,MLP,0.9873046875,0.2080078125,0.0,0.0,0.0,0.0,1.0,0.0,0.0
5,650,0,task1_initial,ChevronSlow,0.984375,0.20849609375,0.9853515625,0.2080078125,0.9814453125,0.20751953125,1.0,0.5073426643162493,0.09520864850664293
5,650,0,task1_initial,IDLGated,0.9873046875,0.2080078125,0.98681640625,0.2080078125,0.98486328125,0.20751953125,0.9851061105728149,0.550536242959187,0.09923726151270476
5,660,0,task1_initial,MLP,0.98681640625,0.208984375,0.0,0.0,0.0,0.0,1.0,0.0,0.0
5,660,0,task1_initial,ChevronSlow,0.9833984375,0.21142578125,0.9853515625,0.21044921875,0.98046875,0.21142578125,1.0,0.4874904188562539,0.09531907781347057
5,660,0,task1_initial,IDLGated,0.98583984375,0.2099609375,0.98681640625,0.2099609375,0.98291015625,0.21142578125,0.9761428833007812,0.5287057969007782,0.09927646600361514
5,670,0,task1_initial,MLP,0.98583984375,0.20703125,0.0,0.0,0.0,0.0,1.0,0.0,0.0
5,670,0,task1_initial,ChevronSlow,0.9833984375,0.2099609375,0.98583984375,0.20849609375,0.98095703125,0.2109375,1.0,0.4687547972736098,0.09429213470748705
5,670,0,task1_initial,IDLGated,0.986328125,0.208984375,0.98583984375,0.20849609375,0.98388671875,0.20947265625,0.9628925323486328,0.5080056464643414,0.09850071701901505
5,680,0,task1_initial,MLP,0.986328125,0.20654296875,0.0,0.0,0.0,0.0,1.0,0.0,0.0
5,680,0,task1_initial,ChevronSlow,0.9833984375,0.208984375,0.98486328125,0.20751953125,0.9814453125,0.2080078125,1.0,0.45089875915978544,0.09247549170759624
5,680,0,task1_initial,IDLGated,0.986328125,0.20654296875,0.9873046875,0.20849609375,0.9853515625,0.205078125,0.9438211917877197,0.48824534476329184,0.09692527837307027
5,690,0,task1_initial,MLP,0.98583984375,0.20556640625,0.0,0.0,0.0,0.0,1.0,0.0,0.0
5,690,0,task1_initial,ChevronSlow,0.9833984375,0.2080078125,0.98291015625,0.20751953125,0.98193359375,0.20751953125,1.0,0.43312716115522587,0.09149079234115574
5,690,0,task1_initial,IDLGated,0.98681640625,0.20703125,0.98486328125,0.205078125,0.98486328125,0.205078125,0.9162838459014893,0.4687679512518539,0.09600857661406843
5,700,0,task1_initial,MLP,0.9853515625,0.2080078125,0.0,0.0,0.0,0.0,1.0,0.0,0.0
5,700,0,task1_initial,ChevronSlow,0.98388671875,0.2099609375,0.9833984375,0.2109375,0.98193359375,0.20751953125,1.0,0.41578303673589523,0.09105559690873473
5,700,0,task1_initial,IDLGated,0.9853515625,0.20947265625,0.9853515625,0.2099609375,0.98486328125,0.20751953125,0.8782451152801514,0.4498143412765644,0.0954783568985748
5,710,0,task1_initial,MLP,0.98486328125,0.20947265625,0.0,0.0,0.0,0.0,1.0,0.0,0.0
5,710,0,task1_initial,ChevronSlow,0.9833984375,0.2138671875,0.98193359375,0.21435546875,0.982421875,0.20849609375,1.0,0.39904666946638495,0.09055805631092065
5,710,0,task1_initial,IDLGated,0.9853515625,0.2119140625,0.9853515625,0.21240234375,0.9853515625,0.208984375,0.8281417489051819,0.4314779119227755,0.09492738120475602
5,720,0,task1_initial,MLP,0.986328125,0.2001953125,0.0,0.0,0.0,0.0,1.0,0.0,0.0
5,720,0,task1_initial,ChevronSlow,0.98486328125,0.20458984375,0.98388671875,0.2041015625,0.9833984375,0.205078125,1.0,0.3827516714216487,0.08910067816972554
5,720,0,task1_initial,IDLGated,0.9873046875,0.2021484375,0.98876953125,0.201171875,0.98583984375,0.2041015625,0.7650092840194702,0.41365189945013686,0.09376912990985058
5,730,0,task1_initial,MLP,0.9814453125,0.1953125,0.0,0.0,0.0,0.0,1.0,0.0,0.0
5,730,0,task1_initial,ChevronSlow,0.97900390625,0.1943359375,0.97607421875,0.193359375,0.98046875,0.19873046875,1.0,0.366017354699568,0.08804197936066734
5,730,0,task1_initial,IDLGated,0.98095703125,0.1943359375,0.978515625,0.19189453125,0.98388671875,0.2001953125,0.6863078474998474,0.3955870147742167,0.09287241054465536
5,740,0,task1_initial,MLP,0.98486328125,0.21240234375,0.0,0.0,0.0,0.0,1.0,0.0,0.0
5,740,0,task1_initial,ChevronSlow,0.98486328125,0.21044921875,0.98583984375,0.21044921875,0.984375,0.20654296875,1.0,0.3482618152408581,0.08634712389920154
5,740,0,task1_initial,IDLGated,0.9873046875,0.2099609375,0.986328125,0.2109375,0.986328125,0.2080078125,0.590520441532135,0.3766416936452553,0.09047431545974781
5,750,0,task1_initial,MLP,0.98291015625,0.21484375,0.0,0.0,0.0,0.0,1.0,0.0,0.0
5,750,0,task1_initial,ChevronSlow,0.9794921875,0.21728515625,0.9794921875,0.21923828125,0.98486328125,0.21142578125,1.0,0.32959377312537685,0.08491929338324358
5,750,0,task1_initial,IDLGated,0.982421875,0.21484375,0.97900390625,0.21630859375,0.98291015625,0.21240234375,0.4822736382484436,0.3567756677756046,0.08879350135588411
5,760,0,task1_initial,MLP,0.9873046875,0.20458984375,0.0,0.0,0.0,0.0,1.0,0.0,0.0
5,760,0,task1_initial,ChevronSlow,0.98486328125,0.2109375,0.9853515625,0.2109375,0.984375,0.20703125,1.0,0.3105037387703679,0.08364337553464517
5,760,0,task1_initial,IDLGated,0.9873046875,0.20947265625,0.98828125,0.2099609375,0.98681640625,0.20703125,0.37239882349967957,0.336275479296346,0.08812619549590597
5,770,0,task1_initial,MLP,0.98486328125,0.20654296875,0.0,0.0,0.0,0.0,1.0,0.0,0.0
5,770,0,task1_initial,ChevronSlow,0.98291015625,0.20654296875,0.9814453125,0.20556640625,0.9833984375,0.20654296875,1.0,0.2923685661453261,0.08213297020568146
5,770,0,task1_initial,IDLGated,0.9853515625,0.20556640625,0.9853515625,0.20458984375,0.986328125,0.2060546875,0.2780754864215851,0.3166350914196706,0.08669306722243741
5,780,0,task1_initial,MLP,0.98681640625,0.2119140625,0.0,0.0,0.0,0.0,1.0,0.0,0.0
5,780,0,task1_initial,ChevronSlow,0.98486328125,0.21240234375,0.98486328125,0.212890625,0.9853515625,0.208984375,1.0,0.2752925900614997,0.08156388523670234
5,780,0,task1_initial,IDLGated,0.98681640625,0.2109375,0.98828125,0.2109375,0.986328125,0.20849609375,0.20409730076789856,0.29814181315905586,0.08585223164332753
5,790,0,task1_initial,MLP,0.9873046875,0.20849609375,0.0,0.0,0.0,0.0,1.0,0.0,0.0
5,790,0,task1_initial,ChevronSlow,0.984375,0.2119140625,0.9853515625,0.21142578125,0.984375,0.20849609375,1.0,0.2592139474566441,0.08080027524107747
5,790,0,task1_initial,IDLGated,0.98779296875,0.2109375,0.98681640625,0.2109375,0.98583984375,0.20947265625,0.14880940318107605,0.28072864683199567,0.08505184436922232
5,800,0,task1_initial,MLP,0.98779296875,0.19921875,0.0,0.0,0.0,0.0,1.0,0.0,0.0
5,800,0,task1_initial,ChevronSlow,0.98388671875,0.2041015625,0.98291015625,0.2021484375,0.982421875,0.205078125,1.0,0.24407438842086296,0.07910809574881006
5,800,0,task1_initial,IDLGated,0.986328125,0.201171875,0.98681640625,0.19970703125,0.98681640625,0.2041015625,0.10864231735467911,0.2643325077991651,0.08345779862498585
5,810,0,task1_initial,MLP,0.9814453125,0.205078125,0.0,0.0,0.0,0.0,1.0,0.0,0.0
5,810,0,task1_initial,ChevronSlow,0.97998046875,0.20556640625,0.97998046875,0.2060546875,0.982421875,0.20654296875,1.0,0.2298190651680974,0.07807419089810574
5,810,0,task1_initial,IDLGated,0.982421875,0.20458984375,0.98291015625,0.20458984375,0.98388671875,0.2060546875,0.07985401898622513,0.24889399592059075,0.08220658582575097
5,820,0,task1_initial,MLP,0.98486328125,0.20166015625,0.0,0.0,0.0,0.0,1.0,0.0,0.0
5,820,0,task1_initial,ChevronSlow,0.982421875,0.205078125,0.98193359375,0.20458984375,0.98291015625,0.20556640625,1.0,0.21639633333287303,0.0772993672581425
5,820,0,task1_initial,IDLGated,0.98388671875,0.2041015625,0.9833984375,0.20361328125,0.98388671875,0.20458984375,0.05929291620850563,0.23435718036007183,0.08152942225108083
5,830,0,task1_initial,MLP,0.9853515625,0.20751953125,0.0,0.0,0.0,0.0,1.0,0.0,0.0
5,830,0,task1_initial,ChevronSlow,0.98583984375,0.208984375,0.98583984375,0.208984375,0.98486328125,0.20703125,1.0,0.20375756487243907,0.07717365612299183
5,830,0,task1_initial,IDLGated,0.9853515625,0.20751953125,0.986328125,0.2080078125,0.986328125,0.20751953125,0.04456264153122902,0.22066939695823928,0.08120658777213662
5,840,0,task1_initial,MLP,0.9853515625,0.2080078125,0.0,0.0,0.0,0.0,1.0,0.0,0.0
5,840,0,task1_initial,ChevronSlow,0.98486328125,0.2080078125,0.98486328125,0.20751953125,0.9833984375,0.2080078125,1.0,0.19185697189647943,0.07549579170268818
5,840,0,task1_initial,IDLGated,0.9873046875,0.20849609375,0.98779296875,0.20947265625,0.986328125,0.20703125,0.033933937549591064,0.2077810574401727,0.07965660366664248
5,850,0,task1_initial,MLP,0.98828125,0.2041015625,0.0,0.0,0.0,0.0,1.0,0.0,0.0
5,850,0,task1_initial,ChevronSlow,0.98681640625,0.2060546875,0.986328125,0.2060546875,0.98291015625,0.20703125,1.0,0.1806514407861645,0.0746654297971922
5,850,0,task1_initial,IDLGated,0.98876953125,0.2060546875,0.9892578125,0.205078125,0.98779296875,0.2060546875,0.026190992444753647,0.19564546976637015,0.07885064379711948
5,860,0,task1_initial,MLP,0.9853515625,0.20068359375,0.0,0.0,0.0,0.0,1.0,0.0,0.0
5,860,0,task1_initial,ChevronSlow,0.984375,0.203125,0.984375,0.2021484375,0.98583984375,0.2041015625,1.0,0.17010037600158717,0.07445300243691091
5,860,0,task1_initial,IDLGated,0.986328125,0.20068359375,0.9853515625,0.201171875,0.98828125,0.20361328125,0.020488521084189415,0.18421866897623704,0.07866141301648111
5,870,0,task1_initial,MLP,0.986328125,0.20751953125,0.0,0.0,0.0,0.0,1.0,0.0,0.0
5,870,0,task1_initial,ChevronSlow,0.98486328125,0.20849609375,0.984375,0.20849609375,0.98486328125,0.2080078125,1.0,0.16016555301172722,0.07409389126966881
5,870,0,task1_initial,IDLGated,0.9853515625,0.20703125,0.986328125,0.20751953125,0.9873046875,0.20556640625,0.016240134835243225,0.1734592579112701,0.0781753438744028
5,880,0,task1_initial,MLP,0.986328125,0.20458984375,0.0,0.0,0.0,0.0,1.0,0.0,0.0
5,880,0,task1_initial,ChevronSlow,0.984375,0.20849609375,0.98486328125,0.20849609375,0.98388671875,0.2060546875,1.0,0.15081097981413658,0.07272830342931415
5,880,0,task1_initial,IDLGated,0.98681640625,0.20703125,0.98681640625,0.2080078125,0.98681640625,0.205078125,0.013037806376814842,0.163328257240908,0.07700528944998751
5,890,0,task1_initial,MLP,0.98486328125,0.212890625,0.0,0.0,0.0,0.0,1.0,0.0,0.0
5,890,0,task1_initial,ChevronSlow,0.984375,0.21142578125,0.982421875,0.21337890625,0.9833984375,0.20947265625,1.0,0.14200276654265734,0.07198973719697828
5,890,0,task1_initial,IDLGated,0.98583984375,0.2119140625,0.984375,0.212890625,0.98583984375,0.20947265625,0.010595828294754028,0.15378896424771915,0.0760151571541393
5,900,0,task1_initial,MLP,0.9736328125,0.2109375,0.0,0.0,0.0,0.0,1.0,0.0,0.0
5,900,0,task1_initial,ChevronSlow,0.97412109375,0.2119140625,0.97021484375,0.21240234375,0.98095703125,0.20947265625,1.0,0.1337090026907859,0.07086386775491621
5,900,0,task1_initial,IDLGated,0.974609375,0.2099609375,0.97314453125,0.2119140625,0.98046875,0.20751953125,0.008712463080883026,0.14480681986033264,0.07492179676666427
5,910,0,task1_initial,MLP,0.9833984375,0.203125,0.0,0.0,0.0,0.0,1.0,0.0,0.0
5,910,0,task1_initial,ChevronSlow,0.97900390625,0.2060546875,0.978515625,0.20556640625,0.98095703125,0.20556640625,1.0,0.125899641505886,0.06924402958013619
5,910,0,task1_initial,IDLGated,0.982421875,0.2041015625,0.982421875,0.203125,0.982421875,0.20556640625,0.007243968080729246,0.1363492834523972,0.07342270706882666
5,920,0,task1_initial,MLP,0.98779296875,0.20166015625,0.0,0.0,0.0,0.0,1.0,0.0,0.0
5,920,0,task1_initial,ChevronSlow,0.98681640625,0.205078125,0.986328125,0.20458984375,0.9833984375,0.20751953125,1.0,0.11854639113543342,0.0685593828371448
5,920,0,task1_initial,IDLGated,0.98876953125,0.20361328125,0.98828125,0.2021484375,0.98779296875,0.205078125,0.006086879409849644,0.12838571495398796,0.07247649233957673
5,930,0,task1_initial,MLP,0.98779296875,0.20556640625,0.0,0.0,0.0,0.0,1.0,0.0,0.0
5,930,0,task1_initial,ChevronSlow,0.986328125,0.2041015625,0.98583984375,0.20361328125,0.98388671875,0.20751953125,1.0,0.11162261213093409,0.06782240171287239
5,930,0,task1_initial,IDLGated,0.98828125,0.20458984375,0.9873046875,0.203125,0.98779296875,0.20556640625,0.005165983457118273,0.12088726384837381,0.0715904653462558
5,940,0,task1_initial,MLP,0.98486328125,0.21044921875,0.0,0.0,0.0,0.0,1.0,0.0,0.0
5,940,0,task1_initial,ChevronSlow,0.98486328125,0.2080078125,0.9853515625,0.208984375,0.98291015625,0.2080078125,1.0,0.10510322093819344,0.06617418754313865
5,940,0,task1_initial,IDLGated,0.9853515625,0.20947265625,0.98681640625,0.20947265625,0.98486328125,0.20751953125,0.00442605372518301,0.11382676465200002,0.06991327772901575
5,950,0,task1_initial,MLP,0.97998046875,0.20751953125,0.0,0.0,0.0,0.0,1.0,0.0,0.0
5,950,0,task1_initial,ChevronSlow,0.97705078125,0.208984375,0.9775390625,0.208984375,0.97998046875,0.20849609375,1.0,0.09896459902429862,0.06468016073981973
5,950,0,task1_initial,IDLGated,0.97900390625,0.2080078125,0.97998046875,0.208984375,0.98193359375,0.20703125,0.003826122498139739,0.1071786384990307,0.0683804964796756
5,960,0,task1_initial,MLP,0.9814453125,0.2060546875,0.0,0.0,0.0,0.0,1.0,0.0,0.0
5,960,0,task1_initial,ChevronSlow,0.9765625,0.20849609375,0.9765625,0.20947265625,0.97998046875,0.208984375,1.0,0.09318450731209867,0.06411114370533812
5,960,0,task1_initial,IDLGated,0.9794921875,0.20751953125,0.9794921875,0.2080078125,0.98046875,0.20654296875,0.0033355180639773607,0.10091880047391004,0.06770438088000941
5,970,0,task1_initial,MLP,0.98486328125,0.19384765625,0.0,0.0,0.0,0.0,1.0,0.0,0.0
5,970,0,task1_initial,ChevronSlow,0.9853515625,0.19970703125,0.98388671875,0.19677734375,0.9853515625,0.20458984375,1.0,0.08774200561219431,0.06385568319580112
5,970,0,task1_initial,IDLGated,0.98486328125,0.19580078125,0.98388671875,0.1943359375,0.986328125,0.201171875,0.0029310500249266624,0.09502457235622536,0.06770460931794502
5,980,0,task1_initial,MLP,0.98486328125,0.19384765625,0.0,0.0,0.0,0.0,1.0,0.0,0.0
5,980,0,task1_initial,ChevronSlow,0.98291015625,0.1943359375,0.98046875,0.19189453125,0.98486328125,0.20166015625,1.0,0.08261737676055492,0.06343606939681531
5,980,0,task1_initial,IDLGated,0.98388671875,0.19482421875,0.9833984375,0.19189453125,0.9873046875,0.19873046875,0.0025950304698199034,0.0894746004617633,0.06728156734247752
5,990,0,task1_initial,MLP,0.982421875,0.20263671875,0.0,0.0,0.0,0.0,1.0,0.0,0.0
5,990,0,task1_initial,ChevronSlow,0.98291015625,0.2001953125,0.982421875,0.19873046875,0.9814453125,0.203125,1.0,0.07779205518692701,0.061873549605858995
5,990,0,task1_initial,IDLGated,0.98486328125,0.2001953125,0.98486328125,0.2001953125,0.984375,0.2021484375,0.0023138478863984346,0.08424877828211236,0.06550205978579703
5,1000,0,task1_initial,MLP,0.98779296875,0.2001953125,0.0,0.0,0.0,0.0,1.0,0.0,0.0
5,1000,0,task1_initial,ChevronSlow,0.984375,0.20556640625,0.98583984375,0.20361328125,0.98388671875,0.20556640625,1.0,0.07324855965525151,0.06162611550670513
5,1000,0,task1_initial,IDLGated,0.9853515625,0.20263671875,0.98583984375,0.2041015625,0.98583984375,0.20166015625,0.0020769403781741858,0.07932817364254982,0.06487649974418884
5,1010,0,task1_initial,MLP,0.98779296875,0.2021484375,0.0,0.0,0.0,0.0,1.0,0.0,0.0
5,1010,0,task1_initial,ChevronSlow,0.986328125,0.20166015625,0.9853515625,0.20263671875,0.98681640625,0.20556640625,1.0,0.06897042993242053,0.06155268248374087
5,1010,0,task1_initial,IDLGated,0.98779296875,0.20361328125,0.98681640625,0.20263671875,0.98876953125,0.201171875,0.0018760462990030646,0.07469496011431956,0.06455097351835339
5,1020,0,task1_initial,MLP,0.98681640625,0.20068359375,0.0,0.0,0.0,0.0,1.0,0.0,0.0
5,1020,0,task1_initial,ChevronSlow,0.98583984375,0.2021484375,0.98486328125,0.2001953125,0.9853515625,0.20458984375,1.0,0.06494216715593648,0.060381777173781105
5,1020,0,task1_initial,IDLGated,0.98876953125,0.19970703125,0.98779296875,0.1982421875,0.986328125,0.2021484375,0.001704651745967567,0.07033235243282045,0.06345089499332592
5,1030,0,task1_initial,MLP,0.98388671875,0.20361328125,0.0,0.0,0.0,0.0,1.0,0.0,0.0
5,1030,0,task1_initial,ChevronSlow,0.982421875,0.205078125,0.98291015625,0.20458984375,0.98193359375,0.205078125,1.0,0.06114917768443699,0.059661929590597206
5,1030,0,task1_initial,IDLGated,0.98388671875,0.205078125,0.984375,0.205078125,0.98291015625,0.20458984375,0.0015575849683955312,0.06622454568773721,0.0625756409431399
5,1040,0,task1_initial,MLP,0.98583984375,0.2119140625,0.0,0.0,0.0,0.0,1.0,0.0,0.0
5,1040,0,task1_initial,ChevronSlow,0.984375,0.212890625,0.98291015625,0.2138671875,0.984375,0.20947265625,1.0,0.05757772022766625,0.0593266922680766
5,1040,0,task1_initial,IDLGated,0.98486328125,0.21240234375,0.98583984375,0.212890625,0.984375,0.20849609375,0.0014307090314105153,0.062356658064811436,0.06177014269147076
5,1050,0,task1_initial,MLP,0.98779296875,0.21044921875,0.0,0.0,0.0,0.0,1.0,0.0,0.0
5,1050,0,task1_initial,ChevronSlow,0.9853515625,0.2138671875,0.9853515625,0.21484375,0.984375,0.2119140625,1.0,0.05421485606435479,0.05878671026751836
5,1050,0,task1_initial,IDLGated,0.98779296875,0.2109375,0.98681640625,0.2109375,0.9853515625,0.21044921875,0.0013206927105784416,0.058714676931816506,0.061126228290251196
5,1060,0,task1_initial,MLP,0.986328125,0.20556640625,0.0,0.0,0.0,0.0,1.0,0.0,0.0
5,1060,0,task1_initial,ChevronSlow,0.98583984375,0.208984375,0.98388671875,0.20947265625,0.98583984375,0.20947265625,1.0,0.051048402167656326,0.05860020645721746
5,1060,0,task1_initial,IDLGated,0.986328125,0.20751953125,0.986328125,0.20849609375,0.98779296875,0.2080078125,0.001224838080815971,0.05528540807341629,0.06094398130215744
5,1070,0,task1_initial,MLP,0.98828125,0.208984375,0.0,0.0,0.0,0.0,1.0,0.0,0.0
5,1070,0,task1_initial,ChevronSlow,0.986328125,0.21044921875,0.98779296875,0.208984375,0.98486328125,0.2109375,1.0,0.04806688706832395,0.05763613152847506
5,1070,0,task1_initial,IDLGated,0.9873046875,0.20751953125,0.98681640625,0.208984375,0.98779296875,0.20849609375,0.0011409426806494594,0.052056427890994836,0.05993207374589327
5,1080,0,task1_initial,MLP,0.98876953125,0.20947265625,0.0,0.0,0.0,0.0,1.0,0.0,0.0
5,1080,0,task1_initial,ChevronSlow,0.98583984375,0.2119140625,0.9873046875,0.21240234375,0.9853515625,0.21142578125,1.0,0.045259509295726134,0.05680987083247577
5,1080,0,task1_initial,IDLGated,0.98828125,0.2080078125,0.98828125,0.20947265625,0.98779296875,0.2099609375,0.0010672020725905895,0.04901603839428605,0.05888536769099316
5,1090,0,task1_initial,MLP,0.98876953125,0.205078125,0.0,0.0,0.0,0.0,1.0,0.0,0.0
5,1090,0,task1_initial,ChevronSlow,0.98779296875,0.20947265625,0.98828125,0.20654296875,0.98583984375,0.2099609375,1.0,0.0426160982461423,0.056236624803700924
5,1090,0,task1_initial,IDLGated,0.98828125,0.20703125,0.98779296875,0.20654296875,0.9873046875,0.20751953125,0.0010021256748586893,0.04615322482174659,0.058095238505056775
5,1100,0,task1_initial,MLP,0.98779296875,0.2041015625,0.0,0.0,0.0,0.0,1.0,0.0,0.0
5,1100,0,task1_initial,ChevronSlow,0.98681640625,0.20654296875,0.9853515625,0.20556640625,0.9853515625,0.208984375,1.0,0.04012707733657092,0.05531787887415128
5,1100,0,task1_initial,IDLGated,0.98828125,0.20458984375,0.98779296875,0.20361328125,0.98828125,0.20751953125,0.0009444786701351404,0.0434576157361383,0.05715823499765926
5,1110,0,task1_initial,MLP,0.98583984375,0.2109375,0.0,0.0,0.0,0.0,1.0,0.0,0.0
5,1110,0,task1_initial,ChevronSlow,0.98486328125,0.21044921875,0.9853515625,0.21044921875,0.98583984375,0.21142578125,1.0,0.03778342931056343,0.05455833956940092
5,1110,0,task1_initial,IDLGated,0.9853515625,0.21044921875,0.98583984375,0.208984375,0.98681640625,0.208984375,0.0008932306664064527,0.04091944545075424,0.05621283676838855
5,1120,0,task1_initial,MLP,0.98779296875,0.201171875,0.0,0.0,0.0,0.0,1.0,0.0,0.0
5,1120,0,task1_initial,ChevronSlow,0.98681640625,0.205078125,0.9873046875,0.203125,0.9873046875,0.20849609375,1.0,0.03557666357039346,0.053829894650777026
5,1120,0,task1_initial,IDLGated,0.98876953125,0.2021484375,0.98876953125,0.201171875,0.98974609375,0.20458984375,0.0008475180948153138,0.03852951865016516,0.05565560879776868
5,1130,0,task1_initial,MLP,0.98681640625,0.20068359375,0.0,0.0,0.0,0.0,1.0,0.0,0.0
5,1130,0,task1_initial,ChevronSlow,0.9853515625,0.201171875,0.9853515625,0.19873046875,0.98681640625,0.20458984375,1.0,0.03349878541721196,0.053344310343022325
5,1130,0,task1_initial,IDLGated,0.98681640625,0.20068359375,0.986328125,0.1982421875,0.98828125,0.20263671875,0.0008066142327152193,0.036279177077314505,0.055181425955841294
5,1140,0,task1_initial,MLP,0.986328125,0.2109375,0.0,0.0,0.0,0.0,1.0,0.0,0.0
5,1140,0,task1_initial,ChevronSlow,0.984375,0.2109375,0.984375,0.2109375,0.9853515625,0.21142578125,1.0,0.03154226708775103,0.05256334405249997
5,1140,0,task1_initial,IDLGated,0.98583984375,0.2099609375,0.9853515625,0.21044921875,0.98779296875,0.2099609375,0.0007699042907916009,0.03416026816627518,0.05433972556223091
5,1150,0,task1_initial,MLP,0.986328125,0.20458984375,0.0,0.0,0.0,0.0,1.0,0.0,0.0
5,1150,0,task1_initial,ChevronSlow,0.9833984375,0.2080078125,0.98193359375,0.20458984375,0.98486328125,0.20947265625,1.0,0.029700020482647888,0.052284733807867724
5,1150,0,task1_initial,IDLGated,0.9853515625,0.20654296875,0.98388671875,0.20556640625,0.98583984375,0.2080078125,0.0007368658552877605,0.032165115507030474,0.05422932242784084
5,1160,0,task1_initial,MLP,0.986328125,0.205078125,0.0,0.0,0.0,0.0,1.0,0.0,0.0
5,1160,0,task1_initial,ChevronSlow,0.984375,0.20751953125,0.98291015625,0.2041015625,0.98583984375,0.208984375,1.0,0.02796537148758883,0.051884694599068956
5,1160,0,task1_initial,IDLGated,0.98583984375,0.205078125,0.98486328125,0.2041015625,0.986328125,0.20751953125,0.0007070531719364226,0.030286491035278786,0.05367298505459679
5,1170,0,task1_initial,MLP,0.98779296875,0.21044921875,0.0,0.0,0.0,0.0,1.0,0.0,0.0
5,1170,0,task1_initial,ChevronSlow,0.98583984375,0.20947265625,0.98779296875,0.20849609375,0.98583984375,0.2109375,1.0,0.026332035794243397,0.051886489983114424
5,1170,0,task1_initial,IDLGated,0.98828125,0.20849609375,0.98876953125,0.20654296875,0.98828125,0.20947265625,0.0006800846313126385,0.028517588846510743,0.05343820836389538
5,1180,0,task1_initial,MLP,0.98291015625,0.21337890625,0.0,0.0,0.0,0.0,1.0,0.0,0.0
5,1180,0,task1_initial,ChevronSlow,0.98388671875,0.212890625,0.98291015625,0.21337890625,0.9853515625,0.2119140625,1.0,0.024794096133392663,0.05136196425225981
5,1180,0,task1_initial,IDLGated,0.98583984375,0.21240234375,0.9853515625,0.2119140625,0.9853515625,0.21142578125,0.0006556313019245863,0.026852000539492275,0.05237235399361609
5,1190,0,task1_initial,MLP,0.98681640625,0.2109375,0.0,0.0,0.0,0.0,1.0,0.0,0.0
5,1190,0,task1_initial,ChevronSlow,0.98291015625,0.21337890625,0.98095703125,0.21337890625,0.98486328125,0.21240234375,1.0,0.023345980837771393,0.050761561806645726
5,1190,0,task1_initial,IDLGated,0.9853515625,0.21142578125,0.9853515625,0.2119140625,0.98486328125,0.21142578125,0.0006334102945402265,0.025283691999827492,0.05140156289256499
5,1200,0,task1_initial,MLP,0.984375,0.1923828125,0.0,0.0,0.0,0.0,1.0,0.0,0.0
5,1200,0,task1_initial,ChevronSlow,0.984375,0.20068359375,0.9833984375,0.1953125,0.98681640625,0.20654296875,1.0,0.02198244365696142,0.05006373629916282
5,1200,0,task1_initial,IDLGated,0.98583984375,0.19580078125,0.9853515625,0.19287109375,0.98828125,0.20361328125,0.0006131752743385732,0.02380698153949271,0.051418972283420114
5,1210,0,task1_initial,MLP,0.9892578125,0.21044921875,0.0,0.0,0.0,0.0,1.0,0.0,0.0
5,1210,0,task1_initial,ChevronSlow,0.9873046875,0.208984375,0.98779296875,0.20849609375,0.9853515625,0.21044921875,1.0,0.020698544751209188,0.04950265920795786
5,1210,0,task1_initial,IDLGated,0.9892578125,0.20654296875,0.9912109375,0.20556640625,0.98828125,0.2099609375,0.0005947131430730224,0.022416519313145155,0.05060448580666875
5,1220,0,task1_initial,MLP,0.98486328125,0.21484375,0.0,0.0,0.0,0.0,1.0,0.0,0.0
5,1220,0,task1_initial,ChevronSlow,0.986328125,0.21337890625,0.98583984375,0.2138671875,0.98486328125,0.2138671875,1.0,0.019489632795311816,0.048643112073568286
5,1220,0,task1_initial,IDLGated,0.9892578125,0.21142578125,0.98828125,0.212890625,0.98876953125,0.21142578125,0.0005778372869826853,0.021107267936635584,0.04956507045849301
5,1230,0,task1_initial,MLP,0.990234375,0.20263671875,0.0,0.0,0.0,0.0,1.0,0.0,0.0
5,1230,0,task1_initial,ChevronSlow,0.98828125,0.20947265625,0.98876953125,0.20654296875,0.98486328125,0.2119140625,1.0,0.018351328127737272,0.04764631679675465
5,1230,0,task1_initial,IDLGated,0.9912109375,0.2060546875,0.99169921875,0.20556640625,0.9892578125,0.2099609375,0.000562384957447648,0.01987448423750923,0.048836069888350216
5,1240,0,task1_initial,MLP,0.98974609375,0.20703125,0.0,0.0,0.0,0.0,1.0,0.0,0.0
5,1240,0,task1_initial,ChevronSlow,0.98681640625,0.20947265625,0.986328125,0.208984375,0.98583984375,0.21142578125,1.0,0.01727950688393117,0.047282683996880084
5,1240,0,task1_initial,IDLGated,0.98974609375,0.2080078125,0.98974609375,0.20703125,0.98876953125,0.2099609375,0.0005482129636220634,0.01871370207138061,0.048309865095993144
5,1250,0,task1_initial,MLP,0.98583984375,0.2060546875,0.0,0.0,0.0,0.0,1.0,0.0,0.0
5,1250,0,task1_initial,ChevronSlow,0.98291015625,0.20703125,0.9814453125,0.20703125,0.98388671875,0.21044921875,1.0,0.01627028605632806,0.04695637302963883
5,1250,0,task1_initial,IDLGated,0.98486328125,0.2060546875,0.9853515625,0.2060546875,0.9853515625,0.2080078125,0.0005351948202587664,0.017620716141929126,0.048036515843935805
5,1260,0,task1_initial,MLP,0.98779296875,0.2001953125,0.0,0.0,0.0,0.0,1.0,0.0,0.0
5,1260,0,task1_initial,ChevronSlow,0.9853515625,0.20458984375,0.98388671875,0.20068359375,0.9853515625,0.20849609375,1.0,0.0153200094269425,0.046741671612340066
5,1260,0,task1_initial,IDLGated,0.98779296875,0.2021484375,0.98681640625,0.20068359375,0.98681640625,0.20458984375,0.0005232198163866997,0.016591566765898354,0.04820393286786409
5,1270,0,task1_initial,MLP,0.986328125,0.2060546875,0.0,0.0,0.0,0.0,1.0,0.0,0.0
5,1270,0,task1_initial,ChevronSlow,0.984375,0.208984375,0.98486328125,0.20703125,0.9853515625,0.2099609375,1.0,0.014425234321576247,0.046625548450758836
5,1270,0,task1_initial,IDLGated,0.986328125,0.2060546875,0.98681640625,0.20556640625,0.98681640625,0.20703125,0.0005121890571899712,0.015622525527905412,0.0481316773899231
5,1280,0,task1_initial,MLP,0.9873046875,0.2099609375,0.0,0.0,0.0,0.0,1.0,0.0,0.0
5,1280,0,task1_initial,ChevronSlow,0.9853515625,0.21044921875,0.98583984375,0.21044921875,0.98583984375,0.21044921875,1.0,0.013582719137654638,0.046764057212697455
5,1280,0,task1_initial,IDLGated,0.98681640625,0.2099609375,0.98681640625,0.2099609375,0.98681640625,0.208984375,0.0005020150565542281,0.014710081773090548,0.048216755325986904
5,1290,0,task1_initial,MLP,0.98779296875,0.208984375,0.0,0.0,0.0,0.0,1.0,0.0,0.0
5,1290,0,task1_initial,ChevronSlow,0.98583984375,0.2109375,0.9853515625,0.2109375,0.9853515625,0.2109375,1.0,0.012789411600507733,0.04653385461822094
5,1290,0,task1_initial,IDLGated,0.98779296875,0.2099609375,0.98828125,0.2099609375,0.98779296875,0.20947265625,0.0004926200490444899,0.013850929888672281,0.0480108579588607
5,1300,0,task1_initial,MLP,0.98828125,0.21142578125,0.0,0.0,0.0,0.0,1.0,0.0,0.0
5,1300,0,task1_initial,ChevronSlow,0.986328125,0.21240234375,0.9853515625,0.212890625,0.9853515625,0.2119140625,1.0,0.012042437705551027,0.04635614685511841
5,1300,0,task1_initial,IDLGated,0.9892578125,0.2109375,0.98779296875,0.21240234375,0.98828125,0.21044921875,0.0004839344182983041,0.013041957328331584,0.047469846353806834
5,1310,0,task1_initial,MLP,0.9892578125,0.2080078125,0.0,0.0,0.0,0.0,1.0,0.0,0.0
5,1310,0,task1_initial,ChevronSlow,0.9853515625,0.21142578125,0.98681640625,0.21142578125,0.98583984375,0.2109375,1.0,0.011339091306305279,0.04517199066278167
5,1310,0,task1_initial,IDLGated,0.98828125,0.21044921875,0.98779296875,0.21044921875,0.98828125,0.2099609375,0.00047589626046828926,0.012280233336039694,0.046526378337383
5,1320,0,task1_initial,MLP,0.98828125,0.20068359375,0.0,0.0,0.0,0.0,1.0,0.0,0.0
5,1320,0,task1_initial,ChevronSlow,0.98828125,0.20458984375,0.98779296875,0.203125,0.98828125,0.2080078125,1.0,0.010676824310534787,0.04485469032523428
5,1320,0,task1_initial,IDLGated,0.98876953125,0.2021484375,0.9892578125,0.201171875,0.9892578125,0.205078125,0.0004684493178501725,0.011562998328478083,0.04654929685228821
5,1330,0,task1_initial,MLP,0.9873046875,0.2021484375,0.0,0.0,0.0,0.0,1.0,0.0,0.0
5,1330,0,task1_initial,ChevronSlow,0.98583984375,0.203125,0.986328125,0.20068359375,0.98828125,0.20654296875,1.0,0.010053237448986601,0.044772728746298555
5,1330,0,task1_initial,IDLGated,0.98828125,0.2021484375,0.98828125,0.201171875,0.9892578125,0.20361328125,0.0004615440557245165,0.01088765389758509,0.04652669541335729
5,1340,0,task1_initial,MLP,0.98486328125,0.20654296875,0.0,0.0,0.0,0.0,1.0,0.0,0.0
5,1340,0,task1_initial,ChevronSlow,0.9833984375,0.2041015625,0.98291015625,0.205078125,0.984375,0.20849609375,1.0,0.009466071583287508,0.04430288901276798
5,1340,0,task1_initial,IDLGated,0.98486328125,0.2060546875,0.98583984375,0.2060546875,0.986328125,0.20556640625,0.00045513492659665644,0.01025175339701032,0.0459189101811198
5,1350,0,task1_initial,MLP,0.9853515625,0.21533203125,0.0,0.0,0.0,0.0,1.0,0.0,0.0
5,1350,0,task1_initial,ChevronSlow,0.98486328125,0.2119140625,0.98388671875,0.21435546875,0.9853515625,0.2119140625,1.0,0.008913199521508956,0.04417265535331993
5,1350,0,task1_initial,IDLGated,0.986328125,0.21240234375,0.9853515625,0.21435546875,0.98828125,0.2099609375,0.00044918162166140974,0.009652993078373267,0.0451774790466681
5,1360,0,task1_initial,MLP,0.98779296875,0.21044921875,0.0,0.0,0.0,0.0,1.0,0.0,0.0
5,1360,0,task1_initial,ChevronSlow,0.9873046875,0.21435546875,0.98779296875,0.21484375,0.9873046875,0.212890625,1.0,0.008392618311749199,0.04407904254479766
5,1360,0,task1_initial,IDLGated,0.98876953125,0.21142578125,0.98828125,0.21240234375,0.9892578125,0.2080078125,0.0004436470626387745,0.00908920374521455,0.04507379285964013
5,1370,0,task1_initial,MLP,0.9873046875,0.19921875,0.0,0.0,0.0,0.0,1.0,0.0,0.0
5,1370,0,task1_initial,ChevronSlow,0.98583984375,0.201171875,0.98583984375,0.1982421875,0.98583984375,0.2041015625,1.0,0.007902441985813816,0.04304905286950018
5,1370,0,task1_initial,IDLGated,0.98779296875,0.2001953125,0.98779296875,0.19775390625,0.9892578125,0.2021484375,0.00043849804205819964,0.008558342894403523,0.04470321750521583
5,1380,0,task1_initial,MLP,0.98486328125,0.2080078125,0.0,0.0,0.0,0.0,1.0,0.0,0.0
5,1380,0,task1_initial,ChevronSlow,0.984375,0.20849609375,0.984375,0.20556640625,0.986328125,0.20947265625,1.0,0.007440894726706259,0.04165438606214127
5,1380,0,task1_initial,IDLGated,0.9873046875,0.20703125,0.98486328125,0.20751953125,0.9873046875,0.20849609375,0.00043370446655899286,0.008058487316532074,0.0434893388951145
5,1390,0,task1_initial,MLP,0.9892578125,0.20751953125,0.0,0.0,0.0,0.0,1.0,0.0,0.0
5,1390,0,task1_initial,ChevronSlow,0.9853515625,0.21044921875,0.98486328125,0.208984375,0.98779296875,0.20947265625,1.0,0.007006304435175575,0.04124944439055063
5,1390,0,task1_initial,IDLGated,0.9873046875,0.208984375,0.9873046875,0.2080078125,0.98876953125,0.2080078125,0.0004292387457098812,0.007587826128487255,0.04339653437233824
5,1400,0,task1_initial,MLP,0.98828125,0.20556640625,0.0,0.0,0.0,0.0,1.0,0.0,0.0
5,1400,0,task1_initial,ChevronSlow,0.9853515625,0.21044921875,0.9853515625,0.208984375,0.98779296875,0.208984375,1.0,0.006597096672014073,0.041195275410061384
5,1400,0,task1_initial,IDLGated,0.9873046875,0.20703125,0.9873046875,0.2060546875,0.98876953125,0.205078125,0.0004250759957358241,0.007144654212961028,0.043588577417863525
5,1410,0,task1_initial,MLP,0.9833984375,0.20654296875,0.0,0.0,0.0,0.0,1.0,0.0,0.0
5,1410,0,task1_initial,ChevronSlow,0.98095703125,0.20703125,0.98046875,0.20556640625,0.984375,0.2099609375,1.0,0.0062117889541590445,0.041379765551243224
5,1410,0,task1_initial,IDLGated,0.98486328125,0.20458984375,0.98046875,0.2060546875,0.98583984375,0.20654296875,0.0004211930790916085,0.006727366041129695,0.04393645210138703
5,1420,0,task1_initial,MLP,0.986328125,0.2060546875,0.0,0.0,0.0,0.0,1.0,0.0,0.0
5,1420,0,task1_initial,ChevronSlow,0.984375,0.20849609375,0.984375,0.20556640625,0.9853515625,0.21044921875,1.0,0.005848985383934358,0.04145489152459464
5,1420,0,task1_initial,IDLGated,0.986328125,0.2060546875,0.986328125,0.20556640625,0.9873046875,0.20849609375,0.000417569448472932,0.006334449856123763,0.043977426456053736
5,1430,0,task1_initial,MLP,0.9873046875,0.19921875,0.0,0.0,0.0,0.0,1.0,0.0,0.0
5,1430,0,task1_initial,ChevronSlow,0.98583984375,0.2001953125,0.98486328125,0.19970703125,0.9873046875,0.2060546875,1.0,0.005507371591974701,0.04126593002598018
5,1430,0,task1_initial,IDLGated,0.98876953125,0.19921875,0.986328125,0.1982421875,0.98876953125,0.20166015625,0.0004141859826631844,0.005964482196216025,0.04379289480555647
5,1440,0,task1_initial,MLP,0.986328125,0.20361328125,0.0,0.0,0.0,0.0,1.0,0.0,0.0
5,1440,0,task1_initial,ChevronSlow,0.9833984375,0.203125,0.98291015625,0.20263671875,0.984375,0.20849609375,1.0,0.0051857099755116,0.04110186447793204
5,1440,0,task1_initial,IDLGated,0.9853515625,0.2041015625,0.98779296875,0.203125,0.9873046875,0.20361328125,0.00041102501563727856,0.005616122737886408,0.04345407582638954
5,1450,0,task1_initial,MLP,0.98876953125,0.1982421875,0.0,0.0,0.0,0.0,1.0,0.0,0.0
5,1450,0,task1_initial,ChevronSlow,0.98681640625,0.2041015625,0.986328125,0.203125,0.98876953125,0.20654296875,1.0,0.00488283521477046,0.040985490838422366
5,1450,0,task1_initial,IDLGated,0.98828125,0.19970703125,0.98779296875,0.19921875,0.98974609375,0.201171875,0.00040807074401527643,0.00528810944008095,0.043393385652030006
5,1460,0,task1_initial,MLP,0.9873046875,0.20068359375,0.0,0.0,0.0,0.0,1.0,0.0,0.0
5,1460,0,task1_initial,ChevronSlow,0.98388671875,0.20068359375,0.98388671875,0.2001953125,0.986328125,0.205078125,1.0,0.004597650051235333,0.04071606883896777
5,1460,0,task1_initial,IDLGated,0.9873046875,0.2001953125,0.9892578125,0.201171875,0.98828125,0.20166015625,0.0004053086740896106,0.004979253972073511,0.04326019542243423
5,1470,0,task1_initial,MLP,0.98828125,0.21044921875,0.0,0.0,0.0,0.0,1.0,0.0,0.0
5,1470,0,task1_initial,ChevronSlow,0.98779296875,0.20751953125,0.98779296875,0.20849609375,0.9873046875,0.20947265625,1.0,0.004329121312486883,0.04109974561369563
5,1470,0,task1_initial,IDLGated,0.98974609375,0.20751953125,0.98876953125,0.21044921875,0.99072265625,0.20556640625,0.00040272471960633993,0.004688437408366175,0.042935033703530086
5,1480,0,task1_initial,MLP,0.9873046875,0.2109375,0.0,0.0,0.0,0.0,1.0,0.0,0.0
5,1480,0,task1_initial,ChevronSlow,0.986328125,0.21044921875,0.98583984375,0.21044921875,0.9892578125,0.2080078125,1.0,0.004076276169212267,0.04149447866235351
5,1480,0,task1_initial,IDLGated,0.9873046875,0.21044921875,0.9873046875,0.212890625,0.9892578125,0.205078125,0.0004003068315796554,0.0044146061750318,0.04301948576926215
5,1490,0,task1_initial,MLP,0.98486328125,0.21484375,0.0,0.0,0.0,0.0,1.0,0.0,0.0
5,1490,0,task1_initial,ChevronSlow,0.986328125,0.21337890625,0.98291015625,0.21728515625,0.986328125,0.21142578125,1.0,0.0038381986108267977,0.04092244213159057
5,1490,0,task1_initial,IDLGated,0.98681640625,0.21533203125,0.98291015625,0.2177734375,0.9892578125,0.21044921875,0.0003980434557888657,0.004156768232813059,0.042264811874666276
5,1500,0,task1_initial,MLP,0.98876953125,0.203125,0.0,0.0,0.0,0.0,1.0,0.0,0.0
5,1500,0,task1_initial,ChevronSlow,0.9833984375,0.20654296875,0.98095703125,0.2080078125,0.984375,0.20849609375,1.0,0.0036140261269391985,0.0400274486550401
5,1500,0,task1_initial,IDLGated,0.98681640625,0.20556640625,0.98486328125,0.20654296875,0.9873046875,0.20361328125,0.0003959239984396845,0.003913989483150063,0.04183107858411873
5,1510,0,task1_initial,MLP,0.990234375,0.2041015625,0.0,0.0,0.0,0.0,1.0,0.0,0.0
5,1510,0,task1_initial,ChevronSlow,0.986328125,0.20849609375,0.98583984375,0.20654296875,0.9873046875,0.20947265625,1.0,0.003402946582638045,0.0396858144252275
5,1510,0,task1_initial,IDLGated,0.9892578125,0.2041015625,0.9892578125,0.20361328125,0.98876953125,0.20556640625,0.0003939385642297566,0.003685390384116288,0.041635856925281114
5,1520,0,task1_initial,MLP,0.98681640625,0.21044921875,0.0,0.0,0.0,0.0,1.0,0.0,0.0
5,1520,0,task1_initial,ChevronSlow,0.98681640625,0.2109375,0.986328125,0.2109375,0.98486328125,0.2109375,1.0,0.003204195276279132,0.039177400859839596
5,1520,0,task1_initial,IDLGated,0.986328125,0.20947265625,0.9873046875,0.208984375,0.98779296875,0.20849609375,0.0003920782182831317,0.0034701427640029398,0.04113261045236125
5,1530,0,task1_initial,MLP,0.982421875,0.2109375,0.0,0.0,0.0,0.0,1.0,0.0,0.0
5,1530,0,task1_initial,ChevronSlow,0.982421875,0.21240234375,0.9814453125,0.21337890625,0.9853515625,0.21142578125,1.0,0.0030170521691146803,0.03844777596546358
5,1530,0,task1_initial,IDLGated,0.984375,0.2099609375,0.9814453125,0.2119140625,0.9873046875,0.20947265625,0.00039033457869663835,0.003267466821008018,0.040165867480191804
5,1540,0,task1_initial,MLP,0.9892578125,0.2001953125,0.0,0.0,0.0,0.0,1.0,0.0,0.0
5,1540,0,task1_initial,ChevronSlow,0.9873046875,0.2080078125,0.98779296875,0.20654296875,0.98681640625,0.20849609375,1.0,0.002840839276727848,0.0377325358997881
5,1540,0,task1_initial,IDLGated,0.98974609375,0.2041015625,0.9892578125,0.2021484375,0.990234375,0.20556640625,0.00038869999116286635,0.003076628298160473,0.039365498612540455
5,1550,0,task1_initial,MLP,0.98779296875,0.1982421875,0.0,0.0,0.0,0.0,1.0,0.0,0.0
5,1550,0,task1_initial,ChevronSlow,0.9873046875,0.201171875,0.986328125,0.2001953125,0.98828125,0.20556640625,1.0,0.0026749182128222074,0.037514663983992905
5,1550,0,task1_initial,IDLGated,0.98779296875,0.19921875,0.986328125,0.19775390625,0.9892578125,0.20263671875,0.000387166888685897,0.002896935823244761,0.0394003188752708
5,1560,0,task1_initial,MLP,0.9892578125,0.2060546875,0.0,0.0,0.0,0.0,1.0,0.0,0.0
5,1560,0,task1_initial,ChevronSlow,0.98876953125,0.20166015625,0.9873046875,0.201171875,0.98828125,0.2041015625,1.0,0.002518687876467789,0.03692033629764462
5,1560,0,task1_initial,IDLGated,0.98876953125,0.20263671875,0.9892578125,0.20166015625,0.990234375,0.2041015625,0.00038572901394218206,0.002727738404088837,0.03844160995423128
5,1570,0,task1_initial,MLP,0.98876953125,0.2021484375,0.0,0.0,0.0,0.0,1.0,0.0,0.0
5,1570,0,task1_initial,ChevronSlow,0.98681640625,0.2041015625,0.98583984375,0.203125,0.98779296875,0.2041015625,1.0,0.0023715822744250267,0.03682444909783958
5,1570,0,task1_initial,IDLGated,0.98974609375,0.203125,0.98876953125,0.20361328125,0.9892578125,0.20263671875,0.00038437984767369926,0.0025684230701414697,0.03818203277897003
5,1580,0,task1_initial,MLP,0.98779296875,0.20068359375,0.0,0.0,0.0,0.0,1.0,0.0,0.0
5,1580,0,task1_initial,ChevronSlow,0.986328125,0.20263671875,0.98583984375,0.2001953125,0.98876953125,0.20556640625,1.0,0.00223306847065729,0.036008838750509246
5,1580,0,task1_initial,IDLGated,0.98876953125,0.20068359375,0.9873046875,0.2001953125,0.98974609375,0.20263671875,0.00038311388925649226,0.002418412651794776,0.037307999571077166
5,1590,0,task1_initial,MLP,0.98291015625,0.21142578125,0.0,0.0,0.0,0.0,1.0,0.0,0.0
5,1590,0,task1_initial,ChevronSlow,0.98388671875,0.20947265625,0.9814453125,0.2119140625,0.9853515625,0.21142578125,1.0,0.0021026446556034624,0.035953661836575446
5,1590,0,task1_initial,IDLGated,0.98583984375,0.208984375,0.98193359375,0.21240234375,0.98828125,0.20849609375,0.00038192563806660473,0.002277163689406859,0.03677228366577606
5,1600,0,task1_initial,MLP,0.98828125,0.2060546875,0.0,0.0,0.0,0.0,1.0,0.0,0.0
5,1600,0,task1_initial,ChevronSlow,0.9853515625,0.21044921875,0.986328125,0.208984375,0.9873046875,0.208984375,1.0,0.0019798383282159174,0.03550374870908193
5,1600,0,task1_initial,IDLGated,0.9873046875,0.20849609375,0.9873046875,0.2080078125,0.9892578125,0.2060546875,0.00038081026286818087,0.0021441644644493415,0.03613221159323843
5,1610,0,task1_initial,MLP,0.9873046875,0.2001953125,0.0,0.0,0.0,0.0,1.0,0.0,0.0
5,1610,0,task1_initial,ChevronSlow,0.98681640625,0.20458984375,0.986328125,0.201171875,0.98681640625,0.20556640625,1.0,0.0018642045841777398,0.03522015261104137
5,1610,0,task1_initial,IDLGated,0.98779296875,0.20068359375,0.98828125,0.2001953125,0.98828125,0.2021484375,0.0003797629033215344,0.0020189331456470054,0.036132132569139955
5,1620,0,task1_initial,MLP,0.98681640625,0.2080078125,0.0,0.0,0.0,0.0,1.0,0.0,0.0
5,1620,0,task1_initial,ChevronSlow,0.98583984375,0.20849609375,0.98486328125,0.208984375,0.98583984375,0.2099609375,1.0,0.0017553245040977377,0.03469575125469064
5,1620,0,task1_initial,IDLGated,0.9873046875,0.20703125,0.98681640625,0.20751953125,0.9892578125,0.2060546875,0.00037877942668274045,0.0019010160433933516,0.03563180393289738
5,1630,0,task1_initial,MLP,0.990234375,0.20556640625,0.0,0.0,0.0,0.0,1.0,0.0,0.0
5,1630,0,task1_initial,ChevronSlow,0.98779296875,0.208984375,0.98779296875,0.208984375,0.98779296875,0.20849609375,1.0,0.001652803635843972,0.034506763886790616
5,1630,0,task1_initial,IDLGated,0.98974609375,0.2080078125,0.98974609375,0.2099609375,0.99072265625,0.20458984375,0.00037785564200021327,0.0017899859661181516,0.03558084412319725
5,1640,0,task1_initial,MLP,0.98876953125,0.2001953125,0.0,0.0,0.0,0.0,1.0,0.0,0.0
5,1640,0,task1_initial,ChevronSlow,0.98779296875,0.20166015625,0.98681640625,0.20166015625,0.98876953125,0.205078125,1.0,0.001556270565517581,0.0342743948626659
5,1640,0,task1_initial,IDLGated,0.99072265625,0.2021484375,0.990234375,0.20263671875,0.9892578125,0.20263671875,0.0003769879403989762,0.0016854406726524202,0.03525270422896862
5,1650,0,task1_initial,MLP,0.9892578125,0.20166015625,0.0,0.0,0.0,0.0,1.0,0.0,0.0
5,1650,0,task1_initial,ChevronSlow,0.986328125,0.2001953125,0.98486328125,0.1982421875,0.98681640625,0.205078125,1.0,0.0014653755718898058,0.03414317046618132
5,1650,0,task1_initial,IDLGated,0.9873046875,0.20068359375,0.98779296875,0.20068359375,0.9892578125,0.20166015625,0.0003761726547963917,0.0015870014149840185,0.03491547094740828
5,1660,0,task1_initial,MLP,0.98681640625,0.20556640625,0.0,0.0,0.0,0.0,1.0,0.0,0.0
5,1660,0,task1_initial,ChevronSlow,0.98388671875,0.205078125,0.98486328125,0.20361328125,0.9853515625,0.208984375,1.0,0.0013797893594274995,0.03445656405848562
5,1660,0,task1_initial,IDLGated,0.98681640625,0.20556640625,0.9853515625,0.20458984375,0.9873046875,0.20556640625,0.0003754067583940923,0.0014943115661245642,0.03507343723918989
5,1670,0,task1_initial,MLP,0.9873046875,0.2099609375,0.0,0.0,0.0,0.0,1.0,0.0,0.0
5,1670,0,task1_initial,ChevronSlow,0.98486328125,0.2109375,0.984375,0.2119140625,0.98583984375,0.21142578125,1.0,0.001299201865317101,0.03490417184919738
5,1670,0,task1_initial,IDLGated,0.9873046875,0.20751953125,0.9853515625,0.20947265625,0.98828125,0.20849609375,0.0003746868169400841,0.0014070353281166637,0.035483179635676106
5,1680,0,task1_initial,MLP,0.98193359375,0.2119140625,0.0,0.0,0.0,0.0,1.0,0.0,0.0
5,1680,0,task1_initial,ChevronSlow,0.98046875,0.21435546875,0.9775390625,0.21533203125,0.98583984375,0.2119140625,1.0,0.0012233211361651513,0.03481936726219341
5,1680,0,task1_initial,IDLGated,0.9833984375,0.21142578125,0.97900390625,0.21337890625,0.9873046875,0.208984375,0.00037401035660877824,0.0013248565155008227,0.03561144579798617
5,1690,0,task1_initial,MLP,0.986328125,0.20458984375,0.0,0.0,0.0,0.0,1.0,0.0,0.0
5,1690,0,task1_initial,ChevronSlow,0.98583984375,0.20849609375,0.986328125,0.205078125,0.98583984375,0.21044921875,1.0,0.001151872270305844,0.03413024058059124
5,1690,0,task1_initial,IDLGated,0.98828125,0.20458984375,0.98779296875,0.2041015625,0.98779296875,0.20751953125,0.0003733742923941463,0.0012474774098347632,0.03538026418068867
5,1700,0,task1_initial,MLP,0.9873046875,0.1953125,0.0,0.0,0.0,0.0,1.0,0.0,0.0
5,1700,0,task1_initial,ChevronSlow,0.98388671875,0.19580078125,0.98583984375,0.19140625,0.98681640625,0.205078125,1.0,0.001084596421883793,0.03414357989065043
5,1700,0,task1_initial,IDLGated,0.9873046875,0.1962890625,0.9873046875,0.193359375,0.98828125,0.201171875,0.00037277661613188684,0.0011746176811152824,0.03560444442633853
5,1710,0,task1_initial,MLP,0.98681640625,0.203125,0.0,0.0,0.0,0.0,1.0,0.0,0.0
5,1710,0,task1_initial,ChevronSlow,0.9853515625,0.2021484375,0.9853515625,0.19677734375,0.986328125,0.2080078125,1.0,0.0010212498631039914,0.03371150342031416
5,1710,0,task1_initial,IDLGated,0.98681640625,0.20263671875,0.98779296875,0.20166015625,0.98828125,0.2041015625,0.00037221465026959777,0.0011060133721951704,0.034685203796040315
5,1720,0,task1_initial,MLP,0.98876953125,0.2099609375,0.0,0.0,0.0,0.0,1.0,0.0,0.0
5,1720,0,task1_initial,ChevronSlow,0.98779296875,0.20751953125,0.98681640625,0.208984375,0.98876953125,0.20947265625,1.0,0.000961603101251671,0.03367022823923794
5,1720,0,task1_initial,IDLGated,0.98876953125,0.20947265625,0.98828125,0.2109375,0.9892578125,0.20751953125,0.00037168615381233394,0.0010414159425159168,0.03456773380836688
5,1730,0,task1_initial,MLP,0.9873046875,0.21142578125,0.0,0.0,0.0,0.0,1.0,0.0,0.0
5,1730,0,task1_initial,ChevronSlow,0.98681640625,0.21142578125,0.98486328125,0.2138671875,0.98779296875,0.208984375,1.0,0.000905440047283192,0.033539862654763414
5,1730,0,task1_initial,IDLGated,0.9873046875,0.2109375,0.98583984375,0.2119140625,0.98974609375,0.20947265625,0.00037118932232260704,0.0009805913676918306,0.03428662672567737
5,1740,0,task1_initial,MLP,0.98583984375,0.20703125,0.0,0.0,0.0,0.0,1.0,0.0,0.0
5,1740,0,task1_initial,ChevronSlow,0.98388671875,0.2080078125,0.98291015625,0.2080078125,0.98486328125,0.21044921875,1.0,0.000852557232975921,0.03282740522455084
5,1740,0,task1_initial,IDLGated,0.98681640625,0.20751953125,0.98583984375,0.20751953125,0.98779296875,0.20703125,0.000370722176739946,0.0009233192916835325,0.03334593910479428
5,1750,0,task1_initial,MLP,0.98974609375,0.2099609375,0.0,0.0,0.0,0.0,1.0,0.0,0.0
5,1750,0,task1_initial,ChevronSlow,0.98876953125,0.208984375,0.98876953125,0.2099609375,0.98828125,0.2099609375,1.0,0.0008027630738009788,0.03275484934766106
5,1750,0,task1_initial,IDLGated,0.990234375,0.20849609375,0.98974609375,0.2099609375,0.98974609375,0.20703125,0.0003702827962115407,0.000869392228489309,0.03361387058855318
5,1760,0,task1_initial,MLP,0.9892578125,0.19775390625,0.0,0.0,0.0,0.0,1.0,0.0,0.0
5,1760,0,task1_initial,ChevronSlow,0.98681640625,0.201171875,0.98486328125,0.197265625,0.986328125,0.20654296875,1.0,0.0007558771748483853,0.03235572602417213
5,1760,0,task1_initial,IDLGated,0.98876953125,0.19775390625,0.98828125,0.1962890625,0.990234375,0.20263671875,0.00036986946361139417,0.0008186148104621993,0.033488741006018966
5,1770,0,task1_initial,MLP,0.98779296875,0.205078125,0.0,0.0,0.0,0.0,1.0,0.0,0.0
5,1770,0,task1_initial,ChevronSlow,0.986328125,0.20166015625,0.98681640625,0.19970703125,0.986328125,0.20751953125,1.0,0.0007117296772900964,0.03208465610724771
5,1770,0,task1_initial,IDLGated,0.9892578125,0.2021484375,0.98974609375,0.20068359375,0.98828125,0.2041015625,0.0003694807819556445,0.0007708030805296106,0.03301332840791779
5,1780,0,task1_initial,MLP,0.98486328125,0.20703125,0.0,0.0,0.0,0.0,1.0,0.0,0.0
5,1780,0,task1_initial,ChevronSlow,0.984375,0.20654296875,0.984375,0.20654296875,0.98486328125,0.2099609375,1.0,0.0006701606430132924,0.03209849710761127
5,1780,0,task1_initial,IDLGated,0.98681640625,0.20703125,0.98779296875,0.20654296875,0.98779296875,0.20654296875,0.00036911515053361654,0.0007257838257513085,0.032879699880272534
5,1790,0,task1_initial,MLP,0.98779296875,0.20654296875,0.0,0.0,0.0,0.0,1.0,0.0,0.0
5,1790,0,task1_initial,ChevronSlow,0.9853515625,0.21044921875,0.984375,0.20947265625,0.98486328125,0.21044921875,1.0,0.0006310194751945589,0.03194329437290643
5,1790,0,task1_initial,IDLGated,0.98583984375,0.20849609375,0.986328125,0.20849609375,0.98779296875,0.20703125,0.0003687711723614484,0.0006833939498013852,0.03292672693863208
5,1800,0,task1_initial,MLP,0.98828125,0.2080078125,0.0,0.0,0.0,0.0,1.0,0.0,0.0
5,1800,0,task1_initial,ChevronSlow,0.98583984375,0.21044921875,0.98583984375,0.21044921875,0.986328125,0.21142578125,1.0,0.0005941643727158097,0.031651218836975234
5,1800,0,task1_initial,IDLGated,0.98828125,0.20703125,0.98828125,0.20703125,0.98876953125,0.20751953125,0.00036844771238975227,0.0006434798821008257,0.03278271080950345
5,1810,0,task1_initial,MLP,0.98974609375,0.20947265625,0.0,0.0,0.0,0.0,1.0,0.0,0.0
5,1810,0,task1_initial,ChevronSlow,0.98828125,0.20751953125,0.98876953125,0.20703125,0.98779296875,0.2099609375,1.0,0.0005594618164454012,0.031580998476051544
5,1810,0,task1_initial,IDLGated,0.98974609375,0.20849609375,0.98974609375,0.2099609375,0.98974609375,0.20703125,0.0003681433154270053,0.0006058970214600709,0.032960554547872216
5,1820,0,task1_initial,MLP,0.9892578125,0.20361328125,0.0,0.0,0.0,0.0,1.0,0.0,0.0
5,1820,0,task1_initial,ChevronSlow,0.98779296875,0.20458984375,0.986328125,0.20166015625,0.986328125,0.208984375,1.0,0.0005267860855233325,0.031047095698478418
5,1820,0,task1_initial,IDLGated,0.990234375,0.20361328125,0.98974609375,0.2021484375,0.9892578125,0.2060546875,0.00036785684642381966,0.0005705092122159984,0.03241050525810905
5,1830,0,task1_initial,MLP,0.9873046875,0.205078125,0.0,0.0,0.0,0.0,1.0,0.0,0.0
5,1830,0,task1_initial,ChevronSlow,0.9853515625,0.20556640625,0.9853515625,0.2041015625,0.98583984375,0.21044921875,1.0,0.0004960188018981234,0.030943717306436767
5,1830,0,task1_initial,IDLGated,0.9873046875,0.205078125,0.9892578125,0.20458984375,0.98828125,0.2060546875,0.0003675874322652817,0.0005371882509654629,0.03205174887314424
5,1840,0,task1_initial,MLP,0.9873046875,0.205078125,0.0,0.0,0.0,0.0,1.0,0.0,0.0
5,1840,0,task1_initial,ChevronSlow,0.98486328125,0.2060546875,0.98486328125,0.20556640625,0.98583984375,0.21044921875,1.0,0.00046704850146531146,0.030764605712977358
5,1840,0,task1_initial,IDLGated,0.98828125,0.205078125,0.9873046875,0.20556640625,0.98779296875,0.20556640625,0.0003673338214866817,0.0005058134221083854,0.03192529087301762
5,1850,0,task1_initial,MLP,0.9892578125,0.201171875,0.0,0.0,0.0,0.0,1.0,0.0,0.0
5,1850,0,task1_initial,ChevronSlow,0.98681640625,0.20458984375,0.9873046875,0.2021484375,0.9873046875,0.2080078125,1.0,0.00043977023025388326,0.03084661533743984
5,1850,0,task1_initial,IDLGated,0.9892578125,0.201171875,0.98876953125,0.19921875,0.98876953125,0.20458984375,0.00036709525738842785,0.00047627106051774886,0.03225007385213341
5,1860,0,task1_initial,MLP,0.98876953125,0.20166015625,0.0,0.0,0.0,0.0,1.0,0.0,0.0
5,1860,0,task1_initial,ChevronSlow,0.9873046875,0.20166015625,0.9853515625,0.19921875,0.986328125,0.20751953125,1.0,0.0004140851641977006,0.03099685728438442
5,1860,0,task1_initial,IDLGated,0.98876953125,0.2001953125,0.990234375,0.19873046875,0.98779296875,0.20166015625,0.0003668708086479455,0.0004484541397521384,0.03241632289843268
5,1870,0,task1_initial,MLP,0.98876953125,0.205078125,0.0,0.0,0.0,0.0,1.0,0.0,0.0
5,1870,0,task1_initial,ChevronSlow,0.986328125,0.20703125,0.98681640625,0.20703125,0.98681640625,0.20849609375,1.0,0.0003899002511144229,0.030095303902691245
5,1870,0,task1_initial,IDLGated,0.9892578125,0.2041015625,0.98876953125,0.205078125,0.9892578125,0.20458984375,0.0003666594566311687,0.0004222618843189944,0.03157197761385791
5,1880,0,task1_initial,MLP,0.9873046875,0.20947265625,0.0,0.0,0.0,0.0,1.0,0.0,0.0
5,1880,0,task1_initial,ChevronSlow,0.9873046875,0.21142578125,0.98583984375,0.212890625,0.98828125,0.2080078125,1.0,0.0003671278735948835,0.030273987679913034
5,1880,0,task1_initial,IDLGated,0.98828125,0.2109375,0.98681640625,0.2119140625,0.9892578125,0.20849609375,0.0003664606192614883,0.0003975994045838833,0.03209009905554546
5,1890,0,task1_initial,MLP,0.990234375,0.2041015625,0.0,0.0,0.0,0.0,1.0,0.0,0.0
5,1890,0,task1_initial,ChevronSlow,0.98779296875,0.20361328125,0.98779296875,0.20458984375,0.98779296875,0.205078125,1.0,0.00034568553158163134,0.029231323897014626
5,1890,0,task1_initial,IDLGated,0.98974609375,0.20458984375,0.98974609375,0.20361328125,0.99072265625,0.20458984375,0.0003662735689431429,0.00037437735300312896,0.03137624769331742
5,1900,0,task1_initial,MLP,0.98681640625,0.20751953125,0.0,0.0,0.0,0.0,1.0,0.0,0.0
5,1900,0,task1_initial,ChevronSlow,0.98583984375,0.2080078125,0.984375,0.20703125,0.98681640625,0.20849609375,1.0,0.00032549554348667794,0.029005573750609807
5,1900,0,task1_initial,IDLGated,0.98876953125,0.2060546875,0.98828125,0.20654296875,0.9892578125,0.20458984375,0.00036609749076887965,0.00035251160043440035,0.03064082833752457
5,1910,0,task1_initial,MLP,0.98779296875,0.1923828125,0.0,0.0,0.0,0.0,1.0,0.0,0.0
5,1910,0,task1_initial,ChevronSlow,0.9853515625,0.19580078125,0.9853515625,0.193359375,0.98681640625,0.20166015625,1.0,0.00030648476476565834,0.028699155895069
5,1910,0,task1_initial,IDLGated,0.9873046875,0.1962890625,0.9873046875,0.19384765625,0.9892578125,0.1982421875,0.0003659317153505981,0.0003319229313525912,0.030319349021210286
5,1920,0,task1_initial,MLP,0.98828125,0.20556640625,0.0,0.0,0.0,0.0,1.0,0.0,0.0
5,1920,0,task1_initial,ChevronSlow,0.98681640625,0.20556640625,0.9873046875,0.2060546875,0.98681640625,0.2060546875,1.0,0.00028858432292884977,0.028095562102136654
5,1920,0,task1_initial,IDLGated,0.98974609375,0.2041015625,0.9892578125,0.2041015625,0.9892578125,0.20361328125,0.0003657758061308414,0.00031253675686681193,0.029753940284545723
5,1930,0,task1_initial,MLP,0.98779296875,0.20849609375,0.0,0.0,0.0,0.0,1.0,0.0,0.0
5,1930,0,task1_initial,ChevronSlow,0.9873046875,0.208984375,0.98779296875,0.208984375,0.98779296875,0.20849609375,1.0,0.0002717293680290444,0.027954986254763583
5,1930,0,task1_initial,IDLGated,0.98876953125,0.20703125,0.98876953125,0.2080078125,0.98974609375,0.20556640625,0.00036562903551384807,0.00029428284449881277,0.029610950953046656
5,1940,0,task1_initial,MLP,0.986328125,0.2080078125,0.0,0.0,0.0,0.0,1.0,0.0,0.0
5,1940,0,task1_initial,ChevronSlow,0.9853515625,0.20703125,0.98388671875,0.20751953125,0.986328125,0.208984375,1.0,0.00025585883772233955,0.028030935623456557
5,1940,0,task1_initial,IDLGated,0.98583984375,0.20751953125,0.98828125,0.2080078125,0.98876953125,0.205078125,0.00036549087963066995,0.00027709506374387253,0.02972030081950536
5,1950,0,task1_initial,MLP,0.98681640625,0.2080078125,0.0,0.0,0.0,0.0,1.0,0.0,0.0
5,1950,0,task1_initial,ChevronSlow,0.986328125,0.2109375,0.98486328125,0.21044921875,0.9873046875,0.20947265625,1.0,0.00024091523605070648,0.02817095194002514
5,1950,0,task1_initial,IDLGated,0.9873046875,0.2080078125,0.98681640625,0.2099609375,0.98876953125,0.20703125,0.00036536072730086744,0.000260911146492369,0.029948171574624125
5,1960,0,task1_initial,MLP,0.9892578125,0.205078125,0.0,0.0,0.0,0.0,1.0,0.0,0.0
5,1960,0,task1_initial,ChevronSlow,0.9873046875,0.208984375,0.9873046875,0.208984375,0.98779296875,0.20947265625,1.0,0.00022684442514490482,0.02817698940223288
5,1960,0,task1_initial,IDLGated,0.98974609375,0.2060546875,0.98974609375,0.20654296875,0.98974609375,0.205078125,0.0003652383456937969,0.0002456724614440837,0.030287292112206328
5,1970,0,task1_initial,MLP,0.9892578125,0.20703125,0.0,0.0,0.0,0.0,1.0,0.0,0.0
5,1970,0,task1_initial,ChevronSlow,0.9873046875,0.2099609375,0.9873046875,0.2099609375,0.98779296875,0.2099609375,1.0,0.00021359542909312574,0.02825977135574433
5,1970,0,task1_initial,IDLGated,0.98974609375,0.20703125,0.98974609375,0.2080078125,0.9892578125,0.20654296875,0.00036512312362901866,0.0002313238016979854,0.03062484753448886
5,1980,0,task1_initial,MLP,0.98974609375,0.20068359375,0.0,0.0,0.0,0.0,1.0,0.0,0.0
5,1980,0,task1_initial,ChevronSlow,0.98876953125,0.2041015625,0.98828125,0.20263671875,0.9873046875,0.20751953125,1.0,0.0002011202492648132,0.028369886169195568
5,1980,0,task1_initial,IDLGated,0.9912109375,0.20263671875,0.99072265625,0.2001953125,0.9892578125,0.20458984375,0.0003650145372375846,0.00021781318474797055,0.030982498226391156
5,1990,0,task1_initial,MLP,0.98974609375,0.1962890625,0.0,0.0,0.0,0.0,1.0,0.0,0.0
5,1990,0,task1_initial,ChevronSlow,0.986328125,0.197265625,0.98681640625,0.19384765625,0.98828125,0.20361328125,1.0,0.00018937369042061768,0.02838429269568627
5,1990,0,task1_initial,IDLGated,0.98974609375,0.19775390625,0.986328125,0.19384765625,0.98828125,0.20166015625,0.00036491258651949465,0.0002050916641599822,0.0309394608579195
5,2000,0,task1_initial,MLP,0.98828125,0.19921875,0.0,0.0,0.0,0.0,1.0,0.0,0.0
5,2000,0,task1_initial,ChevronSlow,0.98779296875,0.2001953125,0.98388671875,0.19580078125,0.98583984375,0.2041015625,1.0,0.00017831319697851137,0.028292642230332416
5,2000,0,task1_initial,IDLGated,0.98828125,0.19970703125,0.9853515625,0.1953125,0.98828125,0.2021484375,0.0003648164274636656,0.0001931131522482495,0.0307624700052248
5,2010,0,task1_initial,MLP,0.9892578125,0.19775390625,0.0,0.0,0.0,0.0,1.0,0.0,0.0
5,2010,0,task1_initial,ChevronSlow,0.98681640625,0.20068359375,0.98681640625,0.19921875,0.98828125,0.20556640625,1.0,0.00016789869884288697,0.02793532703639108
5,2010,0,task1_initial,IDLGated,0.98974609375,0.20068359375,0.990234375,0.1982421875,0.98876953125,0.20166015625,0.0003647259727586061,0.00018183425310823627,0.03065970444295216
5,2020,0,task1_initial,MLP,0.98779296875,0.20361328125,0.0,0.0,0.0,0.0,1.0,0.0,0.0
5,2020,0,task1_initial,ChevronSlow,0.9873046875,0.2080078125,0.9873046875,0.2080078125,0.986328125,0.2080078125,1.0,0.00015809246623810826,0.028004658595526373
5,2020,0,task1_initial,IDLGated,0.98876953125,0.20458984375,0.9892578125,0.205078125,0.98876953125,0.20361328125,0.0003646408149506897,0.00017121410540140897,0.030682110309001673
5,2030,0,task1_initial,MLP,0.986328125,0.2060546875,0.0,0.0,0.0,0.0,1.0,0.0,0.0
5,2030,0,task1_initial,ChevronSlow,0.9853515625,0.20947265625,0.98486328125,0.20849609375,0.98681640625,0.208984375,1.0,0.00014885897302060143,0.027831034177113644
5,2030,0,task1_initial,IDLGated,0.98828125,0.20654296875,0.98876953125,0.2060546875,0.98876953125,0.205078125,0.00036456051748245955,0.0001612142343222625,0.0304280367165024
5,2040,0,task1_initial,MLP,0.9892578125,0.19482421875,0.0,0.0,0.0,0.0,1.0,0.0,0.0
5,2040,0,task1_initial,ChevronSlow,0.98779296875,0.20166015625,0.98779296875,0.197265625,0.98583984375,0.2041015625,1.0,0.00014016476797429274,0.027507673512280954
5,2040,0,task1_initial,IDLGated,0.990234375,0.20068359375,0.98779296875,0.19677734375,0.98876953125,0.20166015625,0.0003644851385615766,0.00015179841221130768,0.030190577274925284
5,2050,0,task1_initial,MLP,0.9892578125,0.20556640625,0.0,0.0,0.0,0.0,1.0,0.0,0.0
5,2050,0,task1_initial,ChevronSlow,0.98779296875,0.20751953125,0.98876953125,0.20654296875,0.98681640625,0.20751953125,1.0,0.00013197835362311933,0.02754128004472324
5,2050,0,task1_initial,IDLGated,0.9892578125,0.205078125,0.98974609375,0.20654296875,0.98876953125,0.2041015625,0.0003644140379037708,0.00014293252730904817,0.030193780876253715
5,2060,0,task1_initial,MLP,0.9873046875,0.20849609375,0.0,0.0,0.0,0.0,1.0,0.0,0.0
5,2060,0,task1_initial,ChevronSlow,0.9853515625,0.20703125,0.98486328125,0.2080078125,0.9853515625,0.208984375,1.0,0.0001242700721215746,0.027905246812553384
5,2060,0,task1_initial,IDLGated,0.98681640625,0.2080078125,0.9873046875,0.20947265625,0.98779296875,0.20654296875,0.00036434721550904214,0.00013458446017546665,0.030057708664311227
5,2070,0,task1_initial,MLP,0.98583984375,0.21044921875,0.0,0.0,0.0,0.0,1.0,0.0,0.0
5,2070,0,task1_initial,ChevronSlow,0.98486328125,0.21142578125,0.98046875,0.2158203125,0.98583984375,0.2099609375,1.0,0.00011701199780989026,0.028202883348530643
5,2070,0,task1_initial,IDLGated,0.98583984375,0.21240234375,0.9833984375,0.21484375,0.9873046875,0.20654296875,0.0003642841475084424,0.0001267239673273107,0.03009912932357321
5,2080,0,task1_initial,MLP,0.990234375,0.19921875,0.0,0.0,0.0,0.0,1.0,0.0,0.0
5,2080,0,task1_initial,ChevronSlow,0.98828125,0.20361328125,0.98876953125,0.20166015625,0.9873046875,0.20751953125,1.0,0.0001101778360446024,0.027917010262893453
5,2080,0,task1_initial,IDLGated,0.990234375,0.20068359375,0.990234375,0.20068359375,0.99072265625,0.20263671875,0.00036422477569431067,0.00011932257167161928,0.030306285368120217
5,2090,0,task1_initial,MLP,0.98974609375,0.1982421875,0.0,0.0,0.0,0.0,1.0,0.0,0.0
5,2090,0,task1_initial,ChevronSlow,0.98681640625,0.1982421875,0.98681640625,0.19677734375,0.98779296875,0.20361328125,1.0,0.0001037428279379847,0.02809700815504955
5,2090,0,task1_initial,IDLGated,0.9892578125,0.19921875,0.9892578125,0.1962890625,0.98974609375,0.2021484375,0.000364169041858986,0.00011235345933854985,0.030185255905343048
5,2100,0,task1_initial,MLP,0.98779296875,0.20751953125,0.0,0.0,0.0,0.0,1.0,0.0,0.0
5,2100,0,task1_initial,ChevronSlow,0.98583984375,0.20703125,0.986328125,0.20654296875,0.98583984375,0.20849609375,1.0,9.768366066123655e-05,0.027947386457849582
5,2100,0,task1_initial,IDLGated,0.98779296875,0.20849609375,0.98828125,0.208984375,0.98828125,0.2060546875,0.0003641164512373507,0.00010579138253975136,0.029931729540442677
5,2110,0,task1_initial,MLP,0.98193359375,0.212890625,0.0,0.0,0.0,0.0,1.0,0.0,0.0
5,2110,0,task1_initial,ChevronSlow,0.982421875,0.212890625,0.97705078125,0.21630859375,0.986328125,0.21044921875,1.0,9.197838298647192e-05,0.02839403509738623
5,2110,0,task1_initial,IDLGated,0.9833984375,0.2119140625,0.978515625,0.2158203125,0.98681640625,0.20849609375,0.00036406697472557425,9.961256810035718e-05,0.030333965122632263
5,2120,0,task1_initial,MLP,0.98681640625,0.20703125,0.0,0.0,0.0,0.0,1.0,0.0,0.0
5,2120,0,task1_initial,ChevronSlow,0.9814453125,0.21044921875,0.97900390625,0.21044921875,0.98486328125,0.20751953125,1.0,8.660632576153305e-05,0.028657822789958293
5,2120,0,task1_initial,IDLGated,0.986328125,0.20703125,0.9833984375,0.20849609375,0.98681640625,0.2080078125,0.00036402049590833485,9.379463133322634e-05,0.030459506093297454
5,2130,0,task1_initial,MLP,0.98388671875,0.18798828125,0.0,0.0,0.0,0.0,1.0,0.0,0.0
5,2130,0,task1_initial,ChevronSlow,0.98486328125,0.1923828125,0.9794921875,0.185546875,0.98583984375,0.19970703125,1.0,8.154802702952468e-05,0.02945551960922551
5,2130,0,task1_initial,IDLGated,0.98486328125,0.19140625,0.978515625,0.1865234375,0.98974609375,0.1982421875,0.00036397657822817564,8.831649494341566e-05,0.031662014216625414
5,2140,0,task1_initial,MLP,0.990234375,0.201171875,0.0,0.0,0.0,0.0,1.0,0.0,0.0
5,2140,0,task1_initial,ChevronSlow,0.98681640625,0.19921875,0.98681640625,0.19677734375,0.98681640625,0.2021484375,1.0,7.67851615217901e-05,0.02942061899131673
5,2140,0,task1_initial,IDLGated,0.98974609375,0.1982421875,0.98876953125,0.197265625,0.990234375,0.2001953125,0.00036393527989275753,8.315831266908898e-05,0.03115871654194734
5,2150,0,task1_initial,MLP,0.98876953125,0.2138671875,0.0,0.0,0.0,0.0,1.0,0.0,0.0
5,2150,0,task1_initial,ChevronSlow,0.9892578125,0.21240234375,0.98828125,0.21240234375,0.98828125,0.20947265625,1.0,7.230047426889614e-05,0.029894054946025667
5,2150,0,task1_initial,IDLGated,0.99072265625,0.21142578125,0.9892578125,0.21240234375,0.9892578125,0.20703125,0.0003638964262790978,7.830139738222846e-05,0.03110513975955138
5,2160,0,task1_initial,MLP,0.98779296875,0.2080078125,0.0,0.0,0.0,0.0,1.0,0.0,0.0
5,2160,0,task1_initial,ChevronSlow,0.98681640625,0.2109375,0.98388671875,0.2119140625,0.98681640625,0.21044921875,1.0,6.807771808911143e-05,0.029645126861086894
5,2160,0,task1_initial,IDLGated,0.98876953125,0.208984375,0.9873046875,0.2119140625,0.98876953125,0.20654296875,0.0003638598427642137,7.372815338867102e-05,0.030551383355125115
5,2170,0,task1_initial,MLP,0.98681640625,0.2099609375,0.0,0.0,0.0,0.0,1.0,0.0,0.0
5,2170,0,task1_initial,ChevronSlow,0.98681640625,0.21044921875,0.98583984375,0.21142578125,0.986328125,0.21044921875,1.0,6.410159472791087e-05,0.028675119750794068
5,2170,0,task1_initial,IDLGated,0.9873046875,0.2099609375,0.98779296875,0.21142578125,0.98876953125,0.20703125,0.000363825325621292,6.942201268220454e-05,0.029903715262332643
5,2180,0,task1_initial,MLP,0.98828125,0.205078125,0.0,0.0,0.0,0.0,1.0,0.0,0.0
5,2180,0,task1_initial,ChevronSlow,0.9873046875,0.20654296875,0.9873046875,0.205078125,0.98828125,0.2080078125,1.0,6.035769943526561e-05,0.02856665112656592
5,2180,0,task1_initial,IDLGated,0.98974609375,0.20458984375,0.9912109375,0.2041015625,0.9892578125,0.2060546875,0.0003637929039541632,6.53673749217855e-05,0.029943480589729735
5,2190,0,task1_initial,MLP,0.98828125,0.1982421875,0.0,0.0,0.0,0.0,1.0,0.0,0.0
5,2190,0,task1_initial,ChevronSlow,0.98779296875,0.20263671875,0.98779296875,0.19873046875,0.98876953125,0.2041015625,1.0,5.683246877993222e-05,0.02795629063269382
5,2190,0,task1_initial,IDLGated,0.99072265625,0.19921875,0.9892578125,0.197265625,0.9912109375,0.20166015625,0.0003637623740360141,6.154955091442593e-05,0.029868006972813742
5,2200,0,end_task1,MLP,0.99072265625,0.2099609375,0.0,0.0,0.0,0.0,1.0,0.0,0.0
5,2200,0,end_task1,ChevronSlow,0.9892578125,0.208984375,0.98876953125,0.20947265625,0.990234375,0.20751953125,1.0,5.351313151168245e-05,0.027589490496860047
5,2200,0,end_task1,IDLGated,0.9912109375,0.2099609375,0.99072265625,0.21044921875,0.990234375,0.20751953125,0.00036373359034769237,5.795470939899925e-05,0.02977432668726412
5,2210,0,task2,MLP,0.9423828125,0.263671875,0.0,0.0,0.0,0.0,1.0,0.0,0.0
5,2210,0,task2,ChevronSlow,0.96875,0.2333984375,0.93896484375,0.263671875,0.98291015625,0.220703125,1.0,8.302401733927915e-05,0.048372268300492925
5,2210,0,task2,IDLGated,0.9736328125,0.2275390625,0.42578125,0.6416015625,0.99072265625,0.20849609375,0.000368268956663087,0.0006214285922999885,0.06789744175798222
5,2220,0,task2,MLP,0.09033203125,0.8544921875,0.0,0.0,0.0,0.0,1.0,0.0,0.0
5,2220,0,task2,ChevronSlow,0.06494140625,0.8564453125,0.017578125,0.79638671875,0.95849609375,0.24658203125,1.0,0.014271186552648479,0.08395857211626877
5,2220,0,task2,IDLGated,0.16796875,0.82470703125,0.02197265625,0.81640625,0.99072265625,0.20947265625,0.0006615886813960969,0.02726342079903922,0.13502078861510344
5,2230,0,task2,MLP,0.0908203125,0.86669921875,0.0,0.0,0.0,0.0,1.0,0.0,0.0
5,2230,0,task2,ChevronSlow,0.07080078125,0.86083984375,0.03759765625,0.81689453125,0.935546875,0.27197265625,1.0,0.057467286620876266,0.10139908801393913
5,2230,0,task2,IDLGated,0.119140625,0.85400390625,0.05810546875,0.85302734375,0.99072265625,0.2099609375,0.0036232846323400736,0.10469342707798056,0.18155937857705665
5,2240,0,task2,MLP,0.12646484375,0.8701171875,0.0,0.0,0.0,0.0,1.0,0.0,0.0
5,2240,0,task2,ChevronSlow,0.11865234375,0.87890625,0.07763671875,0.8603515625,0.9189453125,0.29052734375,1.0,0.12295642718041608,0.11390459396760158
5,2240,0,task2,IDLGated,0.13623046875,0.86376953125,0.08349609375,0.86669921875,0.990234375,0.2099609375,0.05269712954759598,0.22867919143512536,0.20125756594406638
5,2250,0,task2,MLP,0.1259765625,0.8720703125,0.0,0.0,0.0,0.0,1.0,0.0,0.0
5,2250,0,task2,ChevronSlow,0.13916015625,0.88623046875,0.11083984375,0.87646484375,0.912109375,0.2998046875,1.0,0.19960455737489974,0.12366317836713271
5,2250,0,task2,IDLGated,0.12060546875,0.87255859375,0.07568359375,0.85791015625,0.98828125,0.2109375,0.622981607913971,0.38282831722854394,0.2002346212123349
5,2260,0,task2,MLP,0.119140625,0.88623046875,0.0,0.0,0.0,0.0,1.0,0.0,0.0
5,2260,0,task2,ChevronSlow,0.15283203125,0.89501953125,0.1298828125,0.87939453125,0.89990234375,0.306640625,1.0,0.27904495716138766,0.13165500453226736
5,2260,0,task2,IDLGated,0.123046875,0.89111328125,0.076171875,0.8740234375,0.98388671875,0.2138671875,0.9859359264373779,0.5531804267573455,0.1975360540384487
5,2270,0,task2,MLP,0.1259765625,0.89892578125,0.0,0.0,0.0,0.0,1.0,0.0,0.0
5,2270,0,task2,ChevronSlow,0.16357421875,0.9013671875,0.134765625,0.89111328125,0.6328125,0.57275390625,1.0,0.3567118678714536,0.13791959502825565
5,2270,0,task2,IDLGated,0.126953125,0.9052734375,0.08154296875,0.8720703125,0.97607421875,0.220703125,0.9996981620788574,0.7284163901900134,0.19591196132278613
5,2280,0,task2,MLP,0.134765625,0.908203125,0.0,0.0,0.0,0.0,1.0,0.0,0.0
5,2280,0,task2,ChevronSlow,0.15966796875,0.9072265625,0.13525390625,0.89697265625,0.57177734375,0.63134765625,1.0,0.4291584232975932,0.14184021557707818
5,2280,0,task2,IDLGated,0.14794921875,0.912109375,0.1005859375,0.88916015625,0.96142578125,0.22412109375,0.999993085861206,0.9001625327268078,0.1990235788619143
5,2290,0,task2,MLP,0.134765625,0.91357421875,0.0,0.0,0.0,0.0,1.0,0.0,0.0
5,2290,0,task2,ChevronSlow,0.1572265625,0.91455078125,0.134765625,0.90380859375,0.54052734375,0.666015625,1.0,0.4955691092321534,0.14682989673356342
5,2290,0,task2,IDLGated,0.15087890625,0.91943359375,0.09912109375,0.88720703125,0.947265625,0.22314453125,0.9999997615814209,1.0623816492334104,0.19966326059831857
5,2300,0,task2,MLP,0.125,0.91259765625,0.0,0.0,0.0,0.0,1.0,0.0,0.0
5,2300,0,task2,ChevronSlow,0.138671875,0.9140625,0.12451171875,0.8935546875,0.4853515625,0.708984375,1.0,0.5546228072438601,0.1470051079369096
5,2300,0,task2,IDLGated,0.14208984375,0.9208984375,0.09814453125,0.88232421875,0.93603515625,0.22314453125,1.0,1.211641066570046,0.19849053911695605
5,2310,0,task2,MLP,0.1396484375,0.91162109375,0.0,0.0,0.0,0.0,1.0,0.0,0.0
5,2310,0,task2,ChevronSlow,0.13623046875,0.92041015625,0.12890625,0.908203125,0.47021484375,0.7333984375,1.0,0.6069675250790773,0.14585406849700286
5,2310,0,task2,IDLGated,0.1533203125,0.9248046875,0.11279296875,0.90234375,0.92724609375,0.22509765625,1.0,1.345306822339489,0.19982907916187295
5,2320,0,task2,MLP,0.1455078125,0.9208984375,0.0,0.0,0.0,0.0,1.0,0.0,0.0
5,2320,0,task2,ChevronSlow,0.14208984375,0.9189453125,0.13623046875,0.9208984375,0.45263671875,0.74755859375,1.0,0.6537568555301774,0.14755078109219588
5,2320,0,task2,IDLGated,0.1533203125,0.93115234375,0.12060546875,0.90576171875,0.9208984375,0.2265625,1.0,1.462746703306511,0.19928466881561296
5,2330,0,task2,MLP,0.1533203125,0.923828125,0.0,0.0,0.0,0.0,1.0,0.0,0.0
5,2330,0,task2,ChevronSlow,0.14453125,0.92822265625,0.13916015625,0.92236328125,0.21484375,0.875,1.0,0.6958976054380114,0.15123141642659008
5,2330,0,task2,IDLGated,0.1591796875,0.93310546875,0.12646484375,0.90966796875,0.91455078125,0.23095703125,1.0,1.566698572414007,0.20072952929631885
5,2340,0,task2,MLP,0.150390625,0.92919921875,0.0,0.0,0.0,0.0,1.0,0.0,0.0
5,2340,0,task2,ChevronSlow,0.1484375,0.93310546875,0.14453125,0.92724609375,0.1787109375,0.89453125,1.0,0.7318138212074088,0.15680271241208113
5,2340,0,task2,IDLGated,0.166015625,0.935546875,0.12841796875,0.9130859375,0.9072265625,0.23046875,1.0,1.6555584725768084,0.2034606456437756
5,2350,0,task2,MLP,0.150390625,0.9326171875,0.0,0.0,0.0,0.0,1.0,0.0,0.0
5,2350,0,task2,ChevronSlow,0.1494140625,0.9365234375,0.1474609375,0.93408203125,0.1591796875,0.89501953125,1.0,0.7611596850446776,0.16289291403964795
5,2350,0,task2,IDLGated,0.1689453125,0.9375,0.12890625,0.912109375,0.89892578125,0.232421875,1.0,1.7311997343936891,0.20637886785141776
5,2360,0,task2,MLP,0.15234375,0.93798828125,0.0,0.0,0.0,0.0,1.0,0.0,0.0
5,2360,0,task2,ChevronSlow,0.1435546875,0.939453125,0.14501953125,0.93994140625,0.15234375,0.8955078125,1.0,0.7833000830613842,0.16602260193782842
5,2360,0,task2,IDLGated,0.17138671875,0.94189453125,0.1298828125,0.91748046875,0.89013671875,0.234375,1.0,1.7937627398699874,0.20647670630683226
5,2370,0,task2,MLP,0.15478515625,0.93701171875,0.0,0.0,0.0,0.0,1.0,0.0,0.0
5,2370,0,task2,ChevronSlow,0.14306640625,0.9404296875,0.14453125,0.93994140625,0.1435546875,0.89453125,1.0,0.7996758349672544,0.16705190750624832
5,2370,0,task2,IDLGated,0.1669921875,0.94189453125,0.130859375,0.919921875,0.88525390625,0.234375,1.0,1.8445934228872225,0.20483054444914758
5,2380,0,task2,MLP,0.166015625,0.935546875,0.0,0.0,0.0,0.0,1.0,0.0,0.0
5,2380,0,task2,ChevronSlow,0.15185546875,0.9375,0.1572265625,0.9365234375,0.13671875,0.90625,1.0,0.8116801256268453,0.1680575353361793
5,2380,0,task2,IDLGated,0.1748046875,0.94482421875,0.14208984375,0.9169921875,0.880859375,0.236328125,1.0,1.885775348230457,0.20301872998297918
5,2390,0,task2,MLP,0.16455078125,0.93798828125,0.0,0.0,0.0,0.0,1.0,0.0,0.0
5,2390,0,task2,ChevronSlow,0.16015625,0.9404296875,0.16650390625,0.94775390625,0.13330078125,0.90869140625,1.0,0.8198496034503685,0.1689337463176647
5,2390,0,task2,IDLGated,0.17822265625,0.94580078125,0.15185546875,0.9296875,0.873046875,0.24169921875,1.0,1.9188717772524388,0.20193716559546024
5,2400,0,task2,MLP,0.14990234375,0.93798828125,0.0,0.0,0.0,0.0,1.0,0.0,0.0
5,2400,0,task2,ChevronSlow,0.15185546875,0.9375,0.1591796875,0.9404296875,0.11962890625,0.912109375,1.0,0.8253745319817424,0.1672540278016237
5,2400,0,task2,IDLGated,0.16357421875,0.93896484375,0.142578125,0.919921875,0.86279296875,0.25146484375,1.0,1.9430605527959282,0.19867100964270742
5,2410,0,task2,MLP,0.15380859375,0.94384765625,0.0,0.0,0.0,0.0,1.0,0.0,0.0
5,2410,0,task2,ChevronSlow,0.1552734375,0.9404296875,0.16455078125,0.94677734375,0.119140625,0.91162109375,1.0,0.8296075618798452,0.1683193525314608
5,2410,0,task2,IDLGated,0.173828125,0.94775390625,0.15234375,0.93212890625,0.857421875,0.25341796875,1.0,1.9606003119376592,0.19924245462433998
5,2420,0,end_task2,MLP,0.16162109375,0.94921875,0.0,0.0,0.0,0.0,1.0,0.0,0.0
5,2420,0,end_task2,ChevronSlow,0.16162109375,0.9423828125,0.171875,0.95361328125,0.1201171875,0.91259765625,1.0,0.8324791110586917,0.16995513742390775
5,2420,0,end_task2,IDLGated,0.1796875,0.94921875,0.15869140625,0.93310546875,0.85302734375,0.25927734375,1.0,1.9712021755362905,0.19975449690102043
5,2430,10,task1_return,MLP,0.43115234375,0.7607421875,0.0,0.0,0.0,0.0,1.0,0.0,0.0
5,2430,10,task1_return,ChevronSlow,0.41162109375,0.7919921875,0.419921875,0.7861328125,0.23193359375,0.84130859375,1.0,0.8317878857160046,0.1893559803835796
5,2430,10,task1_return,IDLGated,0.4765625,0.7353515625,0.33251953125,0.8544921875,0.8681640625,0.2265625,1.0,1.972958811434078,0.2203346205371528
5,2440,20,task1_return,MLP,0.91357421875,0.2666015625,0.0,0.0,0.0,0.0,1.0,0.0,0.0
5,2440,20,task1_return,ChevronSlow,0.80078125,0.3984375,0.9208984375,0.27587890625,0.63134765625,0.56591796875,1.0,0.8217149251533032,0.2220654318368181
5,2440,20,task1_return,IDLGated,0.76904296875,0.42333984375,0.71484375,0.4921875,0.9013671875,0.19775390625,1.0,1.9534096006885537,0.2607122501878958
5,2450,30,task1_return,MLP,0.9853515625,0.21484375,0.0,0.0,0.0,0.0,1.0,0.0,0.0
5,2450,30,task1_return,ChevronSlow,0.96533203125,0.19775390625,0.935546875,0.15380859375,0.75439453125,0.44189453125,1.0,0.8105048798238579,0.23788870073113366
5,2450,30,task1_return,IDLGated,0.96875,0.171875,0.8232421875,0.3388671875,0.93994140625,0.18017578125,1.0,1.9068104456863206,0.286389512939264
5,2460,40,task1_return,MLP,0.9658203125,0.1865234375,0.0,0.0,0.0,0.0,1.0,0.0,0.0
5,2460,40,task1_return,ChevronSlow,0.96337890625,0.166015625,0.912109375,0.12841796875,0.9052734375,0.28857421875,1.0,0.807017623224396,0.2370944187905802
5,2460,40,task1_return,IDLGated,0.9580078125,0.171875,0.92041015625,0.2138671875,0.96044921875,0.1728515625,1.0,1.839892241968161,0.29501840400645657
5,2470,50,task1_return,MLP,0.98046875,0.18603515625,0.0,0.0,0.0,0.0,1.0,0.0,0.0
5,2470,50,task1_return,ChevronSlow,0.97509765625,0.17578125,0.9326171875,0.1357421875,0.9423828125,0.2548828125,1.0,0.811491242570577,0.2310581988821892
5,2470,50,task1_return,IDLGated,0.97314453125,0.19189453125,0.94921875,0.2138671875,0.96875,0.18212890625,1.0,1.7606960714024125,0.2950517862180693
5,2480,60,task1_return,MLP,0.986328125,0.20751953125,0.0,0.0,0.0,0.0,1.0,0.0,0.0
5,2480,60,task1_return,ChevronSlow,0.98046875,0.20068359375,0.96142578125,0.171875,0.95263671875,0.25146484375,1.0,0.8205763023482566,0.22610540738089235
5,2480,60,task1_return,IDLGated,0.98583984375,0.21044921875,0.9580078125,0.23046875,0.9775390625,0.19677734375,1.0,1.67343444615212,0.29182685084239723
5,2490,70,task1_return,MLP,0.98095703125,0.216796875,0.0,0.0,0.0,0.0,1.0,0.0,0.0
5,2490,70,task1_return,ChevronSlow,0.97607421875,0.212890625,0.9755859375,0.1953125,0.9560546875,0.25048828125,1.0,0.8309038930919981,0.22204200336594374
5,2490,70,task1_return,IDLGated,0.984375,0.220703125,0.958984375,0.23974609375,0.98046875,0.2041015625,1.0,1.581707998193201,0.2862626527542243
5,2500,80,task1_return,MLP,0.98779296875,0.20849609375,0.0,0.0,0.0,0.0,1.0,0.0,0.0
5,2500,80,task1_return,ChevronSlow,0.97900390625,0.2099609375,0.97705078125,0.19189453125,0.958984375,0.24462890625,1.0,0.8396337046631479,0.21634074149896249
5,2500,80,task1_return,IDLGated,0.98583984375,0.2080078125,0.9794921875,0.21875,0.984375,0.20166015625,1.0,1.4898278615428067,0.27811187581082397
5,2510,90,task1_return,MLP,0.984375,0.19384765625,0.0,0.0,0.0,0.0,1.0,0.0,0.0
5,2510,90,task1_return,ChevronSlow,0.98193359375,0.203125,0.970703125,0.177734375,0.96142578125,0.2412109375,1.0,0.8470804321088418,0.20993296196875713
5,2510,90,task1_return,IDLGated,0.9833984375,0.19873046875,0.9814453125,0.19921875,0.982421875,0.19921875,1.0,1.4028134972144692,0.2706798632304209
5,2520,100,task1_return,MLP,0.98583984375,0.1982421875,0.0,0.0,0.0,0.0,1.0,0.0,0.0
5,2520,100,task1_return,ChevronSlow,0.9794921875,0.2001953125,0.96923828125,0.1787109375,0.9677734375,0.2392578125,1.0,0.8528017909382413,0.20460237959085545
5,2520,100,task1_return,IDLGated,0.986328125,0.20068359375,0.98583984375,0.20166015625,0.98828125,0.20166015625,1.0,1.3208812633757736,0.2638938201508735
5,2530,110,task1_return,MLP,0.9853515625,0.2001953125,0.0,0.0,0.0,0.0,1.0,0.0,0.0
5,2530,110,task1_return,ChevronSlow,0.98046875,0.2001953125,0.970703125,0.1787109375,0.97021484375,0.2353515625,1.0,0.8563560883820414,0.2007449482518586
5,2530,110,task1_return,IDLGated,0.98828125,0.20166015625,0.98388671875,0.20166015625,0.98828125,0.2041015625,1.0,1.2437343348931555,0.2577474585098954
5,2540,120,task1_return,MLP,0.98681640625,0.2021484375,0.0,0.0,0.0,0.0,1.0,0.0,0.0
5,2540,120,task1_return,ChevronSlow,0.982421875,0.205078125,0.9736328125,0.18310546875,0.970703125,0.2353515625,1.0,0.8581620755540348,0.19606574903112772
5,2540,120,task1_return,IDLGated,0.9873046875,0.2021484375,0.986328125,0.19921875,0.98779296875,0.2041015625,1.0,1.1710932228978514,0.25158597225376933
5,2550,130,task1_return,MLP,0.9873046875,0.20556640625,0.0,0.0,0.0,0.0,1.0,0.0,0.0
5,2550,130,task1_return,ChevronSlow,0.98046875,0.20703125,0.974609375,0.18798828125,0.9716796875,0.2373046875,1.0,0.856348854242177,0.1915123937457625
5,2550,130,task1_return,IDLGated,0.98876953125,0.20458984375,0.986328125,0.20654296875,0.9892578125,0.20556640625,0.9999998807907104,1.1026947622500856,0.24468024508533062
5,2560,140,task1_return,MLP,0.9853515625,0.20703125,0.0,0.0,0.0,0.0,1.0,0.0,0.0
5,2560,140,task1_return,ChevronSlow,0.9775390625,0.2099609375,0.974609375,0.1943359375,0.97216796875,0.23681640625,1.0,0.8509577005434829,0.18690039521326898
5,2560,140,task1_return,IDLGated,0.98583984375,0.20849609375,0.98291015625,0.21044921875,0.98779296875,0.20849609375,0.9999996423721313,1.0382911581410736,0.23818429619778475
5,2570,150,task1_return,MLP,0.986328125,0.201171875,0.0,0.0,0.0,0.0,1.0,0.0,0.0
5,2570,150,task1_return,ChevronSlow,0.9814453125,0.20751953125,0.97607421875,0.18994140625,0.97314453125,0.234375,1.0,0.843206652325283,0.18161841713136623
5,2570,150,task1_return,IDLGated,0.98876953125,0.20556640625,0.98583984375,0.2060546875,0.98876953125,0.20556640625,0.9999986886978149,0.977649088378853,0.23207694993979772
5,2580,160,task1_return,MLP,0.98681640625,0.1982421875,0.0,0.0,0.0,0.0,1.0,0.0,0.0
5,2580,160,task1_return,ChevronSlow,0.9833984375,0.20361328125,0.97412109375,0.1865234375,0.97412109375,0.228515625,1.0,0.8327746034998041,0.17745666100074828
5,2580,160,task1_return,IDLGated,0.9873046875,0.20068359375,0.9873046875,0.2001953125,0.98828125,0.2041015625,0.9999955892562866,0.9205488581056924,0.2268080618878582
5,2590,170,task1_return,MLP,0.98681640625,0.2041015625,0.0,0.0,0.0,0.0,1.0,0.0,0.0
5,2590,170,task1_return,ChevronSlow,0.98291015625,0.20458984375,0.97509765625,0.18994140625,0.974609375,0.22802734375,1.0,0.8193974529836335,0.17460147413073812
5,2590,170,task1_return,IDLGated,0.98876953125,0.20361328125,0.990234375,0.20166015625,0.98779296875,0.2041015625,0.9999855756759644,0.8667836038847823,0.22243187330101402
5,2600,180,task1_return,MLP,0.98779296875,0.20703125,0.0,0.0,0.0,0.0,1.0,0.0,0.0
5,2600,180,task1_return,ChevronSlow,0.9794921875,0.20947265625,0.9765625,0.19287109375,0.9736328125,0.22802734375,1.0,0.8033692392329767,0.17230590342243426
5,2600,180,task1_return,IDLGated,0.986328125,0.2080078125,0.982421875,0.20849609375,0.98828125,0.205078125,0.9999561309814453,0.8161585442727577,0.2180600779806623
5,2610,190,task1_return,MLP,0.984375,0.20703125,0.0,0.0,0.0,0.0,1.0,0.0,0.0
5,2610,190,task1_return,ChevronSlow,0.98095703125,0.2109375,0.97509765625,0.19873046875,0.97265625,0.22900390625,1.0,0.7854396762836251,0.1691538974515705
5,2610,190,task1_return,IDLGated,0.98388671875,0.21044921875,0.9755859375,0.2119140625,0.98681640625,0.20703125,0.9998749494552612,0.7684902741630202,0.21279348128235662
5,2620,200,task1_return,MLP,0.98828125,0.205078125,0.0,0.0,0.0,0.0,1.0,0.0,0.0
5,2620,200,task1_return,ChevronSlow,0.9833984375,0.2099609375,0.9794921875,0.19775390625,0.97509765625,0.22705078125,1.0,0.7655968470138182,0.1645566505151734
5,2620,200,task1_return,IDLGated,0.9892578125,0.20703125,0.98974609375,0.20751953125,0.98876953125,0.20556640625,0.9996644258499146,0.723606100343397,0.20672643137161903
5,2630,210,task1_return,MLP,0.9853515625,0.19775390625,0.0,0.0,0.0,0.0,1.0,0.0,0.0
5,2630,210,task1_return,ChevronSlow,0.98193359375,0.203125,0.97412109375,0.189453125,0.974609375,0.22509765625,1.0,0.7444075995094478,0.16052277842765067
5,2630,210,task1_return,IDLGated,0.98828125,0.201171875,0.98779296875,0.19970703125,0.98779296875,0.2041015625,0.9991501569747925,0.6813434158609866,0.20136459525778763
5,2640,220,task1_return,MLP,0.98388671875,0.1962890625,0.0,0.0,0.0,0.0,1.0,0.0,0.0
5,2640,220,task1_return,ChevronSlow,0.97900390625,0.19775390625,0.970703125,0.1845703125,0.974609375,0.22265625,1.0,0.7224858525208755,0.15702213613165084
5,2640,220,task1_return,IDLGated,0.986328125,0.19970703125,0.9853515625,0.19580078125,0.98779296875,0.2021484375,0.9979627132415771,0.641549110927632,0.19681853317408698
5,2650,230,task1_return,MLP,0.98486328125,0.1962890625,0.0,0.0,0.0,0.0,1.0,0.0,0.0
5,2650,230,task1_return,ChevronSlow,0.9814453125,0.201171875,0.97119140625,0.18505859375,0.97412109375,0.22314453125,1.0,0.699872781670698,0.15398698839515687
5,2650,230,task1_return,IDLGated,0.98681640625,0.1982421875,0.986328125,0.19677734375,0.98779296875,0.20068359375,0.9953662157058716,0.604079018231843,0.19219873030703086
5,2660,240,task1_return,MLP,0.9873046875,0.20556640625,0.0,0.0,0.0,0.0,1.0,0.0,0.0
5,2660,240,task1_return,ChevronSlow,0.98095703125,0.20947265625,0.9765625,0.197265625,0.9736328125,0.2236328125,1.0,0.6767470943787492,0.1506941764910542
5,2660,240,task1_return,IDLGated,0.98828125,0.20556640625,0.98681640625,0.20703125,0.98828125,0.20263671875,0.989984393119812,0.5687973906476351,0.18757116372089308
5,2670,250,task1_return,MLP,0.98486328125,0.21484375,0.0,0.0,0.0,0.0,1.0,0.0,0.0
5,2670,250,task1_return,ChevronSlow,0.9794921875,0.2177734375,0.97802734375,0.21142578125,0.97265625,0.22998046875,1.0,0.6523397062925594,0.1484779858131718
5,2670,250,task1_return,IDLGated,0.984375,0.21484375,0.978515625,0.21923828125,0.9873046875,0.21044921875,0.9794207811355591,0.5355764094481242,0.18400068735796926
5,2680,260,end_return,MLP,0.98779296875,0.20751953125,0.0,0.0,0.0,0.0,1.0,0.0,0.0
5,2680,260,end_return,ChevronSlow,0.98193359375,0.2099609375,0.97802734375,0.19921875,0.9736328125,0.22412109375,1.0,0.6260690890967915,0.14418032538310843
5,2680,260,end_return,IDLGated,0.98681640625,0.21044921875,0.9873046875,0.21044921875,0.98828125,0.20849609375,0.9598634839057922,0.5042957212422251,0.17912884555485728
6,0,0,task1_initial,MLP,0.48681640625,0.638671875,0.0,0.0,0.0,0.0,1.0,0.0,0.0
6,0,0,task1_initial,ChevronSlow,0.51318359375,0.361328125,0.51318359375,0.361328125,0.51318359375,0.361328125,1.0,0.0,0.0
6,0,0,task1_initial,IDLGated,0.5537109375,0.32470703125,0.5537109375,0.32470703125,0.5537109375,0.32470703125,1.0,0.0,0.0
6,10,0,task1_initial,MLP,0.86572265625,0.2705078125,0.0,0.0,0.0,0.0,1.0,0.0,0.0
6,10,0,task1_initial,ChevronSlow,0.9072265625,0.28466796875,0.93115234375,0.2607421875,0.724609375,0.35107421875,1.0,0.00041186417552997045,0.020576760709689536
6,10,0,task1_initial,IDLGated,0.86376953125,0.22265625,0.8935546875,0.22314453125,0.791015625,0.21533203125,0.00036598616861738265,0.0003386858998126668,0.019434747212207025
6,20,0,task1_initial,MLP,0.9384765625,0.2158203125,0.0,0.0,0.0,0.0,1.0,0.0,0.0
6,20,0,task1_initial,ChevronSlow,0.9326171875,0.25732421875,0.9306640625,0.24755859375,0.89599609375,0.29638671875,1.0,0.0031194857534839076,0.04096644571069091
6,20,0,task1_initial,IDLGated,0.9296875,0.2353515625,0.93310546875,0.2412109375,0.90185546875,0.212890625,0.0003841162542812526,0.002537222651854471,0.03841882659086381
6,30,0,task1_initial,MLP,0.943359375,0.21435546875,0.0,0.0,0.0,0.0,1.0,0.0,0.0
6,30,0,task1_initial,ChevronSlow,0.93408203125,0.23486328125,0.93408203125,0.22998046875,0.92919921875,0.267578125,1.0,0.01067015970999572,0.06340791260312012
6,30,0,task1_initial,IDLGated,0.9462890625,0.23193359375,0.9443359375,0.23486328125,0.94091796875,0.21337890625,0.000439203780842945,0.008631462089924016,0.05936054310612752
6,40,0,task1_initial,MLP,0.9404296875,0.21435546875,0.0,0.0,0.0,0.0,1.0,0.0,0.0
6,40,0,task1_initial,ChevronSlow,0.9384765625,0.2294921875,0.9384765625,0.22509765625,0.93115234375,0.25439453125,1.0,0.02579793817217073,0.0860504808725057
6,40,0,task1_initial,IDLGated,0.94091796875,0.23046875,0.94140625,0.23193359375,0.94384765625,0.21875,0.0005763815133832395,0.020992530730835596,0.0817682920828506
6,50,0,task1_initial,MLP,0.93994140625,0.22119140625,0.0,0.0,0.0,0.0,1.0,0.0,0.0
6,50,0,task1_initial,ChevronSlow,0.93994140625,0.2197265625,0.9384765625,0.220703125,0.93310546875,0.24951171875,1.0,0.05226528940342617,0.10557266207208175
6,50,0,task1_initial,IDLGated,0.943359375,0.2236328125,0.9423828125,0.22509765625,0.94482421875,0.21630859375,0.0009389547631144524,0.043190744162734454,0.10264646896348022
6,60,0,task1_initial,MLP,0.94384765625,0.21728515625,0.0,0.0,0.0,0.0,1.0,0.0,0.0
6,60,0,task1_initial,ChevronSlow,0.9443359375,0.2109375,0.9453125,0.208984375,0.935546875,0.23828125,1.0,0.09249181895248004,0.11913851198773101
6,60,0,task1_initial,IDLGated,0.9453125,0.2109375,0.94482421875,0.2119140625,0.94970703125,0.20556640625,0.0020064341370016336,0.0777551117203171,0.1181797881677731
6,70,0,task1_initial,MLP,0.9404296875,0.22216796875,0.0,0.0,0.0,0.0,1.0,0.0,0.0
6,70,0,task1_initial,ChevronSlow,0.93798828125,0.2216796875,0.93701171875,0.21923828125,0.93408203125,0.2392578125,1.0,0.14434774620188795,0.12801530578086337
6,70,0,task1_initial,IDLGated,0.94384765625,0.2197265625,0.943359375,0.21923828125,0.94970703125,0.21435546875,0.005482146982103586,0.12360176653285844,0.12986840501147082
6,80,0,task1_initial,MLP,0.94091796875,0.2275390625,0.0,0.0,0.0,0.0,1.0,0.0,0.0
6,80,0,task1_initial,ChevronSlow,0.93994140625,0.22705078125,0.93798828125,0.22509765625,0.93115234375,0.24365234375,1.0,0.2069420308454927,0.13367296200551718
6,80,0,task1_initial,IDLGated,0.94482421875,0.22705078125,0.9423828125,0.2275390625,0.94970703125,0.22607421875,0.018996138125658035,0.1807117814455895,0.1381920636718542
6,90,0,task1_initial,MLP,0.9423828125,0.2314453125,0.0,0.0,0.0,0.0,1.0,0.0,0.0
6,90,0,task1_initial,ChevronSlow,0.94384765625,0.2275390625,0.943359375,0.22509765625,0.93359375,0.24462890625,1.0,0.2776467810531991,0.13607131995037958
6,90,0,task1_initial,IDLGated,0.9462890625,0.22998046875,0.9462890625,0.23046875,0.94677734375,0.22705078125,0.07697523385286331,0.2470830723471924,0.1427259359332002
6,100,0,task1_initial,MLP,0.9423828125,0.2236328125,0.0,0.0,0.0,0.0,1.0,0.0,0.0
6,100,0,task1_initial,ChevronSlow,0.94384765625,0.2197265625,0.94287109375,0.21728515625,0.93408203125,0.23779296875,1.0,0.3523469014390919,0.13782978494213893
6,100,0,task1_initial,IDLGated,0.9482421875,0.21875,0.94775390625,0.2177734375,0.94873046875,0.21923828125,0.2879483699798584,0.3188468530742714,0.14547220532417893
6,110,0,task1_initial,MLP,0.94482421875,0.21923828125,0.0,0.0,0.0,0.0,1.0,0.0,0.0
6,110,0,task1_initial,ChevronSlow,0.94580078125,0.21240234375,0.9443359375,0.208984375,0.93701171875,0.23095703125,1.0,0.42804096962012644,0.13803392333192221
6,110,0,task1_initial,IDLGated,0.94873046875,0.2109375,0.94873046875,0.21044921875,0.94970703125,0.21826171875,0.6736751794815063,0.39294794586838394,0.1466659239132562
6,120,0,task1_initial,MLP,0.94140625,0.216796875,0.0,0.0,0.0,0.0,1.0,0.0,0.0
6,120,0,task1_initial,ChevronSlow,0.93994140625,0.2138671875,0.93896484375,0.21142578125,0.93701171875,0.232421875,1.0,0.5029512251637321,0.1382605409457004
6,120,0,task1_initial,IDLGated,0.947265625,0.212890625,0.94775390625,0.2109375,0.95068359375,0.22216796875,0.914151132106781,0.4675184871061206,0.14777669685114278
6,130,0,task1_initial,MLP,0.94775390625,0.20849609375,0.0,0.0,0.0,0.0,1.0,0.0,0.0
6,130,0,task1_initial,ChevronSlow,0.9501953125,0.20361328125,0.95068359375,0.20068359375,0.94189453125,0.22509765625,1.0,0.5761792159174001,0.13706986303839572
6,130,0,task1_initial,IDLGated,0.953125,0.20361328125,0.953125,0.20166015625,0.953125,0.2109375,0.9818840026855469,0.5414853209104593,0.1471973950545945
6,140,0,task1_initial,MLP,0.9501953125,0.19921875,0.0,0.0,0.0,0.0,1.0,0.0,0.0
6,140,0,task1_initial,ChevronSlow,0.9501953125,0.19580078125,0.94970703125,0.19384765625,0.94580078125,0.216796875,1.0,0.6450154332195537,0.13544174423668037
6,140,0,task1_initial,IDLGated,0.95703125,0.19482421875,0.95654296875,0.1943359375,0.95458984375,0.2060546875,0.9961018562316895,0.6119702585547542,0.14603144120427455
6,150,0,task1_initial,MLP,0.94580078125,0.20654296875,0.0,0.0,0.0,0.0,1.0,0.0,0.0
6,150,0,task1_initial,ChevronSlow,0.947265625,0.20361328125,0.94775390625,0.201171875,0.94482421875,0.22119140625,1.0,0.7088790599330345,0.1351158541300451
6,150,0,task1_initial,IDLGated,0.9521484375,0.2080078125,0.953125,0.20556640625,0.953125,0.21826171875,0.9990899562835693,0.6782307088029452,0.14624688364085575
6,160,0,task1_initial,MLP,0.94580078125,0.22509765625,0.0,0.0,0.0,0.0,1.0,0.0,0.0
6,160,0,task1_initial,ChevronSlow,0.94921875,0.2216796875,0.947265625,0.21875,0.94091796875,0.234375,1.0,0.7683293256129826,0.13503432214818534
6,160,0,task1_initial,IDLGated,0.95556640625,0.22265625,0.95556640625,0.2216796875,0.95263671875,0.22900390625,0.9997697472572327,0.740724901281751,0.14670344719232414
6,170,0,task1_initial,MLP,0.94873046875,0.21826171875,0.0,0.0,0.0,0.0,1.0,0.0,0.0
6,170,0,task1_initial,ChevronSlow,0.9521484375,0.20849609375,0.9521484375,0.20361328125,0.94384765625,0.2275390625,1.0,0.8231272362736737,0.13538911463906575
6,170,0,task1_initial,IDLGated,0.95751953125,0.20556640625,0.95849609375,0.203125,0.955078125,0.22265625,0.9999361038208008,0.7990046024852782,0.1471829429502439
6,180,0,task1_initial,MLP,0.94873046875,0.19921875,0.0,0.0,0.0,0.0,1.0,0.0,0.0
6,180,0,task1_initial,ChevronSlow,0.95458984375,0.18896484375,0.95458984375,0.1826171875,0.9501953125,0.21875,1.0,0.8726510240294154,0.13567566611476845
6,180,0,task1_initial,IDLGated,0.9599609375,0.185546875,0.9609375,0.18017578125,0.953125,0.21533203125,0.9999802112579346,0.8523938213899571,0.14759351566795037
6,190,0,task1_initial,MLP,0.94873046875,0.2158203125,0.0,0.0,0.0,0.0,1.0,0.0,0.0
6,190,0,task1_initial,ChevronSlow,0.95166015625,0.2109375,0.951171875,0.20654296875,0.9501953125,0.2333984375,1.0,0.9163598911657796,0.13504533124073764
6,190,0,task1_initial,IDLGated,0.95947265625,0.21435546875,0.96044921875,0.2119140625,0.95263671875,0.23046875,0.999993085861206,0.9003327521586034,0.1472252089372103
6,200,0,task1_initial,MLP,0.95068359375,0.2275390625,0.0,0.0,0.0,0.0,1.0,0.0,0.0
6,200,0,task1_initial,ChevronSlow,0.95458984375,0.22314453125,0.95361328125,0.2177734375,0.94580078125,0.23876953125,1.0,0.9551553871292167,0.13363255620010928
6,200,0,task1_initial,IDLGated,0.96142578125,0.22314453125,0.96044921875,0.22021484375,0.9521484375,0.236328125,0.9999973773956299,0.9436408466027785,0.14600283276818915
6,210,0,task1_initial,MLP,0.95068359375,0.22509765625,0.0,0.0,0.0,0.0,1.0,0.0,0.0
6,210,0,task1_initial,ChevronSlow,0.9541015625,0.21484375,0.95458984375,0.21044921875,0.94873046875,0.2373046875,1.0,0.9887592814668069,0.13168698297936388
6,210,0,task1_initial,IDLGated,0.9638671875,0.2099609375,0.96435546875,0.20703125,0.9541015625,0.23193359375,0.9999988079071045,0.9817592697534385,0.144308504343035
6,220,0,task1_initial,MLP,0.95263671875,0.216796875,0.0,0.0,0.0,0.0,1.0,0.0,0.0
6,220,0,task1_initial,ChevronSlow,0.95703125,0.205078125,0.9580078125,0.19970703125,0.951171875,0.234375,1.0,1.0173239681849253,0.13065914971574366
6,220,0,task1_initial,IDLGated,0.9658203125,0.2041015625,0.9716796875,0.197265625,0.9541015625,0.22998046875,0.9999994039535522,1.0149606241457734,0.14350399202835823
6,230,0,task1_initial,MLP,0.95263671875,0.20849609375,0.0,0.0,0.0,0.0,1.0,0.0,0.0
6,230,0,task1_initial,ChevronSlow,0.95703125,0.19970703125,0.9599609375,0.19140625,0.9482421875,0.23095703125,1.0,1.0410209757494115,0.1310986492742758
6,230,0,task1_initial,IDLGated,0.9677734375,0.1982421875,0.9697265625,0.19482421875,0.95263671875,0.23046875,0.9999997615814209,1.0435266085179202,0.14385732735713117
6,240,0,task1_initial,MLP,0.9541015625,0.2099609375,0.0,0.0,0.0,0.0,1.0,0.0,0.0
6,240,0,task1_initial,ChevronSlow,0.9599609375,0.20263671875,0.96044921875,0.1923828125,0.951171875,0.232421875,1.0,1.0609932867594034,0.1310486040871056
6,240,0,task1_initial,IDLGated,0.97265625,0.20068359375,0.9736328125,0.19677734375,0.95556640625,0.22900390625,0.9999998807907104,1.0684378236072316,0.1434341163215083
6,250,0,task1_initial,MLP,0.95654296875,0.21337890625,0.0,0.0,0.0,0.0,1.0,0.0,0.0
6,250,0,task1_initial,ChevronSlow,0.95849609375,0.20849609375,0.9609375,0.20068359375,0.94921875,0.23486328125,1.0,1.0778572212704958,0.13001444316552527
6,250,0,task1_initial,IDLGated,0.9716796875,0.20166015625,0.9755859375,0.19970703125,0.9560546875,0.22998046875,0.9999998807907104,1.090113648932944,0.14203399346162038
6,260,0,task1_initial,MLP,0.9560546875,0.2109375,0.0,0.0,0.0,0.0,1.0,0.0,0.0
6,260,0,task1_initial,ChevronSlow,0.9619140625,0.201171875,0.96728515625,0.19287109375,0.9521484375,0.2294921875,1.0,1.0914393140549872,0.12916352743060439
6,260,0,task1_initial,IDLGated,0.9755859375,0.1982421875,0.978515625,0.19384765625,0.95849609375,0.224609375,0.9999998807907104,1.1082256345907493,0.14080286273223017
6,270,0,task1_initial,MLP,0.95849609375,0.2109375,0.0,0.0,0.0,0.0,1.0,0.0,0.0
6,270,0,task1_initial,ChevronSlow,0.9638671875,0.20068359375,0.96923828125,0.1943359375,0.95263671875,0.23095703125,1.0,1.1013567306991652,0.12916999701090473
6,270,0,task1_initial,IDLGated,0.9765625,0.20263671875,0.97900390625,0.19921875,0.95703125,0.22900390625,1.0,1.1224075208969737,0.14031086426813927
6,280,0,task1_initial,MLP,0.95849609375,0.21044921875,0.0,0.0,0.0,0.0,1.0,0.0,0.0
6,280,0,task1_initial,ChevronSlow,0.96630859375,0.20458984375,0.9716796875,0.19677734375,0.955078125,0.2294921875,1.0,1.1080662579022502,0.12941719729841955
6,280,0,task1_initial,IDLGated,0.97802734375,0.2021484375,0.98095703125,0.19970703125,0.958984375,0.2294921875,1.0,1.1329955394685203,0.14015567828003977
6,290,0,task1_initial,MLP,0.96044921875,0.21875,0.0,0.0,0.0,0.0,1.0,0.0,0.0
6,290,0,task1_initial,ChevronSlow,0.96728515625,0.21142578125,0.970703125,0.2041015625,0.95556640625,0.23291015625,1.0,1.1127778869292366,0.12882961671115334
6,290,0,task1_initial,IDLGated,0.97705078125,0.2080078125,0.98046875,0.205078125,0.9609375,0.23046875,1.0,1.1410843451649675,0.1392548547291767
6,300,0,task1_initial,MLP,0.96044921875,0.21533203125,0.0,0.0,0.0,0.0,1.0,0.0,0.0
6,300,0,task1_initial,ChevronSlow,0.970703125,0.205078125,0.9736328125,0.19873046875,0.955078125,0.23046875,1.0,1.1150266516594964,0.12875022483504295
6,300,0,task1_initial,IDLGated,0.97998046875,0.20556640625,0.98388671875,0.20263671875,0.9619140625,0.228515625,1.0,1.1464072534328809,0.13899483031710588
6,310,0,task1_initial,MLP,0.96142578125,0.20654296875,0.0,0.0,0.0,0.0,1.0,0.0,0.0
6,310,0,task1_initial,ChevronSlow,0.97509765625,0.1982421875,0.978515625,0.193359375,0.95849609375,0.228515625,1.0,1.1152770925170874,0.12874455475361077
6,310,0,task1_initial,IDLGated,0.98388671875,0.20166015625,0.98486328125,0.19677734375,0.9658203125,0.22265625,1.0,1.149436712386512,0.1384879010907576
6,320,0,task1_initial,MLP,0.9638671875,0.21826171875,0.0,0.0,0.0,0.0,1.0,0.0,0.0
6,320,0,task1_initial,ChevronSlow,0.9697265625,0.21533203125,0.97607421875,0.208984375,0.95458984375,0.236328125,1.0,1.113085836234068,0.1283385799324438
6,320,0,task1_initial,IDLGated,0.97607421875,0.216796875,0.9794921875,0.21142578125,0.96142578125,0.23388671875,1.0,1.1496857137525465,0.1372358348122277
6,330,0,task1_initial,MLP,0.95703125,0.21142578125,0.0,0.0,0.0,0.0,1.0,0.0,0.0
6,330,0,task1_initial,ChevronSlow,0.96240234375,0.21044921875,0.96240234375,0.20263671875,0.95166015625,0.23583984375,1.0,1.1090430162633755,0.12823635288038554
6,330,0,task1_initial,IDLGated,0.96826171875,0.20947265625,0.96533203125,0.20361328125,0.9609375,0.234375,1.0,1.1475914777660032,0.1369927594386696
6,340,0,task1_initial,MLP,0.96826171875,0.20849609375,0.0,0.0,0.0,0.0,1.0,0.0,0.0
6,340,0,task1_initial,ChevronSlow,0.9794921875,0.2001953125,0.9814453125,0.19677734375,0.95751953125,0.22900390625,1.0,1.1041384025101917,0.12769788408171312
6,340,0,task1_initial,IDLGated,0.98583984375,0.20263671875,0.98486328125,0.197265625,0.96533203125,0.224609375,1.0,1.1440767739152933,0.13541380839565154
6,350,0,task1_initial,MLP,0.9697265625,0.20361328125,0.0,0.0,0.0,0.0,1.0,0.0,0.0
6,350,0,task1_initial,ChevronSlow,0.9794921875,0.201171875,0.984375,0.19677734375,0.958984375,0.22705078125,1.0,1.0989700337789898,0.12744147906591344
6,350,0,task1_initial,IDLGated,0.98681640625,0.201171875,0.98828125,0.19580078125,0.9677734375,0.22119140625,1.0,1.1396926876061675,0.13444816985248687
6,360,0,task1_initial,MLP,0.9716796875,0.197265625,0.0,0.0,0.0,0.0,1.0,0.0,0.0
6,360,0,task1_initial,ChevronSlow,0.9814453125,0.19921875,0.9814453125,0.19384765625,0.958984375,0.22412109375,1.0,1.0928163468695944,0.1268788152295312
6,360,0,task1_initial,IDLGated,0.9853515625,0.20263671875,0.98779296875,0.19775390625,0.96875,0.22021484375,1.0,1.1337150719117886,0.133431463526536
6,370,0,task1_initial,MLP,0.9736328125,0.19775390625,0.0,0.0,0.0,0.0,1.0,0.0,0.0
6,370,0,task1_initial,ChevronSlow,0.982421875,0.2001953125,0.986328125,0.193359375,0.9619140625,0.22265625,1.0,1.0863806755077439,0.12633602947510889
6,370,0,task1_initial,IDLGated,0.98974609375,0.19970703125,0.98876953125,0.19189453125,0.9716796875,0.21923828125,1.0,1.1268327628975907,0.13225966094613614
6,380,0,task1_initial,MLP,0.9736328125,0.20263671875,0.0,0.0,0.0,0.0,1.0,0.0,0.0
6,380,0,task1_initial,ChevronSlow,0.98388671875,0.19677734375,0.98681640625,0.1904296875,0.96630859375,0.2197265625,1.0,1.0792916580436864,0.1259516318432323
6,380,0,task1_initial,IDLGated,0.98828125,0.19677734375,0.9892578125,0.1904296875,0.9736328125,0.21826171875,1.0,1.11869980477096,0.13133645134252303
6,390,0,task1_initial,MLP,0.97265625,0.21044921875,0.0,0.0,0.0,0.0,1.0,0.0,0.0
6,390,0,task1_initial,ChevronSlow,0.978515625,0.20703125,0.98291015625,0.201171875,0.96484375,0.22265625,1.0,1.0711301509425084,0.12478098079287572
6,390,0,task1_initial,IDLGated,0.98388671875,0.2060546875,0.986328125,0.203125,0.97265625,0.2216796875,0.9999998807907104,1.108956990555102,0.12971521010933285
6,400,0,task1_initial,MLP,0.9755859375,0.2080078125,0.0,0.0,0.0,0.0,1.0,0.0,0.0
6,400,0,task1_initial,ChevronSlow,0.98046875,0.20703125,0.9853515625,0.20458984375,0.962890625,0.22412109375,1.0,1.061413617695274,0.12422085061097339
6,400,0,task1_initial,IDLGated,0.98583984375,0.2060546875,0.9892578125,0.20263671875,0.97119140625,0.22021484375,0.9999998807907104,1.0972385628148107,0.12893524148474003
6,410,0,task1_initial,MLP,0.97265625,0.220703125,0.0,0.0,0.0,0.0,1.0,0.0,0.0
6,410,0,task1_initial,ChevronSlow,0.97607421875,0.2177734375,0.9794921875,0.21484375,0.96435546875,0.2236328125,1.0,1.050721629956765,0.12354600171728959
6,410,0,task1_initial,IDLGated,0.97998046875,0.212890625,0.9814453125,0.2099609375,0.9716796875,0.2236328125,0.9999998807907104,1.0841316153726994,0.1276256784469241
6,420,0,task1_initial,MLP,0.97607421875,0.20947265625,0.0,0.0,0.0,0.0,1.0,0.0,0.0
6,420,0,task1_initial,ChevronSlow,0.98046875,0.20703125,0.982421875,0.20263671875,0.96875,0.21826171875,1.0,1.0384430018828286,0.12307485327564568
6,420,0,task1_initial,IDLGated,0.98388671875,0.20458984375,0.98681640625,0.2021484375,0.9755859375,0.216796875,0.9999998807907104,1.0692737415532778,0.12687586713879231
6,430,0,task1_initial,MLP,0.9814453125,0.19140625,0.0,0.0,0.0,0.0,1.0,0.0,0.0
6,430,0,task1_initial,ChevronSlow,0.9873046875,0.19140625,0.986328125,0.18359375,0.97412109375,0.208984375,1.0,1.0251189885444942,0.12224276740367508
6,430,0,task1_initial,IDLGated,0.9892578125,0.19140625,0.986328125,0.18359375,0.97998046875,0.20849609375,0.9999997615814209,1.0531703581120497,0.1259681684579667
6,440,0,task1_initial,MLP,0.98095703125,0.19921875,0.0,0.0,0.0,0.0,1.0,0.0,0.0
6,440,0,task1_initial,ChevronSlow,0.98193359375,0.19873046875,0.9814453125,0.19677734375,0.9716796875,0.2099609375,1.0,1.0104104816272497,0.12193239698521904
6,440,0,task1_initial,IDLGated,0.98388671875,0.20068359375,0.9814453125,0.1962890625,0.97802734375,0.2099609375,0.9999996423721313,1.0355375426411728,0.12533382375709262
6,450,0,task1_initial,MLP,0.974609375,0.20849609375,0.0,0.0,0.0,0.0,1.0,0.0,0.0
6,450,0,task1_initial,ChevronSlow,0.98095703125,0.2080078125,0.98193359375,0.2060546875,0.9697265625,0.216796875,1.0,0.9951322423501645,0.12173246505123447
6,450,0,task1_initial,IDLGated,0.98486328125,0.20703125,0.98291015625,0.20556640625,0.9765625,0.21533203125,0.9999995231628418,1.0171920518435373,0.12469995392198363
6,460,0,task1_initial,MLP,0.9814453125,0.20361328125,0.0,0.0,0.0,0.0,1.0,0.0,0.0
6,460,0,task1_initial,ChevronSlow,0.98388671875,0.205078125,0.98583984375,0.20166015625,0.97509765625,0.2138671875,1.0,0.9794882966795593,0.1209539655810719
6,460,0,task1_initial,IDLGated,0.98681640625,0.20361328125,0.9892578125,0.20263671875,0.978515625,0.2138671875,0.9999991655349731,0.9983080422212331,0.12337010328503212
6,470,0,task1_initial,MLP,0.98291015625,0.2001953125,0.0,0.0,0.0,0.0,1.0,0.0,0.0
6,470,0,task1_initial,ChevronSlow,0.9853515625,0.20068359375,0.98681640625,0.19775390625,0.97802734375,0.20849609375,1.0,0.9632416565658574,0.11966418403791035
6,470,0,task1_initial,IDLGated,0.98974609375,0.201171875,0.98876953125,0.197265625,0.9794921875,0.20947265625,0.9999988079071045,0.9786473408653714,0.12178117656935762
6,480,0,task1_initial,MLP,0.9794921875,0.20947265625,0.0,0.0,0.0,0.0,1.0,0.0,0.0
6,480,0,task1_initial,ChevronSlow,0.9833984375,0.2060546875,0.98486328125,0.20263671875,0.97509765625,0.21240234375,1.0,0.9460132985589969,0.11884809758802607
6,480,0,task1_initial,IDLGated,0.9873046875,0.20458984375,0.99072265625,0.20263671875,0.9794921875,0.21337890625,0.9999980926513672,0.9579054275020191,0.12042683821299824
6,490,0,task1_initial,MLP,0.9755859375,0.22021484375,0.0,0.0,0.0,0.0,1.0,0.0,0.0
6,490,0,task1_initial,ChevronSlow,0.9765625,0.2158203125,0.97900390625,0.21484375,0.9736328125,0.21875,1.0,0.9275900079254248,0.11811991877148516
6,490,0,task1_initial,IDLGated,0.98095703125,0.212890625,0.9814453125,0.2099609375,0.9765625,0.21728515625,0.9999969005584717,0.9359720686204186,0.11903252569848286
6,500,0,task1_initial,MLP,0.984375,0.19970703125,0.0,0.0,0.0,0.0,1.0,0.0,0.0
6,500,0,task1_initial,ChevronSlow,0.9873046875,0.20068359375,0.98779296875,0.19677734375,0.97998046875,0.20751953125,1.0,0.9085732520266744,0.11719733912012456
6,500,0,task1_initial,IDLGated,0.98876953125,0.19873046875,0.98779296875,0.19580078125,0.98046875,0.2099609375,0.9999948740005493,0.9132943818060583,0.11849346565777079
6,510,0,task1_initial,MLP,0.98583984375,0.20361328125,0.0,0.0,0.0,0.0,1.0,0.0,0.0
6,510,0,task1_initial,ChevronSlow,0.98486328125,0.2001953125,0.9853515625,0.19677734375,0.98046875,0.20654296875,1.0,0.8888613981589346,0.11630149620482558
6,510,0,task1_initial,IDLGated,0.98779296875,0.19970703125,0.98583984375,0.19677734375,0.9814453125,0.2080078125,0.9999914169311523,0.8900950575758613,0.11745662686877636
6,520,0,task1_initial,MLP,0.98095703125,0.2119140625,0.0,0.0,0.0,0.0,1.0,0.0,0.0
6,520,0,task1_initial,ChevronSlow,0.98193359375,0.2099609375,0.982421875,0.2080078125,0.97705078125,0.21484375,1.0,0.8683040530270949,0.1152363118211184
6,520,0,task1_initial,IDLGated,0.98291015625,0.2080078125,0.984375,0.20654296875,0.97998046875,0.21435546875,0.9999854564666748,0.8662724981130288,0.11586044498636665
6,530,0,task1_initial,MLP,0.98291015625,0.20263671875,0.0,0.0,0.0,0.0,1.0,0.0,0.0
6,530,0,task1_initial,ChevronSlow,0.9853515625,0.20556640625,0.98388671875,0.20458984375,0.9814453125,0.208984375,1.0,0.8474015985666727,0.11454355417735572
6,530,0,task1_initial,IDLGated,0.9892578125,0.20361328125,0.9873046875,0.201171875,0.98193359375,0.20849609375,0.9999752044677734,0.8421026376288125,0.11538369555550605
6,540,0,task1_initial,MLP,0.98046875,0.19580078125,0.0,0.0,0.0,0.0,1.0,0.0,0.0
6,540,0,task1_initial,ChevronSlow,0.98193359375,0.19873046875,0.97998046875,0.19580078125,0.98193359375,0.20458984375,1.0,0.8263945788589202,0.1136890218765695
6,540,0,task1_initial,IDLGated,0.98193359375,0.19580078125,0.97998046875,0.19091796875,0.98779296875,0.203125,0.9999579191207886,0.8179727562797096,0.11446568667658931
6,550,0,task1_initial,MLP,0.984375,0.20361328125,0.0,0.0,0.0,0.0,1.0,0.0,0.0
6,550,0,task1_initial,ChevronSlow,0.984375,0.2021484375,0.9833984375,0.19970703125,0.982421875,0.20556640625,1.0,0.8056910753808664,0.11192266308913844
6,550,0,task1_initial,IDLGated,0.986328125,0.201171875,0.9853515625,0.2001953125,0.98583984375,0.205078125,0.9999290704727173,0.7942698761146201,0.11236837101485042
6,560,0,task1_initial,MLP,0.984375,0.201171875,0.0,0.0,0.0,0.0,1.0,0.0,0.0
6,560,0,task1_initial,ChevronSlow,0.98583984375,0.19970703125,0.98583984375,0.1982421875,0.98388671875,0.205078125,1.0,0.7842306386830962,0.11055522829106568
6,560,0,task1_initial,IDLGated,0.98828125,0.201171875,0.98828125,0.19921875,0.9873046875,0.20361328125,0.9998787641525269,0.7699202146208182,0.11083959258285861
6,570,0,task1_initial,MLP,0.9833984375,0.2080078125,0.0,0.0,0.0,0.0,1.0,0.0,0.0
6,570,0,task1_initial,ChevronSlow,0.98388671875,0.20849609375,0.98486328125,0.2099609375,0.9794921875,0.20703125,1.0,0.7617689899184368,0.1097172976481139
6,570,0,task1_initial,IDLGated,0.98681640625,0.20947265625,0.9853515625,0.208984375,0.98486328125,0.208984375,0.9997891783714294,0.7447349967109619,0.10987052996781405
6,580,0,task1_initial,MLP,0.97998046875,0.2099609375,0.0,0.0,0.0,0.0,1.0,0.0,0.0
6,580,0,task1_initial,ChevronSlow,0.98193359375,0.20703125,0.98291015625,0.20849609375,0.982421875,0.2080078125,1.0,0.7385028957324552,0.10820369111864792
6,580,0,task1_initial,IDLGated,0.98583984375,0.20751953125,0.986328125,0.20654296875,0.98291015625,0.20947265625,0.9996278285980225,0.7189055398841173,0.10795047168947117
6,590,0,task1_initial,MLP,0.984375,0.19921875,0.0,0.0,0.0,0.0,1.0,0.0,0.0
6,590,0,task1_initial,ChevronSlow,0.98583984375,0.20068359375,0.98583984375,0.19873046875,0.9853515625,0.20458984375,1.0,0.7144814052981262,0.1068552733604354
6,590,0,task1_initial,IDLGated,0.98828125,0.19921875,0.98681640625,0.1982421875,0.98876953125,0.20263671875,0.9993327260017395,0.6923479550728457,0.10698437951308425
6,600,0,task1_initial,MLP,0.9794921875,0.19873046875,0.0,0.0,0.0,0.0,1.0,0.0,0.0
6,600,0,task1_initial,ChevronSlow,0.9814453125,0.2001953125,0.98046875,0.201171875,0.98388671875,0.2041015625,1.0,0.6895791755489621,0.10568611744410512
6,600,0,task1_initial,IDLGated,0.9833984375,0.19873046875,0.982421875,0.19873046875,0.98779296875,0.2041015625,0.998785674571991,0.6651044977956247,0.1058712103153087
6,610,0,task1_initial,MLP,0.98095703125,0.20166015625,0.0,0.0,0.0,0.0,1.0,0.0,0.0
6,610,0,task1_initial,ChevronSlow,0.98046875,0.201171875,0.97998046875,0.20166015625,0.982421875,0.20361328125,1.0,0.6637407089022506,0.10461827829930584
6,610,0,task1_initial,IDLGated,0.98291015625,0.20166015625,0.98193359375,0.201171875,0.9873046875,0.20556640625,0.9977589845657349,0.6372099107516923,0.10456174445003016
6,620,0,task1_initial,MLP,0.982421875,0.2080078125,0.0,0.0,0.0,0.0,1.0,0.0,0.0
6,620,0,task1_initial,ChevronSlow,0.9833984375,0.20556640625,0.98291015625,0.2080078125,0.98388671875,0.2041015625,1.0,0.6374419713836452,0.1033948542116423
6,620,0,task1_initial,IDLGated,0.984375,0.2060546875,0.98388671875,0.20556640625,0.98486328125,0.20556640625,0.9958339929580688,0.6089382504939148,0.10267251623805967
6,630,0,task1_initial,MLP,0.98193359375,0.20849609375,0.0,0.0,0.0,0.0,1.0,0.0,0.0
6,630,0,task1_initial,ChevronSlow,0.9814453125,0.2099609375,0.98046875,0.2099609375,0.982421875,0.2060546875,1.0,0.6115624271802854,0.1023621707650381
6,630,0,task1_initial,IDLGated,0.98291015625,0.20751953125,0.982421875,0.20751953125,0.9833984375,0.2080078125,0.9923387765884399,0.5810859554575161,0.1014237383551745
6,640,0,task1_initial,MLP,0.98193359375,0.2001953125,0.0,0.0,0.0,0.0,1.0,0.0,0.0
6,640,0,task1_initial,ChevronSlow,0.98388671875,0.203125,0.98291015625,0.2021484375,0.98486328125,0.20654296875,1.0,0.5865650319035308,0.10107504975741845
6,640,0,task1_initial,IDLGated,0.986328125,0.203125,0.984375,0.19873046875,0.98828125,0.20458984375,0.9862577319145203,0.5542472541247286,0.1005505424021073
6,650,0,task1_initial,MLP,0.98095703125,0.21533203125,0.0,0.0,0.0,0.0,1.0,0.0,0.0
6,650,0,task1_initial,ChevronSlow,0.98193359375,0.2080078125,0.98291015625,0.20849609375,0.98046875,0.20849609375,1.0,0.5624365857968446,0.09965632214183247
6,650,0,task1_initial,IDLGated,0.984375,0.2080078125,0.98486328125,0.20654296875,0.9833984375,0.20947265625,0.9760273694992065,0.5284808767663056,0.0989317875909849
6,660,0,task1_initial,MLP,0.98095703125,0.20947265625,0.0,0.0,0.0,0.0,1.0,0.0,0.0
6,660,0,task1_initial,ChevronSlow,0.9814453125,0.2080078125,0.98193359375,0.20751953125,0.98095703125,0.2119140625,1.0,0.5383449560498654,0.09776688390750797
6,660,0,task1_initial,IDLGated,0.9833984375,0.20654296875,0.9853515625,0.20556640625,0.98095703125,0.208984375,0.9586912393569946,0.5029315512492221,0.0974958089400875
6,670,0,task1_initial,MLP,0.990234375,0.203125,0.0,0.0,0.0,0.0,1.0,0.0,0.0
6,670,0,task1_initial,ChevronSlow,0.986328125,0.20458984375,0.98779296875,0.20361328125,0.9814453125,0.20947265625,1.0,0.513164767572193,0.09631670097763077
6,670,0,task1_initial,IDLGated,0.98828125,0.2041015625,0.990234375,0.20166015625,0.98291015625,0.208984375,0.9284170269966125,0.47648292462761643,0.09635740489655768
6,680,0,task1_initial,MLP,0.984375,0.201171875,0.0,0.0,0.0,0.0,1.0,0.0,0.0
6,680,0,task1_initial,ChevronSlow,0.984375,0.20263671875,0.98193359375,0.20166015625,0.982421875,0.20654296875,1.0,0.4870605527278784,0.09562943874287705
6,680,0,task1_initial,IDLGated,0.98876953125,0.2021484375,0.98388671875,0.19970703125,0.98583984375,0.20703125,0.8772268295288086,0.44938304933496065,0.09565873996855073
6,690,0,task1_initial,MLP,0.9853515625,0.203125,0.0,0.0,0.0,0.0,1.0,0.0,0.0
6,690,0,task1_initial,ChevronSlow,0.9833984375,0.2021484375,0.97998046875,0.20166015625,0.98486328125,0.205078125,1.0,0.46118808654911947,0.09483011633192825
6,690,0,task1_initial,IDLGated,0.98779296875,0.201171875,0.98388671875,0.19921875,0.98876953125,0.20458984375,0.8004527688026428,0.4231421058554312,0.09477020406925973
6,700,0,task1_initial,MLP,0.9892578125,0.197265625,0.0,0.0,0.0,0.0,1.0,0.0,0.0
6,700,0,task1_initial,ChevronSlow,0.98974609375,0.19873046875,0.9873046875,0.197265625,0.9853515625,0.20263671875,1.0,0.43576329968128724,0.09360281430245611
6,700,0,task1_initial,IDLGated,0.9912109375,0.19873046875,0.99072265625,0.19580078125,0.9873046875,0.20263671875,0.6996057033538818,0.39842821620952557,0.09341130907365021
6,710,0,task1_initial,MLP,0.98876953125,0.2021484375,0.0,0.0,0.0,0.0,1.0,0.0,0.0
6,710,0,task1_initial,ChevronSlow,0.986328125,0.2021484375,0.986328125,0.2021484375,0.984375,0.205078125,1.0,0.4110410561827686,0.09302661460218208
6,710,0,task1_initial,IDLGated,0.98779296875,0.20166015625,0.98876953125,0.20068359375,0.9853515625,0.2041015625,0.5826035737991333,0.3751577573472222,0.09264332258703453
6,720,0,task1_initial,MLP,0.990234375,0.2001953125,0.0,0.0,0.0,0.0,1.0,0.0,0.0
6,720,0,task1_initial,ChevronSlow,0.98828125,0.201171875,0.98779296875,0.201171875,0.986328125,0.20263671875,1.0,0.3872847111310115,0.09221813369557308
6,720,0,task1_initial,IDLGated,0.990234375,0.19970703125,0.99072265625,0.19921875,0.98828125,0.20166015625,0.4629235565662384,0.35324642475567813,0.0919275667733771
6,730,0,task1_initial,MLP,0.98583984375,0.1962890625,0.0,0.0,0.0,0.0,1.0,0.0,0.0
6,730,0,task1_initial,ChevronSlow,0.9873046875,0.19482421875,0.9853515625,0.1923828125,0.98876953125,0.19921875,1.0,0.36466509592375446,0.09162998147202224
6,730,0,task1_initial,IDLGated,0.9892578125,0.19482421875,0.98779296875,0.193359375,0.9892578125,0.19873046875,0.3537779748439789,0.3326148377819033,0.09148450356396803
6,740,0,task1_initial,MLP,0.98486328125,0.20166015625,0.0,0.0,0.0,0.0,1.0,0.0,0.0
6,740,0,task1_initial,ChevronSlow,0.9814453125,0.20263671875,0.97998046875,0.201171875,0.98486328125,0.20263671875,1.0,0.34336659404067227,0.0910633315289572
6,740,0,task1_initial,IDLGated,0.98486328125,0.19970703125,0.98388671875,0.20068359375,0.98681640625,0.20263671875,0.26311153173446655,0.3131882520515264,0.0908547527852647
6,750,0,task1_initial,MLP,0.984375,0.2001953125,0.0,0.0,0.0,0.0,1.0,0.0,0.0
6,750,0,task1_initial,ChevronSlow,0.982421875,0.2021484375,0.9814453125,0.20263671875,0.98486328125,0.201171875,1.0,0.3233120449996205,0.08981750046551666
6,750,0,task1_initial,IDLGated,0.986328125,0.20166015625,0.98583984375,0.20263671875,0.986328125,0.2001953125,0.1927434206008911,0.29489628868392903,0.08957183456692681
6,760,0,task1_initial,MLP,0.9873046875,0.2060546875,0.0,0.0,0.0,0.0,1.0,0.0,0.0
6,760,0,task1_initial,ChevronSlow,0.984375,0.20751953125,0.984375,0.208984375,0.98681640625,0.20263671875,1.0,0.3044287949265526,0.08897789779591117
6,760,0,task1_initial,IDLGated,0.98974609375,0.205078125,0.990234375,0.20556640625,0.9892578125,0.203125,0.1404930204153061,0.27767267932274736,0.08867093698343102
6,770,0,task1_initial,MLP,0.98388671875,0.2060546875,0.0,0.0,0.0,0.0,1.0,0.0,0.0
6,770,0,task1_initial,ChevronSlow,0.98388671875,0.20654296875,0.9833984375,0.20947265625,0.98779296875,0.203125,1.0,0.28664843334414525,0.08775719933552999
6,770,0,task1_initial,IDLGated,0.9853515625,0.205078125,0.98388671875,0.20751953125,0.990234375,0.2021484375,0.1026621013879776,0.26145502605803095,0.08744817667005675
6,780,0,task1_initial,MLP,0.98779296875,0.20263671875,0.0,0.0,0.0,0.0,1.0,0.0,0.0
6,780,0,task1_initial,ChevronSlow,0.98486328125,0.20361328125,0.98388671875,0.205078125,0.98779296875,0.2021484375,1.0,0.26990654533345576,0.08645071839144869
6,780,0,task1_initial,IDLGated,0.986328125,0.20263671875,0.9853515625,0.20458984375,0.990234375,0.201171875,0.07558247447013855,0.24618457537030577,0.08656164677377134
6,790,0,task1_initial,MLP,0.98486328125,0.20703125,0.0,0.0,0.0,0.0,1.0,0.0,0.0
6,790,0,task1_initial,ChevronSlow,0.98388671875,0.20458984375,0.984375,0.20703125,0.9873046875,0.203125,1.0,0.2541424781707384,0.08558592560535794
6,790,0,task1_initial,IDLGated,0.98583984375,0.2041015625,0.98583984375,0.20556640625,0.990234375,0.20263671875,0.05623871460556984,0.23180600527758005,0.08601869233920248
6,800,0,task1_initial,MLP,0.990234375,0.2001953125,0.0,0.0,0.0,0.0,1.0,0.0,0.0
6,800,0,task1_initial,ChevronSlow,0.9873046875,0.20166015625,0.9873046875,0.20166015625,0.98779296875,0.2021484375,1.0,0.23929912159398944,0.08421407245418659
6,800,0,task1_initial,IDLGated,0.98974609375,0.20166015625,0.9892578125,0.20068359375,0.99072265625,0.20068359375,0.04236593469977379,0.21826722491416803,0.08511020786460725
6,810,0,task1_initial,MLP,0.98681640625,0.2001953125,0.0,0.0,0.0,0.0,1.0,0.0,0.0
6,810,0,task1_initial,ChevronSlow,0.98681640625,0.2001953125,0.986328125,0.19970703125,0.9873046875,0.201171875,1.0,0.22532270090316706,0.08284667865670874
6,810,0,task1_initial,IDLGated,0.98876953125,0.19970703125,0.9892578125,0.19873046875,0.98876953125,0.20068359375,0.03233993798494339,0.20551918581524228,0.08396905460853302
6,820,0,task1_initial,MLP,0.98828125,0.201171875,0.0,0.0,0.0,0.0,1.0,0.0,0.0
6,820,0,task1_initial,ChevronSlow,0.986328125,0.19775390625,0.98583984375,0.197265625,0.9873046875,0.20068359375,1.0,0.21216258214452755,0.08163667037588897
6,820,0,task1_initial,IDLGated,0.98779296875,0.197265625,0.98779296875,0.19580078125,0.98876953125,0.19970703125,0.025022123008966446,0.19351570422343492,0.08289344884563422
6,830,0,task1_initial,MLP,0.98779296875,0.20556640625,0.0,0.0,0.0,0.0,1.0,0.0,0.0
6,830,0,task1_initial,ChevronSlow,0.986328125,0.2060546875,0.98486328125,0.20556640625,0.986328125,0.20361328125,1.0,0.19977108867329715,0.08064745035865599
6,830,0,task1_initial,IDLGated,0.990234375,0.205078125,0.98828125,0.20654296875,0.9912109375,0.203125,0.019621601328253746,0.18221329377373682,0.08212049749127485
6,840,0,task1_initial,MLP,0.99072265625,0.2041015625,0.0,0.0,0.0,0.0,1.0,0.0,0.0
6,840,0,task1_initial,ChevronSlow,0.98486328125,0.20556640625,0.98388671875,0.2060546875,0.9853515625,0.2041015625,1.0,0.1881033284301199,0.07951324294340771
6,840,0,task1_initial,IDLGated,0.98974609375,0.20458984375,0.98779296875,0.2060546875,0.99169921875,0.20263671875,0.015589617192745209,0.17157100795054422,0.08118795611604261
6,850,0,task1_initial,MLP,0.99072265625,0.20458984375,0.0,0.0,0.0,0.0,1.0,0.0,0.0
6,850,0,task1_initial,ChevronSlow,0.986328125,0.2041015625,0.986328125,0.205078125,0.986328125,0.20458984375,1.0,0.17711703130553685,0.07838416447288356
6,850,0,task1_initial,IDLGated,0.99267578125,0.20458984375,0.990234375,0.2041015625,0.9892578125,0.203125,0.012543951161205769,0.16155029174610386,0.08036021843799084
6,860,0,task1_initial,MLP,0.9912109375,0.2001953125,0.0,0.0,0.0,0.0,1.0,0.0,0.0
6,860,0,task1_initial,ChevronSlow,0.98876953125,0.20263671875,0.98828125,0.2021484375,0.98779296875,0.20263671875,1.0,0.1667723960032988,0.07723660504209139
6,860,0,task1_initial,IDLGated,0.9912109375,0.2001953125,0.990234375,0.19921875,0.9892578125,0.20166015625,0.010216588154435158,0.1521148419829429,0.07934217569624413
6,870,0,task1_initial,MLP,0.98974609375,0.2041015625,0.0,0.0,0.0,0.0,1.0,0.0,0.0
6,870,0,task1_initial,ChevronSlow,0.9853515625,0.20361328125,0.9853515625,0.2041015625,0.98681640625,0.2041015625,1.0,0.15703194584772628,0.07644122919460204
6,870,0,task1_initial,IDLGated,0.9912109375,0.203125,0.99267578125,0.203125,0.98876953125,0.2021484375,0.008417999371886253,0.14323047579425824,0.07863362442661469
6,880,0,task1_initial,MLP,0.986328125,0.2099609375,0.0,0.0,0.0,0.0,1.0,0.0,0.0
6,880,0,task1_initial,ChevronSlow,0.984375,0.208984375,0.9833984375,0.208984375,0.98486328125,0.20654296875,1.0,0.14786039301273504,0.0751168119916665
6,880,0,task1_initial,IDLGated,0.98876953125,0.20849609375,0.9853515625,0.2099609375,0.99072265625,0.20556640625,0.007012874353677034,0.13486500678579408,0.07772851105969451
6,890,0,task1_initial,MLP,0.990234375,0.19677734375,0.0,0.0,0.0,0.0,1.0,0.0,0.0
6,890,0,task1_initial,ChevronSlow,0.98681640625,0.19970703125,0.98681640625,0.19873046875,0.98779296875,0.2021484375,1.0,0.13922451068065286,0.07346886962653089
6,890,0,task1_initial,IDLGated,0.98828125,0.19921875,0.99072265625,0.1982421875,0.9892578125,0.20166015625,0.00590366218239069,0.1269881284305657,0.07670524833884916
6,900,0,task1_initial,MLP,0.9921875,0.205078125,0.0,0.0,0.0,0.0,1.0,0.0,0.0
6,900,0,task1_initial,ChevronSlow,0.98828125,0.2041015625,0.9892578125,0.20556640625,0.98779296875,0.20361328125,1.0,0.1310930126676841,0.07245465688292456
6,900,0,task1_initial,IDLGated,0.99072265625,0.20654296875,0.990234375,0.20703125,0.9931640625,0.203125,0.0050193085335195065,0.11957130427398947,0.07638951820866956
6,910,0,task1_initial,MLP,0.98583984375,0.2119140625,0.0,0.0,0.0,0.0,1.0,0.0,0.0
6,910,0,task1_initial,ChevronSlow,0.9853515625,0.208984375,0.9833984375,0.2109375,0.986328125,0.2060546875,1.0,0.12343644007992713,0.07172714355675106
6,910,0,task1_initial,IDLGated,0.98681640625,0.2099609375,0.98486328125,0.21142578125,0.99072265625,0.2060546875,0.004307540133595467,0.11258766455165468,0.07618681448140284
6,920,0,task1_initial,MLP,0.9921875,0.193359375,0.0,0.0,0.0,0.0,1.0,0.0,0.0
6,920,0,task1_initial,ChevronSlow,0.9892578125,0.2001953125,0.9892578125,0.1962890625,0.98779296875,0.20166015625,1.0,0.1162270545893208,0.07132383302841981
6,920,0,task1_initial,IDLGated,0.99267578125,0.19677734375,0.99365234375,0.19580078125,0.98876953125,0.19970703125,0.0037295243237167597,0.10601190884520063,0.07604296390091456
6,930,0,task1_initial,MLP,0.98876953125,0.19580078125,0.0,0.0,0.0,0.0,1.0,0.0,0.0
6,930,0,task1_initial,ChevronSlow,0.986328125,0.197265625,0.98583984375,0.1962890625,0.9873046875,0.2021484375,1.0,0.10943873794287838,0.07067364474474988
6,930,0,task1_initial,IDLGated,0.9892578125,0.19580078125,0.99072265625,0.1943359375,0.9892578125,0.19970703125,0.0032561279367655516,0.09982021442364093,0.07589923882551194
6,940,0,task1_initial,MLP,0.9912109375,0.19970703125,0.0,0.0,0.0,0.0,1.0,0.0,0.0
6,940,0,task1_initial,ChevronSlow,0.98681640625,0.1982421875,0.986328125,0.1962890625,0.9873046875,0.20166015625,1.0,0.10304689734115026,0.06982332591674752
6,940,0,task1_initial,IDLGated,0.98974609375,0.1982421875,0.99072265625,0.1962890625,0.98974609375,0.20068359375,0.002865288872271776,0.09399014993807223,0.07531801050348173
6,950,0,task1_initial,MLP,0.98974609375,0.20166015625,0.0,0.0,0.0,0.0,1.0,0.0,0.0
6,950,0,task1_initial,ChevronSlow,0.98779296875,0.2021484375,0.98828125,0.201171875,0.98876953125,0.203125,1.0,0.09702837634311881,0.06939282608648402
6,950,0,task1_initial,IDLGated,0.98974609375,0.2021484375,0.9892578125,0.20166015625,0.99169921875,0.20166015625,0.002540155313909054,0.08850059415709953,0.07513204360736846
6,960,0,task1_initial,MLP,0.990234375,0.203125,0.0,0.0,0.0,0.0,1.0,0.0,0.0
6,960,0,task1_initial,ChevronSlow,0.9873046875,0.203125,0.98681640625,0.203125,0.9873046875,0.20361328125,1.0,0.09136137097475085,0.06906826697813831
6,960,0,task1_initial,IDLGated,0.99267578125,0.2041015625,0.9921875,0.20361328125,0.9912109375,0.20263671875,0.0022677353117614985,0.08333165944857183,0.07517257335933089
6,970,0,task1_initial,MLP,0.9873046875,0.2021484375,0.0,0.0,0.0,0.0,1.0,0.0,0.0
6,970,0,task1_initial,ChevronSlow,0.98681640625,0.205078125,0.986328125,0.205078125,0.98681640625,0.20458984375,1.0,0.08602535073728465,0.06853803875048431
6,970,0,task1_initial,IDLGated,0.98974609375,0.20263671875,0.9892578125,0.20263671875,0.99169921875,0.20263671875,0.0020379344932734966,0.07846461973041671,0.07433992631149251
6,980,0,task1_initial,MLP,0.98486328125,0.20703125,0.0,0.0,0.0,0.0,1.0,0.0,0.0
6,980,0,task1_initial,ChevronSlow,0.984375,0.20654296875,0.98388671875,0.20654296875,0.9853515625,0.20556640625,1.0,0.08100098422907914,0.06784273990323905
6,980,0,task1_initial,IDLGated,0.9873046875,0.20361328125,0.98681640625,0.2041015625,0.98876953125,0.203125,0.0018428460462018847,0.07388184262955312,0.07351761836783548
6,990,0,task1_initial,MLP,0.9892578125,0.19775390625,0.0,0.0,0.0,0.0,1.0,0.0,0.0
6,990,0,task1_initial,ChevronSlow,0.98779296875,0.2021484375,0.9873046875,0.20068359375,0.98876953125,0.20361328125,1.0,0.0762700691115674,0.06727744009557146
6,990,0,task1_initial,IDLGated,0.99072265625,0.19921875,0.99169921875,0.1982421875,0.990234375,0.20068359375,0.0016762271989136934,0.06956672560310723,0.07298328520667643
6,1000,0,task1_initial,MLP,0.990234375,0.20263671875,0.0,0.0,0.0,0.0,1.0,0.0,0.0
6,1000,0,task1_initial,ChevronSlow,0.986328125,0.2021484375,0.98583984375,0.20263671875,0.9873046875,0.203125,1.0,0.07181546616559427,0.06697818541868371
6,1000,0,task1_initial,IDLGated,0.9912109375,0.20361328125,0.99072265625,0.205078125,0.99072265625,0.20166015625,0.0015331140020862222,0.06550363579050986,0.07220437620911065
6,1010,0,task1_initial,MLP,0.9892578125,0.19873046875,0.0,0.0,0.0,0.0,1.0,0.0,0.0
6,1010,0,task1_initial,ChevronSlow,0.98876953125,0.20166015625,0.98876953125,0.2001953125,0.98779296875,0.201171875,1.0,0.06762103719923619,0.06594029083380828
6,1010,0,task1_initial,IDLGated,0.990234375,0.19970703125,0.99072265625,0.19775390625,0.98974609375,0.20068359375,0.0014095314545556903,0.061677853378571526,0.07093912519195125
6,1020,0,task1_initial,MLP,0.9921875,0.19384765625,0.0,0.0,0.0,0.0,1.0,0.0,0.0
6,1020,0,task1_initial,ChevronSlow,0.9892578125,0.19677734375,0.990234375,0.1943359375,0.98876953125,0.20068359375,1.0,0.06367158658215537,0.06534266721735564
6,1020,0,task1_initial,IDLGated,0.99267578125,0.1953125,0.9912109375,0.1943359375,0.9912109375,0.1982421875,0.0013022758066654205,0.058075518274356794,0.0705484377151743
6,1030,0,task1_initial,MLP,0.99169921875,0.201171875,0.0,0.0,0.0,0.0,1.0,0.0,0.0
6,1030,0,task1_initial,ChevronSlow,0.98828125,0.2021484375,0.98828125,0.20263671875,0.98779296875,0.20263671875,1.0,0.05995280619467785,0.06485913855054688
6,1030,0,task1_initial,IDLGated,0.99072265625,0.201171875,0.99072265625,0.2021484375,0.99169921875,0.20068359375,0.001208747155033052,0.05468357989266429,0.07001517947329709
6,1040,0,task1_initial,MLP,0.9892578125,0.2060546875,0.0,0.0,0.0,0.0,1.0,0.0,0.0
6,1040,0,task1_initial,ChevronSlow,0.98681640625,0.205078125,0.9873046875,0.205078125,0.9873046875,0.20458984375,1.0,0.05645122359215647,0.06400244086930446
6,1040,0,task1_initial,IDLGated,0.99072265625,0.2041015625,0.99072265625,0.2041015625,0.990234375,0.2021484375,0.001126822899095714,0.05148974987620147,0.06956112615518827
6,1050,0,task1_initial,MLP,0.98876953125,0.20166015625,0.0,0.0,0.0,0.0,1.0,0.0,0.0
6,1050,0,task1_initial,ChevronSlow,0.986328125,0.20458984375,0.98583984375,0.2041015625,0.98681640625,0.2041015625,1.0,0.053154153196827966,0.06311067085593446
6,1050,0,task1_initial,IDLGated,0.9892578125,0.20166015625,0.98828125,0.20263671875,0.990234375,0.203125,0.0010547608835622668,0.04848245757716828,0.06938248368241463
6,1060,0,task1_initial,MLP,0.99072265625,0.19921875,0.0,0.0,0.0,0.0,1.0,0.0,0.0
6,1060,0,task1_initial,ChevronSlow,0.98779296875,0.20263671875,0.98828125,0.20166015625,0.98876953125,0.20361328125,1.0,0.050049650340341305,0.06217683209882363
6,1060,0,task1_initial,IDLGated,0.99169921875,0.2001953125,0.99169921875,0.19873046875,0.990234375,0.201171875,0.0009911209344863892,0.04565080813896795,0.06946777274252203
6,1070,0,task1_initial,MLP,0.990234375,0.19873046875,0.0,0.0,0.0,0.0,1.0,0.0,0.0
6,1070,0,task1_initial,ChevronSlow,0.98828125,0.19921875,0.98876953125,0.1982421875,0.9873046875,0.20263671875,1.0,0.047126467990461995,0.06165529249096657
6,1070,0,task1_initial,IDLGated,0.99072265625,0.19677734375,0.99072265625,0.1962890625,0.990234375,0.19921875,0.0009347092127427459,0.04298454302618259,0.06915445968292759
6,1080,0,task1_initial,MLP,0.99072265625,0.2001953125,0.0,0.0,0.0,0.0,1.0,0.0,0.0
6,1080,0,task1_initial,ChevronSlow,0.9873046875,0.20166015625,0.98828125,0.20068359375,0.9873046875,0.2021484375,1.0,0.044374016005181434,0.061233396172697234
6,1080,0,task1_initial,IDLGated,0.9912109375,0.2001953125,0.9931640625,0.2001953125,0.990234375,0.20068359375,0.000884527456946671,0.040474002859821306,0.06863137402340763
6,1090,0,task1_initial,MLP,0.98681640625,0.1943359375,0.0,0.0,0.0,0.0,1.0,0.0,0.0
6,1090,0,task1_initial,ChevronSlow,0.9873046875,0.197265625,0.98681640625,0.1962890625,0.98876953125,0.19970703125,1.0,0.04178232276661637,0.06069643293576236
6,1090,0,task1_initial,IDLGated,0.98974609375,0.19677734375,0.99072265625,0.1962890625,0.990234375,0.197265625,0.0008397402707487345,0.038110092423199717,0.06797527987532521
6,1100,0,task1_initial,MLP,0.98583984375,0.1982421875,0.0,0.0,0.0,0.0,1.0,0.0,0.0
6,1100,0,task1_initial,ChevronSlow,0.986328125,0.19873046875,0.98583984375,0.19775390625,0.98681640625,0.20068359375,1.0,0.0393419990557055,0.06022700139069019
6,1100,0,task1_initial,IDLGated,0.99072265625,0.19970703125,0.9912109375,0.19970703125,0.9892578125,0.19921875,0.0007996419444680214,0.03588424771167388,0.0677354764951434
6,1110,0,task1_initial,MLP,0.99072265625,0.20556640625,0.0,0.0,0.0,0.0,1.0,0.0,0.0
6,1110,0,task1_initial,ChevronSlow,0.98779296875,0.2041015625,0.98828125,0.20458984375,0.98681640625,0.20263671875,1.0,0.037044204036827795,0.059612066436619975
6,1110,0,task1_initial,IDLGated,0.99169921875,0.2060546875,0.99169921875,0.20654296875,0.9912109375,0.20263671875,0.0007636360824108124,0.033788404906855876,0.06720041890015145
6,1120,0,task1_initial,MLP,0.984375,0.2099609375,0.0,0.0,0.0,0.0,1.0,0.0,0.0
6,1120,0,task1_initial,ChevronSlow,0.98388671875,0.208984375,0.98193359375,0.21044921875,0.9873046875,0.205078125,1.0,0.03488061322911139,0.05918650843486674
6,1120,0,task1_initial,IDLGated,0.986328125,0.2060546875,0.98486328125,0.20947265625,0.990234375,0.2041015625,0.0007312155212275684,0.0318149711629105,0.06613776743708083
6,1130,0,task1_initial,MLP,0.98828125,0.203125,0.0,0.0,0.0,0.0,1.0,0.0,0.0
6,1130,0,task1_initial,ChevronSlow,0.98388671875,0.20556640625,0.98193359375,0.2060546875,0.98681640625,0.20458984375,1.0,0.03284338834839887,0.058206529751131865
6,1130,0,task1_initial,IDLGated,0.98779296875,0.20263671875,0.986328125,0.20458984375,0.9892578125,0.203125,0.0007019469048827887,0.029956797099097352,0.0651463488830144
6,1140,0,task1_initial,MLP,0.9912109375,0.19482421875,0.0,0.0,0.0,0.0,1.0,0.0,0.0
6,1140,0,task1_initial,ChevronSlow,0.98828125,0.19970703125,0.9892578125,0.1982421875,0.98779296875,0.20166015625,1.0,0.030925148910612286,0.05743602934754084
6,1140,0,task1_initial,IDLGated,0.9912109375,0.19580078125,0.99169921875,0.1953125,0.98974609375,0.19970703125,0.0006754587520845234,0.028207150898903747,0.0647697390188071
6,1150,0,task1_initial,MLP,0.9921875,0.19580078125,0.0,0.0,0.0,0.0,1.0,0.0,0.0
6,1150,0,task1_initial,ChevronSlow,0.9892578125,0.1962890625,0.98876953125,0.19384765625,0.98779296875,0.2001953125,1.0,0.029118945493642023,0.056824337832248
6,1150,0,task1_initial,IDLGated,0.9931640625,0.1953125,0.99169921875,0.1923828125,0.99072265625,0.19873046875,0.0006514315027743578,0.02655969392193468,0.06405797799137847
6,1160,0,task1_initial,MLP,0.98876953125,0.2001953125,0.0,0.0,0.0,0.0,1.0,0.0,0.0
6,1160,0,task1_initial,ChevronSlow,0.9873046875,0.2021484375,0.98779296875,0.2001953125,0.98681640625,0.20166015625,1.0,0.027418234560892447,0.05644344139698245
6,1160,0,task1_initial,IDLGated,0.9892578125,0.20068359375,0.98974609375,0.19873046875,0.98876953125,0.201171875,0.0006295887869782746,0.025008457740206207,0.06328970525809995
6,1170,0,task1_initial,MLP,0.9892578125,0.208984375,0.0,0.0,0.0,0.0,1.0,0.0,0.0
6,1170,0,task1_initial,ChevronSlow,0.98486328125,0.20654296875,0.9833984375,0.208984375,0.9873046875,0.20556640625,1.0,0.025816854755274704,0.05622280433806988
6,1170,0,task1_initial,IDLGated,0.9892578125,0.2080078125,0.98828125,0.208984375,0.99169921875,0.20458984375,0.0006096912547945976,0.02354782251564902,0.06342533339714304
6,1180,0,task1_initial,MLP,0.990234375,0.20361328125,0.0,0.0,0.0,0.0,1.0,0.0,0.0
6,1180,0,task1_initial,ChevronSlow,0.98779296875,0.203125,0.98779296875,0.203125,0.98779296875,0.2041015625,1.0,0.02430900457776431,0.05563956781481439
6,1180,0,task1_initial,IDLGated,0.99169921875,0.203125,0.99169921875,0.2041015625,0.9921875,0.20166015625,0.0005915307556279004,0.022172496640487944,0.06254897606670719
6,1190,0,task1_initial,MLP,0.99267578125,0.19580078125,0.0,0.0,0.0,0.0,1.0,0.0,0.0
6,1190,0,task1_initial,ChevronSlow,0.98779296875,0.19921875,0.98828125,0.19775390625,0.9892578125,0.20263671875,1.0,0.02288922136965706,0.05488532155157039
6,1190,0,task1_initial,IDLGated,0.99267578125,0.197265625,0.99169921875,0.1953125,0.9912109375,0.2001953125,0.0005749253905378282,0.020877497566738356,0.06167412657446132
6,1200,0,task1_initial,MLP,0.99169921875,0.19677734375,0.0,0.0,0.0,0.0,1.0,0.0,0.0
6,1200,0,task1_initial,ChevronSlow,0.98779296875,0.197265625,0.98828125,0.19580078125,0.9873046875,0.20166015625,1.0,0.021552361522379944,0.05388038582194158
6,1200,0,task1_initial,IDLGated,0.9912109375,0.197265625,0.99169921875,0.1943359375,0.990234375,0.19970703125,0.0005597160197794437,0.019658133755368293,0.06066018958453882
6,1210,0,task1_initial,MLP,0.9853515625,0.205078125,0.0,0.0,0.0,0.0,1.0,0.0,0.0
6,1210,0,task1_initial,ChevronSlow,0.98388671875,0.2041015625,0.98486328125,0.2060546875,0.98681640625,0.20361328125,1.0,0.020293581843160918,0.05266117179475732
6,1210,0,task1_initial,IDLGated,0.9873046875,0.203125,0.986328125,0.20458984375,0.98876953125,0.20263671875,0.0005457627703435719,0.018509987679731443,0.05906677980562745
6,1220,0,task1_initial,MLP,0.98876953125,0.2021484375,0.0,0.0,0.0,0.0,1.0,0.0,0.0
6,1220,0,task1_initial,ChevronSlow,0.98486328125,0.20458984375,0.984375,0.20361328125,0.98681640625,0.20458984375,1.0,0.019108322009048863,0.05156640448888907
6,1220,0,task1_initial,IDLGated,0.98876953125,0.2021484375,0.9892578125,0.20263671875,0.9892578125,0.2021484375,0.0005329422419890761,0.01742889982169576,0.05868537931153475
6,1230,0,task1_initial,MLP,0.9921875,0.20166015625,0.0,0.0,0.0,0.0,1.0,0.0,0.0
6,1230,0,task1_initial,ChevronSlow,0.98828125,0.205078125,0.98828125,0.20556640625,0.98779296875,0.205078125,1.0,0.017992288045717866,0.05092434699064412
6,1230,0,task1_initial,IDLGated,0.99169921875,0.20263671875,0.9912109375,0.2041015625,0.9912109375,0.2021484375,0.0005211459938436747,0.016410953602488506,0.058799903830194865
6,1240,0,task1_initial,MLP,0.98828125,0.20263671875,0.0,0.0,0.0,0.0,1.0,0.0,0.0
6,1240,0,task1_initial,ChevronSlow,0.986328125,0.20361328125,0.9853515625,0.20361328125,0.9873046875,0.20458984375,1.0,0.016941436771202682,0.05029966049158775
6,1240,0,task1_initial,IDLGated,0.98876953125,0.2021484375,0.9892578125,0.2021484375,0.9892578125,0.20263671875,0.0005102773429825902,0.015452461193665105,0.0577867643167306
6,1250,0,task1_initial,MLP,0.99072265625,0.2001953125,0.0,0.0,0.0,0.0,1.0,0.0,0.0
6,1250,0,task1_initial,ChevronSlow,0.986328125,0.2021484375,0.98681640625,0.20263671875,0.98681640625,0.20361328125,1.0,0.015951961148207985,0.050134429370257014
6,1250,0,task1_initial,IDLGated,0.990234375,0.201171875,0.98876953125,0.201171875,0.98974609375,0.201171875,0.0005002504913136363,0.014549950156797616,0.056843761665889295
6,1260,0,task1_initial,MLP,0.99365234375,0.1953125,0.0,0.0,0.0,0.0,1.0,0.0,0.0
6,1260,0,task1_initial,ChevronSlow,0.98974609375,0.19873046875,0.98876953125,0.1953125,0.98779296875,0.2001953125,1.0,0.015020276491925446,0.05018794860486876
6,1260,0,task1_initial,IDLGated,0.99267578125,0.1962890625,0.99365234375,0.19482421875,0.99267578125,0.19921875,0.0004909895942546427,0.013700150863480828,0.05628459346372186
6,1270,0,task1_initial,MLP,0.9931640625,0.19921875,0.0,0.0,0.0,0.0,1.0,0.0,0.0
6,1270,0,task1_initial,ChevronSlow,0.98876953125,0.19921875,0.98974609375,0.19677734375,0.98876953125,0.2021484375,1.0,0.014143007483392265,0.04950145993054196
6,1270,0,task1_initial,IDLGated,0.9912109375,0.19873046875,0.99267578125,0.19775390625,0.9912109375,0.19970703125,0.0004824260249733925,0.012899984650081108,0.055336055630350434
6,1280,0,task1_initial,MLP,0.9912109375,0.20068359375,0.0,0.0,0.0,0.0,1.0,0.0,0.0
6,1280,0,task1_initial,ChevronSlow,0.9873046875,0.201171875,0.98681640625,0.20068359375,0.9873046875,0.2021484375,1.0,0.013316975941342905,0.04881539732836716
6,1280,0,task1_initial,IDLGated,0.9912109375,0.20068359375,0.99169921875,0.2001953125,0.99169921875,0.20068359375,0.0004744993057101965,0.012146552664314832,0.05465042384627215
6,1290,0,task1_initial,MLP,0.99267578125,0.197265625,0.0,0.0,0.0,0.0,1.0,0.0,0.0
6,1290,0,task1_initial,ChevronSlow,0.98876953125,0.20068359375,0.9892578125,0.2001953125,0.98828125,0.201171875,1.0,0.012539189308253798,0.0483133595010266
6,1290,0,task1_initial,IDLGated,0.99169921875,0.19873046875,0.9921875,0.1982421875,0.99169921875,0.19921875,0.0004671545757446438,0.011437125363249645,0.05417476888066206
6,1300,0,task1_initial,MLP,0.9951171875,0.1962890625,0.0,0.0,0.0,0.0,1.0,0.0,0.0
6,1300,0,task1_initial,ChevronSlow,0.990234375,0.19873046875,0.990234375,0.19677734375,0.98828125,0.2001953125,1.0,0.011806829808868076,0.04812853317171873
6,1300,0,task1_initial,IDLGated,0.9921875,0.19580078125,0.99169921875,0.19677734375,0.99267578125,0.19873046875,0.0004603425331879407,0.010769132624681786,0.053799078755180106
6,1310,0,task1_initial,MLP,0.98828125,0.19287109375,0.0,0.0,0.0,0.0,1.0,0.0,0.0
6,1310,0,task1_initial,ChevronSlow,0.98779296875,0.1943359375,0.9873046875,0.19287109375,0.98876953125,0.1982421875,1.0,0.0111172442419237,0.04742450918047527
6,1310,0,task1_initial,IDLGated,0.98974609375,0.193359375,0.98876953125,0.19189453125,0.990234375,0.19677734375,0.0004540193476714194,0.010140154436064844,0.05353633525951315
6,1320,0,task1_initial,MLP,0.9892578125,0.2080078125,0.0,0.0,0.0,0.0,1.0,0.0,0.0
6,1320,0,task1_initial,ChevronSlow,0.98583984375,0.20556640625,0.982421875,0.2080078125,0.98779296875,0.203125,1.0,0.01046793436810237,0.047006730332004504
6,1320,0,task1_initial,IDLGated,0.99072265625,0.20703125,0.98779296875,0.20703125,0.9921875,0.20263671875,0.00044814471038989723,0.009547912127257679,0.05321071366215495
6,1330,0,task1_initial,MLP,0.9921875,0.20263671875,0.0,0.0,0.0,0.0,1.0,0.0,0.0
6,1330,0,task1_initial,ChevronSlow,0.98681640625,0.20556640625,0.98681640625,0.20556640625,0.98828125,0.2041015625,1.0,0.009856547859376499,0.04590469688982519
6,1330,0,task1_initial,IDLGated,0.9912109375,0.20361328125,0.98876953125,0.20556640625,0.99169921875,0.20263671875,0.0004426828527357429,0.008990260115329397,0.05236795817788105
6,1340,0,task1_initial,MLP,0.990234375,0.19140625,0.0,0.0,0.0,0.0,1.0,0.0,0.0
6,1340,0,task1_initial,ChevronSlow,0.98876953125,0.19677734375,0.990234375,0.1962890625,0.9873046875,0.2001953125,1.0,0.009280869776965472,0.04520133944525611
6,1340,0,task1_initial,IDLGated,0.9921875,0.1943359375,0.99365234375,0.1923828125,0.990234375,0.1982421875,0.0004376006545498967,0.008465178131514373,0.05216767416856628
6,1350,0,task1_initial,MLP,0.98779296875,0.19580078125,0.0,0.0,0.0,0.0,1.0,0.0,0.0
6,1350,0,task1_initial,ChevronSlow,0.986328125,0.1982421875,0.9853515625,0.1962890625,0.98828125,0.19921875,1.0,0.008738814547027402,0.04499181262213273
6,1350,0,task1_initial,IDLGated,0.98779296875,0.1943359375,0.98681640625,0.19384765625,0.98974609375,0.19677734375,0.00043286869185976684,0.007970763902156975,0.052536780985859184
6,1360,0,task1_initial,MLP,0.99169921875,0.19921875,0.0,0.0,0.0,0.0,1.0,0.0,0.0
6,1360,0,task1_initial,ChevronSlow,0.98779296875,0.19873046875,0.98876953125,0.19677734375,0.9873046875,0.19970703125,1.0,0.008228418405015816,0.044368392747569145
6,1360,0,task1_initial,IDLGated,0.99267578125,0.1982421875,0.9931640625,0.197265625,0.99169921875,0.19970703125,0.0004284597816877067,0.0075052262571305125,0.05163985331358004
6,1370,0,task1_initial,MLP,0.98828125,0.2060546875,0.0,0.0,0.0,0.0,1.0,0.0,0.0
6,1370,0,task1_initial,ChevronSlow,0.98486328125,0.205078125,0.98486328125,0.2080078125,0.98779296875,0.20556640625,1.0,0.007747832281328617,0.04420944298338807
6,1370,0,task1_initial,IDLGated,0.98828125,0.20458984375,0.98583984375,0.208984375,0.99169921875,0.203125,0.0004243495059199631,0.007066878640763427,0.051261329919493316
6,1380,0,task1_initial,MLP,0.98486328125,0.2041015625,0.0,0.0,0.0,0.0,1.0,0.0,0.0
6,1380,0,task1_initial,ChevronSlow,0.9853515625,0.20703125,0.984375,0.208984375,0.98779296875,0.203125,1.0,0.007295315102475324,0.04397751843555069
6,1380,0,task1_initial,IDLGated,0.990234375,0.20703125,0.98779296875,0.20654296875,0.9921875,0.203125,0.00042051527998410165,0.006654133001764067,0.05118879522754716
6,1390,0,task1_initial,MLP,0.98828125,0.19677734375,0.0,0.0,0.0,0.0,1.0,0.0,0.0
6,1390,0,task1_initial,ChevronSlow,0.986328125,0.19921875,0.98388671875,0.193359375,0.98876953125,0.2001953125,1.0,0.0068692274834939995,0.043071899204647844
6,1390,0,task1_initial,IDLGated,0.9873046875,0.19580078125,0.986328125,0.193359375,0.9912109375,0.1982421875,0.00041693661478348076,0.0062654940400083655,0.05072843410541797
6,1400,0,task1_initial,MLP,0.98779296875,0.205078125,0.0,0.0,0.0,0.0,1.0,0.0,0.0
6,1400,0,task1_initial,ChevronSlow,0.9853515625,0.203125,0.9853515625,0.20458984375,0.98779296875,0.20458984375,1.0,0.006468025788766664,0.042447701544905736
6,1400,0,task1_initial,IDLGated,0.98974609375,0.201171875,0.98974609375,0.201171875,0.99072265625,0.20068359375,0.00041359494207426906,0.005899553789347633,0.050381419919033985
6,1410,0,task1_initial,MLP,0.9921875,0.19580078125,0.0,0.0,0.0,0.0,1.0,0.0,0.0
6,1410,0,task1_initial,ChevronSlow,0.98828125,0.20166015625,0.9892578125,0.201171875,0.98779296875,0.20166015625,1.0,0.006090256539716641,0.04230407420237872
6,1410,0,task1_initial,IDLGated,0.9921875,0.19970703125,0.99267578125,0.19775390625,0.99267578125,0.19921875,0.0004104727122467011,0.00555498651681098,0.05072706445532408
6,1420,0,task1_initial,MLP,0.99267578125,0.1982421875,0.0,0.0,0.0,0.0,1.0,0.0,0.0
6,1420,0,task1_initial,ChevronSlow,0.98876953125,0.2001953125,0.98974609375,0.19970703125,0.98828125,0.201171875,1.0,0.005734551149127986,0.041933163499383974
6,1420,0,task1_initial,IDLGated,0.9921875,0.1982421875,0.9931640625,0.19775390625,0.99169921875,0.2001953125,0.00040755467489361763,0.005230543919723125,0.05095571299471832
6,1430,0,task1_initial,MLP,0.98974609375,0.20556640625,0.0,0.0,0.0,0.0,1.0,0.0,0.0
6,1430,0,task1_initial,ChevronSlow,0.98876953125,0.203125,0.98974609375,0.20361328125,0.98974609375,0.203125,1.0,0.005399620963010392,0.04182737683736392
6,1430,0,task1_initial,IDLGated,0.9912109375,0.205078125,0.990234375,0.2060546875,0.9921875,0.2021484375,0.000404825754230842,0.0049250506033376735,0.05113169111285984
6,1440,0,task1_initial,MLP,0.98828125,0.20654296875,0.0,0.0,0.0,0.0,1.0,0.0,0.0
6,1440,0,task1_initial,ChevronSlow,0.9873046875,0.2060546875,0.98828125,0.20703125,0.98779296875,0.205078125,1.0,0.00508425259204721,0.041254977343188774
6,1440,0,task1_initial,IDLGated,0.9892578125,0.20556640625,0.98828125,0.20654296875,0.9912109375,0.2041015625,0.0004022729117423296,0.004637399822602151,0.05075877034859789
6,1450,0,task1_initial,MLP,0.9892578125,0.20166015625,0.0,0.0,0.0,0.0,1.0,0.0,0.0
6,1450,0,task1_initial,ChevronSlow,0.98486328125,0.2041015625,0.98486328125,0.20556640625,0.98486328125,0.205078125,1.0,0.004787303515713279,0.040570035452234345
6,1450,0,task1_initial,IDLGated,0.98974609375,0.201171875,0.9892578125,0.20166015625,0.99072265625,0.20166015625,0.0003998840693384409,0.004366549472628027,0.04996435651916398
6,1460,0,task1_initial,MLP,0.99169921875,0.20068359375,0.0,0.0,0.0,0.0,1.0,0.0,0.0
6,1460,0,task1_initial,ChevronSlow,0.98681640625,0.20361328125,0.98681640625,0.20361328125,0.986328125,0.20458984375,1.0,0.00450769794313711,0.03994061100292748
6,1460,0,task1_initial,IDLGated,0.99072265625,0.20263671875,0.99072265625,0.2021484375,0.99169921875,0.20166015625,0.00039764767279848456,0.004111518313339932,0.049297559321273075
6,1470,0,task1_initial,MLP,0.9912109375,0.205078125,0.0,0.0,0.0,0.0,1.0,0.0,0.0
6,1470,0,task1_initial,ChevronSlow,0.9892578125,0.20458984375,0.98974609375,0.20654296875,0.9892578125,0.205078125,1.0,0.004244422915712097,0.03992538393277638
6,1470,0,task1_initial,IDLGated,0.9921875,0.20458984375,0.9912109375,0.20556640625,0.99169921875,0.20361328125,0.00039555312832817435,0.0038713824146266993,0.04878123089279981
6,1480,0,task1_initial,MLP,0.9912109375,0.203125,0.0,0.0,0.0,0.0,1.0,0.0,0.0
6,1480,0,task1_initial,ChevronSlow,0.98974609375,0.20263671875,0.9873046875,0.20361328125,0.990234375,0.203125,1.0,0.003996524637337267,0.03957453783388624
6,1480,0,task1_initial,IDLGated,0.9912109375,0.2021484375,0.98876953125,0.201171875,0.9931640625,0.20166015625,0.00039359115180559456,0.0036452718091156693,0.047931749247255774
6,1490,0,task1_initial,MLP,0.99267578125,0.1982421875,0.0,0.0,0.0,0.0,1.0,0.0,0.0
6,1490,0,task1_initial,ChevronSlow,0.98828125,0.19873046875,0.98828125,0.1982421875,0.98828125,0.20263671875,1.0,0.0037631050189926873,0.03900547090483481
6,1490,0,task1_initial,IDLGated,0.9931640625,0.19677734375,0.99267578125,0.19580078125,0.99267578125,0.19873046875,0.0003917526046279818,0.0034323673404438736,0.04667984623120154
6,1500,0,task1_initial,MLP,0.99267578125,0.20458984375,0.0,0.0,0.0,0.0,1.0,0.0,0.0
6,1500,0,task1_initial,ChevronSlow,0.98876953125,0.20361328125,0.98974609375,0.20458984375,0.98876953125,0.2041015625,1.0,0.0035433184251312077,0.03903881580874433
6,1500,0,task1_initial,IDLGated,0.99169921875,0.2041015625,0.99169921875,0.2041015625,0.9921875,0.20166015625,0.0003900293668266386,0.0032318976956080036,0.04607858184035388
6,1510,0,task1_initial,MLP,0.99365234375,0.2021484375,0.0,0.0,0.0,0.0,1.0,0.0,0.0
6,1510,0,task1_initial,ChevronSlow,0.98876953125,0.20263671875,0.98974609375,0.2021484375,0.9892578125,0.203125,1.0,0.003336368610099292,0.03913320815654954
6,1510,0,task1_initial,IDLGated,0.9921875,0.20361328125,0.9921875,0.2041015625,0.9931640625,0.20166015625,0.000388413667678833,0.0030431366106419004,0.046112395206154046
6,1520,0,task1_initial,MLP,0.990234375,0.197265625,0.0,0.0,0.0,0.0,1.0,0.0,0.0
6,1520,0,task1_initial,ChevronSlow,0.98828125,0.197265625,0.98828125,0.1953125,0.98828125,0.20166015625,1.0,0.003141505833488191,0.03913432388060931
6,1520,0,task1_initial,IDLGated,0.99267578125,0.197265625,0.9921875,0.19580078125,0.9921875,0.19873046875,0.000386898493161425,0.002865400239498268,0.04602113439150281
6,1530,0,task1_initial,MLP,0.9931640625,0.20166015625,0.0,0.0,0.0,0.0,1.0,0.0,0.0
6,1530,0,task1_initial,ChevronSlow,0.98779296875,0.201171875,0.9873046875,0.20068359375,0.9892578125,0.20263671875,1.0,0.002958024143964904,0.03903967519829915
6,1530,0,task1_initial,IDLGated,0.99365234375,0.19970703125,0.994140625,0.19970703125,0.9931640625,0.20068359375,0.0003854772076010704,0.002698044676602558,0.04549535237128201
6,1540,0,task1_initial,MLP,0.98974609375,0.201171875,0.0,0.0,0.0,0.0,1.0,0.0,0.0
6,1540,0,task1_initial,ChevronSlow,0.9873046875,0.201171875,0.98828125,0.2001953125,0.98779296875,0.2021484375,1.0,0.002785258821742753,0.039192145983916
6,1540,0,task1_initial,IDLGated,0.99072265625,0.19873046875,0.98828125,0.19921875,0.9912109375,0.20068359375,0.0003841435827780515,0.0025404636241037077,0.04532070501778981
6,1550,0,task1_initial,MLP,0.990234375,0.19189453125,0.0,0.0,0.0,0.0,1.0,0.0,0.0
6,1550,0,task1_initial,ChevronSlow,0.9892578125,0.1953125,0.98583984375,0.193359375,0.98876953125,0.20068359375,1.0,0.0026225839704261287,0.03907207135712597
6,1550,0,task1_initial,IDLGated,0.99072265625,0.19482421875,0.9873046875,0.19287109375,0.9931640625,0.19677734375,0.00038289226358756423,0.0023920861953706106,0.04529980966133237
6,1560,0,task1_initial,MLP,0.9873046875,0.1923828125,0.0,0.0,0.0,0.0,1.0,0.0,0.0
6,1560,0,task1_initial,ChevronSlow,0.98828125,0.1943359375,0.98486328125,0.19287109375,0.98828125,0.19775390625,1.0,0.002469410249505109,0.03846838972234272
6,1560,0,task1_initial,IDLGated,0.9892578125,0.1923828125,0.9873046875,0.18701171875,0.99169921875,0.1953125,0.00038171763299033046,0.002252374846776809,0.045183656631259804
6,1570,0,task1_initial,MLP,0.994140625,0.1982421875,0.0,0.0,0.0,0.0,1.0,0.0,0.0
6,1570,0,task1_initial,ChevronSlow,0.98876953125,0.1982421875,0.98828125,0.1953125,0.9873046875,0.19970703125,1.0,0.002325182739285201,0.03768134504227036
6,1570,0,task1_initial,IDLGated,0.9931640625,0.19775390625,0.994140625,0.1962890625,0.9931640625,0.1982421875,0.00038061480154283345,0.0021208234302806358,0.0444197328015081
6,1580,0,task1_initial,MLP,0.99072265625,0.20458984375,0.0,0.0,0.0,0.0,1.0,0.0,0.0
6,1580,0,task1_initial,ChevronSlow,0.98828125,0.20361328125,0.98583984375,0.2041015625,0.9873046875,0.2021484375,1.0,0.00218937893051725,0.03760685382884071
6,1580,0,task1_initial,IDLGated,0.98974609375,0.20556640625,0.98828125,0.20556640625,0.99169921875,0.20166015625,0.00037957937456667423,0.0019969553597456884,0.0440890440732047
6,1590,0,task1_initial,MLP,0.9912109375,0.20556640625,0.0,0.0,0.0,0.0,1.0,0.0,0.0
6,1590,0,task1_initial,ChevronSlow,0.986328125,0.20849609375,0.984375,0.2119140625,0.9892578125,0.205078125,1.0,0.0020615068314443195,0.03783870470945711
6,1590,0,task1_initial,IDLGated,0.98828125,0.20703125,0.986328125,0.2099609375,0.99169921875,0.20458984375,0.0003786070446949452,0.001880321884358542,0.044709665515026
6,1600,0,task1_initial,MLP,0.99072265625,0.2060546875,0.0,0.0,0.0,0.0,1.0,0.0,0.0
6,1600,0,task1_initial,ChevronSlow,0.98779296875,0.20703125,0.984375,0.2080078125,0.9912109375,0.2041015625,1.0,0.0019411031854077274,0.03737637700591092
6,1600,0,task1_initial,IDLGated,0.9912109375,0.2060546875,0.98974609375,0.2080078125,0.99267578125,0.20263671875,0.000377693708287552,0.0017705004628886232,0.045320413630840974
6,1610,0,task1_initial,MLP,0.99169921875,0.20361328125,0.0,0.0,0.0,0.0,1.0,0.0,0.0
6,1610,0,task1_initial,ChevronSlow,0.99072265625,0.20263671875,0.9912109375,0.20361328125,0.9892578125,0.203125,1.0,0.0018277317925549624,0.03678631110192475
6,1610,0,task1_initial,IDLGated,0.99169921875,0.203125,0.9921875,0.203125,0.9931640625,0.201171875,0.0003768357855733484,0.001667093232900493,0.04459756574745789
6,1620,0,task1_initial,MLP,0.99072265625,0.2041015625,0.0,0.0,0.0,0.0,1.0,0.0,0.0
6,1620,0,task1_initial,ChevronSlow,0.98779296875,0.20263671875,0.98779296875,0.20361328125,0.98828125,0.203125,1.0,0.0017209819295693361,0.03701515551657286
6,1620,0,task1_initial,IDLGated,0.9912109375,0.20166015625,0.990234375,0.203125,0.9921875,0.20166015625,0.0003760297840926796,0.0015697255693727819,0.04395323728644461
6,1630,0,task1_initial,MLP,0.9921875,0.19970703125,0.0,0.0,0.0,0.0,1.0,0.0,0.0
6,1630,0,task1_initial,ChevronSlow,0.9892578125,0.2021484375,0.98876953125,0.20166015625,0.98974609375,0.20263671875,1.0,0.001620466861696356,0.036984344945191414
6,1630,0,task1_initial,IDLGated,0.9931640625,0.20166015625,0.9921875,0.19970703125,0.9931640625,0.20166015625,0.0003752723860088736,0.0014780447275019198,0.043278493696221304
6,1640,0,task1_initial,MLP,0.99462890625,0.19580078125,0.0,0.0,0.0,0.0,1.0,0.0,0.0
6,1640,0,task1_initial,ChevronSlow,0.9892578125,0.1982421875,0.9892578125,0.1962890625,0.9873046875,0.20068359375,1.0,0.0015258224416761623,0.03670625714292887
6,1640,0,task1_initial,IDLGated,0.99267578125,0.19482421875,0.99365234375,0.19287109375,0.9931640625,0.1982421875,0.0003745605645235628,0.0013917185647738001,0.043391964060861696
6,1650,0,task1_initial,MLP,0.9912109375,0.2021484375,0.0,0.0,0.0,0.0,1.0,0.0,0.0
6,1650,0,task1_initial,ChevronSlow,0.98779296875,0.20263671875,0.98828125,0.20166015625,0.98876953125,0.203125,1.0,0.0014367057905062255,0.03681224607079235
6,1650,0,task1_initial,IDLGated,0.9921875,0.19921875,0.9931640625,0.1982421875,0.9921875,0.201171875,0.0003738916711881757,0.0013104343376736753,0.043028988437083866
6,1660,0,task1_initial,MLP,0.99365234375,0.203125,0.0,0.0,0.0,0.0,1.0,0.0,0.0
6,1660,0,task1_initial,ChevronSlow,0.99072265625,0.2041015625,0.9912109375,0.20458984375,0.98974609375,0.203125,1.0,0.0013527940552549586,0.036933877476821406
6,1660,0,task1_initial,IDLGated,0.99267578125,0.203125,0.99267578125,0.203125,0.99267578125,0.203125,0.00037326288293115795,0.0012338975686749939,0.043074884992849935
6,1670,0,task1_initial,MLP,0.9921875,0.2060546875,0.0,0.0,0.0,0.0,1.0,0.0,0.0
6,1670,0,task1_initial,ChevronSlow,0.99072265625,0.20556640625,0.990234375,0.2060546875,0.99169921875,0.2041015625,1.0,0.0012737832394260308,0.03733038050538347
6,1670,0,task1_initial,IDLGated,0.9921875,0.2041015625,0.9912109375,0.20556640625,0.99267578125,0.20263671875,0.00037267181323841214,0.0011618309794024916,0.04259899197877791
6,1680,0,task1_initial,MLP,0.99267578125,0.20166015625,0.0,0.0,0.0,0.0,1.0,0.0,0.0
6,1680,0,task1_initial,ChevronSlow,0.98974609375,0.20263671875,0.98974609375,0.20263671875,0.98974609375,0.20263671875,1.0,0.0011993871016360126,0.03716620369779199
6,1680,0,task1_initial,IDLGated,0.99267578125,0.2021484375,0.9931640625,0.2021484375,0.9931640625,0.203125,0.0003721160173881799,0.0010939734861045833,0.04193171793837717
6,1690,0,task1_initial,MLP,0.99560546875,0.1962890625,0.0,0.0,0.0,0.0,1.0,0.0,0.0
6,1690,0,task1_initial,ChevronSlow,0.990234375,0.19921875,0.9912109375,0.19873046875,0.98876953125,0.201171875,1.0,0.001129336118615471,0.03656661945875995
6,1690,0,task1_initial,IDLGated,0.994140625,0.19677734375,0.994140625,0.1962890625,0.994140625,0.19921875,0.0003715934872161597,0.0010300792537958458,0.041659905214360624
6,1700,0,task1_initial,MLP,0.9921875,0.19921875,0.0,0.0,0.0,0.0,1.0,0.0,0.0
6,1700,0,task1_initial,ChevronSlow,0.98876953125,0.201171875,0.98876953125,0.19921875,0.98779296875,0.20263671875,1.0,0.0010633765087766577,0.03593692588728279
6,1700,0,task1_initial,IDLGated,0.9912109375,0.2001953125,0.990234375,0.19970703125,0.9921875,0.201171875,0.0003711023018695414,0.0009699168056429197,0.041468023536861395
6,1710,0,task1_initial,MLP,0.9951171875,0.2001953125,0.0,0.0,0.0,0.0,1.0,0.0,0.0
6,1710,0,task1_initial,ChevronSlow,0.990234375,0.20166015625,0.99072265625,0.201171875,0.98974609375,0.20263671875,1.0,0.0010012693128103613,0.0352128487606617
6,1710,0,task1_initial,IDLGated,0.9931640625,0.201171875,0.994140625,0.19970703125,0.99267578125,0.203125,0.0003706401912495494,0.0009132681843673096,0.04204213505701481
6,1720,0,task1_initial,MLP,0.99365234375,0.1962890625,0.0,0.0,0.0,0.0,1.0,0.0,0.0
6,1720,0,task1_initial,ChevronSlow,0.98974609375,0.19677734375,0.9912109375,0.1943359375,0.98876953125,0.20166015625,1.0,0.000942789527981098,0.03398510378166591
6,1720,0,task1_initial,IDLGated,0.9951171875,0.19580078125,0.99267578125,0.193359375,0.99462890625,0.2001953125,0.00037020567106083035,0.0008599281626269972,0.04246533154118658
6,1730,0,task1_initial,MLP,0.9951171875,0.1982421875,0.0,0.0,0.0,0.0,1.0,0.0,0.0
6,1730,0,task1_initial,ChevronSlow,0.99072265625,0.19970703125,0.99267578125,0.197265625,0.98828125,0.201171875,1.0,0.0008877252929843547,0.033494916592540405
6,1730,0,task1_initial,IDLGated,0.99462890625,0.19775390625,0.99267578125,0.1962890625,0.99267578125,0.201171875,0.0003697970532812178,0.000809703499516229,0.041970224626023525
6,1740,0,task1_initial,MLP,0.9931640625,0.20263671875,0.0,0.0,0.0,0.0,1.0,0.0,0.0
6,1740,0,task1_initial,ChevronSlow,0.9912109375,0.205078125,0.9912109375,0.20556640625,0.9912109375,0.20361328125,1.0,0.0008358771204127738,0.03331480451142895
6,1740,0,task1_initial,IDLGated,0.99267578125,0.2021484375,0.9931640625,0.20166015625,0.99267578125,0.203125,0.0003694126207847148,0.0007624122404899184,0.04144529921273962
6,1750,0,task1_initial,MLP,0.99365234375,0.19921875,0.0,0.0,0.0,0.0,1.0,0.0,0.0
6,1750,0,task1_initial,ChevronSlow,0.98828125,0.20263671875,0.9892578125,0.201171875,0.98876953125,0.2021484375,1.0,0.0007870571740506491,0.03266392968203918
6,1750,0,task1_initial,IDLGated,0.99267578125,0.2001953125,0.99365234375,0.19873046875,0.9921875,0.20166015625,0.000369050947483629,0.0007178830581764167,0.040941715499175135
6,1760,0,task1_initial,MLP,0.9970703125,0.1962890625,0.0,0.0,0.0,0.0,1.0,0.0,0.0
6,1760,0,task1_initial,ChevronSlow,0.98974609375,0.19970703125,0.990234375,0.19677734375,0.9892578125,0.201171875,1.0,0.0007410885883785068,0.032152332567107034
6,1760,0,task1_initial,IDLGated,0.99560546875,0.19677734375,0.994140625,0.19482421875,0.9951171875,0.2001953125,0.0003687108983285725,0.0006759546316905431,0.04059820253370959
6,1770,0,task1_initial,MLP,0.99560546875,0.19580078125,0.0,0.0,0.0,0.0,1.0,0.0,0.0
6,1770,0,task1_initial,ChevronSlow,0.990234375,0.197265625,0.99072265625,0.193359375,0.98779296875,0.20068359375,1.0,0.0006978048278224637,0.03185905345199687
6,1770,0,task1_initial,IDLGated,0.99560546875,0.19580078125,0.99365234375,0.19384765625,0.99462890625,0.19921875,0.00036839081440120935,0.0006364750621982402,0.03989166768027744
6,1780,0,task1_initial,MLP,0.99365234375,0.20263671875,0.0,0.0,0.0,0.0,1.0,0.0,0.0
6,1780,0,task1_initial,ChevronSlow,0.9921875,0.20654296875,0.990234375,0.20703125,0.99072265625,0.203125,1.0,0.0006570490834270415,0.03145857738204509
6,1780,0,task1_initial,IDLGated,0.99267578125,0.203125,0.9921875,0.20361328125,0.9931640625,0.20263671875,0.00036808979348279536,0.0005993013226155562,0.03994482713906925
6,1790,0,task1_initial,MLP,0.9931640625,0.203125,0.0,0.0,0.0,0.0,1.0,0.0,0.0
6,1790,0,task1_initial,ChevronSlow,0.99169921875,0.2060546875,0.98974609375,0.20654296875,0.99169921875,0.20361328125,1.0,0.0006186737047657006,0.0311776473347637
6,1790,0,task1_initial,IDLGated,0.9931640625,0.203125,0.99267578125,0.203125,0.9921875,0.203125,0.00036780652590095997,0.0005642987394483154,0.039710624210449116
6,1800,0,task1_initial,MLP,0.994140625,0.203125,0.0,0.0,0.0,0.0,1.0,0.0,0.0
6,1800,0,task1_initial,ChevronSlow,0.990234375,0.2041015625,0.99072265625,0.20556640625,0.9912109375,0.20361328125,1.0,0.0005825396650310045,0.030856759162812185
6,1800,0,task1_initial,IDLGated,0.99267578125,0.203125,0.9931640625,0.20263671875,0.9931640625,0.2021484375,0.0003675401385407895,0.0005313405048952784,0.03946737741130267
6,1810,0,task1_initial,MLP,0.99267578125,0.2041015625,0.0,0.0,0.0,0.0,1.0,0.0,0.0
6,1810,0,task1_initial,ChevronSlow,0.990234375,0.20654296875,0.98876953125,0.2080078125,0.99072265625,0.20361328125,1.0,0.0005485160573665434,0.030772091604731548
6,1810,0,task1_initial,IDLGated,0.9921875,0.20361328125,0.9912109375,0.20458984375,0.9921875,0.20361328125,0.00036728932172991335,0.000500307217447236,0.039017358459127044
6,1820,0,task1_initial,MLP,0.9921875,0.20947265625,0.0,0.0,0.0,0.0,1.0,0.0,0.0
6,1820,0,task1_initial,ChevronSlow,0.98876953125,0.20703125,0.98583984375,0.208984375,0.9921875,0.2060546875,1.0,0.0005164796206159181,0.03052727106390403
6,1820,0,task1_initial,IDLGated,0.99169921875,0.205078125,0.9912109375,0.20703125,0.99267578125,0.20263671875,0.00036705343518406153,0.00047108644931770946,0.03931568351169439
6,1830,0,task1_initial,MLP,0.99609375,0.193359375,0.0,0.0,0.0,0.0,1.0,0.0,0.0
6,1830,0,task1_initial,ChevronSlow,0.98974609375,0.1962890625,0.9892578125,0.19482421875,0.990234375,0.19873046875,1.0,0.0004863142927706623,0.03025978000873596
6,1830,0,task1_initial,IDLGated,0.99462890625,0.19482421875,0.9951171875,0.19189453125,0.9931640625,0.19873046875,0.0003668312856461853,0.0004435723391381447,0.03910572607013054
6,1840,0,task1_initial,MLP,0.99560546875,0.20068359375,0.0,0.0,0.0,0.0,1.0,0.0,0.0
6,1840,0,task1_initial,ChevronSlow,0.9921875,0.19873046875,0.9931640625,0.197265625,0.98876953125,0.2001953125,1.0,0.00045791079049933067,0.03051634131569343
6,1840,0,task1_initial,IDLGated,0.9951171875,0.19921875,0.99560546875,0.1982421875,0.9951171875,0.2001953125,0.0003666224074549973,0.0004176652084420053,0.03877254236893957
6,1850,0,task1_initial,MLP,0.9912109375,0.20361328125,0.0,0.0,0.0,0.0,1.0,0.0,0.0
6,1850,0,task1_initial,ChevronSlow,0.98974609375,0.2021484375,0.9892578125,0.20361328125,0.990234375,0.20166015625,1.0,0.0004311662132344619,0.030739321563759185
6,1850,0,task1_initial,IDLGated,0.99267578125,0.2021484375,0.99072265625,0.203125,0.99267578125,0.2021484375,0.000366425869287923,0.00039327120054836285,0.038111426665651704
6,1860,0,task1_initial,MLP,0.9921875,0.20703125,0.0,0.0,0.0,0.0,1.0,0.0,0.0
6,1860,0,task1_initial,ChevronSlow,0.9892578125,0.20703125,0.9873046875,0.208984375,0.9912109375,0.205078125,1.0,0.0004059836703831009,0.03093404044013557
6,1860,0,task1_initial,IDLGated,0.9921875,0.20654296875,0.99072265625,0.208984375,0.99267578125,0.20263671875,0.00036624076892621815,0.0003703019405367258,0.03798394760662276
6,1870,0,task1_initial,MLP,0.9921875,0.2021484375,0.0,0.0,0.0,0.0,1.0,0.0,0.0
6,1870,0,task1_initial,ChevronSlow,0.9912109375,0.20361328125,0.99169921875,0.2021484375,0.98974609375,0.2021484375,1.0,0.0003822719303103329,0.030405788928738096
6,1870,0,task1_initial,IDLGated,0.9921875,0.20166015625,0.9921875,0.20068359375,0.9931640625,0.2021484375,0.0003660665825009346,0.00034867421508125894,0.036941605933776385
6,1880,0,task1_initial,MLP,0.994140625,0.19775390625,0.0,0.0,0.0,0.0,1.0,0.0,0.0
6,1880,0,task1_initial,ChevronSlow,0.98974609375,0.197265625,0.98876953125,0.19384765625,0.9912109375,0.19873046875,1.0,0.0003599450898241613,0.02996906201741068
6,1880,0,task1_initial,IDLGated,0.9931640625,0.1962890625,0.9912109375,0.19482421875,0.99267578125,0.19873046875,0.0003659025824163109,0.00032830967098449376,0.03749218203788014
6,1890,0,task1_initial,MLP,0.99462890625,0.2001953125,0.0,0.0,0.0,0.0,1.0,0.0,0.0
6,1890,0,task1_initial,ChevronSlow,0.99267578125,0.19921875,0.99267578125,0.1982421875,0.99072265625,0.2001953125,1.0,0.0003389222629643376,0.03008082496103847
6,1890,0,task1_initial,IDLGated,0.99560546875,0.19921875,0.9951171875,0.1982421875,0.994140625,0.201171875,0.00036574844853021204,0.00030913453131837295,0.037909930172688434
6,1900,0,task1_initial,MLP,0.9951171875,0.19970703125,0.0,0.0,0.0,0.0,1.0,0.0,0.0
6,1900,0,task1_initial,ChevronSlow,0.9912109375,0.19921875,0.99267578125,0.19921875,0.99072265625,0.2001953125,1.0,0.0003191272879676802,0.02981229924444154
6,1900,0,task1_initial,IDLGated,0.994140625,0.19970703125,0.99609375,0.19873046875,0.9951171875,0.20068359375,0.00036560327862389386,0.0002910793281442619,0.03721693472715585
6,1910,0,task1_initial,MLP,0.994140625,0.203125,0.0,0.0,0.0,0.0,1.0,0.0,0.0
6,1910,0,task1_initial,ChevronSlow,0.9912109375,0.205078125,0.98974609375,0.205078125,0.99169921875,0.203125,1.0,0.0003004884513482751,0.029938986566698123
6,1910,0,task1_initial,IDLGated,0.994140625,0.203125,0.99267578125,0.20361328125,0.994140625,0.2021484375,0.0003654664906207472,0.00027407865084362143,0.03646054953220799
6,1920,0,task1_initial,MLP,0.994140625,0.2041015625,0.0,0.0,0.0,0.0,1.0,0.0,0.0
6,1920,0,task1_initial,ChevronSlow,0.99072265625,0.20556640625,0.990234375,0.20654296875,0.99169921875,0.20361328125,1.0,0.00028293822809295207,0.029917975709150255
6,1920,0,task1_initial,IDLGated,0.99267578125,0.20361328125,0.9921875,0.20361328125,0.994140625,0.203125,0.00036533790989778936,0.0002580709091475913,0.03642729892379844
6,1930,0,task1_initial,MLP,0.994140625,0.20068359375,0.0,0.0,0.0,0.0,1.0,0.0,0.0
6,1930,0,task1_initial,ChevronSlow,0.9912109375,0.2021484375,0.9912109375,0.2021484375,0.99169921875,0.20263671875,1.0,0.0002664130370308119,0.02961079928011142
6,1930,0,task1_initial,IDLGated,0.994140625,0.201171875,0.99462890625,0.201171875,0.9951171875,0.20068359375,0.000365216750651598,0.0002429981100069849,0.03577791884073891
6,1940,0,task1_initial,MLP,0.99609375,0.1982421875,0.0,0.0,0.0,0.0,1.0,0.0,0.0
6,1940,0,task1_initial,ChevronSlow,0.99072265625,0.20068359375,0.99169921875,0.2001953125,0.990234375,0.201171875,1.0,0.0002508530104905565,0.02951229184896828
6,1940,0,task1_initial,IDLGated,0.9951171875,0.20068359375,0.99462890625,0.2001953125,0.9951171875,0.20068359375,0.0003651029255706817,0.00022880564749433663,0.0350694106279811
6,1950,0,task1_initial,MLP,0.994140625,0.19482421875,0.0,0.0,0.0,0.0,1.0,0.0,0.0
6,1950,0,task1_initial,ChevronSlow,0.990234375,0.19677734375,0.98974609375,0.19482421875,0.98974609375,0.19921875,1.0,0.0002362017774111311,0.029629861795685348
6,1950,0,task1_initial,IDLGated,0.9931640625,0.19580078125,0.9921875,0.19482421875,0.9931640625,0.1982421875,0.0003649955615401268,0.00021544210497685679,0.03447426715423021
6,1960,0,task1_initial,MLP,0.9921875,0.20263671875,0.0,0.0,0.0,0.0,1.0,0.0,0.0
6,1960,0,task1_initial,ChevronSlow,0.9912109375,0.20166015625,0.9912109375,0.2021484375,0.9912109375,0.2021484375,1.0,0.0002224062591199312,0.029470406693419063
6,1960,0,task1_initial,IDLGated,0.9931640625,0.20166015625,0.99365234375,0.201171875,0.9951171875,0.20166015625,0.00036489468766376376,0.0002028590688436038,0.03383072273137511
6,1970,0,task1_initial,MLP,0.9921875,0.203125,0.0,0.0,0.0,0.0,1.0,0.0,0.0
6,1970,0,task1_initial,ChevronSlow,0.98974609375,0.20361328125,0.98779296875,0.2060546875,0.99072265625,0.20361328125,1.0,0.00020941647703871571,0.029593534626342365
6,1970,0,task1_initial,IDLGated,0.9921875,0.203125,0.9912109375,0.20458984375,0.9931640625,0.20263671875,0.00036479951813817024,0.00019101095311204185,0.03411338952743214
6,1980,0,task1_initial,MLP,0.99072265625,0.20458984375,0.0,0.0,0.0,0.0,1.0,0.0,0.0
6,1980,0,task1_initial,ChevronSlow,0.98779296875,0.20751953125,0.986328125,0.20947265625,0.990234375,0.2041015625,1.0,0.00019718537162058134,0.029654936469505264
6,1980,0,task1_initial,IDLGated,0.98974609375,0.2060546875,0.9873046875,0.20703125,0.99169921875,0.203125,0.00036470999475568533,0.00017985483427856636,0.03390473089700536
6,1990,0,task1_initial,MLP,0.99560546875,0.1982421875,0.0,0.0,0.0,0.0,1.0,0.0,0.0
6,1990,0,task1_initial,ChevronSlow,0.99169921875,0.20068359375,0.9921875,0.20068359375,0.9912109375,0.20166015625,1.0,0.0001856686318620405,0.029290225555470575
6,1990,0,task1_initial,IDLGated,0.99462890625,0.201171875,0.99462890625,0.201171875,0.99462890625,0.20166015625,0.00036462588468566537,0.00016935029581469207,0.03403364645229668
6,2000,0,task1_initial,MLP,0.99462890625,0.19384765625,0.0,0.0,0.0,0.0,1.0,0.0,0.0
6,2000,0,task1_initial,ChevronSlow,0.99072265625,0.19384765625,0.99072265625,0.19091796875,0.98974609375,0.19970703125,1.0,0.00017482453477255712,0.029545835942834144
6,2000,0,task1_initial,IDLGated,0.99365234375,0.1953125,0.9912109375,0.18994140625,0.99658203125,0.19677734375,0.0003645464312285185,0.00015945928174554219,0.03437204654571211
6,2010,0,task1_initial,MLP,0.99462890625,0.19091796875,0.0,0.0,0.0,0.0,1.0,0.0,0.0
6,2010,0,task1_initial,ChevronSlow,0.9912109375,0.1923828125,0.98974609375,0.1904296875,0.990234375,0.19775390625,1.0,0.0001646137942199686,0.02965391443147379
6,2010,0,task1_initial,IDLGated,0.99365234375,0.1923828125,0.99072265625,0.1884765625,0.994140625,0.19677734375,0.00036447172169573605,0.00015014595878018095,0.03440300069792256
6,2020,0,task1_initial,MLP,0.98828125,0.20654296875,0.0,0.0,0.0,0.0,1.0,0.0,0.0
6,2020,0,task1_initial,ChevronSlow,0.9892578125,0.20458984375,0.9873046875,0.2060546875,0.990234375,0.20361328125,1.0,0.0001549994186041889,0.028888966726001247
6,2020,0,task1_initial,IDLGated,0.9912109375,0.2041015625,0.98974609375,0.20556640625,0.9921875,0.2021484375,0.00036440155236050487,0.00014137658649431378,0.033739165527478784
6,2030,0,task1_initial,MLP,0.9931640625,0.203125,0.0,0.0,0.0,0.0,1.0,0.0,0.0
6,2030,0,task1_initial,ChevronSlow,0.990234375,0.20361328125,0.990234375,0.20458984375,0.9912109375,0.2021484375,1.0,0.00014594657684357192,0.02893581887568825
6,2030,0,task1_initial,IDLGated,0.99169921875,0.20361328125,0.9912109375,0.203125,0.9931640625,0.2021484375,0.00036433537025004625,0.00013311939509505122,0.03352207601233558
6,2040,0,task1_initial,MLP,0.99560546875,0.2021484375,0.0,0.0,0.0,0.0,1.0,0.0,0.0
6,2040,0,task1_initial,ChevronSlow,0.99169921875,0.20458984375,0.99169921875,0.20458984375,0.9912109375,0.20263671875,1.0,0.0001374224721884279,0.029027944870842003
6,2040,0,task1_initial,IDLGated,0.994140625,0.203125,0.99365234375,0.203125,0.99462890625,0.2021484375,0.00036427302984520793,0.00012534447032490126,0.033382492497324286
6,2050,0,task1_initial,MLP,0.99658203125,0.19873046875,0.0,0.0,0.0,0.0,1.0,0.0,0.0
6,2050,0,task1_initial,ChevronSlow,0.99267578125,0.19970703125,0.99267578125,0.19921875,0.99169921875,0.19970703125,1.0,0.00012939622340454374,0.029118278939325757
6,2050,0,task1_initial,IDLGated,0.9951171875,0.19970703125,0.99609375,0.19970703125,0.9951171875,0.20068359375,0.0003642143274191767,0.00011802364508801862,0.03301616803040108
6,2060,0,task1_initial,MLP,0.9970703125,0.1962890625,0.0,0.0,0.0,0.0,1.0,0.0,0.0
6,2060,0,task1_initial,ChevronSlow,0.99072265625,0.19921875,0.9912109375,0.1962890625,0.9912109375,0.19970703125,1.0,0.00012183875289625685,0.029190874754100062
6,2060,0,task1_initial,IDLGated,0.99658203125,0.19677734375,0.9970703125,0.19580078125,0.9951171875,0.19921875,0.0003641591756604612,0.00011113039740609362,0.032750027280325535
6,2070,0,task1_initial,MLP,0.99365234375,0.20458984375,0.0,0.0,0.0,0.0,1.0,0.0,0.0
6,2070,0,task1_initial,ChevronSlow,0.99267578125,0.20458984375,0.99169921875,0.20458984375,0.99267578125,0.20166015625,1.0,0.00011472268136377357,0.02921505057910613
6,2070,0,task1_initial,IDLGated,0.99365234375,0.2021484375,0.9921875,0.203125,0.994140625,0.201171875,0.0003641072544269264,0.00010463975433419336,0.033052596596312926
6,2080,0,task1_initial,MLP,0.994140625,0.20361328125,0.0,0.0,0.0,0.0,1.0,0.0,0.0
6,2080,0,task1_initial,ChevronSlow,0.9912109375,0.20458984375,0.99169921875,0.205078125,0.99169921875,0.2021484375,1.0,0.0001080222286130956,0.02890453355134693
6,2080,0,task1_initial,IDLGated,0.9921875,0.2041015625,0.9921875,0.20361328125,0.99365234375,0.203125,0.00036405830178409815,9.852820148846102e-05,0.03305337406953244
6,2090,0,task1_initial,MLP,0.990234375,0.2060546875,0.0,0.0,0.0,0.0,1.0,0.0,0.0
6,2090,0,task1_initial,ChevronSlow,0.98876953125,0.20703125,0.9873046875,0.2080078125,0.99072265625,0.2041015625,1.0,0.00010171312015920673,0.028690804677085305
6,2090,0,task1_initial,IDLGated,0.98974609375,0.205078125,0.98681640625,0.2080078125,0.99267578125,0.20361328125,0.0003640121722128242,9.277359785790831e-05,0.03356707963194509
6,2100,0,task1_initial,MLP,0.9912109375,0.205078125,0.0,0.0,0.0,0.0,1.0,0.0,0.0
6,2100,0,task1_initial,ChevronSlow,0.98974609375,0.2060546875,0.9892578125,0.20849609375,0.990234375,0.205078125,1.0,9.577249928416149e-05,0.028281437817719503
6,2100,0,task1_initial,IDLGated,0.99072265625,0.20556640625,0.98974609375,0.20654296875,0.9921875,0.2041015625,0.0003639688075054437,8.735509559168071e-05,0.033673113160083576
6,2110,0,task1_initial,MLP,0.99755859375,0.19482421875,0.0,0.0,0.0,0.0,1.0,0.0,0.0
6,2110,0,task1_initial,ChevronSlow,0.99267578125,0.19873046875,0.994140625,0.19482421875,0.9912109375,0.2001953125,1.0,9.017884423147806e-05,0.028357819725941057
6,2110,0,task1_initial,IDLGated,0.99755859375,0.1962890625,0.99658203125,0.1953125,0.9951171875,0.19970703125,0.00036392800393514335,8.225306447119957e-05,0.033057559872640765
6,2120,0,task1_initial,MLP,0.99169921875,0.19677734375,0.0,0.0,0.0,0.0,1.0,0.0,0.0
6,2120,0,task1_initial,ChevronSlow,0.99267578125,0.197265625,0.990234375,0.1943359375,0.99072265625,0.2001953125,1.0,8.491189023684653e-05,0.0287417003589778
6,2120,0,task1_initial,IDLGated,0.99267578125,0.1962890625,0.99072265625,0.19482421875,0.994140625,0.1982421875,0.0003638894995674491,7.744902079355784e-05,0.032897634931590876
6,2130,0,task1_initial,MLP,0.9951171875,0.19482421875,0.0,0.0,0.0,0.0,1.0,0.0,0.0
6,2130,0,task1_initial,ChevronSlow,0.99169921875,0.19775390625,0.99169921875,0.19482421875,0.99169921875,0.19970703125,1.0,7.995255611268437e-05,0.02877654480361426
6,2130,0,task1_initial,IDLGated,0.9951171875,0.19482421875,0.99609375,0.193359375,0.99462890625,0.19873046875,0.0003638534399215132,7.292556040852732e-05,0.032725282811009705
6,2140,0,task1_initial,MLP,0.9921875,0.20458984375,0.0,0.0,0.0,0.0,1.0,0.0,0.0
6,2140,0,task1_initial,ChevronSlow,0.99169921875,0.20458984375,0.9912109375,0.2060546875,0.9921875,0.2021484375,1.0,7.528287512056857e-05,0.029174061994187223
6,2140,0,task1_initial,IDLGated,0.9931640625,0.2041015625,0.99169921875,0.20556640625,0.99365234375,0.203125,0.000363819272024557,6.866629566658285e-05,0.032990103163900206
6,2150,0,task1_initial,MLP,0.990234375,0.2060546875,0.0,0.0,0.0,0.0,1.0,0.0,0.0
6,2150,0,task1_initial,ChevronSlow,0.98876953125,0.205078125,0.98876953125,0.20703125,0.99072265625,0.203125,1.0,7.088592988110831e-05,0.02922529866570756
6,2150,0,task1_initial,IDLGated,0.99072265625,0.205078125,0.9892578125,0.20654296875,0.99267578125,0.203125,0.0003637871996033937,6.465579604951839e-05,0.03285339456831779
6,2160,0,task1_initial,MLP,0.9921875,0.2001953125,0.0,0.0,0.0,0.0,1.0,0.0,0.0
6,2160,0,task1_initial,ChevronSlow,0.98779296875,0.2021484375,0.98779296875,0.2021484375,0.98974609375,0.20166015625,1.0,6.674579108544883e-05,0.029440537103963126
6,2160,0,task1_initial,IDLGated,0.9921875,0.20166015625,0.99169921875,0.201171875,0.9931640625,0.201171875,0.00036375701893121004,6.087953226857026e-05,0.03210984979736783
6,2170,0,task1_initial,MLP,0.99365234375,0.2001953125,0.0,0.0,0.0,0.0,1.0,0.0,0.0
6,2170,0,task1_initial,ChevronSlow,0.99169921875,0.201171875,0.9912109375,0.201171875,0.99072265625,0.20166015625,1.0,6.284745978636977e-05,0.029800590285229574
6,2170,0,task1_initial,IDLGated,0.99365234375,0.2001953125,0.99462890625,0.19970703125,0.99365234375,0.201171875,0.0003637285844888538,5.7323823627526064e-05,0.03210241828799318
6,2180,0,task1_initial,MLP,0.9921875,0.20166015625,0.0,0.0,0.0,0.0,1.0,0.0,0.0
6,2180,0,task1_initial,ChevronSlow,0.99072265625,0.20166015625,0.98974609375,0.201171875,0.9921875,0.20166015625,1.0,5.917681305990929e-05,0.03035496435722835
6,2180,0,task1_initial,IDLGated,0.9931640625,0.2021484375,0.9912109375,0.201171875,0.9951171875,0.2021484375,0.00036370172165334225,5.3975788460125224e-05,0.03219985478192118
6,2190,0,task1_initial,MLP,0.99365234375,0.20361328125,0.0,0.0,0.0,0.0,1.0,0.0,0.0
6,2190,0,task1_initial,ChevronSlow,0.9931640625,0.201171875,0.9921875,0.20166015625,0.99267578125,0.20166015625,1.0,5.5720552840656495e-05,0.030023102885793403
6,2190,0,task1_initial,IDLGated,0.9931640625,0.20263671875,0.9921875,0.20263671875,0.9951171875,0.20263671875,0.00036367654683999717,5.0823297462195485e-05,0.031406496134344764
6,2200,0,end_task1,MLP,0.9921875,0.20263671875,0.0,0.0,0.0,0.0,1.0,0.0,0.0
6,2200,0,end_task1,ChevronSlow,0.9912109375,0.20166015625,0.99267578125,0.201171875,0.99072265625,0.20166015625,1.0,5.246615774535175e-05,0.029281586841429178
6,2200,0,end_task1,IDLGated,0.99365234375,0.20166015625,0.99267578125,0.2021484375,0.99365234375,0.20166015625,0.00036365282721817493,4.7854929749456284e-05,0.03031766854676299
6,2210,0,task2,MLP,0.9267578125,0.28076171875,0.0,0.0,0.0,0.0,1.0,0.0,0.0
6,2210,0,task2,ChevronSlow,0.955078125,0.259765625,0.70263671875,0.38623046875,0.97607421875,0.2265625,1.0,4.9401837710260965e-05,0.054875401557098795
6,2210,0,task2,IDLGated,0.97314453125,0.2333984375,0.1767578125,0.78466796875,0.9931640625,0.203125,0.00036847859155386686,0.0006472994720616757,0.07841971235381451
6,2220,0,task2,MLP,0.0732421875,0.7958984375,0.0,0.0,0.0,0.0,1.0,0.0,0.0
6,2220,0,task2,ChevronSlow,0.04248046875,0.84033203125,0.02294921875,0.802734375,0.955078125,0.25927734375,1.0,0.013662895936845013,0.09726069153122921
6,2220,0,task2,IDLGated,0.12744140625,0.75048828125,0.037109375,0.8056640625,0.99169921875,0.2041015625,0.0006889296928420663,0.029105352188387973,0.15247117113029218
6,2230,0,task2,MLP,0.06201171875,0.81494140625,0.0,0.0,0.0,0.0,1.0,0.0,0.0
6,2230,0,task2,ChevronSlow,0.05859375,0.85009765625,0.041015625,0.845703125,0.923828125,0.28955078125,1.0,0.05879670350982395,0.11786934565064486
6,2230,0,task2,IDLGated,0.10400390625,0.8212890625,0.05322265625,0.84033203125,0.99169921875,0.205078125,0.00402062339708209,0.10944138964780177,0.19361503704231087
6,2240,0,task2,MLP,0.09521484375,0.82763671875,0.0,0.0,0.0,0.0,1.0,0.0,0.0
6,2240,0,task2,ChevronSlow,0.1005859375,0.85546875,0.08251953125,0.85693359375,0.90966796875,0.30810546875,1.0,0.1264672766747422,0.12456951519105385
6,2240,0,task2,IDLGated,0.1171875,0.83154296875,0.07275390625,0.84765625,0.9912109375,0.205078125,0.05882298946380615,0.23397279148611336,0.20935729183715793
6,2250,0,task2,MLP,0.10791015625,0.84375,0.0,0.0,0.0,0.0,1.0,0.0,0.0
6,2250,0,task2,ChevronSlow,0.10107421875,0.8662109375,0.08837890625,0.86376953125,0.89697265625,0.32080078125,1.0,0.2039044928855864,0.11877776393537003
6,2250,0,task2,IDLGated,0.099609375,0.84033203125,0.05810546875,0.85107421875,0.99072265625,0.2060546875,0.6450392603874207,0.38715018575840665,0.20728748827624183
6,2260,0,task2,MLP,0.115234375,0.865234375,0.0,0.0,0.0,0.0,1.0,0.0,0.0
6,2260,0,task2,ChevronSlow,0.10205078125,0.876953125,0.083984375,0.87548828125,0.89208984375,0.33447265625,1.0,0.2825512802403785,0.11261492333194784
6,2260,0,task2,IDLGated,0.0732421875,0.85888671875,0.04052734375,0.84912109375,0.98193359375,0.21484375,0.9865283966064453,0.5551639034442583,0.19884164773013532
6,2270,0,task2,MLP,0.1162109375,0.8759765625,0.0,0.0,0.0,0.0,1.0,0.0,0.0
6,2270,0,task2,ChevronSlow,0.10107421875,0.88623046875,0.0859375,0.876953125,0.87841796875,0.34765625,1.0,0.35763356922975525,0.11180034100071137
6,2270,0,task2,IDLGated,0.0771484375,0.8701171875,0.041015625,0.85009765625,0.97705078125,0.22119140625,0.9997000694274902,0.7287102012818533,0.1932334415201343
6,2280,0,task2,MLP,0.1171875,0.8818359375,0.0,0.0,0.0,0.0,1.0,0.0,0.0
6,2280,0,task2,ChevronSlow,0.10400390625,0.89111328125,0.09423828125,0.87109375,0.6005859375,0.6025390625,1.0,0.42640439659752677,0.11484006397996672
6,2280,0,task2,IDLGated,0.08447265625,0.87255859375,0.05126953125,0.8525390625,0.9697265625,0.228515625,0.9999929666519165,0.8992552610012604,0.18938430681342303
6,2290,0,task2,MLP,0.1416015625,0.88818359375,0.0,0.0,0.0,0.0,1.0,0.0,0.0
6,2290,0,task2,ChevronSlow,0.1298828125,0.9072265625,0.11328125,0.8955078125,0.54736328125,0.6513671875,1.0,0.48805437950082897,0.1236937296058844
6,2290,0,task2,IDLGated,0.09033203125,0.89013671875,0.0556640625,0.85986328125,0.9609375,0.23291015625,0.9999997615814209,1.0619592463260097,0.18813260404782814
6,2300,0,task2,MLP,0.146484375,0.89599609375,0.0,0.0,0.0,0.0,1.0,0.0,0.0
6,2300,0,task2,ChevronSlow,0.1357421875,0.916015625,0.1220703125,0.8984375,0.51025390625,0.68994140625,1.0,0.5414040587920804,0.1302173993576893
6,2300,0,task2,IDLGated,0.09423828125,0.8984375,0.0595703125,0.86376953125,0.9521484375,0.2421875,1.0,1.2137305982859639,0.187420024046282
6,2310,0,task2,MLP,0.1455078125,0.8984375,0.0,0.0,0.0,0.0,1.0,0.0,0.0
6,2310,0,task2,ChevronSlow,0.13232421875,0.91845703125,0.12353515625,0.8994140625,0.47021484375,0.7236328125,1.0,0.5876553892305516,0.13499806755590882
6,2310,0,task2,IDLGated,0.09912109375,0.89453125,0.0654296875,0.86474609375,0.9443359375,0.2431640625,1.0,1.353214230821426,0.18626751013207654
6,2320,0,task2,MLP,0.13916015625,0.8994140625,0.0,0.0,0.0,0.0,1.0,0.0,0.0
6,2320,0,task2,ChevronSlow,0.1240234375,0.92431640625,0.12060546875,0.904296875,0.17919921875,0.85302734375,1.0,0.6273851219776758,0.13931202243255605
6,2320,0,task2,IDLGated,0.1005859375,0.90185546875,0.0654296875,0.8642578125,0.94091796875,0.24853515625,1.0,1.4804073328871046,0.18581253879570173
6,2330,0,task2,MLP,0.13330078125,0.91162109375,0.0,0.0,0.0,0.0,1.0,0.0,0.0
6,2330,0,task2,ChevronSlow,0.126953125,0.9267578125,0.1220703125,0.92431640625,0.14990234375,0.85595703125,1.0,0.6613818388803023,0.1443751815163342
6,2330,0,task2,IDLGated,0.1025390625,0.90966796875,0.0693359375,0.87646484375,0.93505859375,0.25048828125,1.0,1.59394050843802,0.1869585006011801
6,2340,0,task2,MLP,0.140625,0.916015625,0.0,0.0,0.0,0.0,1.0,0.0,0.0
6,2340,0,task2,ChevronSlow,0.130859375,0.92919921875,0.13134765625,0.9306640625,0.13916015625,0.85693359375,1.0,0.689075694361158,0.14769038046721764
6,2340,0,task2,IDLGated,0.11474609375,0.91259765625,0.0751953125,0.88232421875,0.9267578125,0.24853515625,1.0,1.69282736017407,0.1887536993472398
6,2350,0,task2,MLP,0.1298828125,0.9189453125,0.0,0.0,0.0,0.0,1.0,0.0,0.0
6,2350,0,task2,ChevronSlow,0.12255859375,0.9365234375,0.13037109375,0.92041015625,0.1220703125,0.865234375,1.0,0.7114289120541297,0.1492551096160666
6,2350,0,task2,IDLGated,0.1171875,0.91845703125,0.07373046875,0.87939453125,0.92138671875,0.25146484375,1.0,1.7787139075445912,0.1897901017907603
6,2360,0,task2,MLP,0.13525390625,0.92529296875,0.0,0.0,0.0,0.0,1.0,0.0,0.0
6,2360,0,task2,ChevronSlow,0.1328125,0.9375,0.1455078125,0.93798828125,0.11962890625,0.86279296875,1.0,0.7305815041441458,0.1572019894289386
6,2360,0,task2,IDLGated,0.125,0.92431640625,0.0771484375,0.88671875,0.91650390625,0.25341796875,1.0,1.852307130968222,0.19249489006326428
6,2370,0,task2,MLP,0.14404296875,0.92578125,0.0,0.0,0.0,0.0,1.0,0.0,0.0
6,2370,0,task2,ChevronSlow,0.13427734375,0.9443359375,0.16162109375,0.9326171875,0.11328125,0.869140625,1.0,0.7462834340860678,0.16206318584138898
6,2370,0,task2,IDLGated,0.1240234375,0.9267578125,0.08154296875,0.88671875,0.91259765625,0.2548828125,1.0,1.9141592924264794,0.19306559633826229
6,2380,0,task2,MLP,0.1455078125,0.93115234375,0.0,0.0,0.0,0.0,1.0,0.0,0.0
6,2380,0,task2,ChevronSlow,0.14794921875,0.9345703125,0.1640625,0.9501953125,0.1162109375,0.8642578125,1.0,0.75883374697171,0.16093367341462653
6,2380,0,task2,IDLGated,0.1337890625,0.92626953125,0.0888671875,0.9013671875,0.90869140625,0.25732421875,1.0,1.9652501912666007,0.19599335738394538
6,2390,0,task2,MLP,0.13916015625,0.9296875,0.0,0.0,0.0,0.0,1.0,0.0,0.0
6,2390,0,task2,ChevronSlow,0.1318359375,0.9365234375,0.14208984375,0.9287109375,0.1044921875,0.8818359375,1.0,0.7695604566810211,0.15702507587324485
6,2390,0,task2,IDLGated,0.126953125,0.93017578125,0.09375,0.89306640625,0.904296875,0.26318359375,1.0,2.0047954464082207,0.1953611953549062
6,2400,0,task2,MLP,0.13427734375,0.93212890625,0.0,0.0,0.0,0.0,1.0,0.0,0.0
6,2400,0,task2,ChevronSlow,0.138671875,0.94091796875,0.15185546875,0.9521484375,0.1083984375,0.88037109375,1.0,0.7802714839217197,0.15713495848792638
6,2400,0,task2,IDLGated,0.1298828125,0.9306640625,0.099609375,0.90283203125,0.900390625,0.2685546875,1.0,2.0362796393583187,0.19544678478452746
6,2410,0,task2,MLP,0.12841796875,0.93115234375,0.0,0.0,0.0,0.0,1.0,0.0,0.0
6,2410,0,task2,ChevronSlow,0.13427734375,0.94189453125,0.14404296875,0.935546875,0.10009765625,0.88720703125,1.0,0.7891276388424958,0.1567658093804421
6,2410,0,task2,IDLGated,0.1240234375,0.93310546875,0.1015625,0.89697265625,0.89697265625,0.2744140625,1.0,2.0598700306223963,0.19354480716722758
6,2420,0,end_task2,MLP,0.1376953125,0.935546875,0.0,0.0,0.0,0.0,1.0,0.0,0.0
6,2420,0,end_task2,ChevronSlow,0.14453125,0.95263671875,0.16552734375,0.9462890625,0.10205078125,0.8896484375,1.0,0.7967610321146608,0.15979992365462986
6,2420,0,end_task2,IDLGated,0.12646484375,0.9326171875,0.1083984375,0.90234375,0.89208984375,0.27783203125,1.0,2.0764676626634224,0.19359227559879616
6,2430,10,task1_return,MLP,0.44775390625,0.75048828125,0.0,0.0,0.0,0.0,1.0,0.0,0.0
6,2430,10,task1_return,ChevronSlow,0.45068359375,0.74462890625,0.47509765625,0.72021484375,0.169921875,0.861328125,1.0,0.8008538305959433,0.18090880913352042
6,2430,10,task1_return,IDLGated,0.416015625,0.7880859375,0.21142578125,0.88134765625,0.9013671875,0.24853515625,1.0,2.084990282175651,0.20673162463085512
6,2440,20,task1_return,MLP,0.90185546875,0.30078125,0.0,0.0,0.0,0.0,1.0,0.0,0.0
6,2440,20,task1_return,ChevronSlow,0.646484375,0.54541015625,0.76318359375,0.4443359375,0.5224609375,0.66259765625,1.0,0.7984570597273859,0.2147867098312917
6,2440,20,task1_return,IDLGated,0.68701171875,0.5048828125,0.61962890625,0.55419921875,0.93115234375,0.21875,1.0,2.075103558033789,0.22797388923350675
6,2450,30,task1_return,MLP,0.9619140625,0.234375,0.0,0.0,0.0,0.0,1.0,0.0,0.0
6,2450,30,task1_return,ChevronSlow,0.9755859375,0.22021484375,0.9677734375,0.17431640625,0.90625,0.2900390625,1.0,0.7968152029590819,0.235510104157224
6,2450,30,task1_return,IDLGated,0.9716796875,0.1728515625,0.6962890625,0.4482421875,0.95166015625,0.193359375,1.0,2.040578733151973,0.23722544984305788
6,2460,40,task1_return,MLP,0.99169921875,0.19482421875,0.0,0.0,0.0,0.0,1.0,0.0,0.0
6,2460,40,task1_return,ChevronSlow,0.974609375,0.18359375,0.93603515625,0.1630859375,0.93310546875,0.265625,1.0,0.8051113555378994,0.24020710012739507
6,2460,40,task1_return,IDLGated,0.97265625,0.173828125,0.93408203125,0.15185546875,0.970703125,0.19482421875,1.0,1.9851588511615443,0.23731430910429827
6,2470,50,task1_return,MLP,0.98486328125,0.18798828125,0.0,0.0,0.0,0.0,1.0,0.0,0.0
6,2470,50,task1_return,ChevronSlow,0.9892578125,0.19580078125,0.95166015625,0.17236328125,0.94482421875,0.25830078125,1.0,0.8227346945649283,0.23544973532276478
6,2470,50,task1_return,IDLGated,0.9853515625,0.19287109375,0.94921875,0.1708984375,0.986328125,0.2080078125,1.0,1.9150543711767438,0.23432516759875585
6,2480,60,task1_return,MLP,0.98779296875,0.1904296875,0.0,0.0,0.0,0.0,1.0,0.0,0.0
6,2480,60,task1_return,ChevronSlow,0.98876953125,0.2001953125,0.96826171875,0.1796875,0.95166015625,0.2548828125,1.0,0.8465169411002483,0.2302398665280941
6,2480,60,task1_return,IDLGated,0.98779296875,0.19921875,0.953125,0.16796875,0.9853515625,0.21240234375,1.0,1.8344686949997233,0.22982496121908183
6,2490,70,task1_return,MLP,0.99072265625,0.19970703125,0.0,0.0,0.0,0.0,1.0,0.0,0.0
6,2490,70,task1_return,ChevronSlow,0.9892578125,0.20361328125,0.97607421875,0.18212890625,0.953125,0.251953125,1.0,0.8729310052431507,0.22505185427992552
6,2490,70,task1_return,IDLGated,0.9892578125,0.19921875,0.9619140625,0.16015625,0.98486328125,0.212890625,1.0,1.7477970552314082,0.22518493909614537
6,2500,80,task1_return,MLP,0.97998046875,0.201171875,0.0,0.0,0.0,0.0,1.0,0.0,0.0
6,2500,80,task1_return,ChevronSlow,0.984375,0.1962890625,0.97607421875,0.1728515625,0.95556640625,0.24609375,1.0,0.8983741123043977,0.21948446947481495
6,2500,80,task1_return,IDLGated,0.98291015625,0.19287109375,0.95556640625,0.15234375,0.98486328125,0.20947265625,1.0,1.6580580347268516,0.2201645244011199
6,2510,90,task1_return,MLP,0.9873046875,0.208984375,0.0,0.0,0.0,0.0,1.0,0.0,0.0
6,2510,90,task1_return,ChevronSlow,0.9892578125,0.201171875,0.97509765625,0.1787109375,0.9609375,0.24462890625,1.0,0.9216699547196489,0.21516630863735126
6,2510,90,task1_return,IDLGated,0.986328125,0.19482421875,0.95654296875,0.1533203125,0.98681640625,0.2109375,1.0,1.5674039475230996,0.21550825033180493
6,2520,100,task1_return,MLP,0.98828125,0.20654296875,0.0,0.0,0.0,0.0,1.0,0.0,0.0
6,2520,100,task1_return,ChevronSlow,0.9892578125,0.2041015625,0.978515625,0.18505859375,0.9619140625,0.24462890625,1.0,0.9416537942765235,0.21060412637885537
6,2520,100,task1_return,IDLGated,0.98974609375,0.19775390625,0.9609375,0.15771484375,0.98486328125,0.21240234375,1.0,1.4777541212650454,0.21091729385517535
6,2530,110,task1_return,MLP,0.99169921875,0.19970703125,0.0,0.0,0.0,0.0,1.0,0.0,0.0
6,2530,110,task1_return,ChevronSlow,0.9912109375,0.201171875,0.97900390625,0.1806640625,0.96435546875,0.24072265625,1.0,0.9576581906621061,0.20605265974013132
6,2530,110,task1_return,IDLGated,0.99169921875,0.1962890625,0.958984375,0.15234375,0.98583984375,0.21142578125,1.0,1.391503685884036,0.2072815650926873
6,2540,120,task1_return,MLP,0.9912109375,0.201171875,0.0,0.0,0.0,0.0,1.0,0.0,0.0
6,2540,120,task1_return,ChevronSlow,0.99072265625,0.20068359375,0.98095703125,0.1787109375,0.96826171875,0.2392578125,1.0,0.970254892523481,0.20122059976299064
6,2540,120,task1_return,IDLGated,0.990234375,0.197265625,0.96142578125,0.15234375,0.98583984375,0.21142578125,1.0,1.310232008925094,0.20366477148186282
6,2550,130,task1_return,MLP,0.9912109375,0.203125,0.0,0.0,0.0,0.0,1.0,0.0,0.0
6,2550,130,task1_return,ChevronSlow,0.98974609375,0.201171875,0.98193359375,0.17822265625,0.9697265625,0.23779296875,1.0,0.9790059948404212,0.19639074021229752
6,2550,130,task1_return,IDLGated,0.98974609375,0.19775390625,0.9638671875,0.15673828125,0.9853515625,0.2119140625,1.0,1.2337070570684447,0.19983511845861107
6,2560,140,task1_return,MLP,0.98779296875,0.20751953125,0.0,0.0,0.0,0.0,1.0,0.0,0.0
6,2560,140,task1_return,ChevronSlow,0.98974609375,0.20654296875,0.9912109375,0.1904296875,0.9677734375,0.240234375,1.0,0.9836699435816751,0.192331487564868
6,2560,140,task1_return,IDLGated,0.99072265625,0.203125,0.97021484375,0.166015625,0.9814453125,0.21435546875,1.0,1.1616515947501156,0.1959519301492381
6,2570,150,task1_return,MLP,0.99072265625,0.2021484375,0.0,0.0,0.0,0.0,1.0,0.0,0.0
6,2570,150,task1_return,ChevronSlow,0.99169921875,0.201171875,0.98046875,0.18408203125,0.97119140625,0.23486328125,1.0,0.9844815651757001,0.1889045378006704
6,2570,150,task1_return,IDLGated,0.99267578125,0.201171875,0.96826171875,0.16357421875,0.9833984375,0.21337890625,0.9999998807907104,1.0938045785293917,0.1916570287438223
6,2580,160,task1_return,MLP,0.9921875,0.2001953125,0.0,0.0,0.0,0.0,1.0,0.0,0.0
6,2580,160,task1_return,ChevronSlow,0.9921875,0.20166015625,0.98095703125,0.18505859375,0.97216796875,0.232421875,1.0,0.9819762599539814,0.18501574052007438
6,2580,160,task1_return,IDLGated,0.99267578125,0.20068359375,0.97216796875,0.1669921875,0.98486328125,0.2119140625,0.9999996423721313,1.0299202113773376,0.18793165275251872
6,2590,170,task1_return,MLP,0.99072265625,0.2021484375,0.0,0.0,0.0,0.0,1.0,0.0,0.0
6,2590,170,task1_return,ChevronSlow,0.9912109375,0.20263671875,0.98876953125,0.18603515625,0.97314453125,0.232421875,1.0,0.9757146373546954,0.1817286751637127
6,2590,170,task1_return,IDLGated,0.9921875,0.2001953125,0.97705078125,0.173828125,0.98583984375,0.20947265625,0.9999984502792358,0.9697670522002086,0.1845907782440891
6,2600,180,task1_return,MLP,0.98974609375,0.20458984375,0.0,0.0,0.0,0.0,1.0,0.0,0.0
6,2600,180,task1_return,ChevronSlow,0.9892578125,0.20361328125,0.98876953125,0.1884765625,0.97412109375,0.22900390625,1.0,0.9655869608103819,0.17840688176611524
6,2600,180,task1_return,IDLGated,0.99267578125,0.201171875,0.98193359375,0.177734375,0.98583984375,0.20947265625,0.9999947547912598,0.9131271773717284,0.18127311744483357
6,2610,190,task1_return,MLP,0.990234375,0.20458984375,0.0,0.0,0.0,0.0,1.0,0.0,0.0
6,2610,190,task1_return,ChevronSlow,0.9912109375,0.20263671875,0.98974609375,0.18310546875,0.974609375,0.228515625,1.0,0.9524213218846641,0.17445197356459735
6,2610,190,task1_return,IDLGated,0.9931640625,0.19970703125,0.982421875,0.177734375,0.986328125,0.20947265625,0.9999831914901733,0.8597953912366179,0.17783787342807839
6,2620,200,task1_return,MLP,0.9912109375,0.19677734375,0.0,0.0,0.0,0.0,1.0,0.0,0.0
6,2620,200,task1_return,ChevronSlow,0.9912109375,0.19287109375,0.9755859375,0.173828125,0.97607421875,0.22314453125,1.0,0.9361668943418581,0.17097728501712411
6,2620,200,task1_return,IDLGated,0.99267578125,0.1943359375,0.9716796875,0.16650390625,0.98974609375,0.2060546875,0.9999493360519409,0.8095784827251784,0.17399920042879408
6,2630,210,task1_return,MLP,0.9892578125,0.19580078125,0.0,0.0,0.0,0.0,1.0,0.0,0.0
6,2630,210,task1_return,ChevronSlow,0.98876953125,0.19482421875,0.9794921875,0.17919921875,0.9765625,0.22509765625,1.0,0.9180690401799153,0.16798075657975334
6,2630,210,task1_return,IDLGated,0.9892578125,0.1943359375,0.97802734375,0.169921875,0.9892578125,0.205078125,0.99985671043396,0.762294525385784,0.1709554289506558
6,2640,220,task1_return,MLP,0.99072265625,0.2001953125,0.0,0.0,0.0,0.0,1.0,0.0,0.0
6,2640,220,task1_return,ChevronSlow,0.98974609375,0.2041015625,0.990234375,0.18994140625,0.97607421875,0.22705078125,1.0,0.8983013979221102,0.1648707896054455
6,2640,220,task1_return,IDLGated,0.99462890625,0.19921875,0.982421875,0.17919921875,0.98681640625,0.20751953125,0.999618411064148,0.7177722182994293,0.16835647623547362
6,2650,230,task1_return,MLP,0.990234375,0.20556640625,0.0,0.0,0.0,0.0,1.0,0.0,0.0
6,2650,230,task1_return,ChevronSlow,0.9853515625,0.20654296875,0.98486328125,0.19189453125,0.9755859375,0.22607421875,1.0,0.8755876769781631,0.16132814246280347
6,2650,230,task1_return,IDLGated,0.98974609375,0.203125,0.97705078125,0.1826171875,0.98779296875,0.2099609375,0.9990410208702087,0.6758502654885937,0.16512307700119122
6,2660,240,task1_return,MLP,0.99072265625,0.20458984375,0.0,0.0,0.0,0.0,1.0,0.0,0.0
6,2660,240,task1_return,ChevronSlow,0.99072265625,0.20068359375,0.984375,0.18505859375,0.97705078125,0.22119140625,1.0,0.8501485645702314,0.1567841011116701
6,2660,240,task1_return,IDLGated,0.9892578125,0.2001953125,0.98046875,0.18505859375,0.9892578125,0.208984375,0.9977177381515503,0.6363767915721318,0.16090179940980856
6,2670,250,task1_return,MLP,0.98876953125,0.19970703125,0.0,0.0,0.0,0.0,1.0,0.0,0.0
6,2670,250,task1_return,ChevronSlow,0.99072265625,0.19775390625,0.984375,0.18603515625,0.97900390625,0.220703125,1.0,0.8226399235537072,0.1532681711353116
6,2670,250,task1_return,IDLGated,0.99267578125,0.19921875,0.984375,0.18896484375,0.98779296875,0.20556640625,0.9948447942733765,0.5992087915492208,0.15746488971394576
6,2680,260,end_return,MLP,0.98974609375,0.19970703125,0.0,0.0,0.0,0.0,1.0,0.0,0.0
6,2680,260,end_return,ChevronSlow,0.99365234375,0.1982421875,0.98828125,0.18505859375,0.9794921875,0.2197265625,1.0,0.7941200258562298,0.14985350830507935
6,2680,260,end_return,IDLGated,0.99560546875,0.19482421875,0.98388671875,0.18603515625,0.99072265625,0.2041015625,0.9889329671859741,0.564211612719035,0.15330795241562709
7,0,0,task1_initial,MLP,0.46533203125,0.62548828125,0.0,0.0,0.0,0.0,1.0,0.0,0.0
7,0,0,task1_initial,ChevronSlow,0.46533203125,0.62548828125,0.46533203125,0.62548828125,0.46533203125,0.62548828125,1.0,0.0,0.0
7,0,0,task1_initial,IDLGated,0.53466796875,0.37451171875,0.53466796875,0.37451171875,0.53466796875,0.37451171875,1.0,0.0,0.0
7,10,0,task1_initial,MLP,0.94775390625,0.20361328125,0.0,0.0,0.0,0.0,1.0,0.0,0.0
7,10,0,task1_initial,ChevronSlow,0.78955078125,0.31787109375,0.86572265625,0.333984375,0.46533203125,0.62548828125,1.0,0.0008048996542308717,0.02082391247968575
7,10,0,task1_initial,IDLGated,0.92578125,0.23486328125,0.93310546875,0.232421875,0.84228515625,0.25830078125,0.00036716071190312505,0.00048437990795021214,0.021255180188371213
7,20,0,task1_initial,MLP,0.9375,0.21142578125,0.0,0.0,0.0,0.0,1.0,0.0,0.0
7,20,0,task1_initial,ChevronSlow,0.8798828125,0.30908203125,0.83740234375,0.33740234375,0.66357421875,0.4384765625,1.0,0.0051845213447197286,0.03996282299637483
7,20,0,task1_initial,IDLGated,0.9326171875,0.2197265625,0.93603515625,0.2216796875,0.90380859375,0.228515625,0.0003944863274227828,0.0037485601551445116,0.04202135910201397
7,30,0,task1_initial,MLP,0.9423828125,0.20947265625,0.0,0.0,0.0,0.0,1.0,0.0,0.0
7,30,0,task1_initial,ChevronSlow,0.908203125,0.27001953125,0.89892578125,0.287109375,0.78369140625,0.32275390625,1.0,0.01491580244558844,0.05829837584828944
7,30,0,task1_initial,IDLGated,0.9384765625,0.212890625,0.9404296875,0.208984375,0.92431640625,0.22265625,0.000476998946396634,0.012385489057450395,0.06260404663485925
7,40,0,task1_initial,MLP,0.943359375,0.203125,0.0,0.0,0.0,0.0,1.0,0.0,0.0
7,40,0,task1_initial,ChevronSlow,0.93212890625,0.23193359375,0.9267578125,0.2392578125,0.84521484375,0.26416015625,1.0,0.031518604995531455,0.0774968215165818
7,40,0,task1_initial,IDLGated,0.9404296875,0.20556640625,0.9443359375,0.20361328125,0.9287109375,0.2197265625,0.0006978677702136338,0.02969169690964148,0.08211002242442104
7,50,0,task1_initial,MLP,0.94482421875,0.20654296875,0.0,0.0,0.0,0.0,1.0,0.0,0.0
7,50,0,task1_initial,ChevronSlow,0.93701171875,0.22021484375,0.93408203125,0.2216796875,0.8896484375,0.2255859375,1.0,0.05687729280638789,0.09467834706247072
7,50,0,task1_initial,IDLGated,0.943359375,0.205078125,0.943359375,0.205078125,0.93212890625,0.21435546875,0.0012966229114681482,0.05787750949525195,0.09780241544773507
7,60,0,task1_initial,MLP,0.94189453125,0.22265625,0.0,0.0,0.0,0.0,1.0,0.0,0.0
7,60,0,task1_initial,ChevronSlow,0.9306640625,0.23388671875,0.9296875,0.23779296875,0.92431640625,0.22119140625,1.0,0.09299415595816783,0.10827227458595645
7,60,0,task1_initial,IDLGated,0.9384765625,0.22216796875,0.939453125,0.22412109375,0.931640625,0.21923828125,0.0030997823923826218,0.09757640951650953,0.10858223773458274
7,70,0,task1_initial,MLP,0.94091796875,0.23193359375,0.0,0.0,0.0,0.0,1.0,0.0,0.0
7,70,0,task1_initial,ChevronSlow,0.935546875,0.2373046875,0.935546875,0.2373046875,0.92919921875,0.21826171875,1.0,0.14066514432629126,0.11808850984491356
7,70,0,task1_initial,IDLGated,0.9384765625,0.22900390625,0.93798828125,0.22998046875,0.93115234375,0.22265625,0.009396739304065704,0.14827493898187852,0.11627651702158666
7,80,0,task1_initial,MLP,0.9404296875,0.2294921875,0.0,0.0,0.0,0.0,1.0,0.0,0.0
7,80,0,task1_initial,ChevronSlow,0.93603515625,0.2265625,0.93798828125,0.22900390625,0.931640625,0.2158203125,1.0,0.19908147238599458,0.1243400015188796
7,80,0,task1_initial,IDLGated,0.93798828125,0.22607421875,0.93701171875,0.22509765625,0.93212890625,0.22265625,0.03422107174992561,0.2081775738297211,0.12074726659450362
7,90,0,task1_initial,MLP,0.94140625,0.234375,0.0,0.0,0.0,0.0,1.0,0.0,0.0
7,90,0,task1_initial,ChevronSlow,0.93701171875,0.234375,0.9345703125,0.23681640625,0.9384765625,0.21728515625,1.0,0.2658851508218436,0.12850052679066745
7,90,0,task1_initial,IDLGated,0.939453125,0.2333984375,0.9384765625,0.2333984375,0.93115234375,0.22509765625,0.13174989819526672,0.27429207638955466,0.12304831370642132
7,100,0,task1_initial,MLP,0.93798828125,0.23779296875,0.0,0.0,0.0,0.0,1.0,0.0,0.0
7,100,0,task1_initial,ChevronSlow,0.935546875,0.240234375,0.935546875,0.24169921875,0.93701171875,0.22216796875,1.0,0.338246395485079,0.13124330400395542
7,100,0,task1_initial,IDLGated,0.93505859375,0.23779296875,0.93505859375,0.23876953125,0.931640625,0.23046875,0.41192448139190674,0.3438174823958325,0.12408085732406292
7,110,0,task1_initial,MLP,0.9443359375,0.22314453125,0.0,0.0,0.0,0.0,1.0,0.0,0.0
7,110,0,task1_initial,ChevronSlow,0.94677734375,0.21435546875,0.9462890625,0.212890625,0.9404296875,0.212890625,1.0,0.41399525791315955,0.13195703714009038
7,110,0,task1_initial,IDLGated,0.93896484375,0.22119140625,0.939453125,0.220703125,0.93701171875,0.22265625,0.7695962190628052,0.4148196613008312,0.12391787726062219
7,120,0,task1_initial,MLP,0.9521484375,0.20703125,0.0,0.0,0.0,0.0,1.0,0.0,0.0
7,120,0,task1_initial,ChevronSlow,0.95361328125,0.20361328125,0.95458984375,0.201171875,0.94482421875,0.20947265625,1.0,0.4893295056235929,0.1325373812713868
7,120,0,task1_initial,IDLGated,0.947265625,0.2080078125,0.94873046875,0.21044921875,0.93896484375,0.216796875,0.9387249946594238,0.4840523275834639,0.12347080538283704
7,130,0,task1_initial,MLP,0.95361328125,0.20654296875,0.0,0.0,0.0,0.0,1.0,0.0,0.0
7,130,0,task1_initial,ChevronSlow,0.95263671875,0.2080078125,0.953125,0.2080078125,0.9443359375,0.21240234375,1.0,0.5625697401230094,0.13337883277649823
7,130,0,task1_initial,IDLGated,0.9482421875,0.20458984375,0.94775390625,0.20361328125,0.94287109375,0.21240234375,0.9850397109985352,0.5503310482078364,0.1230898201050403
7,140,0,task1_initial,MLP,0.95263671875,0.216796875,0.0,0.0,0.0,0.0,1.0,0.0,0.0
7,140,0,task1_initial,ChevronSlow,0.94775390625,0.22509765625,0.94775390625,0.2255859375,0.94287109375,0.22021484375,1.0,0.633132406033236,0.13348326780780587
7,140,0,task1_initial,IDLGated,0.94287109375,0.216796875,0.94580078125,0.21435546875,0.93798828125,0.2216796875,0.996174693107605,0.612830912159132,0.12111929160583407
7,150,0,task1_initial,MLP,0.95166015625,0.21875,0.0,0.0,0.0,0.0,1.0,0.0,0.0
7,150,0,task1_initial,ChevronSlow,0.9521484375,0.20947265625,0.9521484375,0.208984375,0.94482421875,0.2177734375,1.0,0.7008437662379304,0.13339809816862197
7,150,0,task1_initial,IDLGated,0.9443359375,0.21875,0.9443359375,0.216796875,0.935546875,0.22412109375,0.9989386200904846,0.6712305577448642,0.11993062207322222
7,160,0,task1_initial,MLP,0.95263671875,0.212890625,0.0,0.0,0.0,0.0,1.0,0.0,0.0
7,160,0,task1_initial,ChevronSlow,0.953125,0.20263671875,0.9541015625,0.201171875,0.947265625,0.212890625,1.0,0.7650450027635385,0.13332272609236126
7,160,0,task1_initial,IDLGated,0.943359375,0.2109375,0.94384765625,0.20751953125,0.9326171875,0.22314453125,0.9996769428253174,0.7253344934279919,0.11877727113249059
7,170,0,task1_initial,MLP,0.955078125,0.2041015625,0.0,0.0,0.0,0.0,1.0,0.0,0.0
7,170,0,task1_initial,ChevronSlow,0.95947265625,0.201171875,0.96142578125,0.20068359375,0.9501953125,0.2138671875,1.0,0.8245971395196261,0.13357091274504976
7,170,0,task1_initial,IDLGated,0.94580078125,0.205078125,0.94580078125,0.20361328125,0.935546875,0.22216796875,0.9998894929885864,0.774129194841002,0.11846695220484267
7,180,0,task1_initial,MLP,0.96142578125,0.208984375,0.0,0.0,0.0,0.0,1.0,0.0,0.0
7,180,0,task1_initial,ChevronSlow,0.9658203125,0.2041015625,0.96630859375,0.2021484375,0.95556640625,0.21533203125,1.0,0.8788326897236468,0.13388729875382743
7,180,0,task1_initial,IDLGated,0.951171875,0.21142578125,0.95458984375,0.2099609375,0.943359375,0.22314453125,0.9999574422836304,0.8174220833509236,0.11854293407679573
7,190,0,task1_initial,MLP,0.9599609375,0.201171875,0.0,0.0,0.0,0.0,1.0,0.0,0.0
7,190,0,task1_initial,ChevronSlow,0.962890625,0.20166015625,0.96484375,0.2001953125,0.953125,0.2177734375,1.0,0.927919864532078,0.13432048737860108
7,190,0,task1_initial,IDLGated,0.9521484375,0.20703125,0.9541015625,0.2041015625,0.9423828125,0.22265625,0.9999815225601196,0.8554885492640418,0.11731344575607935
7,200,0,task1_initial,MLP,0.953125,0.212890625,0.0,0.0,0.0,0.0,1.0,0.0,0.0
7,200,0,task1_initial,ChevronSlow,0.9599609375,0.212890625,0.96044921875,0.212890625,0.94921875,0.22216796875,1.0,0.9721718033729821,0.1352224458042051
7,200,0,task1_initial,IDLGated,0.9443359375,0.21533203125,0.94775390625,0.21337890625,0.93408203125,0.224609375,0.9999910593032837,0.8884854524250203,0.11577241456995861
7,210,0,task1_initial,MLP,0.96240234375,0.20654296875,0.0,0.0,0.0,0.0,1.0,0.0,0.0
7,210,0,task1_initial,ChevronSlow,0.97119140625,0.19384765625,0.97607421875,0.189453125,0.95703125,0.20947265625,1.0,1.0119834619689545,0.13548257290817783
7,210,0,task1_initial,IDLGated,0.9541015625,0.2060546875,0.95556640625,0.20263671875,0.9423828125,0.22265625,0.999995231628418,0.9166203118625168,0.11567771044766326
7,220,0,task1_initial,MLP,0.966796875,0.19921875,0.0,0.0,0.0,0.0,1.0,0.0,0.0
7,220,0,task1_initial,ChevronSlow,0.97705078125,0.18701171875,0.98046875,0.1865234375,0.962890625,0.2080078125,1.0,1.0477770615953315,0.13512581413276636
7,220,0,task1_initial,IDLGated,0.955078125,0.20361328125,0.95947265625,0.2021484375,0.94482421875,0.2236328125,0.9999971389770508,0.9407163862718223,0.11469927995329415
7,230,0,task1_initial,MLP,0.9677734375,0.1962890625,0.0,0.0,0.0,0.0,1.0,0.0,0.0
7,230,0,task1_initial,ChevronSlow,0.97705078125,0.19189453125,0.97998046875,0.1904296875,0.9658203125,0.20947265625,1.0,1.0791402667191174,0.1350830950529542
7,230,0,task1_initial,IDLGated,0.95947265625,0.2021484375,0.95849609375,0.19677734375,0.94580078125,0.2197265625,0.9999982118606567,0.9606062248563403,0.1144762544270767
7,240,0,task1_initial,MLP,0.96923828125,0.19580078125,0.0,0.0,0.0,0.0,1.0,0.0,0.0
7,240,0,task1_initial,ChevronSlow,0.97705078125,0.1962890625,0.98095703125,0.19482421875,0.96142578125,0.2119140625,1.0,1.1062853249574103,0.13541853153883937
7,240,0,task1_initial,IDLGated,0.95947265625,0.19384765625,0.962890625,0.19140625,0.947265625,0.22021484375,0.9999986886978149,0.9765642041505133,0.1139174737967054
7,250,0,task1_initial,MLP,0.96630859375,0.2080078125,0.0,0.0,0.0,0.0,1.0,0.0,0.0
7,250,0,task1_initial,ChevronSlow,0.97119140625,0.20556640625,0.9716796875,0.203125,0.9599609375,0.21435546875,1.0,1.1305847348869114,0.13540577445671548
7,250,0,task1_initial,IDLGated,0.95361328125,0.20703125,0.9580078125,0.20166015625,0.94287109375,0.2236328125,0.9999990463256836,0.9895723307926542,0.1121822644331477
7,260,0,task1_initial,MLP,0.96630859375,0.21240234375,0.0,0.0,0.0,0.0,1.0,0.0,0.0
7,260,0,task1_initial,ChevronSlow,0.98046875,0.203125,0.98291015625,0.201171875,0.96240234375,0.2177734375,1.0,1.1516259082041427,0.13466395143169793
7,260,0,task1_initial,IDLGated,0.95703125,0.2119140625,0.958984375,0.20703125,0.94384765625,0.2294921875,0.9999991655349731,0.9993093402275247,0.11078706682454778
7,270,0,task1_initial,MLP,0.9677734375,0.21044921875,0.0,0.0,0.0,0.0,1.0,0.0,0.0
7,270,0,task1_initial,ChevronSlow,0.98193359375,0.2041015625,0.9853515625,0.20263671875,0.96337890625,0.21728515625,1.0,1.1694854565068793,0.13422211434781534
7,270,0,task1_initial,IDLGated,0.958984375,0.21435546875,0.9609375,0.208984375,0.94384765625,0.23291015625,0.9999992847442627,1.0060180792986082,0.10982535791673477
7,280,0,task1_initial,MLP,0.974609375,0.19970703125,0.0,0.0,0.0,0.0,1.0,0.0,0.0
7,280,0,task1_initial,ChevronSlow,0.9873046875,0.19189453125,0.986328125,0.19091796875,0.96728515625,0.20947265625,1.0,1.1840340744915892,0.13391354167147618
7,280,0,task1_initial,IDLGated,0.96435546875,0.20947265625,0.96826171875,0.20166015625,0.94580078125,0.2294921875,0.9999994039535522,1.0095314907666095,0.11001834541279774
7,290,0,task1_initial,MLP,0.96875,0.20849609375,0.0,0.0,0.0,0.0,1.0,0.0,0.0
7,290,0,task1_initial,ChevronSlow,0.97314453125,0.2060546875,0.97216796875,0.20263671875,0.9658203125,0.22314453125,1.0,1.194355387541812,0.1335893097363223
7,290,0,task1_initial,IDLGated,0.9677734375,0.20947265625,0.96826171875,0.20361328125,0.94580078125,0.232421875,0.9999994039535522,1.009755552416649,0.10966729363513
7,300,0,task1_initial,MLP,0.974609375,0.20751953125,0.0,0.0,0.0,0.0,1.0,0.0,0.0
7,300,0,task1_initial,ChevronSlow,0.98388671875,0.20751953125,0.98583984375,0.20458984375,0.9658203125,0.22119140625,1.0,1.201413564290088,0.13367578867290694
7,300,0,task1_initial,IDLGated,0.96435546875,0.20654296875,0.97021484375,0.203125,0.94677734375,0.23291015625,0.9999994039535522,1.0074917759298936,0.10917416710901309
7,310,0,task1_initial,MLP,0.978515625,0.2001953125,0.0,0.0,0.0,0.0,1.0,0.0,0.0
7,310,0,task1_initial,ChevronSlow,0.98828125,0.19384765625,0.9873046875,0.18896484375,0.97265625,0.21044921875,1.0,1.205643039036499,0.13287878582628584
7,310,0,task1_initial,IDLGated,0.96728515625,0.203125,0.9736328125,0.1962890625,0.94775390625,0.228515625,0.9999992847442627,1.0030225936909503,0.10958293883427662
7,320,0,task1_initial,MLP,0.98193359375,0.1962890625,0.0,0.0,0.0,0.0,1.0,0.0,0.0
7,320,0,task1_initial,ChevronSlow,0.98779296875,0.1943359375,0.98779296875,0.19091796875,0.97216796875,0.2109375,1.0,1.2072492554837424,0.131936392685551
7,320,0,task1_initial,IDLGated,0.97216796875,0.19677734375,0.9775390625,0.18701171875,0.9501953125,0.2275390625,0.9999991655349731,0.9968745864001485,0.11016385880570666
7,330,0,task1_initial,MLP,0.98193359375,0.1943359375,0.0,0.0,0.0,0.0,1.0,0.0,0.0
7,330,0,task1_initial,ChevronSlow,0.98828125,0.19482421875,0.98876953125,0.19140625,0.97265625,0.20849609375,1.0,1.206370725511993,0.131441951561809
7,330,0,task1_initial,IDLGated,0.97412109375,0.193359375,0.98095703125,0.1865234375,0.953125,0.22509765625,0.9999990463256836,0.989554288633759,0.11062331318347607
7,340,0,task1_initial,MLP,0.978515625,0.20068359375,0.0,0.0,0.0,0.0,1.0,0.0,0.0
7,340,0,task1_initial,ChevronSlow,0.98583984375,0.19677734375,0.9814453125,0.189453125,0.9765625,0.20849609375,1.0,1.2050174755514034,0.1306295790749202
7,340,0,task1_initial,IDLGated,0.9716796875,0.2001953125,0.9755859375,0.1962890625,0.95263671875,0.2265625,0.999998927116394,0.9828692829287038,0.10998605939880254
7,350,0,task1_initial,MLP,0.97900390625,0.1953125,0.0,0.0,0.0,0.0,1.0,0.0,0.0
7,350,0,task1_initial,ChevronSlow,0.98291015625,0.18408203125,0.9814453125,0.18115234375,0.9814453125,0.20068359375,1.0,1.2026049302834108,0.12854345652674323
7,350,0,task1_initial,IDLGated,0.9716796875,0.19580078125,0.97412109375,0.18798828125,0.953125,0.220703125,0.9999986886978149,0.9759779831914845,0.10926370693588068
7,360,0,task1_initial,MLP,0.98291015625,0.20263671875,0.0,0.0,0.0,0.0,1.0,0.0,0.0
7,360,0,task1_initial,ChevronSlow,0.98828125,0.19921875,0.98828125,0.19677734375,0.97998046875,0.20458984375,1.0,1.1974468437461967,0.12723869537496202
7,360,0,task1_initial,IDLGated,0.9736328125,0.20361328125,0.98095703125,0.19482421875,0.953125,0.2236328125,0.9999984502792358,0.9677614103179679,0.10854738953005427
7,370,0,task1_initial,MLP,0.98193359375,0.20458984375,0.0,0.0,0.0,0.0,1.0,0.0,0.0
7,370,0,task1_initial,ChevronSlow,0.9873046875,0.20263671875,0.98681640625,0.201171875,0.97998046875,0.2060546875,1.0,1.1897541483609857,0.12668248630115145
7,370,0,task1_initial,IDLGated,0.9755859375,0.20703125,0.97900390625,0.201171875,0.953125,0.22998046875,0.9999980926513672,0.9584946326042901,0.10860115190049195
7,380,0,task1_initial,MLP,0.984375,0.18994140625,0.0,0.0,0.0,0.0,1.0,0.0,0.0
7,380,0,task1_initial,ChevronSlow,0.98291015625,0.19091796875,0.9833984375,0.18701171875,0.98291015625,0.1943359375,1.0,1.1796461544927443,0.12518677681661564
7,380,0,task1_initial,IDLGated,0.9794921875,0.1943359375,0.9765625,0.18798828125,0.95849609375,0.2216796875,0.999997615814209,0.9485957249035065,0.10894021974181221
7,390,0,task1_initial,MLP,0.986328125,0.18994140625,0.0,0.0,0.0,0.0,1.0,0.0,0.0
7,390,0,task1_initial,ChevronSlow,0.98388671875,0.19140625,0.984375,0.18994140625,0.98095703125,0.1953125,1.0,1.1673656365246956,0.12386498464541483
7,390,0,task1_initial,IDLGated,0.98193359375,0.18994140625,0.9814453125,0.18505859375,0.95947265625,0.2197265625,0.9999970197677612,0.9382412718407391,0.10830349844475065
7,400,0,task1_initial,MLP,0.9873046875,0.1953125,0.0,0.0,0.0,0.0,1.0,0.0,0.0
7,400,0,task1_initial,ChevronSlow,0.990234375,0.19580078125,0.990234375,0.1943359375,0.97998046875,0.19970703125,1.0,1.1531421290493056,0.12294228006633409
7,400,0,task1_initial,IDLGated,0.98095703125,0.1953125,0.98681640625,0.19091796875,0.9599609375,0.22265625,0.9999961853027344,0.9274566851804829,0.10758955481582397
7,410,0,task1_initial,MLP,0.986328125,0.20068359375,0.0,0.0,0.0,0.0,1.0,0.0,0.0
7,410,0,task1_initial,ChevronSlow,0.98876953125,0.19873046875,0.98828125,0.1953125,0.982421875,0.20263671875,1.0,1.137040921287798,0.12205102922792259
7,410,0,task1_initial,IDLGated,0.978515625,0.2001953125,0.984375,0.1943359375,0.9609375,0.2216796875,0.9999951124191284,0.9160580033752003,0.10710758088615034
7,420,0,task1_initial,MLP,0.98681640625,0.19580078125,0.0,0.0,0.0,0.0,1.0,0.0,0.0
7,420,0,task1_initial,ChevronSlow,0.98974609375,0.19287109375,0.990234375,0.19140625,0.98291015625,0.19775390625,1.0,1.1192477427021044,0.12007675008990186
7,420,0,task1_initial,IDLGated,0.9814453125,0.1982421875,0.98681640625,0.19091796875,0.9619140625,0.2197265625,0.9999936819076538,0.9042459872775593,0.10611431007283106
7,430,0,task1_initial,MLP,0.986328125,0.1962890625,0.0,0.0,0.0,0.0,1.0,0.0,0.0
7,430,0,task1_initial,ChevronSlow,0.98876953125,0.19677734375,0.9892578125,0.19580078125,0.9853515625,0.20166015625,1.0,1.0994332025034763,0.11922039675294957
7,430,0,task1_initial,IDLGated,0.9833984375,0.19775390625,0.98779296875,0.18994140625,0.96240234375,0.2177734375,0.9999916553497314,0.8916243853102714,0.10596135853439712
7,440,0,task1_initial,MLP,0.98681640625,0.201171875,0.0,0.0,0.0,0.0,1.0,0.0,0.0
7,440,0,task1_initial,ChevronSlow,0.9873046875,0.2001953125,0.98779296875,0.19873046875,0.98486328125,0.203125,1.0,1.0782054571820503,0.11827540994605436
7,440,0,task1_initial,IDLGated,0.98388671875,0.19970703125,0.98876953125,0.19482421875,0.96337890625,0.2177734375,0.9999889135360718,0.8786527155312434,0.10511872067030775
7,450,0,task1_initial,MLP,0.986328125,0.1962890625,0.0,0.0,0.0,0.0,1.0,0.0,0.0
7,450,0,task1_initial,ChevronSlow,0.98876953125,0.197265625,0.98779296875,0.19677734375,0.986328125,0.20068359375,1.0,1.0557807656854323,0.11785709958823462
7,450,0,task1_initial,IDLGated,0.98095703125,0.19873046875,0.9853515625,0.19482421875,0.9638671875,0.21533203125,0.9999850988388062,0.8652317970141001,0.10494203248568174
7,460,0,task1_initial,MLP,0.98828125,0.19775390625,0.0,0.0,0.0,0.0,1.0,0.0,0.0
7,460,0,task1_initial,ChevronSlow,0.9892578125,0.19677734375,0.98876953125,0.1962890625,0.9873046875,0.1962890625,1.0,1.032688001306229,0.11656295227977823
7,460,0,task1_initial,IDLGated,0.9853515625,0.1982421875,0.9892578125,0.19287109375,0.96630859375,0.21533203125,0.999980092048645,0.8519063829883439,0.10427869760847322
7,470,0,task1_initial,MLP,0.98095703125,0.197265625,0.0,0.0,0.0,0.0,1.0,0.0,0.0
7,470,0,task1_initial,ChevronSlow,0.98291015625,0.19775390625,0.982421875,0.197265625,0.984375,0.19677734375,1.0,1.0089790124213822,0.11556073454678278
7,470,0,task1_initial,IDLGated,0.98095703125,0.1982421875,0.97802734375,0.1943359375,0.97021484375,0.21435546875,0.9999731779098511,0.8385463779294265,0.10384215252147436
7,480,0,task1_initial,MLP,0.98388671875,0.20263671875,0.0,0.0,0.0,0.0,1.0,0.0,0.0
7,480,0,task1_initial,ChevronSlow,0.982421875,0.2021484375,0.98291015625,0.20263671875,0.98291015625,0.20166015625,1.0,0.9848212359841517,0.11529187109875214
7,480,0,task1_initial,IDLGated,0.98095703125,0.20166015625,0.986328125,0.19873046875,0.96923828125,0.21484375,0.9999642372131348,0.8254333613573915,0.1036995026920113
7,490,0,task1_initial,MLP,0.9833984375,0.20263671875,0.0,0.0,0.0,0.0,1.0,0.0,0.0
7,490,0,task1_initial,ChevronSlow,0.986328125,0.201171875,0.9853515625,0.20361328125,0.98583984375,0.2021484375,1.0,0.9607517025262389,0.11480169751732769
7,490,0,task1_initial,IDLGated,0.98046875,0.20361328125,0.984375,0.19873046875,0.966796875,0.21630859375,0.9999526739120483,0.8126544678841767,0.10361260416254371
7,500,0,task1_initial,MLP,0.98779296875,0.19970703125,0.0,0.0,0.0,0.0,1.0,0.0,0.0
7,500,0,task1_initial,ChevronSlow,0.98779296875,0.19873046875,0.98681640625,0.1982421875,0.98828125,0.19970703125,1.0,0.9369400217571588,0.11313996479603836
7,500,0,task1_initial,IDLGated,0.98388671875,0.19970703125,0.9873046875,0.1953125,0.96923828125,0.2138671875,0.9999377727508545,0.8002030091797366,0.10202123779763714
7,510,0,task1_initial,MLP,0.98779296875,0.19970703125,0.0,0.0,0.0,0.0,1.0,0.0,0.0
7,510,0,task1_initial,ChevronSlow,0.98779296875,0.2001953125,0.98779296875,0.2001953125,0.98779296875,0.19677734375,1.0,0.9127082597757321,0.11200413409860031
7,510,0,task1_initial,IDLGated,0.98681640625,0.19970703125,0.98876953125,0.197265625,0.97265625,0.2109375,0.9999170303344727,0.7871597145527427,0.10102562471562596
7,520,0,task1_initial,MLP,0.98681640625,0.20068359375,0.0,0.0,0.0,0.0,1.0,0.0,0.0
7,520,0,task1_initial,ChevronSlow,0.986328125,0.20166015625,0.9853515625,0.2021484375,0.98388671875,0.1953125,1.0,0.8882757972466627,0.11149692998929592
7,520,0,task1_initial,IDLGated,0.984375,0.19970703125,0.984375,0.19677734375,0.9765625,0.21044921875,0.9998884201049805,0.7736666995101573,0.10070780860725663
7,530,0,task1_initial,MLP,0.98876953125,0.19775390625,0.0,0.0,0.0,0.0,1.0,0.0,0.0
7,530,0,task1_initial,ChevronSlow,0.98828125,0.197265625,0.98828125,0.19775390625,0.98876953125,0.193359375,1.0,0.8629145892775787,0.11136009029109475
7,530,0,task1_initial,IDLGated,0.98681640625,0.1982421875,0.99072265625,0.19482421875,0.97607421875,0.20751953125,0.9998486042022705,0.7597851265436592,0.10080805075687849
7,540,0,task1_initial,MLP,0.98828125,0.19921875,0.0,0.0,0.0,0.0,1.0,0.0,0.0
7,540,0,task1_initial,ChevronSlow,0.98828125,0.19775390625,0.98583984375,0.19775390625,0.98974609375,0.19482421875,1.0,0.8373020265261164,0.11042294492849518
7,540,0,task1_initial,IDLGated,0.986328125,0.1982421875,0.98828125,0.19384765625,0.9775390625,0.20751953125,0.9997953772544861,0.7460884284077379,0.10003028780240479
7,550,0,task1_initial,MLP,0.98583984375,0.20556640625,0.0,0.0,0.0,0.0,1.0,0.0,0.0
7,550,0,task1_initial,ChevronSlow,0.98828125,0.2041015625,0.98681640625,0.20849609375,0.98681640625,0.20068359375,1.0,0.8111326608749665,0.10859233066632257
7,550,0,task1_initial,IDLGated,0.9853515625,0.20361328125,0.98779296875,0.201171875,0.9755859375,0.21044921875,0.9997195601463318,0.731762872372505,0.09828531523086789
7,560,0,task1_initial,MLP,0.9892578125,0.203125,0.0,0.0,0.0,0.0,1.0,0.0,0.0
7,560,0,task1_initial,ChevronSlow,0.9873046875,0.2001953125,0.98828125,0.20361328125,0.986328125,0.19970703125,1.0,0.7842443742505434,0.10626627569087158
7,560,0,task1_initial,IDLGated,0.9873046875,0.2021484375,0.98876953125,0.2001953125,0.97705078125,0.208984375,0.9996079802513123,0.7165283197333988,0.0965687689963847
7,570,0,task1_initial,MLP,0.99169921875,0.1943359375,0.0,0.0,0.0,0.0,1.0,0.0,0.0
7,570,0,task1_initial,ChevronSlow,0.9892578125,0.1943359375,0.9892578125,0.19482421875,0.9853515625,0.193359375,1.0,0.7560859752316614,0.10439381455577722
7,570,0,task1_initial,IDLGated,0.98876953125,0.197265625,0.98828125,0.19287109375,0.98095703125,0.20458984375,0.9994364380836487,0.7000320735867656,0.09542702554388721
7,580,0,task1_initial,MLP,0.9892578125,0.2021484375,0.0,0.0,0.0,0.0,1.0,0.0,0.0
7,580,0,task1_initial,ChevronSlow,0.98828125,0.20263671875,0.98828125,0.20556640625,0.986328125,0.2001953125,1.0,0.7261331046035813,0.10408555640071364
7,580,0,task1_initial,IDLGated,0.98779296875,0.201171875,0.990234375,0.19873046875,0.9794921875,0.20751953125,0.9991586208343506,0.6818016647454417,0.09500290938445886
7,590,0,task1_initial,MLP,0.98974609375,0.1982421875,0.0,0.0,0.0,0.0,1.0,0.0,0.0
7,590,0,task1_initial,ChevronSlow,0.98876953125,0.19921875,0.9892578125,0.20166015625,0.986328125,0.19970703125,1.0,0.6953207466934435,0.10294361076752105
7,590,0,task1_initial,IDLGated,0.98779296875,0.19921875,0.98974609375,0.19580078125,0.982421875,0.20556640625,0.9987177848815918,0.6626320146985233,0.09441927189608838
7,600,0,task1_initial,MLP,0.99169921875,0.1943359375,0.0,0.0,0.0,0.0,1.0,0.0,0.0
7,600,0,task1_initial,ChevronSlow,0.990234375,0.19482421875,0.98876953125,0.193359375,0.98876953125,0.1962890625,1.0,0.6644403117846218,0.10146846720177236
7,600,0,task1_initial,IDLGated,0.98974609375,0.19580078125,0.99072265625,0.19091796875,0.9833984375,0.20458984375,0.9980244636535645,0.6429512853907038,0.0936222894356817
7,610,0,task1_initial,MLP,0.9931640625,0.1904296875,0.0,0.0,0.0,0.0,1.0,0.0,0.0
7,610,0,task1_initial,ChevronSlow,0.98974609375,0.193359375,0.99072265625,0.1923828125,0.98779296875,0.19189453125,1.0,0.633598046133107,0.10012276722035475
7,610,0,task1_initial,IDLGated,0.9912109375,0.19287109375,0.98974609375,0.18701171875,0.9853515625,0.203125,0.9969443678855896,0.6230783052265815,0.09305311977842667
7,620,0,task1_initial,MLP,0.9892578125,0.1943359375,0.0,0.0,0.0,0.0,1.0,0.0,0.0
7,620,0,task1_initial,ChevronSlow,0.98876953125,0.19482421875,0.98828125,0.19482421875,0.99072265625,0.19482421875,1.0,0.6033403385859099,0.0990915124636706
7,620,0,task1_initial,IDLGated,0.98876953125,0.19384765625,0.9892578125,0.18994140625,0.98486328125,0.2021484375,0.9953441023826599,0.6038619149684109,0.09207340418437895
7,630,0,task1_initial,MLP,0.9921875,0.18896484375,0.0,0.0,0.0,0.0,1.0,0.0,0.0
7,630,0,task1_initial,ChevronSlow,0.98828125,0.1875,0.98974609375,0.1875,0.98779296875,0.1865234375,1.0,0.5738983801385481,0.09708780434981605
7,630,0,task1_initial,IDLGated,0.99072265625,0.18798828125,0.98779296875,0.18310546875,0.986328125,0.1982421875,0.9929929971694946,0.5851729904546349,0.0907194364021219
7,640,0,task1_initial,MLP,0.986328125,0.1943359375,0.0,0.0,0.0,0.0,1.0,0.0,0.0
7,640,0,task1_initial,ChevronSlow,0.9873046875,0.1943359375,0.986328125,0.19580078125,0.9873046875,0.19091796875,1.0,0.544852208397809,0.09561462798364956
7,640,0,task1_initial,IDLGated,0.9873046875,0.19287109375,0.98486328125,0.19189453125,0.98779296875,0.2001953125,0.9894646406173706,0.5664738965838555,0.0891300540857992
7,650,0,task1_initial,MLP,0.9892578125,0.19677734375,0.0,0.0,0.0,0.0,1.0,0.0,0.0
7,650,0,task1_initial,ChevronSlow,0.9892578125,0.19677734375,0.98974609375,0.19970703125,0.9912109375,0.19384765625,1.0,0.5159365196109982,0.09526315481902546
7,650,0,task1_initial,IDLGated,0.98828125,0.1953125,0.990234375,0.1962890625,0.98486328125,0.19970703125,0.9840900301933289,0.5474897819936018,0.08894370721569973
7,660,0,task1_initial,MLP,0.98046875,0.18701171875,0.0,0.0,0.0,0.0,1.0,0.0,0.0
7,660,0,task1_initial,ChevronSlow,0.98388671875,0.18505859375,0.982421875,0.1865234375,0.986328125,0.18701171875,1.0,0.48828643248536385,0.09463685560222701
7,660,0,task1_initial,IDLGated,0.98095703125,0.18701171875,0.98046875,0.18505859375,0.98291015625,0.19677734375,0.9764013886451721,0.5292130549188445,0.08883323823380372
7,670,0,task1_initial,MLP,0.984375,0.20166015625,0.0,0.0,0.0,0.0,1.0,0.0,0.0
7,670,0,task1_initial,ChevronSlow,0.98828125,0.201171875,0.98828125,0.2041015625,0.98828125,0.19580078125,1.0,0.4617752827369635,0.09347131847734437
7,670,0,task1_initial,IDLGated,0.9892578125,0.2001953125,0.98583984375,0.19970703125,0.98779296875,0.20166015625,0.9654963612556458,0.5114352972887399,0.0875814455296762
7,680,0,task1_initial,MLP,0.9912109375,0.20068359375,0.0,0.0,0.0,0.0,1.0,0.0,0.0
7,680,0,task1_initial,ChevronSlow,0.98828125,0.20263671875,0.9853515625,0.20556640625,0.9873046875,0.1982421875,1.0,0.4359256860642412,0.09255899017140339
7,680,0,task1_initial,IDLGated,0.98828125,0.20166015625,0.986328125,0.201171875,0.9873046875,0.20068359375,0.9496292471885681,0.4934846427655915,0.08687449678870639
7,690,0,task1_initial,MLP,0.99267578125,0.19140625,0.0,0.0,0.0,0.0,1.0,0.0,0.0
7,690,0,task1_initial,ChevronSlow,0.9873046875,0.19384765625,0.98681640625,0.1943359375,0.98779296875,0.1923828125,1.0,0.41049432458652857,0.0911314253219109
7,690,0,task1_initial,IDLGated,0.9892578125,0.19580078125,0.9873046875,0.19287109375,0.98876953125,0.19970703125,0.9261344075202942,0.4749442188242133,0.08626793145723494
7,700,0,task1_initial,MLP,0.99072265625,0.1845703125,0.0,0.0,0.0,0.0,1.0,0.0,0.0
7,700,0,task1_initial,ChevronSlow,0.98828125,0.185546875,0.98779296875,0.185546875,0.9873046875,0.18798828125,1.0,0.38651913682403227,0.09007828858780186
7,700,0,task1_initial,IDLGated,0.98876953125,0.18603515625,0.98779296875,0.18310546875,0.9912109375,0.1943359375,0.8928723335266113,0.45638284685020897,0.08584276077672903
7,710,0,task1_initial,MLP,0.98828125,0.19580078125,0.0,0.0,0.0,0.0,1.0,0.0,0.0
7,710,0,task1_initial,ChevronSlow,0.98828125,0.19482421875,0.98681640625,0.19384765625,0.9892578125,0.1923828125,1.0,0.36394423548163674,0.08996803845603675
7,710,0,task1_initial,IDLGated,0.9873046875,0.1943359375,0.9873046875,0.19091796875,0.986328125,0.19775390625,0.8487059473991394,0.43838578310184556,0.0855835262923684
7,720,0,task1_initial,MLP,0.99072265625,0.19970703125,0.0,0.0,0.0,0.0,1.0,0.0,0.0
7,720,0,task1_initial,ChevronSlow,0.98974609375,0.19775390625,0.98876953125,0.19970703125,0.990234375,0.19580078125,1.0,0.34268783592108415,0.08853075623796859
7,720,0,task1_initial,IDLGated,0.98974609375,0.1982421875,0.990234375,0.197265625,0.9873046875,0.19873046875,0.7936679124832153,0.4212353830932022,0.08442724847480741
7,730,0,task1_initial,MLP,0.99169921875,0.1953125,0.0,0.0,0.0,0.0,1.0,0.0,0.0
7,730,0,task1_initial,ChevronSlow,0.990234375,0.197265625,0.98974609375,0.197265625,0.98974609375,0.19482421875,1.0,0.322672930189057,0.08737586183675121
7,730,0,task1_initial,IDLGated,0.98974609375,0.19677734375,0.990234375,0.1962890625,0.98779296875,0.197265625,0.7269228100776672,0.40450300199539346,0.08374412918572113
7,740,0,task1_initial,MLP,0.98974609375,0.19775390625,0.0,0.0,0.0,0.0,1.0,0.0,0.0
7,740,0,task1_initial,ChevronSlow,0.9892578125,0.19873046875,0.9892578125,0.19921875,0.98974609375,0.1962890625,1.0,0.3038270080317903,0.0867047010408972
7,740,0,task1_initial,IDLGated,0.990234375,0.19873046875,0.990234375,0.1982421875,0.98828125,0.19921875,0.6471019983291626,0.38756022637671084,0.08349019171658084
7,750,0,task1_initial,MLP,0.990234375,0.201171875,0.0,0.0,0.0,0.0,1.0,0.0,0.0
7,750,0,task1_initial,ChevronSlow,0.990234375,0.2001953125,0.9892578125,0.20263671875,0.9892578125,0.197265625,1.0,0.2860817942040065,0.08594844985779138
7,750,0,task1_initial,IDLGated,0.98876953125,0.19873046875,0.98974609375,0.19970703125,0.98681640625,0.19873046875,0.560443639755249,0.37104375315277816,0.08278614745901407
7,760,0,task1_initial,MLP,0.99169921875,0.19921875,0.0,0.0,0.0,0.0,1.0,0.0,0.0
7,760,0,task1_initial,ChevronSlow,0.98974609375,0.19775390625,0.9892578125,0.20068359375,0.9892578125,0.1962890625,1.0,0.26937300112049306,0.08476452473531701
7,760,0,task1_initial,IDLGated,0.9892578125,0.19873046875,0.98974609375,0.19921875,0.9873046875,0.1982421875,0.4706462621688843,0.35465681585380815,0.08191465153704125
7,770,0,task1_initial,MLP,0.9892578125,0.203125,0.0,0.0,0.0,0.0,1.0,0.0,0.0
7,770,0,task1_initial,ChevronSlow,0.98876953125,0.20263671875,0.98779296875,0.2041015625,0.9873046875,0.20068359375,1.0,0.2536400959542255,0.0832221170384848
7,770,0,task1_initial,IDLGated,0.98876953125,0.20263671875,0.9873046875,0.20361328125,0.98828125,0.20068359375,0.3831138014793396,0.33834761894170523,0.08091482725378765
7,780,0,task1_initial,MLP,0.99072265625,0.201171875,0.0,0.0,0.0,0.0,1.0,0.0,0.0
7,780,0,task1_initial,ChevronSlow,0.98828125,0.20166015625,0.98974609375,0.2021484375,0.98681640625,0.2001953125,1.0,0.23882608133727484,0.08208849145888675
7,780,0,task1_initial,IDLGated,0.98974609375,0.2001953125,0.98828125,0.2001953125,0.98876953125,0.20068359375,0.3011263608932495,0.32173000082034414,0.08049768442516744
7,790,0,task1_initial,MLP,0.99169921875,0.1923828125,0.0,0.0,0.0,0.0,1.0,0.0,0.0
7,790,0,task1_initial,ChevronSlow,0.99072265625,0.19482421875,0.990234375,0.19287109375,0.990234375,0.1962890625,1.0,0.22487728887002262,0.08163720958520214
7,790,0,task1_initial,IDLGated,0.9912109375,0.1953125,0.990234375,0.193359375,0.98974609375,0.19873046875,0.22551628947257996,0.3039179877540189,0.0807640280908288
7,800,0,task1_initial,MLP,0.9873046875,0.18017578125,0.0,0.0,0.0,0.0,1.0,0.0,0.0
7,800,0,task1_initial,ChevronSlow,0.9853515625,0.17919921875,0.98388671875,0.17626953125,0.98828125,0.1884765625,1.0,0.21174318469060313,0.080598452839678
7,800,0,task1_initial,IDLGated,0.98681640625,0.18212890625,0.98291015625,0.17626953125,0.99169921875,0.1923828125,0.16461052000522614,0.2861674601964406,0.08063662459370065
7,810,0,task1_initial,MLP,0.98681640625,0.1904296875,0.0,0.0,0.0,0.0,1.0,0.0,0.0
7,810,0,task1_initial,ChevronSlow,0.98681640625,0.1875,0.984375,0.18408203125,0.9921875,0.19384765625,1.0,0.1993761864001894,0.08000758303605947
7,810,0,task1_initial,IDLGated,0.986328125,0.185546875,0.98388671875,0.18359375,0.9892578125,0.193359375,0.12004337459802628,0.26945366373497426,0.0801951179284068
7,820,0,task1_initial,MLP,0.9912109375,0.203125,0.0,0.0,0.0,0.0,1.0,0.0,0.0
7,820,0,task1_initial,ChevronSlow,0.98876953125,0.203125,0.98828125,0.20361328125,0.990234375,0.19873046875,1.0,0.18773149068087652,0.07855867788993601
7,820,0,task1_initial,IDLGated,0.990234375,0.20068359375,0.9912109375,0.2021484375,0.98876953125,0.19921875,0.08800449967384338,0.25371604741629405,0.0791349299507804
7,830,0,task1_initial,MLP,0.99169921875,0.19287109375,0.0,0.0,0.0,0.0,1.0,0.0,0.0
7,830,0,task1_initial,ChevronSlow,0.98974609375,0.1953125,0.98974609375,0.19482421875,0.98876953125,0.19482421875,1.0,0.17676691098165442,0.0772159092174706
7,830,0,task1_initial,IDLGated,0.9912109375,0.19482421875,0.99072265625,0.1943359375,0.9912109375,0.19677734375,0.06511596590280533,0.2388975968048488,0.078744121649132
7,840,0,task1_initial,MLP,0.9912109375,0.18408203125,0.0,0.0,0.0,0.0,1.0,0.0,0.0
7,840,0,task1_initial,ChevronSlow,0.98779296875,0.1865234375,0.98779296875,0.18505859375,0.9892578125,0.18994140625,1.0,0.16644272468443735,0.07599756965233771
7,840,0,task1_initial,IDLGated,0.98974609375,0.18701171875,0.98974609375,0.1845703125,0.9912109375,0.193359375,0.04874321445822716,0.22494462743024282,0.07816125633783089
7,850,0,task1_initial,MLP,0.9931640625,0.19873046875,0.0,0.0,0.0,0.0,1.0,0.0,0.0
7,850,0,task1_initial,ChevronSlow,0.99072265625,0.19580078125,0.990234375,0.1953125,0.990234375,0.1953125,1.0,0.15672152919646,0.07581371223808052
7,850,0,task1_initial,IDLGated,0.99072265625,0.19580078125,0.99072265625,0.1953125,0.99072265625,0.197265625,0.03696012869477272,0.2118065902984578,0.07836756407349665
7,860,0,task1_initial,MLP,0.98974609375,0.201171875,0.0,0.0,0.0,0.0,1.0,0.0,0.0
7,860,0,task1_initial,ChevronSlow,0.98779296875,0.19775390625,0.98681640625,0.2001953125,0.990234375,0.1953125,1.0,0.1475681064476916,0.07578447130471114
7,860,0,task1_initial,IDLGated,0.9873046875,0.2001953125,0.98583984375,0.1982421875,0.98828125,0.19580078125,0.02840399369597435,0.19943588876231702,0.0786185022191654
7,870,0,task1_initial,MLP,0.99267578125,0.19921875,0.0,0.0,0.0,0.0,1.0,0.0,0.0
7,870,0,task1_initial,ChevronSlow,0.98974609375,0.19970703125,0.9892578125,0.201171875,0.990234375,0.197265625,1.0,0.1389492953023656,0.07445923413772229
7,870,0,task1_initial,IDLGated,0.98974609375,0.1982421875,0.98974609375,0.19970703125,0.98828125,0.19580078125,0.022125067189335823,0.18778770608775006,0.0778917405234162
7,880,0,task1_initial,MLP,0.9892578125,0.1923828125,0.0,0.0,0.0,0.0,1.0,0.0,0.0
7,880,0,task1_initial,ChevronSlow,0.98876953125,0.19580078125,0.9873046875,0.19580078125,0.98876953125,0.1953125,1.0,0.1308338714223978,0.07307032397569786
7,880,0,task1_initial,IDLGated,0.98876953125,0.19677734375,0.98779296875,0.1953125,0.9912109375,0.1962890625,0.017464546486735344,0.1768198430911613,0.0775115025599144
7,890,0,task1_initial,MLP,0.98681640625,0.19091796875,0.0,0.0,0.0,0.0,1.0,0.0,0.0
7,890,0,task1_initial,ChevronSlow,0.98486328125,0.1953125,0.984375,0.19287109375,0.9873046875,0.19482421875,1.0,0.1231924341474591,0.07248000181655548
7,890,0,task1_initial,IDLGated,0.986328125,0.1943359375,0.98291015625,0.19140625,0.98876953125,0.1962890625,0.013964642770588398,0.1664925652596937,0.07802869453522773
7,900,0,task1_initial,MLP,0.9921875,0.19189453125,0.0,0.0,0.0,0.0,1.0,0.0,0.0
7,900,0,task1_initial,ChevronSlow,0.98779296875,0.19091796875,0.98828125,0.19091796875,0.98828125,0.1923828125,1.0,0.11599729998189111,0.0721509544014735
7,900,0,task1_initial,IDLGated,0.99072265625,0.19189453125,0.98974609375,0.19091796875,0.9912109375,0.1953125,0.011305521242320538,0.1567684588005326,0.07831020977524447
7,910,0,task1_initial,MLP,0.99169921875,0.19384765625,0.0,0.0,0.0,0.0,1.0,0.0,0.0
7,910,0,task1_initial,ChevronSlow,0.9912109375,0.1923828125,0.99169921875,0.18994140625,0.9892578125,0.1943359375,1.0,0.10922240230258781,0.07164504902310774
7,910,0,task1_initial,IDLGated,0.9912109375,0.1923828125,0.9912109375,0.1904296875,0.99072265625,0.19482421875,0.009262003935873508,0.14761229509774396,0.07806854644897868
7,920,0,task1_initial,MLP,0.9892578125,0.19970703125,0.0,0.0,0.0,0.0,1.0,0.0,0.0
7,920,0,task1_initial,ChevronSlow,0.98974609375,0.1982421875,0.98974609375,0.19873046875,0.9892578125,0.1962890625,1.0,0.10284319692450354,0.07060329450663527
7,920,0,task1_initial,IDLGated,0.990234375,0.19775390625,0.98974609375,0.1982421875,0.990234375,0.197265625,0.007674102671444416,0.13899090308559833,0.07753543388323429
7,930,0,task1_initial,MLP,0.9892578125,0.19921875,0.0,0.0,0.0,0.0,1.0,0.0,0.0
7,930,0,task1_initial,ChevronSlow,0.98876953125,0.201171875,0.98876953125,0.20263671875,0.9873046875,0.19970703125,1.0,0.0968365731816688,0.06966550012860402
7,930,0,task1_initial,IDLGated,0.98828125,0.2001953125,0.98681640625,0.19970703125,0.98974609375,0.19921875,0.006427043117582798,0.13087304907601455,0.07723846884219943
7,940,0,task1_initial,MLP,0.9912109375,0.19189453125,0.0,0.0,0.0,0.0,1.0,0.0,0.0
7,940,0,task1_initial,ChevronSlow,0.9912109375,0.19677734375,0.98974609375,0.19580078125,0.990234375,0.197265625,1.0,0.09118077020157711,0.06891115309167656
7,940,0,task1_initial,IDLGated,0.9912109375,0.197265625,0.9912109375,0.1962890625,0.9912109375,0.197265625,0.005437655374407768,0.12322932360475912,0.0768613516224561
7,950,0,task1_initial,MLP,0.99169921875,0.20458984375,0.0,0.0,0.0,0.0,1.0,0.0,0.0
7,950,0,task1_initial,ChevronSlow,0.98876953125,0.20361328125,0.990234375,0.20556640625,0.98974609375,0.19970703125,1.0,0.08585529806962071,0.06794786598227519
7,950,0,task1_initial,IDLGated,0.98974609375,0.20361328125,0.990234375,0.205078125,0.990234375,0.19970703125,0.004645059350878,0.11603203488646714,0.07595544703706912
7,960,0,task1_initial,MLP,0.9912109375,0.19873046875,0.0,0.0,0.0,0.0,1.0,0.0,0.0
7,960,0,task1_initial,ChevronSlow,0.990234375,0.20068359375,0.990234375,0.20068359375,0.9892578125,0.1982421875,1.0,0.08084086359796862,0.06655976405446057
7,960,0,task1_initial,IDLGated,0.99072265625,0.19970703125,0.99169921875,0.20068359375,0.990234375,0.19970703125,0.004004247020930052,0.1092551084924917,0.07479354019808539
7,970,0,task1_initial,MLP,0.98876953125,0.1884765625,0.0,0.0,0.0,0.0,1.0,0.0,0.0
7,970,0,task1_initial,ChevronSlow,0.98779296875,0.19091796875,0.9873046875,0.189453125,0.98779296875,0.19482421875,1.0,0.07611930042996166,0.06522034168563212
7,970,0,task1_initial,IDLGated,0.9892578125,0.19189453125,0.98779296875,0.18896484375,0.98876953125,0.1962890625,0.0034816120751202106,0.10287399288813397,0.07372498553964922
7,980,0,task1_initial,MLP,0.9912109375,0.193359375,0.0,0.0,0.0,0.0,1.0,0.0,0.0
7,980,0,task1_initial,ChevronSlow,0.990234375,0.19482421875,0.990234375,0.193359375,0.98828125,0.19580078125,1.0,0.07167350322680568,0.06448780673314365
7,980,0,task1_initial,IDLGated,0.99072265625,0.1943359375,0.99072265625,0.1923828125,0.99072265625,0.19580078125,0.0030518292915076017,0.09686557048703248,0.07326518151511509
7,990,0,task1_initial,MLP,0.9892578125,0.19775390625,0.0,0.0,0.0,0.0,1.0,0.0,0.0
7,990,0,task1_initial,ChevronSlow,0.98828125,0.19775390625,0.98974609375,0.19775390625,0.986328125,0.19775390625,1.0,0.06748736569813364,0.06358689778822398
7,990,0,task1_initial,IDLGated,0.9892578125,0.19677734375,0.98876953125,0.1962890625,0.9892578125,0.19775390625,0.0026956340298056602,0.09120807390047887,0.07248573348745486
7,1000,0,task1_initial,MLP,0.9921875,0.19384765625,0.0,0.0,0.0,0.0,1.0,0.0,0.0
7,1000,0,task1_initial,ChevronSlow,0.99072265625,0.1943359375,0.99072265625,0.1953125,0.990234375,0.19677734375,1.0,0.06354572225193311,0.06307278171558074
7,1000,0,task1_initial,IDLGated,0.99169921875,0.19580078125,0.9921875,0.1953125,0.9912109375,0.19775390625,0.002398243173956871,0.08588100707824642,0.07225154441756924
7,1010,0,task1_initial,MLP,0.99267578125,0.19482421875,0.0,0.0,0.0,0.0,1.0,0.0,0.0
7,1010,0,task1_initial,ChevronSlow,0.9892578125,0.19482421875,0.98779296875,0.193359375,0.9912109375,0.1953125,1.0,0.05983429305244758,0.06207570516776792
7,1010,0,task1_initial,IDLGated,0.99169921875,0.1953125,0.99072265625,0.19677734375,0.99072265625,0.19580078125,0.0021482130978256464,0.08086507105524007,0.07182072082374077
7,1020,0,task1_initial,MLP,0.9921875,0.19091796875,0.0,0.0,0.0,0.0,1.0,0.0,0.0
7,1020,0,task1_initial,ChevronSlow,0.9921875,0.19140625,0.99072265625,0.19091796875,0.98974609375,0.1943359375,1.0,0.05633963228700679,0.06057797996696403
7,1020,0,task1_initial,IDLGated,0.99169921875,0.19140625,0.9921875,0.1904296875,0.9912109375,0.1943359375,0.0019366174237802625,0.0761420940349614,0.07057798361965631
7,1030,0,task1_initial,MLP,0.98876953125,0.197265625,0.0,0.0,0.0,0.0,1.0,0.0,0.0
7,1030,0,task1_initial,ChevronSlow,0.98681640625,0.19873046875,0.98681640625,0.19873046875,0.98828125,0.1962890625,1.0,0.053049079454366446,0.059776659008381985
7,1030,0,task1_initial,IDLGated,0.98779296875,0.1962890625,0.9873046875,0.19677734375,0.98974609375,0.19677734375,0.0017564352601766586,0.07169496555649435,0.06969529060337183
7,1040,0,task1_initial,MLP,0.98974609375,0.20703125,0.0,0.0,0.0,0.0,1.0,0.0,0.0
7,1040,0,task1_initial,ChevronSlow,0.9892578125,0.20703125,0.9853515625,0.20849609375,0.990234375,0.20263671875,1.0,0.0499507134980841,0.05945167099625121
7,1040,0,task1_initial,IDLGated,0.99072265625,0.20654296875,0.98974609375,0.20751953125,0.9912109375,0.20263671875,0.001602104981429875,0.06750757450651083,0.06976156321641377
7,1050,0,task1_initial,MLP,0.99267578125,0.2001953125,0.0,0.0,0.0,0.0,1.0,0.0,0.0
7,1050,0,task1_initial,ChevronSlow,0.990234375,0.20068359375,0.98974609375,0.201171875,0.99072265625,0.1982421875,1.0,0.04703330961876497,0.05855812517674003
7,1050,0,task1_initial,IDLGated,0.9912109375,0.201171875,0.99267578125,0.2021484375,0.9912109375,0.19970703125,0.0014691875549033284,0.06356475075172556,0.06934342514557003
7,1060,0,task1_initial,MLP,0.990234375,0.18798828125,0.0,0.0,0.0,0.0,1.0,0.0,0.0
7,1060,0,task1_initial,ChevronSlow,0.990234375,0.19091796875,0.98828125,0.18603515625,0.99072265625,0.1943359375,1.0,0.04428629860871674,0.057830406733484684
7,1060,0,task1_initial,IDLGated,0.99072265625,0.1904296875,0.98876953125,0.1884765625,0.9912109375,0.19482421875,0.00135411589872092,0.05985221018034513,0.06893772486999784
7,1070,0,task1_initial,MLP,0.99169921875,0.19189453125,0.0,0.0,0.0,0.0,1.0,0.0,0.0
7,1070,0,task1_initial,ChevronSlow,0.9912109375,0.19287109375,0.99169921875,0.19140625,0.990234375,0.19482421875,1.0,0.04169972856169007,0.05691893270907766
7,1070,0,task1_initial,IDLGated,0.9921875,0.19140625,0.9921875,0.1904296875,0.9912109375,0.19482421875,0.0012540066381916404,0.05635650295340712,0.0688532375855984
7,1080,0,task1_initial,MLP,0.99267578125,0.19287109375,0.0,0.0,0.0,0.0,1.0,0.0,0.0
7,1080,0,task1_initial,ChevronSlow,0.99169921875,0.1943359375,0.99169921875,0.1943359375,0.99072265625,0.19580078125,1.0,0.03926422881898678,0.05654373825159972
7,1080,0,task1_initial,IDLGated,0.99169921875,0.193359375,0.99267578125,0.193359375,0.99169921875,0.1953125,0.0011665112106129527,0.053064964778533286,0.06840879091653997
7,1090,0,task1_initial,MLP,0.9921875,0.193359375,0.0,0.0,0.0,0.0,1.0,0.0,0.0
7,1090,0,task1_initial,ChevronSlow,0.9912109375,0.19482421875,0.99169921875,0.1943359375,0.99072265625,0.1953125,1.0,0.03697097602131894,0.05604977159996818
7,1090,0,task1_initial,IDLGated,0.99169921875,0.193359375,0.9912109375,0.19287109375,0.9912109375,0.19482421875,0.0010897082975134254,0.04996567102957085,0.06764827778456885
7,1100,0,task1_initial,MLP,0.99267578125,0.19775390625,0.0,0.0,0.0,0.0,1.0,0.0,0.0
7,1100,0,task1_initial,ChevronSlow,0.9921875,0.19677734375,0.9921875,0.19677734375,0.9912109375,0.19677734375,1.0,0.034811662143431135,0.05552329440472786
7,1100,0,task1_initial,IDLGated,0.99267578125,0.19775390625,0.99267578125,0.19775390625,0.9921875,0.197265625,0.0010220141848549247,0.047047393545905994,0.06701282438580816
7,1110,0,task1_initial,MLP,0.98876953125,0.201171875,0.0,0.0,0.0,0.0,1.0,0.0,0.0
7,1110,0,task1_initial,ChevronSlow,0.9873046875,0.203125,0.9853515625,0.20263671875,0.990234375,0.2001953125,1.0,0.03277846439568149,0.054986796620812885
7,1110,0,task1_initial,IDLGated,0.98974609375,0.201171875,0.98583984375,0.20166015625,0.99169921875,0.20068359375,0.0009621190256439149,0.04429955995494148,0.0664273047585435
7,1120,0,task1_initial,MLP,0.98828125,0.1953125,0.0,0.0,0.0,0.0,1.0,0.0,0.0
7,1120,0,task1_initial,ChevronSlow,0.98583984375,0.19921875,0.98486328125,0.19970703125,0.9892578125,0.19873046875,1.0,0.030864016883540287,0.054409179272482504
7,1120,0,task1_initial,IDLGated,0.98828125,0.19775390625,0.984375,0.19775390625,0.99072265625,0.1982421875,0.0009089317172765732,0.04171221537037146,0.06589540439556123
7,1130,0,task1_initial,MLP,0.9921875,0.19482421875,0.0,0.0,0.0,0.0,1.0,0.0,0.0
7,1130,0,task1_initial,ChevronSlow,0.99169921875,0.19677734375,0.99169921875,0.197265625,0.9912109375,0.197265625,1.0,0.02906138392233414,0.05450191721919438
7,1130,0,task1_initial,IDLGated,0.9921875,0.1982421875,0.99267578125,0.19775390625,0.99267578125,0.19921875,0.000861539039760828,0.03927598632749334,0.06570858526705971
7,1140,0,task1_initial,MLP,0.99169921875,0.18994140625,0.0,0.0,0.0,0.0,1.0,0.0,0.0
7,1140,0,task1_initial,ChevronSlow,0.9912109375,0.19140625,0.99169921875,0.1884765625,0.9912109375,0.19482421875,1.0,0.02736403491055972,0.05423511828676614
7,1140,0,task1_initial,IDLGated,0.99072265625,0.18994140625,0.9921875,0.1884765625,0.99072265625,0.193359375,0.000819173757918179,0.03698204682490127,0.06497692595321382
7,1150,0,task1_initial,MLP,0.9921875,0.193359375,0.0,0.0,0.0,0.0,1.0,0.0,0.0
7,1150,0,task1_initial,ChevronSlow,0.99072265625,0.193359375,0.990234375,0.1923828125,0.9912109375,0.1943359375,1.0,0.025765820670738047,0.054041530047382595
7,1150,0,task1_initial,IDLGated,0.9912109375,0.1923828125,0.99072265625,0.19189453125,0.99072265625,0.19384765625,0.0007811874384060502,0.03482208634953655,0.06439581145403413
7,1160,0,task1_initial,MLP,0.99169921875,0.205078125,0.0,0.0,0.0,0.0,1.0,0.0,0.0
7,1160,0,task1_initial,ChevronSlow,0.98828125,0.203125,0.9873046875,0.20458984375,0.990234375,0.20068359375,1.0,0.024260951172096448,0.053362245258780305
7,1160,0,task1_initial,IDLGated,0.99072265625,0.2021484375,0.98974609375,0.2021484375,0.9912109375,0.2001953125,0.0007470299606211483,0.032788279769255774,0.0635480438724005
7,1170,0,task1_initial,MLP,0.986328125,0.2021484375,0.0,0.0,0.0,0.0,1.0,0.0,0.0
7,1170,0,task1_initial,ChevronSlow,0.986328125,0.203125,0.98193359375,0.20458984375,0.990234375,0.20068359375,1.0,0.022843974554371843,0.052439565160503916
7,1170,0,task1_initial,IDLGated,0.9873046875,0.20263671875,0.9814453125,0.2041015625,0.99169921875,0.20166015625,0.0007162330439314246,0.030873258983843042,0.06300797820216532
7,1180,0,task1_initial,MLP,0.9912109375,0.19677734375,0.0,0.0,0.0,0.0,1.0,0.0,0.0
7,1180,0,task1_initial,ChevronSlow,0.9892578125,0.19873046875,0.98876953125,0.1982421875,0.98974609375,0.1982421875,1.0,0.021509757376742378,0.051726608573235903
7,1180,0,task1_initial,IDLGated,0.9912109375,0.19970703125,0.9892578125,0.1982421875,0.99169921875,0.19921875,0.000688395812176168,0.029070086231763284,0.06286831412722527
7,1190,0,task1_initial,MLP,0.9912109375,0.189453125,0.0,0.0,0.0,0.0,1.0,0.0,0.0
7,1190,0,task1_initial,ChevronSlow,0.99072265625,0.1923828125,0.9912109375,0.19091796875,0.99072265625,0.19482421875,1.0,0.02025346602033306,0.05173581926457806
7,1190,0,task1_initial,IDLGated,0.9921875,0.1904296875,0.9912109375,0.1884765625,0.99072265625,0.193359375,0.0006631732103414834,0.02737222895595199,0.06291238568147714
7,1200,0,task1_initial,MLP,0.9921875,0.19677734375,0.0,0.0,0.0,0.0,1.0,0.0,0.0
7,1200,0,task1_initial,ChevronSlow,0.9912109375,0.19580078125,0.990234375,0.1953125,0.9912109375,0.19580078125,1.0,0.019070549176920117,0.051636563286894296
7,1200,0,task1_initial,IDLGated,0.99169921875,0.193359375,0.9921875,0.1923828125,0.99072265625,0.19482421875,0.0006402687868103385,0.025773536137584766,0.06278754046509866
7,1210,0,task1_initial,MLP,0.98828125,0.2060546875,0.0,0.0,0.0,0.0,1.0,0.0,0.0
7,1210,0,task1_initial,ChevronSlow,0.98876953125,0.205078125,0.98876953125,0.20654296875,0.99072265625,0.20166015625,1.0,0.017956721360393994,0.05091777706821853
7,1210,0,task1_initial,IDLGated,0.99072265625,0.20458984375,0.99072265625,0.20556640625,0.9912109375,0.2021484375,0.0006194249726831913,0.024268216012088548,0.06231769081432128
7,1220,0,task1_initial,MLP,0.99267578125,0.1982421875,0.0,0.0,0.0,0.0,1.0,0.0,0.0
7,1220,0,task1_initial,ChevronSlow,0.9912109375,0.2001953125,0.99072265625,0.20068359375,0.9912109375,0.1982421875,1.0,0.016907947381246024,0.0499579008739505
7,1220,0,task1_initial,IDLGated,0.99169921875,0.20068359375,0.9921875,0.19970703125,0.99169921875,0.19970703125,0.0006004190654493868,0.022850815086663576,0.06165933684392546
7,1230,0,task1_initial,MLP,0.99169921875,0.19140625,0.0,0.0,0.0,0.0,1.0,0.0,0.0
7,1230,0,task1_initial,ChevronSlow,0.9912109375,0.1943359375,0.99072265625,0.193359375,0.99072265625,0.1962890625,1.0,0.01592042772783281,0.04924757560867196
7,1230,0,task1_initial,IDLGated,0.99267578125,0.1953125,0.99169921875,0.19287109375,0.99169921875,0.197265625,0.0005830561276525259,0.021516198383300697,0.060790811112432945
7,1240,0,task1_initial,MLP,0.98388671875,0.19921875,0.0,0.0,0.0,0.0,1.0,0.0,0.0
7,1240,0,task1_initial,ChevronSlow,0.98583984375,0.1982421875,0.98486328125,0.19921875,0.9892578125,0.197265625,1.0,0.01499058480145738,0.04876793964971862
7,1240,0,task1_initial,IDLGated,0.98681640625,0.197265625,0.98486328125,0.1982421875,0.9912109375,0.1982421875,0.0005671664839610457,0.020259530835718038,0.06057371414522266
7,1250,0,task1_initial,MLP,0.99267578125,0.1943359375,0.0,0.0,0.0,0.0,1.0,0.0,0.0
7,1250,0,task1_initial,ChevronSlow,0.9921875,0.1982421875,0.9921875,0.1982421875,0.99169921875,0.19775390625,1.0,0.014115049955399346,0.04889138271981704
7,1250,0,task1_initial,IDLGated,0.99267578125,0.197265625,0.99267578125,0.1962890625,0.99267578125,0.1982421875,0.0005526005406863987,0.019076259772821683,0.06078152806166701
7,1260,0,task1_initial,MLP,0.99072265625,0.189453125,0.0,0.0,0.0,0.0,1.0,0.0,0.0
7,1260,0,task1_initial,ChevronSlow,0.9912109375,0.19189453125,0.98974609375,0.189453125,0.9912109375,0.19384765625,1.0,0.013290651290938931,0.04847903274793762
7,1260,0,task1_initial,IDLGated,0.99169921875,0.18994140625,0.990234375,0.18798828125,0.9912109375,0.19384765625,0.0005392275052145123,0.01796209842523124,0.06044692805050552
7,1270,0,task1_initial,MLP,0.9912109375,0.1962890625,0.0,0.0,0.0,0.0,1.0,0.0,0.0
7,1270,0,task1_initial,ChevronSlow,0.9921875,0.19580078125,0.99169921875,0.19482421875,0.99169921875,0.1962890625,1.0,0.01251440216616216,0.04774134404490247
7,1270,0,task1_initial,IDLGated,0.9921875,0.1953125,0.9912109375,0.1943359375,0.99169921875,0.197265625,0.0005269311950542033,0.01691301039511749,0.05986116162734316
7,1280,0,task1_initial,MLP,0.9873046875,0.19580078125,0.0,0.0,0.0,0.0,1.0,0.0,0.0
7,1280,0,task1_initial,ChevronSlow,0.986328125,0.19677734375,0.986328125,0.197265625,0.990234375,0.1962890625,1.0,0.01178349037591673,0.0471575477116879
7,1280,0,task1_initial,IDLGated,0.98876953125,0.19580078125,0.986328125,0.19482421875,0.99072265625,0.19677734375,0.0005156091065146029,0.015925195033089215,0.05912032275407338
7,1290,0,task1_initial,MLP,0.99169921875,0.1982421875,0.0,0.0,0.0,0.0,1.0,0.0,0.0
7,1290,0,task1_initial,ChevronSlow,0.990234375,0.19873046875,0.98974609375,0.19970703125,0.98974609375,0.197265625,1.0,0.011095267963719601,0.04714325360876389
7,1290,0,task1_initial,IDLGated,0.99072265625,0.19873046875,0.990234375,0.1982421875,0.9912109375,0.19775390625,0.0005051709595136344,0.014995073669152535,0.058367509541158644
7,1300,0,task1_initial,MLP,0.99267578125,0.2041015625,0.0,0.0,0.0,0.0,1.0,0.0,0.0
7,1300,0,task1_initial,ChevronSlow,0.99169921875,0.20458984375,0.990234375,0.20556640625,0.99072265625,0.20068359375,1.0,0.010447241628706742,0.04720855230769706
7,1300,0,task1_initial,IDLGated,0.99267578125,0.205078125,0.9921875,0.205078125,0.9912109375,0.20166015625,0.0004955354379490018,0.014119276647859941,0.057570362257233054
7,1310,0,task1_initial,MLP,0.99169921875,0.205078125,0.0,0.0,0.0,0.0,1.0,0.0,0.0
7,1310,0,task1_initial,ChevronSlow,0.9921875,0.20458984375,0.9912109375,0.20556640625,0.990234375,0.20166015625,1.0,0.009837063692871201,0.04665125418312585
7,1310,0,task1_initial,IDLGated,0.99267578125,0.2060546875,0.99169921875,0.20556640625,0.9921875,0.20263671875,0.00048663077177479863,0.013294631120679905,0.05698149114095273
7,1320,0,task1_initial,MLP,0.98828125,0.1953125,0.0,0.0,0.0,0.0,1.0,0.0,0.0
7,1320,0,task1_initial,ChevronSlow,0.98828125,0.19482421875,0.98828125,0.19384765625,0.99072265625,0.19677734375,1.0,0.009262523595865529,0.04596034072366943
7,1320,0,task1_initial,IDLGated,0.990234375,0.19775390625,0.9892578125,0.1962890625,0.99169921875,0.19873046875,0.000478392350487411,0.012518149551361057,0.05614346347339829
7,1330,0,task1_initial,MLP,0.98583984375,0.18408203125,0.0,0.0,0.0,0.0,1.0,0.0,0.0
7,1330,0,task1_initial,ChevronSlow,0.9853515625,0.1875,0.982421875,0.18359375,0.98828125,0.19287109375,1.0,0.00872153988655576,0.04568393348000666
7,1330,0,task1_initial,IDLGated,0.986328125,0.18896484375,0.982421875,0.18603515625,0.990234375,0.19482421875,0.00047076272312551737,0.011787018892648073,0.05581576933846765
7,1340,0,task1_initial,MLP,0.98388671875,0.18994140625,0.0,0.0,0.0,0.0,1.0,0.0,0.0
7,1340,0,task1_initial,ChevronSlow,0.98388671875,0.19287109375,0.98095703125,0.18798828125,0.98681640625,0.1953125,1.0,0.008212152682313918,0.045233843874729576
7,1340,0,task1_initial,IDLGated,0.98388671875,0.19091796875,0.98046875,0.18798828125,0.9892578125,0.19482421875,0.0004636898229364306,0.011098590395138457,0.05541135685267535
7,1350,0,task1_initial,MLP,0.9921875,0.19482421875,0.0,0.0,0.0,0.0,1.0,0.0,0.0
7,1350,0,task1_initial,ChevronSlow,0.99169921875,0.19677734375,0.99267578125,0.19677734375,0.99169921875,0.1982421875,1.0,0.007732516568730421,0.04505632403946686
7,1350,0,task1_initial,IDLGated,0.9931640625,0.1953125,0.99365234375,0.19482421875,0.99267578125,0.19775390625,0.0004571269964799285,0.010450370011359698,0.055193224501587985
7,1360,0,task1_initial,MLP,0.99267578125,0.1953125,0.0,0.0,0.0,0.0,1.0,0.0,0.0
7,1360,0,task1_initial,ChevronSlow,0.99267578125,0.197265625,0.9931640625,0.1962890625,0.9921875,0.1982421875,1.0,0.00728089391402342,0.04458269904244755
7,1360,0,task1_initial,IDLGated,0.9931640625,0.19677734375,0.99365234375,0.19580078125,0.99267578125,0.1982421875,0.0004510325670707971,0.009840009360302524,0.054082059506386115
7,1370,0,task1_initial,MLP,0.99267578125,0.19921875,0.0,0.0,0.0,0.0,1.0,0.0,0.0
7,1370,0,task1_initial,ChevronSlow,0.9921875,0.19873046875,0.99267578125,0.19873046875,0.99169921875,0.19873046875,1.0,0.0068556485739243705,0.04445964095550673
7,1370,0,task1_initial,IDLGated,0.9931640625,0.19873046875,0.994140625,0.1982421875,0.99267578125,0.19921875,0.0004453682340681553,0.009265297219676463,0.053353919640827634
7,1380,0,task1_initial,MLP,0.99072265625,0.19775390625,0.0,0.0,0.0,0.0,1.0,0.0,0.0
7,1380,0,task1_initial,ChevronSlow,0.98876953125,0.1982421875,0.98828125,0.19873046875,0.990234375,0.19775390625,1.0,0.006455239964233885,0.044105914149383425
7,1380,0,task1_initial,IDLGated,0.9912109375,0.19921875,0.9912109375,0.1982421875,0.99169921875,0.19921875,0.00044009980047121644,0.008724151515065745,0.05295923655715662
7,1390,0,task1_initial,MLP,0.99365234375,0.1962890625,0.0,0.0,0.0,0.0,1.0,0.0,0.0
7,1390,0,task1_initial,ChevronSlow,0.9912109375,0.1962890625,0.9912109375,0.1962890625,0.99169921875,0.19775390625,1.0,0.006078217479573799,0.04437434515328188
7,1390,0,task1_initial,IDLGated,0.9931640625,0.197265625,0.9931640625,0.19677734375,0.99267578125,0.19873046875,0.00043519618338905275,0.008214611776963771,0.052900931024339536
7,1400,0,task1_initial,MLP,0.9912109375,0.189453125,0.0,0.0,0.0,0.0,1.0,0.0,0.0
7,1400,0,task1_initial,ChevronSlow,0.98974609375,0.189453125,0.98974609375,0.18896484375,0.99072265625,0.1953125,1.0,0.0057232152381156455,0.044181698615248774
7,1400,0,task1_initial,IDLGated,0.99267578125,0.19189453125,0.99169921875,0.1884765625,0.99267578125,0.19580078125,0.00043062871554866433,0.007734832038359358,0.052180598763771104
7,1410,0,task1_initial,MLP,0.9873046875,0.18603515625,0.0,0.0,0.0,0.0,1.0,0.0,0.0
7,1410,0,task1_initial,ChevronSlow,0.98779296875,0.1865234375,0.9833984375,0.17919921875,0.98876953125,0.19189453125,1.0,0.005388947133246685,0.04382958451988002
7,1410,0,task1_initial,IDLGated,0.9873046875,0.18798828125,0.98486328125,0.18115234375,0.99169921875,0.193359375,0.0004263718146830797,0.007283074147144112,0.05152353600308665
7,1420,0,task1_initial,MLP,0.99072265625,0.197265625,0.0,0.0,0.0,0.0,1.0,0.0,0.0
7,1420,0,task1_initial,ChevronSlow,0.990234375,0.19677734375,0.98974609375,0.19677734375,0.9912109375,0.1962890625,1.0,0.005074202174246599,0.04340279823449948
7,1420,0,task1_initial,IDLGated,0.9921875,0.1953125,0.99169921875,0.1923828125,0.9931640625,0.19677734375,0.0004224019357934594,0.006857701469112955,0.05042907195360062
7,1430,0,task1_initial,MLP,0.99267578125,0.2001953125,0.0,0.0,0.0,0.0,1.0,0.0,0.0
7,1430,0,task1_initial,ChevronSlow,0.99169921875,0.20068359375,0.9912109375,0.2041015625,0.990234375,0.1982421875,1.0,0.00477784009909497,0.0434284541867952
7,1430,0,task1_initial,IDLGated,0.9931640625,0.20166015625,0.9931640625,0.20068359375,0.99169921875,0.19921875,0.0004186978912912309,0.006457172958745031,0.05009288621235539
7,1440,0,task1_initial,MLP,0.99072265625,0.1953125,0.0,0.0,0.0,0.0,1.0,0.0,0.0
7,1440,0,task1_initial,ChevronSlow,0.9892578125,0.1953125,0.98876953125,0.1953125,0.9912109375,0.1962890625,1.0,0.004498787243515623,0.04322624681970566
7,1440,0,task1_initial,IDLGated,0.9912109375,0.1982421875,0.9912109375,0.19775390625,0.9921875,0.19873046875,0.00041523974505253136,0.006080037576284483,0.049933968893807336
7,1450,0,task1_initial,MLP,0.99267578125,0.19189453125,0.0,0.0,0.0,0.0,1.0,0.0,0.0
7,1450,0,task1_initial,ChevronSlow,0.98876953125,0.1923828125,0.9892578125,0.19140625,0.990234375,0.19482421875,1.0,0.004236032651292084,0.0435199686888107
7,1450,0,task1_initial,IDLGated,0.99267578125,0.19287109375,0.99462890625,0.19189453125,0.99267578125,0.19677734375,0.00041200968553312123,0.005724929030895261,0.050056870415458185
7,1460,0,task1_initial,MLP,0.99365234375,0.193359375,0.0,0.0,0.0,0.0,1.0,0.0,0.0
7,1460,0,task1_initial,ChevronSlow,0.98974609375,0.1923828125,0.98876953125,0.19091796875,0.990234375,0.1943359375,1.0,0.003988624411762613,0.04388101814779118
7,1460,0,task1_initial,IDLGated,0.99365234375,0.19189453125,0.99365234375,0.18896484375,0.99267578125,0.19580078125,0.00040899121086113155,0.005390560830845404,0.05023014028219733
7,1470,0,task1_initial,MLP,0.9921875,0.19580078125,0.0,0.0,0.0,0.0,1.0,0.0,0.0
7,1470,0,task1_initial,ChevronSlow,0.9912109375,0.19580078125,0.9921875,0.1953125,0.99169921875,0.1962890625,1.0,0.0037556662112262084,0.04421827827648031
7,1470,0,task1_initial,IDLGated,0.99267578125,0.1943359375,0.99365234375,0.193359375,0.99267578125,0.1962890625,0.00040616924525238574,0.0050757216227885,0.05055562951903776
7,1480,0,task1_initial,MLP,0.99169921875,0.197265625,0.0,0.0,0.0,0.0,1.0,0.0,0.0
7,1480,0,task1_initial,ChevronSlow,0.99169921875,0.197265625,0.99169921875,0.19775390625,0.99169921875,0.1962890625,1.0,0.003536314085765991,0.04440786481078407
7,1480,0,task1_initial,IDLGated,0.9931640625,0.1962890625,0.99267578125,0.1953125,0.9931640625,0.19677734375,0.00040353002259507775,0.004779270803257461,0.050781884900350995
7,1490,0,task1_initial,MLP,0.9931640625,0.2001953125,0.0,0.0,0.0,0.0,1.0,0.0,0.0
7,1490,0,task1_initial,ChevronSlow,0.9921875,0.201171875,0.990234375,0.20068359375,0.99267578125,0.1982421875,1.0,0.0033297733637260487,0.04525432802801787
7,1490,0,task1_initial,IDLGated,0.9931640625,0.20068359375,0.994140625,0.19921875,0.994140625,0.201171875,0.00040106044616550207,0.004500134386471847,0.051286356811627215
7,1500,0,task1_initial,MLP,0.98974609375,0.1943359375,0.0,0.0,0.0,0.0,1.0,0.0,0.0
7,1500,0,task1_initial,ChevronSlow,0.990234375,0.19482421875,0.98974609375,0.193359375,0.9912109375,0.1962890625,1.0,0.003135295786764901,0.04448121584158901
7,1500,0,task1_initial,IDLGated,0.99169921875,0.1953125,0.98974609375,0.1923828125,0.9931640625,0.19677734375,0.0003987490781582892,0.0042373011134885915,0.050651725989635084
7,1510,0,task1_initial,MLP,0.9921875,0.193359375,0.0,0.0,0.0,0.0,1.0,0.0,0.0
7,1510,0,task1_initial,ChevronSlow,0.9892578125,0.193359375,0.98974609375,0.1923828125,0.99072265625,0.19482421875,1.0,0.0029521767990557126,0.04437135430328618
7,1510,0,task1_initial,IDLGated,0.9931640625,0.19384765625,0.9931640625,0.1923828125,0.99267578125,0.19580078125,0.0003965848300140351,0.003989818788600299,0.05039371193632704
7,1520,0,task1_initial,MLP,0.99072265625,0.19775390625,0.0,0.0,0.0,0.0,1.0,0.0,0.0
7,1520,0,task1_initial,ChevronSlow,0.990234375,0.19580078125,0.98974609375,0.19580078125,0.9912109375,0.1962890625,1.0,0.0027797529948125274,0.04420007970886488
7,1520,0,task1_initial,IDLGated,0.99169921875,0.19580078125,0.9921875,0.1962890625,0.99267578125,0.1962890625,0.0003945577482227236,0.0037567908297085947,0.049736291002420094
7,1530,0,task1_initial,MLP,0.9912109375,0.19677734375,0.0,0.0,0.0,0.0,1.0,0.0,0.0
7,1530,0,task1_initial,ChevronSlow,0.99072265625,0.197265625,0.9921875,0.197265625,0.9912109375,0.1962890625,1.0,0.0026173997148953936,0.044335511426654345
7,1530,0,task1_initial,IDLGated,0.9921875,0.19677734375,0.9921875,0.19677734375,0.9931640625,0.197265625,0.00039265837403945625,0.0035373730201751475,0.04915697296008363
7,1540,0,task1_initial,MLP,0.98974609375,0.197265625,0.0,0.0,0.0,0.0,1.0,0.0,0.0
7,1540,0,task1_initial,ChevronSlow,0.98876953125,0.2001953125,0.98828125,0.20166015625,0.990234375,0.1982421875,1.0,0.002464528783787322,0.04419456685649586
7,1540,0,task1_initial,IDLGated,0.99072265625,0.19921875,0.99072265625,0.2001953125,0.9912109375,0.19873046875,0.00039087841287255287,0.003330770450382954,0.04881807570302979
7,1550,0,task1_initial,MLP,0.9892578125,0.20068359375,0.0,0.0,0.0,0.0,1.0,0.0,0.0
7,1550,0,task1_initial,ChevronSlow,0.9873046875,0.203125,0.986328125,0.2041015625,0.98876953125,0.2001953125,1.0,0.0023205863787445877,0.04398885614050341
7,1550,0,task1_initial,IDLGated,0.990234375,0.203125,0.98779296875,0.20263671875,0.9912109375,0.2001953125,0.00038920980296097696,0.0031362346379277136,0.048651101847564444
7,1560,0,task1_initial,MLP,0.99267578125,0.1953125,0.0,0.0,0.0,0.0,1.0,0.0,0.0
7,1560,0,task1_initial,ChevronSlow,0.99267578125,0.197265625,0.99267578125,0.19580078125,0.99169921875,0.197265625,1.0,0.00218505102340068,0.04386890271856893
7,1560,0,task1_initial,IDLGated,0.9931640625,0.197265625,0.99365234375,0.1962890625,0.9931640625,0.19775390625,0.00038764518103562295,0.002953060816006305,0.04860598288096449
7,1570,0,task1_initial,MLP,0.9912109375,0.18701171875,0.0,0.0,0.0,0.0,1.0,0.0,0.0
7,1570,0,task1_initial,ChevronSlow,0.9892578125,0.1865234375,0.98828125,0.18115234375,0.99072265625,0.193359375,1.0,0.002057431698555123,0.0438975697707128
7,1570,0,task1_initial,IDLGated,0.99267578125,0.18701171875,0.98876953125,0.181640625,0.99267578125,0.193359375,0.0003861775330733508,0.002780585380178696,0.048098778995186234
7,1580,0,task1_initial,MLP,0.98681640625,0.1923828125,0.0,0.0,0.0,0.0,1.0,0.0,0.0
7,1580,0,task1_initial,ChevronSlow,0.9873046875,0.1943359375,0.986328125,0.19287109375,0.9873046875,0.1943359375,1.0,0.0019372660633029046,0.04295224347035457
7,1580,0,task1_initial,IDLGated,0.9892578125,0.19189453125,0.986328125,0.19140625,0.9921875,0.19580078125,0.00038480074726976454,0.0026181834842533757,0.04739128556693627
7,1590,0,task1_initial,MLP,0.98974609375,0.19482421875,0.0,0.0,0.0,0.0,1.0,0.0,0.0
7,1590,0,task1_initial,ChevronSlow,0.98828125,0.1953125,0.98779296875,0.1962890625,0.98876953125,0.19580078125,1.0,0.0018241187800599945,0.04232399037415174
7,1590,0,task1_initial,IDLGated,0.99169921875,0.193359375,0.98876953125,0.193359375,0.9912109375,0.19580078125,0.00038350888644345105,0.002465266776586667,0.04680051996863832
7,1600,0,task1_initial,MLP,0.99072265625,0.18798828125,0.0,0.0,0.0,0.0,1.0,0.0,0.0
7,1600,0,task1_initial,ChevronSlow,0.9912109375,0.18896484375,0.9892578125,0.18701171875,0.99169921875,0.19384765625,1.0,0.0017175799374168352,0.04266035632243794
7,1600,0,task1_initial,IDLGated,0.99365234375,0.1904296875,0.99267578125,0.1865234375,0.9921875,0.19384765625,0.000382296449970454,0.0023212812685949468,0.04650192117704394
7,1610,0,task1_initial,MLP,0.99365234375,0.19921875,0.0,0.0,0.0,0.0,1.0,0.0,0.0
7,1610,0,task1_initial,ChevronSlow,0.9921875,0.19970703125,0.990234375,0.19921875,0.9931640625,0.19677734375,1.0,0.001617263565106102,0.04356491651498954
7,1610,0,task1_initial,IDLGated,0.9951171875,0.19873046875,0.9921875,0.197265625,0.9951171875,0.19775390625,0.00038115837378427386,0.0021857053277577966,0.04644428780046499
7,1620,0,task1_initial,MLP,0.99267578125,0.203125,0.0,0.0,0.0,0.0,1.0,0.0,0.0
7,1620,0,task1_initial,ChevronSlow,0.9921875,0.20361328125,0.9912109375,0.20458984375,0.9931640625,0.19970703125,1.0,0.0015228062357047316,0.04298016419569245
7,1620,0,task1_initial,IDLGated,0.99365234375,0.20166015625,0.99365234375,0.20361328125,0.99462890625,0.19970703125,0.00038008976844139397,0.0020580477878411013,0.045410769309049845
7,1630,0,task1_initial,MLP,0.99462890625,0.19775390625,0.0,0.0,0.0,0.0,1.0,0.0,0.0
7,1630,0,task1_initial,ChevronSlow,0.9931640625,0.19873046875,0.99365234375,0.19970703125,0.9921875,0.197265625,1.0,0.0014338657480044558,0.042724857204513605
7,1630,0,task1_initial,IDLGated,0.9951171875,0.19970703125,0.994140625,0.20068359375,0.9951171875,0.1982421875,0.0003790863265749067,0.0019378461694938064,0.04516349341346961
7,1640,0,task1_initial,MLP,0.99267578125,0.193359375,0.0,0.0,0.0,0.0,1.0,0.0,0.0
7,1640,0,task1_initial,ChevronSlow,0.99267578125,0.19580078125,0.99365234375,0.1953125,0.9921875,0.19677734375,1.0,0.0013501198872809357,0.0423997245609135
7,1640,0,task1_initial,IDLGated,0.99462890625,0.1962890625,0.99462890625,0.19580078125,0.99365234375,0.19677734375,0.0003781439154408872,0.0018246650047718694,0.04502280887563096
7,1650,0,task1_initial,MLP,0.994140625,0.19677734375,0.0,0.0,0.0,0.0,1.0,0.0,0.0
7,1650,0,task1_initial,ChevronSlow,0.99365234375,0.19580078125,0.99365234375,0.1962890625,0.99267578125,0.19677734375,1.0,0.0012712652579701773,0.04219488673016672
7,1650,0,task1_initial,IDLGated,0.9951171875,0.19775390625,0.99560546875,0.19775390625,0.994140625,0.19677734375,0.00037725866422988474,0.0017180942595194817,0.04491334367533965
7,1660,0,task1_initial,MLP,0.990234375,0.19189453125,0.0,0.0,0.0,0.0,1.0,0.0,0.0
7,1660,0,task1_initial,ChevronSlow,0.990234375,0.1923828125,0.98974609375,0.1904296875,0.99169921875,0.1953125,1.0,0.0011970161845232471,0.04158724517508469
7,1660,0,task1_initial,IDLGated,0.99365234375,0.193359375,0.9921875,0.18994140625,0.9931640625,0.1953125,0.0003764271968975663,0.0016177478478921422,0.04436263933709515
7,1670,0,task1_initial,MLP,0.9921875,0.19775390625,0.0,0.0,0.0,0.0,1.0,0.0,0.0
7,1670,0,task1_initial,ChevronSlow,0.990234375,0.19873046875,0.990234375,0.1982421875,0.9912109375,0.1982421875,1.0,0.0011271036764572745,0.04151314111661434
7,1670,0,task1_initial,IDLGated,0.9912109375,0.19775390625,0.9912109375,0.197265625,0.9931640625,0.197265625,0.0003756457008421421,0.001523262233639971,0.044206610526213226
7,1680,0,task1_initial,MLP,0.9921875,0.18994140625,0.0,0.0,0.0,0.0,1.0,0.0,0.0
7,1680,0,task1_initial,ChevronSlow,0.9931640625,0.1923828125,0.99365234375,0.189453125,0.9921875,0.19482421875,1.0,0.0010612744538533287,0.04186137565616163
7,1680,0,task1_initial,IDLGated,0.9931640625,0.19287109375,0.9951171875,0.19140625,0.99267578125,0.19580078125,0.000374911556718871,0.0014342951130839848,0.04451725007648055
7,1690,0,task1_initial,MLP,0.9921875,0.189453125,0.0,0.0,0.0,0.0,1.0,0.0,0.0
7,1690,0,task1_initial,ChevronSlow,0.99169921875,0.1904296875,0.9892578125,0.1875,0.9931640625,0.19287109375,1.0,0.000999290029770723,0.04208829225466018
7,1690,0,task1_initial,IDLGated,0.99267578125,0.18994140625,0.990234375,0.1875,0.9931640625,0.1943359375,0.00037422150489874184,0.0013505241750139975,0.0445908080410711
7,1700,0,task1_initial,MLP,0.99365234375,0.1962890625,0.0,0.0,0.0,0.0,1.0,0.0,0.0
7,1700,0,task1_initial,ChevronSlow,0.994140625,0.1943359375,0.99462890625,0.1953125,0.9921875,0.1953125,1.0,0.0009409258462535075,0.041366175553287046
7,1700,0,task1_initial,IDLGated,0.9951171875,0.19580078125,0.99462890625,0.1943359375,0.9931640625,0.19580078125,0.000373572955140844,0.0012716459330154879,0.04353488813433087
7,1710,0,task1_initial,MLP,0.990234375,0.20068359375,0.0,0.0,0.0,0.0,1.0,0.0,0.0
7,1710,0,task1_initial,ChevronSlow,0.98974609375,0.201171875,0.98876953125,0.201171875,0.99169921875,0.19873046875,1.0,0.0008859704607990654,0.04075752955161629
7,1710,0,task1_initial,IDLGated,0.9931640625,0.201171875,0.9912109375,0.20166015625,0.99365234375,0.19921875,0.0003729632298927754,0.0011973746259951775,0.04277630361255429
7,1720,0,task1_initial,MLP,0.9931640625,0.19873046875,0.0,0.0,0.0,0.0,1.0,0.0,0.0
7,1720,0,task1_initial,ChevronSlow,0.994140625,0.2021484375,0.99365234375,0.2021484375,0.99365234375,0.1982421875,1.0,0.0008342247803415382,0.04087768541339574
7,1720,0,task1_initial,IDLGated,0.994140625,0.201171875,0.99365234375,0.2021484375,0.9951171875,0.19970703125,0.00037238997174426913,0.0011274411829221252,0.04267070989307691
7,1730,0,task1_initial,MLP,0.994140625,0.193359375,0.0,0.0,0.0,0.0,1.0,0.0,0.0
7,1730,0,task1_initial,ChevronSlow,0.994140625,0.197265625,0.9931640625,0.1962890625,0.99365234375,0.1962890625,1.0,0.0007855013399749476,0.04078964198747699
7,1730,0,task1_initial,IDLGated,0.99658203125,0.197265625,0.99365234375,0.197265625,0.9951171875,0.19677734375,0.0003718511143233627,0.001061592248033791,0.04238517323279951
7,1740,0,task1_initial,MLP,0.99365234375,0.19921875,0.0,0.0,0.0,0.0,1.0,0.0,0.0
7,1740,0,task1_initial,ChevronSlow,0.99462890625,0.19775390625,0.9951171875,0.1982421875,0.994140625,0.197265625,1.0,0.0007396236238029617,0.04024743666002346
7,1740,0,task1_initial,IDLGated,0.99560546875,0.197265625,0.99560546875,0.19775390625,0.9951171875,0.197265625,0.0003713445330504328,0.000999589262975576,0.04179146298417276
7,1750,0,task1_initial,MLP,0.9912109375,0.19287109375,0.0,0.0,0.0,0.0,1.0,0.0,0.0
7,1750,0,task1_initial,ChevronSlow,0.990234375,0.1923828125,0.9912109375,0.1923828125,0.99267578125,0.19677734375,1.0,0.000696425425454872,0.03990410814981168
7,1750,0,task1_initial,IDLGated,0.99365234375,0.19384765625,0.9931640625,0.19189453125,0.99365234375,0.19580078125,0.00037086798693053424,0.0009412076025485922,0.04147260506087787
7,1760,0,task1_initial,MLP,0.99169921875,0.19091796875,0.0,0.0,0.0,0.0,1.0,0.0,0.0
7,1760,0,task1_initial,ChevronSlow,0.9931640625,0.193359375,0.9931640625,0.1904296875,0.99267578125,0.1953125,1.0,0.0006557502459510507,0.04008280854342248
7,1760,0,task1_initial,IDLGated,0.994140625,0.193359375,0.9951171875,0.19140625,0.9931640625,0.1953125,0.0003704199625644833,0.0008862357609346534,0.04228200602724731
7,1770,0,task1_initial,MLP,0.994140625,0.1923828125,0.0,0.0,0.0,0.0,1.0,0.0,0.0
7,1770,0,task1_initial,ChevronSlow,0.99267578125,0.19189453125,0.994140625,0.19140625,0.99267578125,0.19482421875,1.0,0.0006174507267364665,0.0402155909173792
7,1770,0,task1_initial,IDLGated,0.994140625,0.19287109375,0.9951171875,0.18994140625,0.9931640625,0.1953125,0.00036999856820330024,0.000834474585450318,0.04260852699795748
7,1780,0,task1_initial,MLP,0.99169921875,0.19091796875,0.0,0.0,0.0,0.0,1.0,0.0,0.0
7,1780,0,task1_initial,ChevronSlow,0.9921875,0.19287109375,0.9931640625,0.19189453125,0.99267578125,0.19384765625,1.0,0.0005813881158282463,0.04040330318370283
7,1780,0,task1_initial,IDLGated,0.994140625,0.193359375,0.9951171875,0.189453125,0.99267578125,0.1953125,0.00036960214492864907,0.0007857365550540282,0.042605666297406516
7,1790,0,task1_initial,MLP,0.9921875,0.19384765625,0.0,0.0,0.0,0.0,1.0,0.0,0.0
7,1790,0,task1_initial,ChevronSlow,0.99267578125,0.1953125,0.9921875,0.193359375,0.99267578125,0.1962890625,1.0,0.0005474317651432372,0.04074632341845155
7,1790,0,task1_initial,IDLGated,0.9931640625,0.19482421875,0.994140625,0.1943359375,0.99365234375,0.1953125,0.00036922935396432877,0.0007398451009925082,0.04261708282274326
7,1800,0,task1_initial,MLP,0.9921875,0.19921875,0.0,0.0,0.0,0.0,1.0,0.0,0.0
7,1800,0,task1_initial,ChevronSlow,0.99267578125,0.19873046875,0.9931640625,0.19921875,0.9931640625,0.197265625,1.0,0.0005154586571844761,0.04049550219189865
7,1800,0,task1_initial,IDLGated,0.9921875,0.19873046875,0.9921875,0.19873046875,0.99365234375,0.19775390625,0.00036887856549583375,0.0006966339671252496,0.041894371426749254
7,1810,0,task1_initial,MLP,0.98876953125,0.2001953125,0.0,0.0,0.0,0.0,1.0,0.0,0.0
7,1810,0,task1_initial,ChevronSlow,0.98974609375,0.2021484375,0.984375,0.2021484375,0.9921875,0.19921875,1.0,0.00048535295937184535,0.039932044814552085
7,1810,0,task1_initial,IDLGated,0.99072265625,0.20166015625,0.9873046875,0.2021484375,0.9931640625,0.19970703125,0.00036854870268143713,0.0006559466076096616,0.041085821205436246
7,1820,0,task1_initial,MLP,0.99169921875,0.19091796875,0.0,0.0,0.0,0.0,1.0,0.0,0.0
7,1820,0,task1_initial,ChevronSlow,0.99365234375,0.19287109375,0.9931640625,0.19091796875,0.99267578125,0.1953125,1.0,0.00045700560440233625,0.03912271818688627
7,1820,0,task1_initial,IDLGated,0.99365234375,0.19482421875,0.99365234375,0.1943359375,0.9931640625,0.1953125,0.0003682382230181247,0.0006176356197648123,0.0402128262546506
7,1830,0,task1_initial,MLP,0.99365234375,0.19140625,0.0,0.0,0.0,0.0,1.0,0.0,0.0
7,1830,0,task1_initial,ChevronSlow,0.99267578125,0.19189453125,0.994140625,0.19091796875,0.99267578125,0.19384765625,1.0,0.0004303138951196431,0.038762696018445786
7,1830,0,task1_initial,IDLGated,0.99462890625,0.19287109375,0.99462890625,0.189453125,0.9931640625,0.19482421875,0.0003679462824948132,0.0005815622100591301,0.039810400566645296
7,1840,0,task1_initial,MLP,0.9892578125,0.1953125,0.0,0.0,0.0,0.0,1.0,0.0,0.0
7,1840,0,task1_initial,ChevronSlow,0.990234375,0.19580078125,0.990234375,0.1962890625,0.99169921875,0.1962890625,1.0,0.0004051811324616058,0.03815733129146557
7,1840,0,task1_initial,IDLGated,0.99365234375,0.193359375,0.9921875,0.19384765625,0.9931640625,0.1953125,0.00036767154233530164,0.0005475956912874416,0.039355196014534084
7,1850,0,task1_initial,MLP,0.9912109375,0.1982421875,0.0,0.0,0.0,0.0,1.0,0.0,0.0
7,1850,0,task1_initial,ChevronSlow,0.990234375,0.19775390625,0.9873046875,0.19970703125,0.99169921875,0.1982421875,1.0,0.00038151626513762365,0.03779764943703742
7,1850,0,task1_initial,IDLGated,0.9912109375,0.197265625,0.99072265625,0.1982421875,0.9931640625,0.197265625,0.000367412983905524,0.0005156130091157103,0.038649689785465104
7,1860,0,task1_initial,MLP,0.9921875,0.1923828125,0.0,0.0,0.0,0.0,1.0,0.0,0.0
7,1860,0,task1_initial,ChevronSlow,0.99365234375,0.19287109375,0.99267578125,0.19189453125,0.99267578125,0.19482421875,1.0,0.00035923355976688777,0.03834609226948054
7,1860,0,task1_initial,IDLGated,0.994140625,0.19384765625,0.99365234375,0.19287109375,0.99365234375,0.1943359375,0.00036716979229822755,0.00048549829627823963,0.03848492594972772
7,1870,0,task1_initial,MLP,0.9931640625,0.1943359375,0.0,0.0,0.0,0.0,1.0,0.0,0.0
7,1870,0,task1_initial,ChevronSlow,0.99462890625,0.19482421875,0.99267578125,0.19189453125,0.9931640625,0.19580078125,1.0,0.0003382522902824041,0.03815117291075822
7,1870,0,task1_initial,IDLGated,0.9951171875,0.193359375,0.994140625,0.1923828125,0.99560546875,0.19580078125,0.0003669407742563635,0.0004571424528122742,0.0379962940936696
7,1880,0,task1_initial,MLP,0.990234375,0.197265625,0.0,0.0,0.0,0.0,1.0,0.0,0.0
7,1880,0,task1_initial,ChevronSlow,0.9931640625,0.1962890625,0.9931640625,0.1962890625,0.994140625,0.197265625,1.0,0.00031849644547557633,0.037418209277556035
7,1880,0,task1_initial,IDLGated,0.99560546875,0.1982421875,0.9951171875,0.19677734375,0.9951171875,0.197265625,0.0003667255223263055,0.0004304427508092759,0.03738500370147499
7,1890,0,task1_initial,MLP,0.99072265625,0.193359375,0.0,0.0,0.0,0.0,1.0,0.0,0.0
7,1890,0,task1_initial,ChevronSlow,0.99072265625,0.1923828125,0.9912109375,0.19091796875,0.99169921875,0.1953125,1.0,0.00029989445362183756,0.03753512140733109
7,1890,0,task1_initial,IDLGated,0.99462890625,0.1943359375,0.99267578125,0.19384765625,0.99462890625,0.19580078125,0.0003665227850433439,0.0004053024622509564,0.03771043938906887
7,1900,0,task1_initial,MLP,0.98876953125,0.1865234375,0.0,0.0,0.0,0.0,1.0,0.0,0.0
7,1900,0,task1_initial,ChevronSlow,0.990234375,0.18798828125,0.98681640625,0.18505859375,0.99072265625,0.19287109375,1.0,0.00028237892318970075,0.03756065019866322
7,1900,0,task1_initial,IDLGated,0.9892578125,0.189453125,0.98779296875,0.18701171875,0.9931640625,0.19384765625,0.0003663320676423609,0.0003816305085817884,0.038052453248931355
7,1910,0,task1_initial,MLP,0.9912109375,0.1923828125,0.0,0.0,0.0,0.0,1.0,0.0,0.0
7,1910,0,task1_initial,ChevronSlow,0.99072265625,0.193359375,0.9921875,0.1923828125,0.99169921875,0.1943359375,1.0,0.00026588639869386564,0.03698069369370375
7,1910,0,task1_initial,IDLGated,0.9951171875,0.19140625,0.99267578125,0.18896484375,0.9931640625,0.19384765625,0.00036615243880078197,0.0003593411307484619,0.03690003778070573
7,1920,0,task1_initial,MLP,0.9892578125,0.203125,0.0,0.0,0.0,0.0,1.0,0.0,0.0
7,1920,0,task1_initial,ChevronSlow,0.99267578125,0.203125,0.9912109375,0.20458984375,0.9931640625,0.19970703125,1.0,0.00025035713080788383,0.03734211951081991
7,1920,0,task1_initial,IDLGated,0.994140625,0.20166015625,0.9931640625,0.2021484375,0.9951171875,0.19873046875,0.00036598354927264154,0.00033835357851090086,0.03664206467189862
7,1930,0,task1_initial,MLP,0.9931640625,0.19677734375,0.0,0.0,0.0,0.0,1.0,0.0,0.0
7,1930,0,task1_initial,ChevronSlow,0.9931640625,0.19677734375,0.99365234375,0.197265625,0.9921875,0.19677734375,1.0,0.0002357348599035424,0.036782514049003935
7,1930,0,task1_initial,IDLGated,0.994140625,0.19873046875,0.994140625,0.1982421875,0.99462890625,0.197265625,0.00036582446773536503,0.00031859181789927165,0.036431074217454805
7,1940,0,task1_initial,MLP,0.9892578125,0.1875,0.0,0.0,0.0,0.0,1.0,0.0,0.0
7,1940,0,task1_initial,ChevronSlow,0.990234375,0.18896484375,0.98876953125,0.18798828125,0.9931640625,0.19384765625,1.0,0.0002219666122327714,0.03676392417910648
7,1940,0,task1_initial,IDLGated,0.9921875,0.19091796875,0.9912109375,0.1884765625,0.994140625,0.19482421875,0.0003656748740468174,0.000299984255757155,0.0365088216306277
7,1950,0,task1_initial,MLP,0.9912109375,0.19287109375,0.0,0.0,0.0,0.0,1.0,0.0,0.0
7,1950,0,task1_initial,ChevronSlow,0.9931640625,0.1923828125,0.9921875,0.189453125,0.99267578125,0.1943359375,1.0,0.00020900250801367853,0.03650793688248688
7,1950,0,task1_initial,IDLGated,0.9931640625,0.19091796875,0.99267578125,0.18798828125,0.994140625,0.19384765625,0.000365533895092085,0.0002824634803729525,0.036294552399183694
7,1960,0,task1_initial,MLP,0.99169921875,0.19580078125,0.0,0.0,0.0,0.0,1.0,0.0,0.0
7,1960,0,task1_initial,ChevronSlow,0.9931640625,0.19580078125,0.9921875,0.19677734375,0.9921875,0.1962890625,1.0,0.00019679558072544428,0.0363373583528647
7,1960,0,task1_initial,IDLGated,0.99365234375,0.1943359375,0.9951171875,0.1943359375,0.99365234375,0.19384765625,0.00036540135624818504,0.0002659660172598853,0.03590026591118829
7,1970,0,task1_initial,MLP,0.994140625,0.1962890625,0.0,0.0,0.0,0.0,1.0,0.0,0.0
7,1970,0,task1_initial,ChevronSlow,0.9931640625,0.197265625,0.994140625,0.197265625,0.9931640625,0.19677734375,1.0,0.00018530160695741607,0.03600836297878982
7,1970,0,task1_initial,IDLGated,0.9951171875,0.19775390625,0.9951171875,0.1982421875,0.99462890625,0.1962890625,0.0003652764717116952,0.0002504320991998197,0.035302996966921955
7,1980,0,task1_initial,MLP,0.99072265625,0.1875,0.0,0.0,0.0,0.0,1.0,0.0,0.0
7,1980,0,task1_initial,ChevronSlow,0.99072265625,0.1884765625,0.98681640625,0.1845703125,0.99072265625,0.19189453125,1.0,0.00017447894619597633,0.0359649785547367
7,1980,0,task1_initial,IDLGated,0.9931640625,0.18994140625,0.98876953125,0.18701171875,0.99462890625,0.19287109375,0.0003651591541711241,0.00023580544971783367,0.03504396647709605
7,1990,0,task1_initial,MLP,0.99169921875,0.19140625,0.0,0.0,0.0,0.0,1.0,0.0,0.0
7,1990,0,task1_initial,ChevronSlow,0.9921875,0.19140625,0.99267578125,0.1904296875,0.99267578125,0.19384765625,1.0,0.00016428838996876289,0.035768977727109415
7,1990,0,task1_initial,IDLGated,0.99267578125,0.19091796875,0.99267578125,0.18896484375,0.994140625,0.19384765625,0.00036504847230389714,0.0002220330792030905,0.03499705297334315
7,2000,0,task1_initial,MLP,0.99365234375,0.19580078125,0.0,0.0,0.0,0.0,1.0,0.0,0.0
7,2000,0,task1_initial,ChevronSlow,0.99365234375,0.197265625,0.994140625,0.19775390625,0.9931640625,0.19580078125,1.0,0.00015469301979971923,0.03573737076179788
7,2000,0,task1_initial,IDLGated,0.9951171875,0.1953125,0.9951171875,0.19580078125,0.99365234375,0.19482421875,0.0003649444261100143,0.00020906509293740658,0.035067921309245194
7,2010,0,task1_initial,MLP,0.9912109375,0.19287109375,0.0,0.0,0.0,0.0,1.0,0.0,0.0
7,2010,0,task1_initial,ChevronSlow,0.99169921875,0.1943359375,0.9912109375,0.1953125,0.99169921875,0.1943359375,1.0,0.0001456580734603721,0.03582703266512027
7,2010,0,task1_initial,IDLGated,0.9931640625,0.19580078125,0.99267578125,0.19482421875,0.9931640625,0.1953125,0.00036484646261669695,0.000196854510336035,0.0354051911100697
7,2020,0,task1_initial,MLP,0.98974609375,0.18408203125,0.0,0.0,0.0,0.0,1.0,0.0,0.0
7,2020,0,task1_initial,ChevronSlow,0.99169921875,0.1865234375,0.9892578125,0.18408203125,0.9921875,0.18994140625,1.0,0.00013715081903279043,0.035718481757153565
7,2020,0,task1_initial,IDLGated,0.99267578125,0.18701171875,0.99169921875,0.1865234375,0.99365234375,0.19189453125,0.00036475417437031865,0.0001853570947458084,0.03569769314113565
7,2030,0,task1_initial,MLP,0.9921875,0.19140625,0.0,0.0,0.0,0.0,1.0,0.0,0.0
7,2030,0,task1_initial,ChevronSlow,0.9921875,0.19091796875,0.99072265625,0.1884765625,0.9931640625,0.193359375,1.0,0.00012914043632797874,0.03549896993035714
7,2030,0,task1_initial,IDLGated,0.99267578125,0.19140625,0.99169921875,0.1904296875,0.99365234375,0.19287109375,0.00036466738674789667,0.00017453119318403218,0.035915359394488075
7,2040,0,task1_initial,MLP,0.99365234375,0.2021484375,0.0,0.0,0.0,0.0,1.0,0.0,0.0
7,2040,0,task1_initial,ChevronSlow,0.9951171875,0.20068359375,0.99267578125,0.2041015625,0.99462890625,0.19677734375,1.0,0.00012159790523010646,0.03535145810584122
7,2040,0,task1_initial,IDLGated,0.99609375,0.19873046875,0.9951171875,0.2001953125,0.9951171875,0.19580078125,0.00036458554677665234,0.0001643375854375318,0.03549918274379638
7,2050,0,task1_initial,MLP,0.994140625,0.19384765625,0.0,0.0,0.0,0.0,1.0,0.0,0.0
7,2050,0,task1_initial,ChevronSlow,0.99560546875,0.19677734375,0.99658203125,0.19775390625,0.9951171875,0.1943359375,1.0,0.00011449590056206507,0.03456745847224833
7,2050,0,task1_initial,IDLGated,0.9970703125,0.19677734375,0.99609375,0.19775390625,0.99560546875,0.19580078125,0.0003645085671450943,0.00015473934197516797,0.034683653387082666
7,2060,0,task1_initial,MLP,0.98681640625,0.18310546875,0.0,0.0,0.0,0.0,1.0,0.0,0.0
7,2060,0,task1_initial,ChevronSlow,0.9892578125,0.18798828125,0.9892578125,0.18408203125,0.990234375,0.1904296875,1.0,0.00010780869309147074,0.03428308723960468
7,2060,0,task1_initial,IDLGated,0.99169921875,0.18994140625,0.99169921875,0.18798828125,0.9921875,0.1904296875,0.00036443612771108747,0.0001457016901590641,0.034607001812314665
7,2070,0,task1_initial,MLP,0.99072265625,0.19873046875,0.0,0.0,0.0,0.0,1.0,0.0,0.0
7,2070,0,task1_initial,ChevronSlow,0.9931640625,0.19873046875,0.9912109375,0.2001953125,0.994140625,0.19580078125,1.0,0.0001015120563184756,0.03350393015898112
7,2070,0,task1_initial,IDLGated,0.9951171875,0.1982421875,0.99462890625,0.19970703125,0.99560546875,0.1953125,0.00036436805385164917,0.00013719188826985364,0.033926697073932616
7,2080,0,task1_initial,MLP,0.99365234375,0.2021484375,0.0,0.0,0.0,0.0,1.0,0.0,0.0
7,2080,0,task1_initial,ChevronSlow,0.99365234375,0.20166015625,0.9921875,0.205078125,0.9951171875,0.19677734375,1.0,9.558317870769751e-05,0.033024888973345747
7,2080,0,task1_initial,IDLGated,0.99462890625,0.201171875,0.994140625,0.20361328125,0.99560546875,0.19677734375,0.0003643037925940007,0.00012917910688956487,0.033431467111957096
7,2090,0,task1_initial,MLP,0.99462890625,0.2001953125,0.0,0.0,0.0,0.0,1.0,0.0,0.0
7,2090,0,task1_initial,ChevronSlow,0.99560546875,0.19873046875,0.994140625,0.20068359375,0.9951171875,0.197265625,1.0,9.000058104630102e-05,0.0324704869506596
7,2090,0,task1_initial,IDLGated,0.9951171875,0.19921875,0.994140625,0.2021484375,0.99658203125,0.197265625,0.0003642433730419725,0.00012163431721241535,0.03278332049064095
7,2100,0,task1_initial,MLP,0.9931640625,0.2021484375,0.0,0.0,0.0,0.0,1.0,0.0,0.0
7,2100,0,task1_initial,ChevronSlow,0.994140625,0.201171875,0.99267578125,0.20361328125,0.9951171875,0.19775390625,1.0,8.474403862883334e-05,0.03243882018281963
7,2100,0,task1_initial,IDLGated,0.994140625,0.2021484375,0.99267578125,0.20361328125,0.99609375,0.1982421875,0.00036418638774193823,0.00011453018587888707,0.032789151808195305
7,2110,0,task1_initial,MLP,0.99365234375,0.201171875,0.0,0.0,0.0,0.0,1.0,0.0,0.0
7,2110,0,task1_initial,ChevronSlow,0.9931640625,0.201171875,0.9931640625,0.20263671875,0.9951171875,0.1982421875,1.0,7.979450798690544e-05,0.0323316530754658
7,2110,0,task1_initial,IDLGated,0.9951171875,0.20166015625,0.9931640625,0.2041015625,0.99560546875,0.197265625,0.00036413295310921967,0.0001078409759520855,0.032674892941716376
7,2120,0,task1_initial,MLP,0.990234375,0.18994140625,0.0,0.0,0.0,0.0,1.0,0.0,0.0
7,2120,0,task1_initial,ChevronSlow,0.99365234375,0.193359375,0.9912109375,0.1904296875,0.9951171875,0.1962890625,1.0,7.513405789827382e-05,0.03263368653533829
7,2120,0,task1_initial,IDLGated,0.9951171875,0.19384765625,0.9951171875,0.19384765625,0.99609375,0.1953125,0.00036408245796337724,0.00010154245367763906,0.03280880264264567
7,2130,0,task1_initial,MLP,0.994140625,0.1923828125,0.0,0.0,0.0,0.0,1.0,0.0,0.0
7,2130,0,task1_initial,ChevronSlow,0.99462890625,0.19482421875,0.99365234375,0.19287109375,0.9951171875,0.19677734375,1.0,7.07458044253816e-05,0.03242412460533495
7,2130,0,task1_initial,IDLGated,0.9951171875,0.1943359375,0.994140625,0.193359375,0.99560546875,0.1953125,0.0003640348732005805,9.561180068934714e-05,0.032508493198409164
7,2140,0,task1_initial,MLP,0.99169921875,0.197265625,0.0,0.0,0.0,0.0,1.0,0.0,0.0
7,2140,0,task1_initial,ChevronSlow,0.994140625,0.1962890625,0.9931640625,0.1953125,0.99462890625,0.1953125,1.0,6.661384974801596e-05,0.03200330786230892
7,2140,0,task1_initial,IDLGated,0.99609375,0.1953125,0.99560546875,0.1962890625,0.9951171875,0.19580078125,0.0003639903152361512,9.002753134251415e-05,0.03205048867463002
7,2150,0,task1_initial,MLP,0.98876953125,0.1962890625,0.0,0.0,0.0,0.0,1.0,0.0,0.0
7,2150,0,task1_initial,ChevronSlow,0.990234375,0.197265625,0.98681640625,0.19580078125,0.99267578125,0.19677734375,1.0,6.272322456848379e-05,0.03193456678370294
7,2150,0,task1_initial,IDLGated,0.99267578125,0.1953125,0.986328125,0.19482421875,0.99365234375,0.1962890625,0.0003639481437858194,8.476941487548412e-05,0.03194838715847499
7,2160,0,task1_initial,MLP,0.99267578125,0.18994140625,0.0,0.0,0.0,0.0,1.0,0.0,0.0
7,2160,0,task1_initial,ChevronSlow,0.9931640625,0.1923828125,0.99365234375,0.1904296875,0.99365234375,0.19384765625,1.0,5.905983388065071e-05,0.03213748192449625
7,2160,0,task1_initial,IDLGated,0.99560546875,0.19091796875,0.99462890625,0.18994140625,0.994140625,0.193359375,0.0003639085916802287,7.981840211738137e-05,0.03223082430541142
7,2170,0,task1_initial,MLP,0.9921875,0.19287109375,0.0,0.0,0.0,0.0,1.0,0.0,0.0
7,2170,0,task1_initial,ChevronSlow,0.99365234375,0.19384765625,0.9931640625,0.19287109375,0.994140625,0.19580078125,1.0,5.561040590637439e-05,0.03177102261345186
7,2170,0,task1_initial,IDLGated,0.9951171875,0.1923828125,0.994140625,0.1904296875,0.9951171875,0.1943359375,0.0003638712805695832,7.515655647653314e-05,0.0317242737158849
7,2180,0,task1_initial,MLP,0.98828125,0.1953125,0.0,0.0,0.0,0.0,1.0,0.0,0.0
7,2180,0,task1_initial,ChevronSlow,0.99072265625,0.1962890625,0.98876953125,0.19677734375,0.99267578125,0.1962890625,1.0,5.236244401433874e-05,0.031561975073509385
7,2180,0,task1_initial,IDLGated,0.99365234375,0.19482421875,0.99267578125,0.1943359375,0.99365234375,0.19580078125,0.00036383606493473053,7.076698895955834e-05,0.03141555315290432
7,2190,0,task1_initial,MLP,0.98583984375,0.19921875,0.0,0.0,0.0,0.0,1.0,0.0,0.0
7,2190,0,task1_initial,ChevronSlow,0.9873046875,0.19775390625,0.98291015625,0.20068359375,0.99072265625,0.197265625,1.0,4.93041814470999e-05,0.0317054141418739
7,2190,0,task1_initial,IDLGated,0.98876953125,0.19775390625,0.98193359375,0.20068359375,0.99365234375,0.19677734375,0.00036380294477567077,6.663379698570859e-05,0.031653395120993834
7,2200,0,end_task1,MLP,0.9921875,0.19775390625,0.0,0.0,0.0,0.0,1.0,0.0,0.0
7,2200,0,end_task1,ChevronSlow,0.9931640625,0.19921875,0.99267578125,0.2001953125,0.99365234375,0.19775390625,1.0,4.642453869232843e-05,0.031243234080889738
7,2200,0,end_task1,IDLGated,0.99462890625,0.19921875,0.994140625,0.201171875,0.99462890625,0.1982421875,0.00036377194919623435,6.274200677479748e-05,0.03141958985751494
7,2210,0,task2,MLP,0.9443359375,0.248046875,0.0,0.0,0.0,0.0,1.0,0.0,0.0
7,2210,0,task2,ChevronSlow,0.96337890625,0.2314453125,0.68505859375,0.36279296875,0.98291015625,0.21044921875,1.0,4.3713083343811846e-05,0.05423426715476437
7,2210,0,task2,IDLGated,0.978515625,0.21435546875,0.62890625,0.39306640625,0.9951171875,0.19775390625,0.0003664834948722273,0.0004004327627308581,0.07228606264782846
7,2220,0,task2,MLP,0.06201171875,0.8232421875,0.0,0.0,0.0,0.0,1.0,0.0,0.0
7,2220,0,task2,ChevronSlow,0.0791015625,0.83447265625,0.02392578125,0.8173828125,0.95703125,0.24072265625,1.0,0.013252015814222171,0.09106167491221068
7,2220,0,task2,IDLGated,0.1689453125,0.74169921875,0.05908203125,0.7900390625,0.9951171875,0.1962890625,0.0006343352142721415,0.02535006840889488,0.13648732713694992
7,2230,0,task2,MLP,0.0576171875,0.8369140625,0.0,0.0,0.0,0.0,1.0,0.0,0.0
7,2230,0,task2,ChevronSlow,0.07861328125,0.8466796875,0.04296875,0.841796875,0.9365234375,0.26611328125,1.0,0.05788092558154129,0.11216002952352344
7,2230,0,task2,IDLGated,0.109375,0.79638671875,0.0576171875,0.81494140625,0.9951171875,0.1962890625,0.003324659774079919,0.10077011151399785,0.17895858929110306
7,2240,0,task2,MLP,0.09619140625,0.8408203125,0.0,0.0,0.0,0.0,1.0,0.0,0.0
7,2240,0,task2,ChevronSlow,0.09912109375,0.85205078125,0.0791015625,0.85009765625,0.91748046875,0.2841796875,1.0,0.12707898003230203,0.12201341301144293
7,2240,0,task2,IDLGated,0.1298828125,0.81982421875,0.08642578125,0.8310546875,0.99560546875,0.1962890625,0.04772750660777092,0.22393893694849287,0.2003840655363315
7,2250,0,task2,MLP,0.125,0.84619140625,0.0,0.0,0.0,0.0,1.0,0.0,0.0
7,2250,0,task2,ChevronSlow,0.134765625,0.857421875,0.1123046875,0.85888671875,0.90625,0.29833984375,1.0,0.2087013697304148,0.12801910491758586
7,2250,0,task2,IDLGated,0.1337890625,0.822265625,0.0966796875,0.83935546875,0.99609375,0.197265625,0.6034578084945679,0.3790860772439977,0.2066110963454618
7,2260,0,task2,MLP,0.1376953125,0.84814453125,0.0,0.0,0.0,0.0,1.0,0.0,0.0
7,2260,0,task2,ChevronSlow,0.1484375,0.8623046875,0.12890625,0.8642578125,0.896484375,0.3046875,1.0,0.29340397674781626,0.13105928712914083
7,2260,0,task2,IDLGated,0.1337890625,0.83056640625,0.08740234375,0.8408203125,0.9921875,0.205078125,0.9857333898544312,0.5525212029606493,0.2015015068015054
7,2270,0,task2,MLP,0.142578125,0.8564453125,0.0,0.0,0.0,0.0,1.0,0.0,0.0
7,2270,0,task2,ChevronSlow,0.15966796875,0.876953125,0.134765625,0.8779296875,0.7353515625,0.45947265625,1.0,0.3741407657423907,0.13574932512754073
7,2270,0,task2,IDLGated,0.12744140625,0.83544921875,0.0849609375,0.8486328125,0.9755859375,0.2177734375,0.9997151494026184,0.7310538045571735,0.19777681796046417
7,2280,0,task2,MLP,0.1455078125,0.87060546875,0.0,0.0,0.0,0.0,1.0,0.0,0.0
7,2280,0,task2,ChevronSlow,0.1611328125,0.89599609375,0.1357421875,0.900390625,0.57275390625,0.62060546875,1.0,0.4470354510584501,0.14213602655041702
7,2280,0,task2,IDLGated,0.123046875,0.84912109375,0.080078125,0.8505859375,0.9638671875,0.22509765625,0.9999938011169434,0.9046710318757007,0.19489239921596457
7,2290,0,task2,MLP,0.1396484375,0.8837890625,0.0,0.0,0.0,0.0,1.0,0.0,0.0
7,2290,0,task2,ChevronSlow,0.15234375,0.9140625,0.12841796875,0.9111328125,0.31201171875,0.7685546875,1.0,0.5103050093341479,0.14756354600525157
7,2290,0,task2,IDLGated,0.12353515625,0.8583984375,0.08203125,0.8525390625,0.94970703125,0.23388671875,0.9999998807907104,1.068981123851897,0.19521509235179674
7,2300,0,task2,MLP,0.14404296875,0.8916015625,0.0,0.0,0.0,0.0,1.0,0.0,0.0
7,2300,0,task2,ChevronSlow,0.15576171875,0.9267578125,0.13720703125,0.92138671875,0.24169921875,0.8232421875,1.0,0.5634149162313976,0.1521909652310638
7,2300,0,task2,IDLGated,0.13037109375,0.86181640625,0.087890625,0.85595703125,0.939453125,0.24560546875,1.0,1.220440577495371,0.19923224124849595
7,2310,0,task2,MLP,0.1533203125,0.90087890625,0.0,0.0,0.0,0.0,1.0,0.0,0.0
7,2310,0,task2,ChevronSlow,0.15771484375,0.9267578125,0.14892578125,0.93896484375,0.2099609375,0.83251953125,1.0,0.6076549807321657,0.15331297479008715
7,2310,0,task2,IDLGated,0.13818359375,0.88037109375,0.0908203125,0.865234375,0.9287109375,0.2470703125,1.0,1.3572587998589123,0.20693394049862257
7,2320,0,task2,MLP,0.15625,0.90283203125,0.0,0.0,0.0,0.0,1.0,0.0,0.0
7,2320,0,task2,ChevronSlow,0.14990234375,0.931640625,0.14111328125,0.92626953125,0.177734375,0.8544921875,1.0,0.6455557516385237,0.1523606611006843
7,2320,0,task2,IDLGated,0.1298828125,0.88232421875,0.091796875,0.8603515625,0.916015625,0.25146484375,1.0,1.4791853931155543,0.2094395974398612
7,2330,0,task2,MLP,0.14404296875,0.9091796875,0.0,0.0,0.0,0.0,1.0,0.0,0.0
7,2330,0,task2,ChevronSlow,0.14697265625,0.93603515625,0.14306640625,0.93212890625,0.1630859375,0.86669921875,1.0,0.6799047938099753,0.15400138292651613
7,2330,0,task2,IDLGated,0.1240234375,0.892578125,0.08984375,0.86181640625,0.90283203125,0.2548828125,1.0,1.5873763574571127,0.21224378668515334
7,2340,0,task2,MLP,0.1396484375,0.92431640625,0.0,0.0,0.0,0.0,1.0,0.0,0.0
7,2340,0,task2,ChevronSlow,0.16162109375,0.94384765625,0.16064453125,0.955078125,0.15234375,0.86767578125,1.0,0.7106453086995385,0.16033325249549918
7,2340,0,task2,IDLGated,0.13037109375,0.9052734375,0.08544921875,0.87353515625,0.89013671875,0.2626953125,1.0,1.680892379570852,0.22088704327897027
7,2350,0,task2,MLP,0.13427734375,0.92822265625,0.0,0.0,0.0,0.0,1.0,0.0,0.0
7,2350,0,task2,ChevronSlow,0.14697265625,0.947265625,0.146484375,0.93408203125,0.14111328125,0.8779296875,1.0,0.7366199759532931,0.1605461673960056
7,2350,0,task2,IDLGated,0.1171875,0.9013671875,0.0830078125,0.8623046875,0.8828125,0.26708984375,1.0,1.7613748071416355,0.21763988326996553
7,2360,0,task2,MLP,0.1435546875,0.92822265625,0.0,0.0,0.0,0.0,1.0,0.0,0.0
7,2360,0,task2,ChevronSlow,0.15869140625,0.955078125,0.166015625,0.94921875,0.1416015625,0.87646484375,1.0,0.759672514469177,0.16323940481662297
7,2360,0,task2,IDLGated,0.12744140625,0.9052734375,0.09130859375,0.86865234375,0.87939453125,0.26904296875,1.0,1.8305741513977953,0.2182636319925036
7,2370,0,task2,MLP,0.14599609375,0.935546875,0.0,0.0,0.0,0.0,1.0,0.0,0.0
7,2370,0,task2,ChevronSlow,0.15869140625,0.95947265625,0.16748046875,0.94873046875,0.13623046875,0.87841796875,1.0,0.7789297636790725,0.164391907660913
7,2370,0,task2,IDLGated,0.13037109375,0.91015625,0.0947265625,0.87451171875,0.87353515625,0.27099609375,1.0,1.889023424691892,0.21965522222193418
7,2380,0,task2,MLP,0.1318359375,0.93115234375,0.0,0.0,0.0,0.0,1.0,0.0,0.0
7,2380,0,task2,ChevronSlow,0.14990234375,0.95703125,0.1572265625,0.94482421875,0.1259765625,0.8798828125,1.0,0.7949222987811951,0.16290670859705875
7,2380,0,task2,IDLGated,0.1162109375,0.90673828125,0.0859375,0.8681640625,0.8671875,0.2734375,1.0,1.9372892790256786,0.21454096351563517
7,2390,0,task2,MLP,0.14111328125,0.9345703125,0.0,0.0,0.0,0.0,1.0,0.0,0.0
7,2390,0,task2,ChevronSlow,0.162109375,0.96240234375,0.1767578125,0.9638671875,0.126953125,0.87890625,1.0,0.8084234755703738,0.1644629949203351
7,2390,0,task2,IDLGated,0.12451171875,0.916015625,0.09375,0.87646484375,0.86279296875,0.27392578125,1.0,1.9783845801039754,0.21273146212119032
7,2400,0,task2,MLP,0.15576171875,0.94384765625,0.0,0.0,0.0,0.0,1.0,0.0,0.0
7,2400,0,task2,ChevronSlow,0.1728515625,0.9638671875,0.1845703125,0.95703125,0.12890625,0.88232421875,1.0,0.8192263237008333,0.16711253452147073
7,2400,0,task2,IDLGated,0.14013671875,0.92041015625,0.10791015625,0.88720703125,0.86083984375,0.275390625,1.0,2.011168729299202,0.21413351831925245
7,2410,0,task2,MLP,0.15576171875,0.951171875,0.0,0.0,0.0,0.0,1.0,0.0,0.0
7,2410,0,task2,ChevronSlow,0.16845703125,0.96728515625,0.1826171875,0.94970703125,0.125,0.89111328125,1.0,0.8270737799188027,0.16706433889115183
7,2410,0,task2,IDLGated,0.1435546875,0.92431640625,0.11181640625,0.8876953125,0.85595703125,0.2763671875,1.0,2.034293526744144,0.21135718593361708
7,2420,0,end_task2,MLP,0.16064453125,0.955078125,0.0,0.0,0.0,0.0,1.0,0.0,0.0
7,2420,0,end_task2,ChevronSlow,0.18017578125,0.96728515625,0.189453125,0.955078125,0.126953125,0.890625,1.0,0.832422010907382,0.16853487356560565
7,2420,0,end_task2,IDLGated,0.1474609375,0.9296875,0.115234375,0.892578125,0.8525390625,0.2783203125,1.0,2.0494043001099644,0.2092236558647445
7,2430,10,task1_return,MLP,0.458984375,0.736328125,0.0,0.0,0.0,0.0,1.0,0.0,0.0
7,2430,10,task1_return,ChevronSlow,0.474609375,0.73681640625,0.50439453125,0.7080078125,0.19384765625,0.87158203125,1.0,0.8342461888087511,0.1976641962128435
7,2430,10,task1_return,IDLGated,0.54150390625,0.66650390625,0.24462890625,0.89794921875,0.87841796875,0.2646484375,1.0,2.0573096447925017,0.23089952293732643
7,2440,20,task1_return,MLP,0.9296875,0.255859375,0.0,0.0,0.0,0.0,1.0,0.0,0.0
7,2440,20,task1_return,ChevronSlow,0.86474609375,0.353515625,0.90576171875,0.302734375,0.484375,0.65966796875,1.0,0.8307076581893051,0.2432546376961229
7,2440,20,task1_return,IDLGated,0.89013671875,0.30908203125,0.822265625,0.392578125,0.9111328125,0.23681640625,1.0,2.0424121307468197,0.2635142726389858
7,2450,30,task1_return,MLP,0.97998046875,0.2041015625,0.0,0.0,0.0,0.0,1.0,0.0,0.0
7,2450,30,task1_return,ChevronSlow,0.97265625,0.2236328125,0.96923828125,0.19970703125,0.7490234375,0.43359375,1.0,0.8314666140522603,0.2682366654066943
7,2450,30,task1_return,IDLGated,0.9794921875,0.2099609375,0.93359375,0.22314453125,0.9482421875,0.21240234375,1.0,1.9994193941584288,0.2797943979145081
7,2460,40,task1_return,MLP,0.9716796875,0.19140625,0.0,0.0,0.0,0.0,1.0,0.0,0.0
7,2460,40,task1_return,ChevronSlow,0.97705078125,0.20263671875,0.94775390625,0.1826171875,0.95556640625,0.2509765625,1.0,0.8426155192094558,0.2718687315960457
7,2460,40,task1_return,IDLGated,0.98681640625,0.189453125,0.9248046875,0.193359375,0.9677734375,0.203125,1.0,1.9347493040886323,0.282267456198797
7,2470,50,task1_return,MLP,0.97900390625,0.17822265625,0.0,0.0,0.0,0.0,1.0,0.0,0.0
7,2470,50,task1_return,ChevronSlow,0.9833984375,0.18310546875,0.9501953125,0.16064453125,0.9658203125,0.240234375,1.0,0.8612232321750846,0.26455373202003596
7,2470,50,task1_return,IDLGated,0.9873046875,0.18505859375,0.94091796875,0.18115234375,0.9736328125,0.19775390625,1.0,1.8565328183403282,0.2775978292309449
7,2480,60,task1_return,MLP,0.990234375,0.19384765625,0.0,0.0,0.0,0.0,1.0,0.0,0.0
7,2480,60,task1_return,ChevronSlow,0.98681640625,0.18359375,0.962890625,0.1611328125,0.970703125,0.236328125,1.0,0.8836370493325322,0.25647059790286064
7,2480,60,task1_return,IDLGated,0.99072265625,0.18798828125,0.958984375,0.17822265625,0.97705078125,0.1953125,1.0,1.7693504597419187,0.27068484215647126
7,2490,70,task1_return,MLP,0.98388671875,0.205078125,0.0,0.0,0.0,0.0,1.0,0.0,0.0
7,2490,70,task1_return,ChevronSlow,0.99072265625,0.20166015625,0.978515625,0.17626953125,0.97119140625,0.22900390625,1.0,0.904955410308181,0.24944603432973694
7,2490,70,task1_return,IDLGated,0.9951171875,0.201171875,0.96875,0.201171875,0.98193359375,0.2021484375,1.0,1.6768280993533242,0.2640714812834306
7,2500,80,task1_return,MLP,0.990234375,0.1982421875,0.0,0.0,0.0,0.0,1.0,0.0,0.0
7,2500,80,task1_return,ChevronSlow,0.98828125,0.203125,0.98095703125,0.1875,0.97119140625,0.228515625,1.0,0.9244139571681647,0.24325009115186627
7,2500,80,task1_return,IDLGated,0.99267578125,0.20361328125,0.96826171875,0.20556640625,0.98779296875,0.20458984375,1.0,1.5809338669839272,0.2577075748199369
7,2510,90,task1_return,MLP,0.98388671875,0.1884765625,0.0,0.0,0.0,0.0,1.0,0.0,0.0
7,2510,90,task1_return,ChevronSlow,0.9912109375,0.19775390625,0.98046875,0.17724609375,0.97607421875,0.224609375,1.0,0.9404912321082921,0.2364809609890949
7,2510,90,task1_return,IDLGated,0.99267578125,0.19775390625,0.98779296875,0.1923828125,0.982421875,0.197265625,1.0,1.4885983972080492,0.25067286445960824
7,2520,100,task1_return,MLP,0.98486328125,0.18505859375,0.0,0.0,0.0,0.0,1.0,0.0,0.0
7,2520,100,task1_return,ChevronSlow,0.98681640625,0.1865234375,0.97265625,0.173828125,0.97900390625,0.22216796875,1.0,0.9519465915223453,0.2299829880390898
7,2520,100,task1_return,IDLGated,0.984375,0.1884765625,0.98291015625,0.1845703125,0.98388671875,0.19189453125,1.0,1.4016558405430766,0.24309350043773348
7,2530,110,task1_return,MLP,0.9912109375,0.19287109375,0.0,0.0,0.0,0.0,1.0,0.0,0.0
7,2530,110,task1_return,ChevronSlow,0.9892578125,0.1865234375,0.97509765625,0.171875,0.982421875,0.21826171875,1.0,0.9591167809631789,0.2236653468953287
7,2530,110,task1_return,IDLGated,0.98779296875,0.18798828125,0.9833984375,0.18359375,0.986328125,0.19189453125,1.0,1.3197912203945068,0.23642172572096723
7,2540,120,task1_return,MLP,0.99072265625,0.193359375,0.0,0.0,0.0,0.0,1.0,0.0,0.0
7,2540,120,task1_return,ChevronSlow,0.990234375,0.19189453125,0.9794921875,0.17236328125,0.98388671875,0.2158203125,1.0,0.96247316470224,0.21833651240940907
7,2540,120,task1_return,IDLGated,0.9931640625,0.19091796875,0.98876953125,0.18603515625,0.99072265625,0.19580078125,1.0,1.2427079565805086,0.23004177947869914
7,2550,130,task1_return,MLP,0.990234375,0.193359375,0.0,0.0,0.0,0.0,1.0,0.0,0.0
7,2550,130,task1_return,ChevronSlow,0.98974609375,0.1923828125,0.98095703125,0.17431640625,0.9853515625,0.2138671875,1.0,0.9612243037097515,0.2134023882312945
7,2550,130,task1_return,IDLGated,0.9931640625,0.1923828125,0.9892578125,0.1884765625,0.99365234375,0.1982421875,1.0,1.1701267908774848,0.2237572602474559
7,2560,140,task1_return,MLP,0.99072265625,0.19775390625,0.0,0.0,0.0,0.0,1.0,0.0,0.0
7,2560,140,task1_return,ChevronSlow,0.99072265625,0.197265625,0.986328125,0.18603515625,0.98486328125,0.2158203125,1.0,0.9558966957349105,0.20847948015434037
7,2560,140,task1_return,IDLGated,0.99267578125,0.19677734375,0.9892578125,0.19140625,0.99072265625,0.2001953125,0.9999998807907104,1.101784775319846,0.21809992421658794
7,2570,150,task1_return,MLP,0.99267578125,0.19677734375,0.0,0.0,0.0,0.0,1.0,0.0,0.0
7,2570,150,task1_return,ChevronSlow,0.994140625,0.19873046875,0.99072265625,0.18603515625,0.98486328125,0.2138671875,1.0,0.9473458744712534,0.20363810432892154
7,2570,150,task1_return,IDLGated,0.9951171875,0.19921875,0.98974609375,0.19140625,0.9912109375,0.20068359375,0.9999996423721313,1.0374343195887952,0.21326133482932252
7,2580,160,task1_return,MLP,0.990234375,0.1884765625,0.0,0.0,0.0,0.0,1.0,0.0,0.0
7,2580,160,task1_return,ChevronSlow,0.9912109375,0.18896484375,0.9794921875,0.1708984375,0.98828125,0.2109375,1.0,0.9348215202092822,0.19851378412687837
7,2580,160,task1_return,IDLGated,0.99267578125,0.18896484375,0.9833984375,0.18017578125,0.99072265625,0.19921875,0.9999986886978149,0.9768422940389853,0.20781475405576744
7,2590,170,task1_return,MLP,0.98974609375,0.19287109375,0.0,0.0,0.0,0.0,1.0,0.0,0.0
7,2590,170,task1_return,ChevronSlow,0.99169921875,0.19287109375,0.98388671875,0.17626953125,0.98876953125,0.2099609375,1.0,0.9193059744453079,0.1941704815604361
7,2590,170,task1_return,IDLGated,0.9931640625,0.1923828125,0.98779296875,0.181640625,0.990234375,0.20068359375,0.9999954700469971,0.9197891851134913,0.20324575992170563
7,2600,180,task1_return,MLP,0.99267578125,0.197265625,0.0,0.0,0.0,0.0,1.0,0.0,0.0
7,2600,180,task1_return,ChevronSlow,0.994140625,0.19921875,0.990234375,0.1904296875,0.98828125,0.21142578125,1.0,0.9008485291866478,0.1900122103578195
7,2600,180,task1_return,IDLGated,0.9931640625,0.19873046875,0.99072265625,0.19140625,0.98876953125,0.20263671875,0.9999853372573853,0.8660683000873184,0.1988353484955726
7,2610,190,task1_return,MLP,0.99169921875,0.203125,0.0,0.0,0.0,0.0,1.0,0.0,0.0
7,2610,190,task1_return,ChevronSlow,0.99365234375,0.203125,0.9912109375,0.1982421875,0.9873046875,0.21240234375,1.0,0.879804494636709,0.18578842186769365
7,2610,190,task1_return,IDLGated,0.9921875,0.20361328125,0.9912109375,0.19873046875,0.986328125,0.205078125,0.9999555349349976,0.8154850182583815,0.1949439238411587
7,2620,200,task1_return,MLP,0.990234375,0.19775390625,0.0,0.0,0.0,0.0,1.0,0.0,0.0
7,2620,200,task1_return,ChevronSlow,0.990234375,0.1982421875,0.98876953125,0.189453125,0.98828125,0.208984375,1.0,0.8572049321952382,0.1807630297606913
7,2620,200,task1_return,IDLGated,0.99267578125,0.2001953125,0.9921875,0.1943359375,0.9873046875,0.205078125,0.999873161315918,0.7678560858731638,0.19034632732471146
7,2630,210,task1_return,MLP,0.98974609375,0.18896484375,0.0,0.0,0.0,0.0,1.0,0.0,0.0
7,2630,210,task1_return,ChevronSlow,0.9912109375,0.18798828125,0.97998046875,0.17138671875,0.99169921875,0.205078125,1.0,0.8327489231002714,0.17553209763596525
7,2630,210,task1_return,IDLGated,0.9921875,0.19091796875,0.98876953125,0.1826171875,0.9892578125,0.2021484375,0.9996600151062012,0.7230089522326987,0.18511674639596457
7,2640,220,task1_return,MLP,0.98974609375,0.19091796875,0.0,0.0,0.0,0.0,1.0,0.0,0.0
7,2640,220,task1_return,ChevronSlow,0.9892578125,0.19140625,0.98486328125,0.181640625,0.99169921875,0.20556640625,1.0,0.8065900302217379,0.17157754647263274
7,2640,220,task1_return,IDLGated,0.98974609375,0.19140625,0.98681640625,0.1826171875,0.98876953125,0.2021484375,0.9991395473480225,0.6807811445737143,0.1810564792235408
7,2650,230,task1_return,MLP,0.9892578125,0.1982421875,0.0,0.0,0.0,0.0,1.0,0.0,0.0
7,2650,230,task1_return,ChevronSlow,0.9892578125,0.197265625,0.98974609375,0.19189453125,0.990234375,0.20654296875,1.0,0.7782402889530792,0.1677224909609369
7,2650,230,task1_return,IDLGated,0.9921875,0.1943359375,0.9912109375,0.19091796875,0.98828125,0.205078125,0.9979388117790222,0.6410196794602511,0.17655853983448638
7,2660,240,task1_return,MLP,0.98876953125,0.1943359375,0.0,0.0,0.0,0.0,1.0,0.0,0.0
7,2660,240,task1_return,ChevronSlow,0.98828125,0.1953125,0.9873046875,0.18994140625,0.990234375,0.20654296875,1.0,0.7479437670833562,0.16360927634204006
7,2660,240,task1_return,IDLGated,0.99072265625,0.19482421875,0.9912109375,0.19140625,0.98779296875,0.20458984375,0.9953153133392334,0.6035805085533337,0.17210838325403444
7,2670,250,task1_return,MLP,0.99267578125,0.1953125,0.0,0.0,0.0,0.0,1.0,0.0,0.0
7,2670,250,task1_return,ChevronSlow,0.9931640625,0.197265625,0.99072265625,0.1904296875,0.9912109375,0.20556640625,1.0,0.716412359342662,0.1593570818743268
7,2670,250,task1_return,IDLGated,0.99267578125,0.19775390625,0.99169921875,0.19140625,0.98828125,0.205078125,0.9898814558982849,0.5683279967508257,0.16872565073425125
7,2680,260,end_return,MLP,0.99169921875,0.1884765625,0.0,0.0,0.0,0.0,1.0,0.0,0.0
7,2680,260,end_return,ChevronSlow,0.9912109375,0.189453125,0.984375,0.1787109375,0.99365234375,0.2021484375,1.0,0.6841509123502084,0.15484602379246049
7,2680,260,end_return,IDLGated,0.9921875,0.19287109375,0.98193359375,0.1826171875,0.98974609375,0.2021484375,0.979223906993866,0.5351344308068653,0.16507756964938602
