seed,step,return_step,phase,model,combined_task1,combined_task2,a_channel_task1,a_channel_task2,n_channel_task1,n_channel_task2,rho,persistence,a_n_distance
0,0,0,task1_initial,MLP,0.72998046875,0.3642578125,0.0,0.0,0.0,0.0,1.0,0.0,0.0
0,0,0,task1_initial,ChevronSlow,0.52392578125,0.3720703125,0.52392578125,0.3720703125,0.52392578125,0.3720703125,1.0,0.0,0.0
0,0,0,task1_initial,IDLGated,0.47607421875,0.6279296875,0.47607421875,0.6279296875,0.47607421875,0.6279296875,1.0,0.0,0.0
0,10,0,task1_initial,MLP,0.849609375,0.3056640625,0.0,0.0,0.0,0.0,1.0,0.0,0.0
0,10,0,task1_initial,ChevronSlow,0.6630859375,0.29931640625,0.6884765625,0.2861328125,0.5263671875,0.36962890625,1.0,0.0003303656326330572,0.01576122653468328
0,10,0,task1_initial,IDLGated,0.82763671875,0.36376953125,0.8173828125,0.375,0.47607421875,0.6279296875,0.0003673564060591161,0.0005086133752698294,0.016894918062819727
0,20,0,task1_initial,MLP,0.896484375,0.275390625,0.0,0.0,0.0,0.0,1.0,0.0,0.0
0,20,0,task1_initial,ChevronSlow,0.8623046875,0.2119140625,0.88916015625,0.2041015625,0.67236328125,0.28076171875,1.0,0.0022216789974612086,0.02577109263953116
0,20,0,task1_initial,IDLGated,0.8857421875,0.2978515625,0.87939453125,0.298828125,0.728515625,0.37646484375,0.000386152503779158,0.002777643496263228,0.024548538418583912
0,30,0,task1_initial,MLP,0.919921875,0.2373046875,0.0,0.0,0.0,0.0,1.0,0.0,0.0
0,30,0,task1_initial,ChevronSlow,0.93115234375,0.19775390625,0.93310546875,0.193359375,0.80126953125,0.234375,1.0,0.006651370165786279,0.03240336666949882
0,30,0,task1_initial,IDLGated,0.90673828125,0.2744140625,0.90625,0.27197265625,0.810546875,0.29052734375,0.00042213808046653867,0.006829285970925378,0.031276312047139015
0,40,0,task1_initial,MLP,0.9169921875,0.22216796875,0.0,0.0,0.0,0.0,1.0,0.0,0.0
0,40,0,task1_initial,ChevronSlow,0.93017578125,0.2099609375,0.9287109375,0.20361328125,0.8701171875,0.22705078125,1.0,0.013877122371688339,0.03615869633301959
0,40,0,task1_initial,IDLGated,0.9072265625,0.2724609375,0.9052734375,0.26904296875,0.87255859375,0.27294921875,0.00048306267126463354,0.012959943977587924,0.036742124271417306
0,50,0,task1_initial,MLP,0.92138671875,0.22265625,0.0,0.0,0.0,0.0,1.0,0.0,0.0
0,50,0,task1_initial,ChevronSlow,0.92822265625,0.21875,0.92626953125,0.2158203125,0.91455078125,0.22802734375,1.0,0.024047790243543494,0.03824091836371817
0,50,0,task1_initial,IDLGated,0.91015625,0.26416015625,0.91015625,0.263671875,0.89306640625,0.271484375,0.0005872101755812764,0.02183907529921139,0.04075762004060566
0,60,0,task1_initial,MLP,0.92578125,0.23095703125,0.0,0.0,0.0,0.0,1.0,0.0,0.0
0,60,0,task1_initial,ChevronSlow,0.9228515625,0.240234375,0.9228515625,0.24072265625,0.91552734375,0.2392578125,1.0,0.03667868652964589,0.03798460378596829
0,60,0,task1_initial,IDLGated,0.9072265625,0.26953125,0.90625,0.27294921875,0.90625,0.271484375,0.0007588558364659548,0.03350273834826986,0.0418790493610013
0,70,0,task1_initial,MLP,0.923828125,0.23095703125,0.0,0.0,0.0,0.0,1.0,0.0,0.0
0,70,0,task1_initial,ChevronSlow,0.92236328125,0.2392578125,0.9228515625,0.23828125,0.92041015625,0.2421875,1.0,0.0514524518572861,0.03653244771765438
0,70,0,task1_initial,IDLGated,0.90673828125,0.2666015625,0.90673828125,0.26611328125,0.89892578125,0.27294921875,0.0010432408889755607,0.04798274877427616,0.041998441275022697
0,80,0,task1_initial,MLP,0.92431640625,0.22998046875,0.0,0.0,0.0,0.0,1.0,0.0,0.0
0,80,0,task1_initial,ChevronSlow,0.9267578125,0.2314453125,0.92529296875,0.2294921875,0.92724609375,0.228515625,1.0,0.06702311113069215,0.0349203176526377
0,80,0,task1_initial,IDLGated,0.91796875,0.24755859375,0.92041015625,0.24365234375,0.90673828125,0.2626953125,0.00148508429992944,0.06405466434722275,0.04106661402102332
0,90,0,task1_initial,MLP,0.9248046875,0.23095703125,0.0,0.0,0.0,0.0,1.0,0.0,0.0
0,90,0,task1_initial,ChevronSlow,0.92333984375,0.23583984375,0.92431640625,0.2373046875,0.92431640625,0.234375,1.0,0.08257965992083639,0.03205900657794407
0,90,0,task1_initial,IDLGated,0.916015625,0.25390625,0.91748046875,0.2529296875,0.91064453125,0.26171875,0.0021489502396434546,0.08088071047295035,0.03804543358820764
0,100,0,task1_initial,MLP,0.931640625,0.21826171875,0.0,0.0,0.0,0.0,1.0,0.0,0.0
0,100,0,task1_initial,ChevronSlow,0.93310546875,0.22119140625,0.93359375,0.22119140625,0.93115234375,0.2255859375,1.0,0.0976363174588296,0.030493514207280026
0,100,0,task1_initial,IDLGated,0.9267578125,0.23193359375,0.9287109375,0.22607421875,0.91845703125,0.25439453125,0.0031104511581361294,0.09773309174515042,0.035587281817750664
0,110,0,task1_initial,MLP,0.93212890625,0.19677734375,0.0,0.0,0.0,0.0,1.0,0.0,0.0
0,110,0,task1_initial,ChevronSlow,0.9326171875,0.20263671875,0.93212890625,0.2001953125,0.931640625,0.2177734375,1.0,0.11178793619344661,0.02863377376268628
0,110,0,task1_initial,IDLGated,0.9326171875,0.2138671875,0.9326171875,0.2099609375,0.9267578125,0.23828125,0.004439529497176409,0.1139655642420782,0.03306204561579552
0,120,0,task1_initial,MLP,0.93408203125,0.19921875,0.0,0.0,0.0,0.0,1.0,0.0,0.0
0,120,0,task1_initial,ChevronSlow,0.93017578125,0.20556640625,0.93115234375,0.2041015625,0.927734375,0.21240234375,1.0,0.1246322431014063,0.025647361727406625
0,120,0,task1_initial,IDLGated,0.9296875,0.2138671875,0.9326171875,0.21142578125,0.92578125,0.23046875,0.006179449148476124,0.12907601533021434,0.030117738579668152
0,130,0,task1_initial,MLP,0.92919921875,0.220703125,0.0,0.0,0.0,0.0,1.0,0.0,0.0
0,130,0,task1_initial,ChevronSlow,0.9296875,0.2275390625,0.92919921875,0.22900390625,0.9296875,0.22216796875,1.0,0.13563570195391345,0.023794634682902414
0,130,0,task1_initial,IDLGated,0.92578125,0.2333984375,0.92626953125,0.232421875,0.9287109375,0.2373046875,0.008270921185612679,0.1424225357574727,0.027274883427070167
0,140,0,task1_initial,MLP,0.93017578125,0.224609375,0.0,0.0,0.0,0.0,1.0,0.0,0.0
0,140,0,task1_initial,ChevronSlow,0.9287109375,0.224609375,0.92919921875,0.224609375,0.92822265625,0.22216796875,1.0,0.145048482209598,0.021273568418247474
0,140,0,task1_initial,IDLGated,0.9287109375,0.2275390625,0.92822265625,0.2265625,0.92822265625,0.232421875,0.010650917887687683,0.15402723074311808,0.024486850195751513
0,150,0,task1_initial,MLP,0.931640625,0.22314453125,0.0,0.0,0.0,0.0,1.0,0.0,0.0
0,150,0,task1_initial,ChevronSlow,0.93115234375,0.22314453125,0.93115234375,0.22412109375,0.9306640625,0.22216796875,1.0,0.1525844385528921,0.018775358678532608
0,150,0,task1_initial,IDLGated,0.9287109375,0.2255859375,0.9306640625,0.2236328125,0.9287109375,0.22900390625,0.013117450289428234,0.16360874983896634,0.021324772775322454
0,160,0,task1_initial,MLP,0.93359375,0.212890625,0.0,0.0,0.0,0.0,1.0,0.0,0.0
0,160,0,task1_initial,ChevronSlow,0.93310546875,0.21826171875,0.93408203125,0.21630859375,0.9306640625,0.21875,1.0,0.1583219699979975,0.01760409296814173
0,160,0,task1_initial,IDLGated,0.93115234375,0.22216796875,0.931640625,0.21923828125,0.92919921875,0.2265625,0.015459305606782436,0.17118346150365585,0.01949051284372654
0,170,0,task1_initial,MLP,0.93408203125,0.2021484375,0.0,0.0,0.0,0.0,1.0,0.0,0.0
0,170,0,task1_initial,ChevronSlow,0.93359375,0.208984375,0.93359375,0.20751953125,0.93017578125,0.21240234375,1.0,0.16246624810953017,0.016987957487960035
0,170,0,task1_initial,IDLGated,0.93212890625,0.21142578125,0.93359375,0.2099609375,0.93115234375,0.220703125,0.0174911767244339,0.17689033040364358,0.018778566292351567
0,180,0,task1_initial,MLP,0.93603515625,0.20068359375,0.0,0.0,0.0,0.0,1.0,0.0,0.0
0,180,0,task1_initial,ChevronSlow,0.93408203125,0.20361328125,0.9345703125,0.2021484375,0.93115234375,0.20751953125,1.0,0.16527350251378783,0.015853686416681268
0,180,0,task1_initial,IDLGated,0.93359375,0.2080078125,0.93359375,0.20458984375,0.9296875,0.21240234375,0.01913859136402607,0.1810579835324638,0.01716151116470456
0,190,0,task1_initial,MLP,0.93701171875,0.21240234375,0.0,0.0,0.0,0.0,1.0,0.0,0.0
0,190,0,task1_initial,ChevronSlow,0.93603515625,0.2197265625,0.93603515625,0.21826171875,0.93505859375,0.21630859375,1.0,0.16691571294894197,0.013937876491771512
0,190,0,task1_initial,IDLGated,0.93505859375,0.220703125,0.9365234375,0.220703125,0.93212890625,0.21826171875,0.020281486213207245,0.18374742064344668,0.014451540281662534
0,200,0,task1_initial,MLP,0.93603515625,0.2158203125,0.0,0.0,0.0,0.0,1.0,0.0,0.0
0,200,0,task1_initial,ChevronSlow,0.931640625,0.2197265625,0.9326171875,0.21875,0.9326171875,0.216796875,1.0,0.16736046980559313,0.011492595815043803
0,200,0,task1_initial,IDLGated,0.93212890625,0.2216796875,0.93115234375,0.22119140625,0.93310546875,0.22119140625,0.020753204822540283,0.18481440805003757,0.012423218303808594
0,210,0,task1_initial,MLP,0.9384765625,0.203125,0.0,0.0,0.0,0.0,1.0,0.0,0.0
0,210,0,task1_initial,ChevronSlow,0.9345703125,0.20458984375,0.9365234375,0.20361328125,0.9326171875,0.2080078125,1.0,0.16625211232893378,0.010462731050440101
0,210,0,task1_initial,IDLGated,0.93603515625,0.205078125,0.93603515625,0.2041015625,0.93359375,0.2099609375,0.020436475053429604,0.18410064195061907,0.011104208014926375
0,220,0,task1_initial,MLP,0.9404296875,0.197265625,0.0,0.0,0.0,0.0,1.0,0.0,0.0
0,220,0,task1_initial,ChevronSlow,0.9365234375,0.2060546875,0.93603515625,0.20703125,0.93505859375,0.20947265625,1.0,0.1637385507078943,0.009799703273413838
0,220,0,task1_initial,IDLGated,0.9365234375,0.20849609375,0.93701171875,0.20654296875,0.93603515625,0.2138671875,0.019439533352851868,0.18178111964247706,0.009558762594408509
0,230,0,task1_initial,MLP,0.9404296875,0.20947265625,0.0,0.0,0.0,0.0,1.0,0.0,0.0
0,230,0,task1_initial,ChevronSlow,0.9365234375,0.2177734375,0.9365234375,0.21728515625,0.9365234375,0.21435546875,1.0,0.16016181575170077,0.00917265946149378
0,230,0,task1_initial,IDLGated,0.935546875,0.21728515625,0.935546875,0.21728515625,0.935546875,0.216796875,0.017956571653485298,0.17810547173161437,0.009216090755427361
0,240,0,task1_initial,MLP,0.93994140625,0.2099609375,0.0,0.0,0.0,0.0,1.0,0.0,0.0
0,240,0,task1_initial,ChevronSlow,0.93701171875,0.2060546875,0.93701171875,0.205078125,0.9365234375,0.21044921875,1.0,0.1556900322751742,0.008789852222759074
0,240,0,task1_initial,IDLGated,0.9375,0.2060546875,0.93701171875,0.2060546875,0.93603515625,0.21240234375,0.016217708587646484,0.17339542392746843,0.008757582459609914
0,250,0,task1_initial,MLP,0.94091796875,0.20068359375,0.0,0.0,0.0,0.0,1.0,0.0,0.0
0,250,0,task1_initial,ChevronSlow,0.9375,0.19921875,0.93701171875,0.19873046875,0.93701171875,0.205078125,1.0,0.15058624899272105,0.00914436751673074
0,250,0,task1_initial,IDLGated,0.9375,0.20068359375,0.939453125,0.19873046875,0.93798828125,0.205078125,0.0144119244068861,0.167946254874042,0.00890083960763243
0,260,0,task1_initial,MLP,0.943359375,0.2080078125,0.0,0.0,0.0,0.0,1.0,0.0,0.0
0,260,0,task1_initial,ChevronSlow,0.93798828125,0.21533203125,0.9375,0.21630859375,0.9365234375,0.2119140625,1.0,0.14512610070278092,0.008843325704024381
0,260,0,task1_initial,IDLGated,0.93701171875,0.21533203125,0.93603515625,0.21630859375,0.9375,0.2138671875,0.012678383849561214,0.16204102555588248,0.008719629617356693
0,270,0,task1_initial,MLP,0.943359375,0.20068359375,0.0,0.0,0.0,0.0,1.0,0.0,0.0
0,270,0,task1_initial,ChevronSlow,0.93896484375,0.20458984375,0.93994140625,0.203125,0.93798828125,0.2080078125,1.0,0.13953603260062558,0.008252218922700987
0,270,0,task1_initial,IDLGated,0.93896484375,0.20361328125,0.9404296875,0.201171875,0.93798828125,0.2109375,0.011095005087554455,0.1559043956231733,0.007641506912719431
0,280,0,task1_initial,MLP,0.94482421875,0.19921875,0.0,0.0,0.0,0.0,1.0,0.0,0.0
0,280,0,task1_initial,ChevronSlow,0.939453125,0.19970703125,0.93994140625,0.19775390625,0.9375,0.203125,1.0,0.13371181219400227,0.007936280855553014
0,280,0,task1_initial,IDLGated,0.9384765625,0.19873046875,0.93994140625,0.197265625,0.939453125,0.20361328125,0.009631073102355003,0.1494053251943736,0.007363266703494748
0,290,0,task1_initial,MLP,0.943359375,0.21044921875,0.0,0.0,0.0,0.0,1.0,0.0,0.0
0,290,0,task1_initial,ChevronSlow,0.93896484375,0.2138671875,0.9375,0.21484375,0.93896484375,0.21240234375,1.0,0.12768420482849602,0.007811001531151513
0,290,0,task1_initial,IDLGated,0.9384765625,0.2158203125,0.93701171875,0.21533203125,0.9384765625,0.2138671875,0.008313576690852642,0.14265831073614715,0.007479899030823349
0,300,0,task1_initial,MLP,0.9482421875,0.20458984375,0.0,0.0,0.0,0.0,1.0,0.0,0.0
0,300,0,task1_initial,ChevronSlow,0.94091796875,0.203125,0.94287109375,0.203125,0.93798828125,0.20556640625,1.0,0.12179698037811587,0.007914290244807403
0,300,0,task1_initial,IDLGated,0.94140625,0.203125,0.943359375,0.203125,0.93798828125,0.20654296875,0.007197770290076733,0.13605634839626465,0.007847674406214126
0,310,0,task1_initial,MLP,0.9501953125,0.20849609375,0.0,0.0,0.0,0.0,1.0,0.0,0.0
0,310,0,task1_initial,ChevronSlow,0.9404296875,0.21044921875,0.94091796875,0.21240234375,0.93896484375,0.2080078125,1.0,0.11624911631951866,0.007382295241498245
0,310,0,task1_initial,IDLGated,0.93896484375,0.21142578125,0.939453125,0.2138671875,0.9384765625,0.2099609375,0.006287786178290844,0.12987098526249802,0.006996069916165238
0,320,0,task1_initial,MLP,0.9453125,0.208984375,0.0,0.0,0.0,0.0,1.0,0.0,0.0
0,320,0,task1_initial,ChevronSlow,0.93896484375,0.21484375,0.93994140625,0.2158203125,0.93994140625,0.2138671875,1.0,0.1108422384852034,0.0075688044222100345
0,320,0,task1_initial,IDLGated,0.93896484375,0.21533203125,0.93994140625,0.21630859375,0.939453125,0.21435546875,0.005503711756318808,0.12378119909004703,0.006986432079149881
0,330,0,task1_initial,MLP,0.953125,0.20849609375,0.0,0.0,0.0,0.0,1.0,0.0,0.0
0,330,0,task1_initial,ChevronSlow,0.94287109375,0.20654296875,0.94384765625,0.20947265625,0.94091796875,0.2099609375,1.0,0.10556496166357754,0.007281377475091234
0,330,0,task1_initial,IDLGated,0.9423828125,0.205078125,0.9453125,0.2041015625,0.94140625,0.21044921875,0.004822542425245047,0.1177445597120966,0.006817640646340488
0,340,0,task1_initial,MLP,0.95458984375,0.1982421875,0.0,0.0,0.0,0.0,1.0,0.0,0.0
0,340,0,task1_initial,ChevronSlow,0.943359375,0.1982421875,0.94287109375,0.197265625,0.94091796875,0.2041015625,1.0,0.10022831419691079,0.00734280241946872
0,340,0,task1_initial,IDLGated,0.94189453125,0.19921875,0.94384765625,0.1962890625,0.94140625,0.20703125,0.004218409303575754,0.11163318731563641,0.006628326564471619
0,350,0,task1_initial,MLP,0.955078125,0.1962890625,0.0,0.0,0.0,0.0,1.0,0.0,0.0
0,350,0,task1_initial,ChevronSlow,0.943359375,0.19970703125,0.9443359375,0.19970703125,0.94140625,0.20458984375,1.0,0.09495862133359362,0.007869364085423217
0,350,0,task1_initial,IDLGated,0.9443359375,0.2001953125,0.94482421875,0.2001953125,0.9423828125,0.205078125,0.003688962198793888,0.10551297894700769,0.007137248403970287
0,360,0,task1_initial,MLP,0.95751953125,0.201171875,0.0,0.0,0.0,0.0,1.0,0.0,0.0
0,360,0,task1_initial,ChevronSlow,0.94482421875,0.20361328125,0.94580078125,0.20361328125,0.94287109375,0.2060546875,1.0,0.08999437545521341,0.008195087500666456
0,360,0,task1_initial,IDLGated,0.94384765625,0.20263671875,0.9443359375,0.2021484375,0.943359375,0.20654296875,0.0032447187695652246,0.0996601519222708,0.007568818176011574
0,370,0,task1_initial,MLP,0.95751953125,0.20654296875,0.0,0.0,0.0,0.0,1.0,0.0,0.0
0,370,0,task1_initial,ChevronSlow,0.9462890625,0.208984375,0.94873046875,0.20947265625,0.94384765625,0.20751953125,1.0,0.08516702225030424,0.008175599674719475
0,370,0,task1_initial,IDLGated,0.9462890625,0.2080078125,0.94677734375,0.2080078125,0.94384765625,0.20849609375,0.002865675836801529,0.09399631173074076,0.007581299272943532
0,380,0,task1_initial,MLP,0.9609375,0.20361328125,0.0,0.0,0.0,0.0,1.0,0.0,0.0
0,380,0,task1_initial,ChevronSlow,0.94384765625,0.205078125,0.9453125,0.205078125,0.9423828125,0.20556640625,1.0,0.08048873151723698,0.008189512738376446
0,380,0,task1_initial,IDLGated,0.9443359375,0.20654296875,0.94482421875,0.2060546875,0.943359375,0.20654296875,0.002542380476370454,0.08854051367076265,0.007471996545409404
0,390,0,task1_initial,MLP,0.96044921875,0.1982421875,0.0,0.0,0.0,0.0,1.0,0.0,0.0
0,390,0,task1_initial,ChevronSlow,0.94775390625,0.20361328125,0.94775390625,0.203125,0.94384765625,0.20458984375,1.0,0.07600831818289158,0.007834311027545057
0,390,0,task1_initial,IDLGated,0.94677734375,0.2041015625,0.94775390625,0.2021484375,0.94384765625,0.205078125,0.0022696068044751883,0.08336924743710017,0.007131696483613696
0,400,0,task1_initial,MLP,0.9599609375,0.20263671875,0.0,0.0,0.0,0.0,1.0,0.0,0.0
0,400,0,task1_initial,ChevronSlow,0.94873046875,0.2138671875,0.9482421875,0.21337890625,0.947265625,0.208984375,1.0,0.07165067442701857,0.008523552865045565
0,400,0,task1_initial,IDLGated,0.94921875,0.2119140625,0.94873046875,0.21142578125,0.94677734375,0.20849609375,0.0020395186729729176,0.07850001236805074,0.007942902629499584
0,410,0,task1_initial,MLP,0.9599609375,0.20458984375,0.0,0.0,0.0,0.0,1.0,0.0,0.0
0,410,0,task1_initial,ChevronSlow,0.94921875,0.2109375,0.951171875,0.2109375,0.9482421875,0.20947265625,1.0,0.06797813610753423,0.007367013765157963
0,410,0,task1_initial,IDLGated,0.947265625,0.21142578125,0.94921875,0.21142578125,0.9462890625,0.2099609375,0.0018512866226956248,0.07408992521710786,0.00697718298196715
0,420,0,task1_initial,MLP,0.9658203125,0.19580078125,0.0,0.0,0.0,0.0,1.0,0.0,0.0
0,420,0,task1_initial,ChevronSlow,0.951171875,0.19580078125,0.951171875,0.1943359375,0.947265625,0.2021484375,1.0,0.06433191147902659,0.007467771215130966
0,420,0,task1_initial,IDLGated,0.94921875,0.1953125,0.95166015625,0.193359375,0.94775390625,0.2021484375,0.0016853942070156336,0.06981504495492158,0.007009155067501877
0,430,0,task1_initial,MLP,0.96533203125,0.189453125,0.0,0.0,0.0,0.0,1.0,0.0,0.0
0,430,0,task1_initial,ChevronSlow,0.95068359375,0.18994140625,0.951171875,0.1884765625,0.94970703125,0.19677734375,1.0,0.060724187129267006,0.007619472607796193
0,430,0,task1_initial,IDLGated,0.951171875,0.19091796875,0.95166015625,0.1884765625,0.94921875,0.19482421875,0.0015410087071359158,0.06573745188922614,0.007088372707446383
0,440,0,task1_initial,MLP,0.966796875,0.1904296875,0.0,0.0,0.0,0.0,1.0,0.0,0.0
0,440,0,task1_initial,ChevronSlow,0.9521484375,0.1923828125,0.953125,0.19140625,0.95068359375,0.1953125,1.0,0.05747017544275907,0.007344583965886364
0,440,0,task1_initial,IDLGated,0.951171875,0.1923828125,0.953125,0.19140625,0.95068359375,0.1953125,0.0014166347682476044,0.06190665398831205,0.0069194010783609275
0,450,0,task1_initial,MLP,0.96923828125,0.18896484375,0.0,0.0,0.0,0.0,1.0,0.0,0.0
0,450,0,task1_initial,ChevronSlow,0.953125,0.1884765625,0.9541015625,0.18701171875,0.95068359375,0.19384765625,1.0,0.0543588689794783,0.007791102491718614
0,450,0,task1_initial,IDLGated,0.9541015625,0.1884765625,0.95361328125,0.1865234375,0.94970703125,0.1943359375,0.0013084548991173506,0.05829095563581313,0.00738906730435086
0,460,0,task1_initial,MLP,0.96826171875,0.189453125,0.0,0.0,0.0,0.0,1.0,0.0,0.0
0,460,0,task1_initial,ChevronSlow,0.95458984375,0.19189453125,0.955078125,0.1923828125,0.953125,0.19287109375,1.0,0.05131761020183699,0.007976739603211547
0,460,0,task1_initial,IDLGated,0.9541015625,0.193359375,0.95458984375,0.19482421875,0.95263671875,0.193359375,0.0012141469633206725,0.054886434495035774,0.007594280520698223
0,470,0,task1_initial,MLP,0.97314453125,0.1962890625,0.0,0.0,0.0,0.0,1.0,0.0,0.0
0,470,0,task1_initial,ChevronSlow,0.95556640625,0.201171875,0.9580078125,0.2021484375,0.953125,0.19921875,1.0,0.04833506577478987,0.008110887289458728
0,470,0,task1_initial,IDLGated,0.95458984375,0.201171875,0.955078125,0.2021484375,0.9521484375,0.2001953125,0.0011315628653392196,0.05168075662370859,0.007820083835685079
0,480,0,task1_initial,MLP,0.96923828125,0.212890625,0.0,0.0,0.0,0.0,1.0,0.0,0.0
0,480,0,task1_initial,ChevronSlow,0.95263671875,0.212890625,0.9521484375,0.216796875,0.95263671875,0.20458984375,1.0,0.04551999617303044,0.009085221500178818
0,480,0,task1_initial,IDLGated,0.9541015625,0.21337890625,0.9521484375,0.21630859375,0.94970703125,0.20458984375,0.001058938098140061,0.048662308451473006,0.008736666371573883
0,490,0,task1_initial,MLP,0.97119140625,0.20556640625,0.0,0.0,0.0,0.0,1.0,0.0,0.0
0,490,0,task1_initial,ChevronSlow,0.95361328125,0.20361328125,0.95458984375,0.20361328125,0.953125,0.201171875,1.0,0.04306040142115633,0.00811903820192386
0,490,0,task1_initial,IDLGated,0.9541015625,0.2041015625,0.95361328125,0.203125,0.9521484375,0.20068359375,0.000994816655293107,0.04582015470609365,0.007837780720174362
0,500,0,task1_initial,MLP,0.9775390625,0.1962890625,0.0,0.0,0.0,0.0,1.0,0.0,0.0
0,500,0,task1_initial,ChevronSlow,0.95849609375,0.19921875,0.95947265625,0.1982421875,0.95703125,0.19970703125,1.0,0.040574532687036896,0.007558773209241695
0,500,0,task1_initial,IDLGated,0.95751953125,0.1982421875,0.958984375,0.19921875,0.9541015625,0.19970703125,0.0009379909024573863,0.04314399879701565,0.007473699788256342
0,510,0,task1_initial,MLP,0.97900390625,0.197265625,0.0,0.0,0.0,0.0,1.0,0.0,0.0
0,510,0,task1_initial,ChevronSlow,0.95849609375,0.20458984375,0.95947265625,0.20556640625,0.95751953125,0.20166015625,1.0,0.03820475074053352,0.007201515272390678
0,510,0,task1_initial,IDLGated,0.95751953125,0.20556640625,0.95703125,0.2060546875,0.95556640625,0.2021484375,0.0008874514023773372,0.04062414551274613,0.00722569759214531
0,520,0,task1_initial,MLP,0.97705078125,0.20751953125,0.0,0.0,0.0,0.0,1.0,0.0,0.0
0,520,0,task1_initial,ChevronSlow,0.95654296875,0.212890625,0.9560546875,0.21484375,0.9560546875,0.20654296875,1.0,0.035973377448475785,0.0076320323533748315
0,520,0,task1_initial,IDLGated,0.95458984375,0.21337890625,0.955078125,0.21484375,0.95556640625,0.20751953125,0.0008423536783084273,0.03825146589691931,0.0076017886151018696
0,530,0,task1_initial,MLP,0.97705078125,0.2041015625,0.0,0.0,0.0,0.0,1.0,0.0,0.0
0,530,0,task1_initial,ChevronSlow,0.96240234375,0.2060546875,0.9619140625,0.20703125,0.958984375,0.20361328125,1.0,0.03387232896346426,0.006669070762933366
0,530,0,task1_initial,IDLGated,0.95947265625,0.20361328125,0.96142578125,0.2041015625,0.9560546875,0.20361328125,0.0008019853848963976,0.03601736417579783,0.006789632569332534
0,540,0,task1_initial,MLP,0.98291015625,0.19482421875,0.0,0.0,0.0,0.0,1.0,0.0,0.0
0,540,0,task1_initial,ChevronSlow,0.96142578125,0.20068359375,0.96240234375,0.2001953125,0.95947265625,0.201171875,1.0,0.03189399358045968,0.006364661383236185
0,540,0,task1_initial,IDLGated,0.96142578125,0.19921875,0.96240234375,0.19921875,0.958984375,0.201171875,0.000765743141528219,0.033913746617394935,0.006572582865368261
0,550,0,task1_initial,MLP,0.98291015625,0.19580078125,0.0,0.0,0.0,0.0,1.0,0.0,0.0
0,550,0,task1_initial,ChevronSlow,0.9619140625,0.1982421875,0.9638671875,0.19677734375,0.9599609375,0.20068359375,1.0,0.030031204161001614,0.006704291982938445
0,550,0,task1_initial,IDLGated,0.96142578125,0.197265625,0.9619140625,0.1962890625,0.95849609375,0.2001953125,0.0007331154774874449,0.031932992209399755,0.006866162823286342
0,560,0,task1_initial,MLP,0.98046875,0.20166015625,0.0,0.0,0.0,0.0,1.0,0.0,0.0
0,560,0,task1_initial,ChevronSlow,0.96337890625,0.20458984375,0.96484375,0.20556640625,0.9609375,0.20166015625,1.0,0.028277212168008534,0.0069510800141824
0,560,0,task1_initial,IDLGated,0.96337890625,0.20361328125,0.9658203125,0.2041015625,0.958984375,0.20166015625,0.0007036638562567532,0.030067925049677535,0.007049855482519813
0,570,0,task1_initial,MLP,0.98095703125,0.20166015625,0.0,0.0,0.0,0.0,1.0,0.0,0.0
0,570,0,task1_initial,ChevronSlow,0.96337890625,0.205078125,0.96484375,0.205078125,0.96240234375,0.2021484375,1.0,0.026625663217092303,0.007176339469242586
0,570,0,task1_initial,IDLGated,0.96435546875,0.20361328125,0.96484375,0.20361328125,0.96044921875,0.2021484375,0.0006770145264454186,0.02831178834932048,0.007283768977281816
0,580,0,task1_initial,MLP,0.98046875,0.1953125,0.0,0.0,0.0,0.0,1.0,0.0,0.0
0,580,0,task1_initial,ChevronSlow,0.96484375,0.1962890625,0.96484375,0.1962890625,0.96240234375,0.19921875,1.0,0.025070574055813977,0.00709612661470929
0,580,0,task1_initial,IDLGated,0.96337890625,0.1962890625,0.96533203125,0.1953125,0.9609375,0.19921875,0.0006528442027047276,0.02665821995406747,0.0071951151921418165
0,590,0,task1_initial,MLP,0.9814453125,0.19677734375,0.0,0.0,0.0,0.0,1.0,0.0,0.0
0,590,0,task1_initial,ChevronSlow,0.966796875,0.20068359375,0.96728515625,0.201171875,0.96337890625,0.19873046875,1.0,0.023606310887481163,0.006486983108553851
0,590,0,task1_initial,IDLGated,0.966796875,0.19921875,0.96826171875,0.19873046875,0.96337890625,0.2001953125,0.0006308741867542267,0.025101229295411077,0.006601390229720005
0,600,0,task1_initial,MLP,0.9755859375,0.19580078125,0.0,0.0,0.0,0.0,1.0,0.0,0.0
0,600,0,task1_initial,ChevronSlow,0.9619140625,0.2001953125,0.96044921875,0.20166015625,0.962890625,0.20068359375,1.0,0.022227568960958084,0.007738280043756087
0,600,0,task1_initial,IDLGated,0.96142578125,0.197265625,0.9609375,0.19873046875,0.96337890625,0.19970703125,0.0006108633242547512,0.023635175687890135,0.008082627165774027
0,610,0,task1_initial,MLP,0.9833984375,0.18994140625,0.0,0.0,0.0,0.0,1.0,0.0,0.0
0,610,0,task1_initial,ChevronSlow,0.9677734375,0.19384765625,0.96826171875,0.1923828125,0.96435546875,0.1962890625,1.0,0.02114043326354913,0.0070757070319632425
0,610,0,task1_initial,IDLGated,0.96630859375,0.193359375,0.96728515625,0.19287109375,0.96484375,0.197265625,0.0005936609231866896,0.022335975138528454,0.007129115250583305
0,620,0,task1_initial,MLP,0.9794921875,0.1953125,0.0,0.0,0.0,0.0,1.0,0.0,0.0
0,620,0,task1_initial,ChevronSlow,0.9658203125,0.1953125,0.966796875,0.197265625,0.96630859375,0.197265625,1.0,0.020267961843936092,0.006733673291474039
0,620,0,task1_initial,IDLGated,0.96728515625,0.19677734375,0.96923828125,0.19677734375,0.96435546875,0.19775390625,0.0005797266494482756,0.021255738607616,0.006796150275655628
0,630,0,task1_initial,MLP,0.98486328125,0.19677734375,0.0,0.0,0.0,0.0,1.0,0.0,0.0
0,630,0,task1_initial,ChevronSlow,0.966796875,0.1962890625,0.96728515625,0.19580078125,0.96728515625,0.1982421875,1.0,0.019396575965889836,0.005856569777271994
0,630,0,task1_initial,IDLGated,0.96630859375,0.1953125,0.96728515625,0.1953125,0.96533203125,0.19775390625,0.0005660887691192329,0.020173029315591538,0.006024857277551363
0,640,0,task1_initial,MLP,0.98486328125,0.18798828125,0.0,0.0,0.0,0.0,1.0,0.0,0.0
0,640,0,task1_initial,ChevronSlow,0.96875,0.19091796875,0.96826171875,0.18994140625,0.96630859375,0.1923828125,1.0,0.018269440419862067,0.006194640300918015
0,640,0,task1_initial,IDLGated,0.96875,0.18994140625,0.96875,0.1884765625,0.96630859375,0.193359375,0.0005516117671504617,0.018994810430185978,0.006472230707566971
0,650,0,task1_initial,MLP,0.98681640625,0.18798828125,0.0,0.0,0.0,0.0,1.0,0.0,0.0
0,650,0,task1_initial,ChevronSlow,0.97119140625,0.1923828125,0.97119140625,0.19091796875,0.96826171875,0.193359375,1.0,0.017202401880844206,0.006189494382600467
0,650,0,task1_initial,IDLGated,0.970703125,0.19140625,0.970703125,0.1904296875,0.96875,0.1923828125,0.0005383187672123313,0.01788540618437712,0.006365388012169885
0,660,0,task1_initial,MLP,0.98291015625,0.19189453125,0.0,0.0,0.0,0.0,1.0,0.0,0.0
0,660,0,task1_initial,ChevronSlow,0.966796875,0.19482421875,0.96728515625,0.1943359375,0.966796875,0.19287109375,1.0,0.016197684421048433,0.006129171089475666
0,660,0,task1_initial,IDLGated,0.9677734375,0.19482421875,0.96923828125,0.19482421875,0.966796875,0.19384765625,0.0005260951002128422,0.016840797414424284,0.006276550500450796
0,670,0,task1_initial,MLP,0.9716796875,0.189453125,0.0,0.0,0.0,0.0,1.0,0.0,0.0
0,670,0,task1_initial,ChevronSlow,0.96630859375,0.19482421875,0.96484375,0.1943359375,0.9658203125,0.19384765625,1.0,0.015251648137347178,0.006758952813113541
0,670,0,task1_initial,IDLGated,0.966796875,0.19482421875,0.96533203125,0.19384765625,0.9658203125,0.1943359375,0.000514838844537735,0.015857199698456653,0.0068220239520456255
0,680,0,task1_initial,MLP,0.978515625,0.197265625,0.0,0.0,0.0,0.0,1.0,0.0,0.0
0,680,0,task1_initial,ChevronSlow,0.97119140625,0.2001953125,0.97119140625,0.20068359375,0.96826171875,0.19580078125,1.0,0.014360865717520207,0.006532594269720939
0,680,0,task1_initial,IDLGated,0.970703125,0.19873046875,0.970703125,0.19921875,0.97021484375,0.1953125,0.0005044601857662201,0.014931049646221868,0.006697643255022721
0,690,0,task1_initial,MLP,0.986328125,0.18310546875,0.0,0.0,0.0,0.0,1.0,0.0,0.0
0,690,0,task1_initial,ChevronSlow,0.97314453125,0.18798828125,0.97265625,0.18701171875,0.96923828125,0.19091796875,1.0,0.013522110023744552,0.006745119130923318
0,690,0,task1_initial,IDLGated,0.97265625,0.18701171875,0.97509765625,0.18505859375,0.96923828125,0.19189453125,0.0004948790883645415,0.014058991989590696,0.006948639554495065
0,700,0,task1_initial,MLP,0.990234375,0.19580078125,0.0,0.0,0.0,0.0,1.0,0.0,0.0
0,700,0,task1_initial,ChevronSlow,0.9716796875,0.1953125,0.9716796875,0.197265625,0.96923828125,0.19482421875,1.0,0.012733698330268254,0.0061366502512408905
0,700,0,task1_initial,IDLGated,0.97216796875,0.19677734375,0.97265625,0.19873046875,0.970703125,0.1943359375,0.0004860237240791321,0.01323786742704923,0.006416157352156742
0,710,0,task1_initial,MLP,0.98486328125,0.19873046875,0.0,0.0,0.0,0.0,1.0,0.0,0.0
0,710,0,task1_initial,ChevronSlow,0.9716796875,0.1982421875,0.9716796875,0.19873046875,0.9697265625,0.1953125,1.0,0.011989978405061802,0.006043369799444912
0,710,0,task1_initial,IDLGated,0.9716796875,0.19677734375,0.97216796875,0.19775390625,0.9716796875,0.1953125,0.0004778304137289524,0.012464701178141354,0.006093668961304587
0,720,0,task1_initial,MLP,0.98828125,0.19384765625,0.0,0.0,0.0,0.0,1.0,0.0,0.0
0,720,0,task1_initial,ChevronSlow,0.97265625,0.19287109375,0.97314453125,0.19287109375,0.96923828125,0.19384765625,1.0,0.011289695925348646,0.00556166428482236
0,720,0,task1_initial,IDLGated,0.9736328125,0.193359375,0.9736328125,0.193359375,0.97119140625,0.19384765625,0.0004702419973909855,0.011736692206396476,0.005649602173628945
0,730,0,task1_initial,MLP,0.98828125,0.1923828125,0.0,0.0,0.0,0.0,1.0,0.0,0.0
0,730,0,task1_initial,ChevronSlow,0.97265625,0.193359375,0.97314453125,0.19287109375,0.9697265625,0.19384765625,1.0,0.01063031389889954,0.005633185376568058
0,730,0,task1_initial,IDLGated,0.9736328125,0.19287109375,0.9736328125,0.1923828125,0.97119140625,0.19384765625,0.00046320678666234016,0.011051203071699153,0.00578431602496034
0,740,0,task1_initial,MLP,0.98828125,0.197265625,0.0,0.0,0.0,0.0,1.0,0.0,0.0
0,740,0,task1_initial,ChevronSlow,0.97509765625,0.20068359375,0.974609375,0.20166015625,0.97412109375,0.19580078125,1.0,0.010009443508164897,0.00605290734098936
0,740,0,task1_initial,IDLGated,0.974609375,0.20068359375,0.974609375,0.203125,0.97314453125,0.1962890625,0.00045667882659472525,0.010405750375337662,0.006227465307798775
0,750,0,task1_initial,MLP,0.98974609375,0.19384765625,0.0,0.0,0.0,0.0,1.0,0.0,0.0
0,750,0,task1_initial,ChevronSlow,0.9755859375,0.193359375,0.97607421875,0.193359375,0.97265625,0.19384765625,1.0,0.009424835456036354,0.0056002246694426
0,750,0,task1_initial,IDLGated,0.97705078125,0.19287109375,0.97900390625,0.19287109375,0.974609375,0.1943359375,0.0004506161785684526,0.009797995763115738,0.005821186383793029
0,760,0,task1_initial,MLP,0.98681640625,0.1943359375,0.0,0.0,0.0,0.0,1.0,0.0,0.0
0,760,0,task1_initial,ChevronSlow,0.9775390625,0.1943359375,0.97802734375,0.19384765625,0.974609375,0.19384765625,1.0,0.008874371817064722,0.005867215517996419
0,760,0,task1_initial,IDLGated,0.9775390625,0.1943359375,0.978515625,0.1943359375,0.97509765625,0.1943359375,0.00044498100760392845,0.009225737453933375,0.0058946846339847465
0,770,0,task1_initial,MLP,0.982421875,0.1904296875,0.0,0.0,0.0,0.0,1.0,0.0,0.0
0,770,0,task1_initial,ChevronSlow,0.97509765625,0.19384765625,0.97314453125,0.1953125,0.97509765625,0.1953125,1.0,0.008356058364612876,0.006757254553120018
0,770,0,task1_initial,IDLGated,0.9775390625,0.19189453125,0.9765625,0.193359375,0.9775390625,0.19384765625,0.00043973958236165345,0.008686902263146414,0.006547228830136816
0,780,0,task1_initial,MLP,0.990234375,0.1904296875,0.0,0.0,0.0,0.0,1.0,0.0,0.0
0,780,0,task1_initial,ChevronSlow,0.9794921875,0.1923828125,0.97900390625,0.19189453125,0.97607421875,0.193359375,1.0,0.00786801734614627,0.005678954650011198
0,780,0,task1_initial,IDLGated,0.98046875,0.1923828125,0.98046875,0.19140625,0.97705078125,0.193359375,0.0004348604707047343,0.008179538091806972,0.0055725368262892865
0,790,0,task1_initial,MLP,0.9853515625,0.193359375,0.0,0.0,0.0,0.0,1.0,0.0,0.0
0,790,0,task1_initial,ChevronSlow,0.97607421875,0.1962890625,0.9755859375,0.19580078125,0.97802734375,0.19482421875,1.0,0.0074084806804872744,0.006194101322299732
0,790,0,task1_initial,IDLGated,0.97607421875,0.1953125,0.9765625,0.197265625,0.978515625,0.19482421875,0.0004303160239942372,0.007701806854574665,0.005953639009410164
0,800,0,task1_initial,MLP,0.984375,0.1982421875,0.0,0.0,0.0,0.0,1.0,0.0,0.0
0,800,0,task1_initial,ChevronSlow,0.97412109375,0.20068359375,0.97412109375,0.201171875,0.97607421875,0.197265625,1.0,0.006975783552388325,0.006679993387893071
0,800,0,task1_initial,IDLGated,0.974609375,0.19921875,0.97607421875,0.201171875,0.9765625,0.1962890625,0.0004260803107172251,0.00725197782067779,0.0064152246565270105
0,810,0,task1_initial,MLP,0.98876953125,0.19580078125,0.0,0.0,0.0,0.0,1.0,0.0,0.0
0,810,0,task1_initial,ChevronSlow,0.98046875,0.19384765625,0.98046875,0.19384765625,0.97802734375,0.1953125,1.0,0.0065683583812181714,0.006189140276458595
0,810,0,task1_initial,IDLGated,0.9794921875,0.19384765625,0.9794921875,0.19384765625,0.97900390625,0.19482421875,0.0004221300478093326,0.006828421343799976,0.005963712204760036
0,820,0,task1_initial,MLP,0.98828125,0.2001953125,0.0,0.0,0.0,0.0,1.0,0.0,0.0
0,820,0,task1_initial,ChevronSlow,0.9775390625,0.20361328125,0.97705078125,0.2060546875,0.9765625,0.1982421875,1.0,0.006184729141910926,0.007632282981869353
0,820,0,task1_initial,IDLGated,0.978515625,0.20361328125,0.97802734375,0.20654296875,0.9775390625,0.19873046875,0.0004184441058896482,0.006429602958176883,0.00702049308588006
0,830,0,task1_initial,MLP,0.990234375,0.1953125,0.0,0.0,0.0,0.0,1.0,0.0,0.0
0,830,0,task1_initial,ChevronSlow,0.982421875,0.19384765625,0.98291015625,0.19287109375,0.9794921875,0.1953125,1.0,0.0058235060176037795,0.006616168477850991
0,830,0,task1_initial,IDLGated,0.98291015625,0.193359375,0.98486328125,0.193359375,0.98095703125,0.19580078125,0.0004150027234572917,0.00605407781951422,0.006313607801801826
0,840,0,task1_initial,MLP,0.98291015625,0.181640625,0.0,0.0,0.0,0.0,1.0,0.0,0.0
0,840,0,task1_initial,ChevronSlow,0.98193359375,0.18310546875,0.9814453125,0.1806640625,0.9814453125,0.19189453125,1.0,0.005483380364590891,0.007412405572385766
0,840,0,task1_initial,IDLGated,0.98095703125,0.18115234375,0.98095703125,0.17822265625,0.98291015625,0.1904296875,0.0004117882053833455,0.00570048547058755,0.006961550036189793
0,850,0,task1_initial,MLP,0.9892578125,0.1865234375,0.0,0.0,0.0,0.0,1.0,0.0,0.0
0,850,0,task1_initial,ChevronSlow,0.9833984375,0.193359375,0.98388671875,0.19287109375,0.9833984375,0.193359375,1.0,0.005163119971352397,0.005668085853658897
0,850,0,task1_initial,IDLGated,0.9833984375,0.193359375,0.9833984375,0.193359375,0.98291015625,0.193359375,0.00040878422441892326,0.005367544912560638,0.005454767499220255
0,860,0,task1_initial,MLP,0.98486328125,0.20068359375,0.0,0.0,0.0,0.0,1.0,0.0,0.0
0,860,0,task1_initial,ChevronSlow,0.97705078125,0.203125,0.9755859375,0.20458984375,0.97900390625,0.197265625,1.0,0.0048615645944829295,0.006858165455330941
0,860,0,task1_initial,IDLGated,0.97705078125,0.20458984375,0.97705078125,0.20556640625,0.97998046875,0.19775390625,0.0004059758794028312,0.0050540499641666655,0.006563941519236584
0,870,0,task1_initial,MLP,0.98388671875,0.19921875,0.0,0.0,0.0,0.0,1.0,0.0,0.0
0,870,0,task1_initial,ChevronSlow,0.9794921875,0.19921875,0.9794921875,0.2001953125,0.97900390625,0.1962890625,1.0,0.004577621755347128,0.0058511370262319335
0,870,0,task1_initial,IDLGated,0.9794921875,0.19873046875,0.97998046875,0.1982421875,0.98046875,0.1962890625,0.0004033490549772978,0.004758864891939457,0.005712243084814282
0,880,0,task1_initial,MLP,0.98974609375,0.19580078125,0.0,0.0,0.0,0.0,1.0,0.0,0.0
0,880,0,task1_initial,ChevronSlow,0.98291015625,0.19580078125,0.98291015625,0.19580078125,0.98095703125,0.19580078125,1.0,0.004310262782234211,0.005703797175486704
0,880,0,task1_initial,IDLGated,0.98388671875,0.19482421875,0.98388671875,0.19482421875,0.9814453125,0.19482421875,0.0004008911200799048,0.004480920295663925,0.005510400871934254
0,890,0,task1_initial,MLP,0.990234375,0.1884765625,0.0,0.0,0.0,0.0,1.0,0.0,0.0
0,890,0,task1_initial,ChevronSlow,0.9833984375,0.1904296875,0.982421875,0.1884765625,0.98291015625,0.1923828125,1.0,0.004058519083673082,0.006247989501063621
0,890,0,task1_initial,IDLGated,0.984375,0.1904296875,0.984375,0.1884765625,0.98388671875,0.193359375,0.0003985904040746391,0.004219209234139426,0.005957921004971517
0,900,0,task1_initial,MLP,0.99072265625,0.19482421875,0.0,0.0,0.0,0.0,1.0,0.0,0.0
0,900,0,task1_initial,ChevronSlow,0.9814453125,0.1953125,0.98095703125,0.1953125,0.98193359375,0.19384765625,1.0,0.0038214786394069017,0.006096913313069797
0,900,0,task1_initial,IDLGated,0.98291015625,0.1953125,0.982421875,0.19677734375,0.982421875,0.1943359375,0.00039643628406338394,0.0039727835772204395,0.005650553997051943
0,910,0,task1_initial,MLP,0.9853515625,0.19775390625,0.0,0.0,0.0,0.0,1.0,0.0,0.0
0,910,0,task1_initial,ChevronSlow,0.98095703125,0.20166015625,0.97900390625,0.20263671875,0.9814453125,0.197265625,1.0,0.003598282696314547,0.006807130606597255
0,910,0,task1_initial,IDLGated,0.9814453125,0.19970703125,0.98095703125,0.20166015625,0.98193359375,0.19775390625,0.0003944184281863272,0.0037407505709186827,0.006028407560972157
0,920,0,task1_initial,MLP,0.98291015625,0.19677734375,0.0,0.0,0.0,0.0,1.0,0.0,0.0
0,920,0,task1_initial,ChevronSlow,0.96826171875,0.1962890625,0.96728515625,0.1953125,0.97802734375,0.1962890625,1.0,0.0033881226573089468,0.006994127836301951
0,920,0,task1_initial,IDLGated,0.97119140625,0.197265625,0.96923828125,0.19580078125,0.97802734375,0.197265625,0.00039252793067134917,0.0035222696031226575,0.00618198834180122
0,930,0,task1_initial,MLP,0.9873046875,0.1962890625,0.0,0.0,0.0,0.0,1.0,0.0,0.0
0,930,0,task1_initial,ChevronSlow,0.98046875,0.19873046875,0.97998046875,0.2001953125,0.97998046875,0.1962890625,1.0,0.0031902371519413153,0.005460423035640192
0,930,0,task1_initial,IDLGated,0.98193359375,0.19921875,0.98193359375,0.19921875,0.98291015625,0.19580078125,0.00039075620588846505,0.0033165491582174606,0.004763174194792116
0,940,0,task1_initial,MLP,0.9873046875,0.19677734375,0.0,0.0,0.0,0.0,1.0,0.0,0.0
0,940,0,task1_initial,ChevronSlow,0.97998046875,0.2001953125,0.98095703125,0.201171875,0.97998046875,0.1982421875,1.0,0.0030039092780986608,0.005764026825465611
0,940,0,task1_initial,IDLGated,0.9814453125,0.19970703125,0.9814453125,0.2001953125,0.98193359375,0.197265625,0.00038909519207663834,0.0031228439495719963,0.005024894803134644
0,950,0,task1_initial,MLP,0.9853515625,0.19775390625,0.0,0.0,0.0,0.0,1.0,0.0,0.0
0,950,0,task1_initial,ChevronSlow,0.978515625,0.20166015625,0.97705078125,0.20263671875,0.98046875,0.19873046875,1.0,0.002828464004801736,0.006850167977251788
0,950,0,task1_initial,IDLGated,0.98095703125,0.20068359375,0.97998046875,0.20068359375,0.98193359375,0.1982421875,0.0003875376423820853,0.0029404522195051364,0.005741735393414683
0,960,0,task1_initial,MLP,0.98486328125,0.201171875,0.0,0.0,0.0,0.0,1.0,0.0,0.0
0,960,0,task1_initial,ChevronSlow,0.97802734375,0.2060546875,0.97705078125,0.20849609375,0.9794921875,0.20166015625,1.0,0.002663265726694265,0.006896661074835777
0,960,0,task1_initial,IDLGated,0.98095703125,0.20654296875,0.97802734375,0.2080078125,0.9814453125,0.20166015625,0.00038607665919698775,0.002768713196949115,0.005746216384947062
0,970,0,task1_initial,MLP,0.9814453125,0.19091796875,0.0,0.0,0.0,0.0,1.0,0.0,0.0
0,970,0,task1_initial,ChevronSlow,0.96875,0.18603515625,0.96875,0.1845703125,0.98046875,0.1953125,1.0,0.0025171767240108013,0.007751336061349538
0,970,0,task1_initial,IDLGated,0.97265625,0.18701171875,0.970703125,0.18408203125,0.98291015625,0.1943359375,0.00038470610161311924,0.002607004703599741,0.006899310954387503
0,980,0,task1_initial,MLP,0.9853515625,0.18310546875,0.0,0.0,0.0,0.0,1.0,0.0,0.0
0,980,0,task1_initial,ChevronSlow,0.9814453125,0.185546875,0.98046875,0.18408203125,0.984375,0.1923828125,1.0,0.0026431328583548523,0.00740109502267164
0,980,0,task1_initial,IDLGated,0.98095703125,0.18603515625,0.98193359375,0.1845703125,0.98583984375,0.19189453125,0.00038342009065672755,0.0024547408998809653,0.006316672093851898
0,990,0,task1_initial,MLP,0.990234375,0.19384765625,0.0,0.0,0.0,0.0,1.0,0.0,0.0
0,990,0,task1_initial,ChevronSlow,0.98193359375,0.19775390625,0.98291015625,0.1982421875,0.98193359375,0.19580078125,1.0,0.002653144227525415,0.006635236384542796
0,990,0,task1_initial,IDLGated,0.98291015625,0.19873046875,0.982421875,0.19921875,0.98291015625,0.19677734375,0.0003822230501100421,0.002312540127616939,0.005751821926119923
0,1000,0,task1_initial,MLP,0.98291015625,0.20263671875,0.0,0.0,0.0,0.0,1.0,0.0,0.0
0,1000,0,task1_initial,ChevronSlow,0.9775390625,0.20556640625,0.974609375,0.20751953125,0.9814453125,0.201171875,1.0,0.0025416197835816372,0.007422021992026591
0,1000,0,task1_initial,IDLGated,0.97802734375,0.20654296875,0.9736328125,0.20751953125,0.9814453125,0.201171875,0.0003810893394984305,0.0021774747187985116,0.0066973712510248265
0,1010,0,task1_initial,MLP,0.9892578125,0.19287109375,0.0,0.0,0.0,0.0,1.0,0.0,0.0
0,1010,0,task1_initial,ChevronSlow,0.98095703125,0.1904296875,0.9814453125,0.189453125,0.98193359375,0.19482421875,1.0,0.0025727540800467895,0.006271796649112922
0,1010,0,task1_initial,IDLGated,0.982421875,0.1904296875,0.9814453125,0.18798828125,0.9833984375,0.19384765625,0.0003801654966082424,0.0020671129656912464,0.006115980991398034
0,1020,0,task1_initial,MLP,0.99072265625,0.189453125,0.0,0.0,0.0,0.0,1.0,0.0,0.0
0,1020,0,task1_initial,ChevronSlow,0.9853515625,0.1904296875,0.9853515625,0.18896484375,0.98388671875,0.19287109375,1.0,0.0027155227398083914,0.006197424477018352
0,1020,0,task1_initial,IDLGated,0.98486328125,0.1904296875,0.98486328125,0.1884765625,0.98388671875,0.19287109375,0.00038089847657829523,0.002154687118765862,0.005939753391641312
0,1030,0,task1_initial,MLP,0.9912109375,0.189453125,0.0,0.0,0.0,0.0,1.0,0.0,0.0
0,1030,0,task1_initial,ChevronSlow,0.98583984375,0.19189453125,0.986328125,0.19091796875,0.984375,0.193359375,1.0,0.0028715156646924385,0.006312011190372669
0,1030,0,task1_initial,IDLGated,0.986328125,0.1923828125,0.98486328125,0.19189453125,0.984375,0.19384765625,0.0003817776741925627,0.002259537234508014,0.005784391547297042
0,1040,0,task1_initial,MLP,0.98779296875,0.19189453125,0.0,0.0,0.0,0.0,1.0,0.0,0.0
0,1040,0,task1_initial,ChevronSlow,0.97802734375,0.19140625,0.9765625,0.1904296875,0.98193359375,0.19189453125,1.0,0.0027310156441649725,0.006112431697178038
0,1040,0,task1_initial,IDLGated,0.97802734375,0.19140625,0.97705078125,0.1904296875,0.9833984375,0.1923828125,0.0003807675966527313,0.002139060153948643,0.005520404136899438
0,1050,0,task1_initial,MLP,0.9853515625,0.20068359375,0.0,0.0,0.0,0.0,1.0,0.0,0.0
0,1050,0,task1_initial,ChevronSlow,0.98193359375,0.201171875,0.98095703125,0.2021484375,0.9833984375,0.197265625,1.0,0.0025715089008814408,0.006389232833794932
0,1050,0,task1_initial,IDLGated,0.982421875,0.201171875,0.98193359375,0.20166015625,0.98388671875,0.197265625,0.0003797228855546564,0.002014126955717829,0.005448674188189187
0,1060,0,task1_initial,MLP,0.984375,0.20458984375,0.0,0.0,0.0,0.0,1.0,0.0,0.0
0,1060,0,task1_initial,ChevronSlow,0.9794921875,0.20751953125,0.97607421875,0.2099609375,0.9814453125,0.20166015625,1.0,0.002421318252585237,0.0068633966832210664
0,1060,0,task1_initial,IDLGated,0.97998046875,0.2080078125,0.9765625,0.20947265625,0.98193359375,0.201171875,0.0003787417081184685,0.0018964905621100018,0.0058536885829071905
0,1070,0,task1_initial,MLP,0.98974609375,0.19580078125,0.0,0.0,0.0,0.0,1.0,0.0,0.0
0,1070,0,task1_initial,ChevronSlow,0.9853515625,0.19677734375,0.98486328125,0.19677734375,0.98291015625,0.19921875,1.0,0.0022798995866951223,0.006002142412654709
0,1070,0,task1_initial,IDLGated,0.98486328125,0.1962890625,0.9853515625,0.19677734375,0.98486328125,0.19873046875,0.0003778203099500388,0.0017857247985097672,0.004760860498458534
0,1080,0,task1_initial,MLP,0.99169921875,0.193359375,0.0,0.0,0.0,0.0,1.0,0.0,0.0
0,1080,0,task1_initial,ChevronSlow,0.98388671875,0.1982421875,0.982421875,0.1982421875,0.98388671875,0.2001953125,1.0,0.0021467405698787252,0.0061604106016053895
0,1080,0,task1_initial,IDLGated,0.984375,0.197265625,0.98583984375,0.19677734375,0.98486328125,0.19873046875,0.0003769547038245946,0.0016814283813070664,0.004838347177007921
0,1090,0,task1_initial,MLP,0.990234375,0.19140625,0.0,0.0,0.0,0.0,1.0,0.0,0.0
0,1090,0,task1_initial,ChevronSlow,0.9873046875,0.1923828125,0.9873046875,0.19140625,0.98486328125,0.19677734375,1.0,0.0020213587919648587,0.006552579780865018
0,1090,0,task1_initial,IDLGated,0.98779296875,0.19287109375,0.98779296875,0.19189453125,0.9853515625,0.19580078125,0.0003761414554901421,0.001583223464121836,0.005105149463591457
0,1100,0,task1_initial,MLP,0.98779296875,0.19970703125,0.0,0.0,0.0,0.0,1.0,0.0,0.0
0,1100,0,task1_initial,ChevronSlow,0.98095703125,0.205078125,0.97998046875,0.20654296875,0.982421875,0.2021484375,1.0,0.0019033000182618503,0.0074671824803894385
0,1100,0,task1_initial,IDLGated,0.98095703125,0.20458984375,0.9814453125,0.2060546875,0.98388671875,0.20166015625,0.0003753773926291615,0.0014907542689373615,0.0055545697067003715
0,1110,0,task1_initial,MLP,0.98779296875,0.19189453125,0.0,0.0,0.0,0.0,1.0,0.0,0.0
0,1110,0,task1_initial,ChevronSlow,0.984375,0.1943359375,0.984375,0.19287109375,0.98583984375,0.19677734375,1.0,0.0018146380163538815,0.006966534194796234
0,1110,0,task1_initial,IDLGated,0.98486328125,0.193359375,0.984375,0.19189453125,0.986328125,0.1962890625,0.00037465913919731975,0.0014036857971831752,0.005641394639340561
0,1120,0,task1_initial,MLP,0.99169921875,0.1884765625,0.0,0.0,0.0,0.0,1.0,0.0,0.0
0,1120,0,task1_initial,ChevronSlow,0.98583984375,0.1875,0.9853515625,0.18505859375,0.98779296875,0.19140625,1.0,0.0020637318069264827,0.0071927833769950475
0,1120,0,task1_initial,IDLGated,0.9853515625,0.1884765625,0.98583984375,0.1865234375,0.98779296875,0.19140625,0.0003753140626940876,0.0014830881144307572,0.005509010988138728
0,1130,0,task1_initial,MLP,0.9892578125,0.18701171875,0.0,0.0,0.0,0.0,1.0,0.0,0.0
0,1130,0,task1_initial,ChevronSlow,0.984375,0.18994140625,0.98388671875,0.18994140625,0.98681640625,0.19287109375,1.0,0.0024729894506534482,0.0064827907746043065
0,1130,0,task1_initial,IDLGated,0.98583984375,0.189453125,0.9853515625,0.189453125,0.9873046875,0.1923828125,0.00037751233321614563,0.0017486399790075252,0.004886429412175397
0,1140,0,task1_initial,MLP,0.9921875,0.189453125,0.0,0.0,0.0,0.0,1.0,0.0,0.0
0,1140,0,task1_initial,ChevronSlow,0.98828125,0.1923828125,0.98779296875,0.19189453125,0.98779296875,0.19140625,1.0,0.002498951563006125,0.006032048824370944
0,1140,0,task1_initial,IDLGated,0.98876953125,0.1923828125,0.98876953125,0.19189453125,0.98828125,0.19189453125,0.00037712077028118074,0.0017014625802781998,0.00455566860847323
0,1150,0,task1_initial,MLP,0.9892578125,0.19287109375,0.0,0.0,0.0,0.0,1.0,0.0,0.0
0,1150,0,task1_initial,ChevronSlow,0.986328125,0.1982421875,0.984375,0.1982421875,0.98681640625,0.1962890625,1.0,0.002352998673175546,0.006191245693736232
0,1150,0,task1_initial,IDLGated,0.98681640625,0.19775390625,0.984375,0.1982421875,0.98779296875,0.1962890625,0.00037629748112522066,0.0016020875526840425,0.004860184637417968
0,1160,0,task1_initial,MLP,0.9892578125,0.189453125,0.0,0.0,0.0,0.0,1.0,0.0,0.0
0,1160,0,task1_initial,ChevronSlow,0.98486328125,0.18798828125,0.9833984375,0.18798828125,0.98779296875,0.19091796875,1.0,0.0022155702567142194,0.006186624007618544
0,1160,0,task1_initial,IDLGated,0.98388671875,0.1884765625,0.9833984375,0.1875,0.9873046875,0.1904296875,0.00037552393041551113,0.0015085165881494004,0.005139885791126262
0,1170,0,task1_initial,MLP,0.98779296875,0.19580078125,0.0,0.0,0.0,0.0,1.0,0.0,0.0
0,1170,0,task1_initial,ChevronSlow,0.9775390625,0.1943359375,0.9765625,0.19482421875,0.98291015625,0.19482421875,1.0,0.0020861684362158983,0.0071437018888941715
0,1170,0,task1_initial,IDLGated,0.9775390625,0.1953125,0.97705078125,0.1953125,0.98486328125,0.19482421875,0.0003747970622498542,0.0014204106965998611,0.00599854993310643
0,1180,0,task1_initial,MLP,0.99267578125,0.193359375,0.0,0.0,0.0,0.0,1.0,0.0,0.0
0,1180,0,task1_initial,ChevronSlow,0.986328125,0.19384765625,0.98681640625,0.1943359375,0.98486328125,0.19482421875,1.0,0.0019643244131277637,0.007219916825089098
0,1180,0,task1_initial,IDLGated,0.98583984375,0.19287109375,0.98681640625,0.19287109375,0.98583984375,0.19384765625,0.0003741139662452042,0.0013374506868965809,0.0060237019819444374
0,1190,0,task1_initial,MLP,0.98876953125,0.18798828125,0.0,0.0,0.0,0.0,1.0,0.0,0.0
0,1190,0,task1_initial,ChevronSlow,0.9873046875,0.18798828125,0.986328125,0.18798828125,0.9873046875,0.18994140625,1.0,0.0018495967693810931,0.007419281943465202
0,1190,0,task1_initial,IDLGated,0.9853515625,0.1884765625,0.98388671875,0.18701171875,0.98681640625,0.18994140625,0.00037347181933000684,0.001259336010466588,0.005991962573249423
0,1200,0,task1_initial,MLP,0.98876953125,0.18603515625,0.0,0.0,0.0,0.0,1.0,0.0,0.0
0,1200,0,task1_initial,ChevronSlow,0.98388671875,0.1904296875,0.9833984375,0.1904296875,0.98486328125,0.19091796875,1.0,0.0017415698682162976,0.007034162323044327
0,1200,0,task1_initial,IDLGated,0.98486328125,0.19140625,0.98486328125,0.19140625,0.986328125,0.19091796875,0.0003728681185748428,0.0011857836724716085,0.005467365059342305
0,1210,0,task1_initial,MLP,0.98046875,0.201171875,0.0,0.0,0.0,0.0,1.0,0.0,0.0
0,1210,0,task1_initial,ChevronSlow,0.97802734375,0.2041015625,0.97509765625,0.2060546875,0.98291015625,0.19677734375,1.0,0.0016398523484088099,0.008783766944115519
0,1210,0,task1_initial,IDLGated,0.9775390625,0.20458984375,0.97412109375,0.20654296875,0.98291015625,0.19775390625,0.00037230071029625833,0.001116527206570783,0.007624182712185271
0,1220,0,task1_initial,MLP,0.986328125,0.19921875,0.0,0.0,0.0,0.0,1.0,0.0,0.0
0,1220,0,task1_initial,ChevronSlow,0.98583984375,0.201171875,0.98486328125,0.20263671875,0.986328125,0.19873046875,1.0,0.001563739706036916,0.00712795246494292
0,1220,0,task1_initial,IDLGated,0.98681640625,0.20068359375,0.986328125,0.20166015625,0.98681640625,0.19921875,0.000371774920495227,0.0010522609438655666,0.0059113409391670394
0,1230,0,task1_initial,MLP,0.99169921875,0.19140625,0.0,0.0,0.0,0.0,1.0,0.0,0.0
0,1230,0,task1_initial,ChevronSlow,0.9853515625,0.1923828125,0.98583984375,0.19189453125,0.98681640625,0.19580078125,1.0,0.0016725596109484215,0.006906218815922436
0,1230,0,task1_initial,IDLGated,0.98779296875,0.1923828125,0.9873046875,0.19140625,0.9873046875,0.19580078125,0.0003719456144608557,0.0010731415000444309,0.005943028592843474
0,1240,0,task1_initial,MLP,0.9912109375,0.19580078125,0.0,0.0,0.0,0.0,1.0,0.0,0.0
0,1240,0,task1_initial,ChevronSlow,0.98486328125,0.2001953125,0.984375,0.20068359375,0.98583984375,0.19921875,1.0,0.0017038999367671283,0.0066095497910980605
0,1240,0,task1_initial,IDLGated,0.984375,0.201171875,0.98486328125,0.20166015625,0.9853515625,0.19921875,0.00037162218359299004,0.0010335869016116113,0.006004704721176122
0,1250,0,task1_initial,MLP,0.98486328125,0.1962890625,0.0,0.0,0.0,0.0,1.0,0.0,0.0
0,1250,0,task1_initial,ChevronSlow,0.98583984375,0.19921875,0.98583984375,0.2001953125,0.9853515625,0.19921875,1.0,0.0016043825537834658,0.006149305406708851
0,1250,0,task1_initial,IDLGated,0.98583984375,0.19970703125,0.9853515625,0.19970703125,0.9853515625,0.19921875,0.00037112919380888343,0.0009732195870087714,0.006013171295823388
0,1260,0,task1_initial,MLP,0.99267578125,0.19140625,0.0,0.0,0.0,0.0,1.0,0.0,0.0
0,1260,0,task1_initial,ChevronSlow,0.98779296875,0.18994140625,0.98828125,0.18994140625,0.98828125,0.1962890625,1.0,0.0015106775482183433,0.00673645599750195
0,1260,0,task1_initial,IDLGated,0.98779296875,0.1904296875,0.98779296875,0.18994140625,0.98779296875,0.1953125,0.00037066545337438583,0.0009163780646413752,0.0062177285342163964
0,1270,0,task1_initial,MLP,0.99072265625,0.18896484375,0.0,0.0,0.0,0.0,1.0,0.0,0.0
0,1270,0,task1_initial,ChevronSlow,0.98486328125,0.1904296875,0.984375,0.18896484375,0.9873046875,0.19482421875,1.0,0.0014224454443918077,0.00658612498306833
0,1270,0,task1_initial,IDLGated,0.98486328125,0.18994140625,0.98388671875,0.189453125,0.98583984375,0.193359375,0.0003702295070979744,0.0008628564083228875,0.005827846204780283
0,1280,0,task1_initial,MLP,0.986328125,0.1865234375,0.0,0.0,0.0,0.0,1.0,0.0,0.0
0,1280,0,task1_initial,ChevronSlow,0.98046875,0.18896484375,0.97998046875,0.1875,0.982421875,0.1953125,1.0,0.0013393665939215804,0.006772129671117773
0,1280,0,task1_initial,IDLGated,0.9814453125,0.18896484375,0.9814453125,0.18701171875,0.982421875,0.19482421875,0.00036984181497246027,0.0008152247216294548,0.005776434749410177
0,1290,0,task1_initial,MLP,0.98974609375,0.197265625,0.0,0.0,0.0,0.0,1.0,0.0,0.0
0,1290,0,task1_initial,ChevronSlow,0.9833984375,0.20458984375,0.98095703125,0.20556640625,0.98681640625,0.19921875,1.0,0.0012805886764224704,0.0072422350296871656
0,1290,0,task1_initial,IDLGated,0.982421875,0.205078125,0.9814453125,0.2060546875,0.98681640625,0.19970703125,0.00036959879798814654,0.0007853350405474848,0.006591536296161864
0,1300,0,task1_initial,MLP,0.98681640625,0.19482421875,0.0,0.0,0.0,0.0,1.0,0.0,0.0
0,1300,0,task1_initial,ChevronSlow,0.98291015625,0.19873046875,0.98193359375,0.19921875,0.98681640625,0.19921875,1.0,0.0015125470463794798,0.006951092048521765
0,1300,0,task1_initial,IDLGated,0.98291015625,0.19677734375,0.982421875,0.197265625,0.9873046875,0.19921875,0.0003711484605446458,0.0009755906842259589,0.00589247767119865
0,1310,0,task1_initial,MLP,0.9912109375,0.19140625,0.0,0.0,0.0,0.0,1.0,0.0,0.0
0,1310,0,task1_initial,ChevronSlow,0.98779296875,0.1962890625,0.98779296875,0.1962890625,0.9892578125,0.19921875,1.0,0.0018784694853520411,0.006163107690151152
0,1310,0,task1_initial,IDLGated,0.98779296875,0.1962890625,0.98828125,0.1962890625,0.990234375,0.19873046875,0.0003734344500117004,0.0012547925057050714,0.004812443944775295
0,1320,0,task1_initial,MLP,0.9775390625,0.19287109375,0.0,0.0,0.0,0.0,1.0,0.0,0.0
0,1320,0,task1_initial,ChevronSlow,0.97119140625,0.19287109375,0.97119140625,0.1923828125,0.9814453125,0.19677734375,1.0,0.002194578840309967,0.0068612929665267585
0,1320,0,task1_initial,IDLGated,0.97314453125,0.1953125,0.970703125,0.1923828125,0.982421875,0.19677734375,0.00037550178240053356,0.0015058328243064808,0.005611781778921359
0,1330,0,task1_initial,MLP,0.9921875,0.1904296875,0.0,0.0,0.0,0.0,1.0,0.0,0.0
0,1330,0,task1_initial,ChevronSlow,0.990234375,0.1943359375,0.99072265625,0.1943359375,0.9873046875,0.197265625,1.0,0.0026597669288564814,0.0053358917968474575
0,1330,0,task1_initial,IDLGated,0.99072265625,0.1943359375,0.98876953125,0.19384765625,0.9873046875,0.19775390625,0.00037907002842985094,0.0019358844978978166,0.0040615998055179015
0,1340,0,task1_initial,MLP,0.98681640625,0.18896484375,0.0,0.0,0.0,0.0,1.0,0.0,0.0
0,1340,0,task1_initial,ChevronSlow,0.98583984375,0.19189453125,0.98681640625,0.1923828125,0.990234375,0.19580078125,1.0,0.002803572123084867,0.005579256226379756
0,1340,0,task1_initial,IDLGated,0.98828125,0.1923828125,0.98681640625,0.19140625,0.9892578125,0.19482421875,0.0003797152603510767,0.0020132351908996792,0.0046642963052746745
0,1350,0,task1_initial,MLP,0.9921875,0.1923828125,0.0,0.0,0.0,0.0,1.0,0.0,0.0
0,1350,0,task1_initial,ChevronSlow,0.98974609375,0.19384765625,0.990234375,0.19384765625,0.9892578125,0.1962890625,1.0,0.0029660689431682376,0.0048833861937207365
0,1350,0,task1_initial,IDLGated,0.990234375,0.1943359375,0.99072265625,0.1943359375,0.98974609375,0.197265625,0.00038041002699173987,0.0020963504664329186,0.004171637988171338
0,1360,0,task1_initial,MLP,0.9853515625,0.1884765625,0.0,0.0,0.0,0.0,1.0,0.0,0.0
0,1360,0,task1_initial,ChevronSlow,0.97802734375,0.1884765625,0.9765625,0.1865234375,0.98486328125,0.193359375,1.0,0.0028081811075476287,0.006141707573094399
0,1360,0,task1_initial,IDLGated,0.98095703125,0.18798828125,0.97900390625,0.18701171875,0.98583984375,0.19287109375,0.00037939034518785775,0.001974299543793678,0.005160303116057403
0,1370,0,task1_initial,MLP,0.99072265625,0.193359375,0.0,0.0,0.0,0.0,1.0,0.0,0.0
0,1370,0,task1_initial,ChevronSlow,0.98828125,0.2001953125,0.9873046875,0.2001953125,0.9892578125,0.197265625,1.0,0.002644167465233903,0.005193221679795744
0,1370,0,task1_initial,IDLGated,0.98779296875,0.20068359375,0.986328125,0.20166015625,0.98876953125,0.19873046875,0.00037842951132915914,0.0018589892960587263,0.0049784236577599455
0,1380,0,task1_initial,MLP,0.9892578125,0.19580078125,0.0,0.0,0.0,0.0,1.0,0.0,0.0
0,1380,0,task1_initial,ChevronSlow,0.98681640625,0.19970703125,0.98583984375,0.19970703125,0.9873046875,0.19873046875,1.0,0.0024897331462739006,0.005347105570141652
0,1380,0,task1_initial,IDLGated,0.986328125,0.19970703125,0.9853515625,0.19970703125,0.98681640625,0.19921875,0.00037752705975435674,0.0017504138182701564,0.005226229190753328
0,1390,0,task1_initial,MLP,0.9853515625,0.19775390625,0.0,0.0,0.0,0.0,1.0,0.0,0.0
0,1390,0,task1_initial,ChevronSlow,0.984375,0.20166015625,0.98291015625,0.203125,0.9873046875,0.19970703125,1.0,0.0023443186640626007,0.005769340548081463
0,1390,0,task1_initial,IDLGated,0.98388671875,0.20263671875,0.98291015625,0.20263671875,0.986328125,0.19970703125,0.0003766791778616607,0.001648179761813064,0.0055311396665018
0,1400,0,task1_initial,MLP,0.99072265625,0.19482421875,0.0,0.0,0.0,0.0,1.0,0.0,0.0
0,1400,0,task1_initial,ChevronSlow,0.98681640625,0.19921875,0.98681640625,0.19873046875,0.98583984375,0.19921875,1.0,0.002207397209173697,0.005448137500446383
0,1400,0,task1_initial,IDLGated,0.986328125,0.197265625,0.98681640625,0.1962890625,0.986328125,0.19921875,0.0003758824896067381,0.0015519167518539946,0.005400250931194233
0,1410,0,task1_initial,MLP,0.98828125,0.18603515625,0.0,0.0,0.0,0.0,1.0,0.0,0.0
0,1410,0,task1_initial,ChevronSlow,0.9833984375,0.18603515625,0.982421875,0.181640625,0.98583984375,0.19287109375,1.0,0.002078472740827743,0.0062754951572611
0,1410,0,task1_initial,IDLGated,0.9833984375,0.18359375,0.98291015625,0.181640625,0.98583984375,0.19189453125,0.0003751341428142041,0.001461276045542305,0.006182809801126355
0,1420,0,task1_initial,MLP,0.98681640625,0.185546875,0.0,0.0,0.0,0.0,1.0,0.0,0.0
0,1420,0,task1_initial,ChevronSlow,0.98291015625,0.1875,0.9814453125,0.18505859375,0.9833984375,0.193359375,1.0,0.001957078189829338,0.005773078560200402
0,1420,0,task1_initial,IDLGated,0.982421875,0.1884765625,0.982421875,0.1865234375,0.982421875,0.1953125,0.00037471219548024237,0.0014101163075766544,0.005405590393771551
0,1430,0,task1_initial,MLP,0.9912109375,0.18701171875,0.0,0.0,0.0,0.0,1.0,0.0,0.0
0,1430,0,task1_initial,ChevronSlow,0.986328125,0.19091796875,0.986328125,0.19091796875,0.9853515625,0.19287109375,1.0,0.001842773766462934,0.00573278689817998
0,1430,0,task1_initial,IDLGated,0.9853515625,0.19091796875,0.98486328125,0.19091796875,0.98486328125,0.19287109375,0.000374062976334244,0.0013312559213611453,0.005657239221648983
0,1440,0,task1_initial,MLP,0.99267578125,0.19140625,0.0,0.0,0.0,0.0,1.0,0.0,0.0
0,1440,0,task1_initial,ChevronSlow,0.98779296875,0.19580078125,0.98828125,0.19677734375,0.986328125,0.19580078125,1.0,0.0017351453672170916,0.005736452161552911
0,1440,0,task1_initial,IDLGated,0.9873046875,0.19677734375,0.9892578125,0.19775390625,0.986328125,0.1962890625,0.00037342379800975323,0.001253503054237545,0.00585667356905833
0,1450,0,task1_initial,MLP,0.9931640625,0.19140625,0.0,0.0,0.0,0.0,1.0,0.0,0.0
0,1450,0,task1_initial,ChevronSlow,0.9912109375,0.19482421875,0.99072265625,0.1943359375,0.98876953125,0.1943359375,1.0,0.0016338030745650372,0.005242143868331215
0,1450,0,task1_initial,IDLGated,0.98876953125,0.19482421875,0.98828125,0.19482421875,0.98779296875,0.19482421875,0.00037282315315678716,0.0011802913938413174,0.005346092244905564
0,1460,0,task1_initial,MLP,0.99365234375,0.19287109375,0.0,0.0,0.0,0.0,1.0,0.0,0.0
0,1460,0,task1_initial,ChevronSlow,0.9892578125,0.193359375,0.9892578125,0.193359375,0.98974609375,0.1943359375,1.0,0.0015383797443665127,0.005225989626780396
0,1460,0,task1_initial,IDLGated,0.98876953125,0.19384765625,0.98828125,0.19384765625,0.98974609375,0.1943359375,0.0003722582769114524,0.0011113557080427209,0.005432077232336985
0,1470,0,task1_initial,MLP,0.99169921875,0.197265625,0.0,0.0,0.0,0.0,1.0,0.0,0.0
0,1470,0,task1_initial,ChevronSlow,0.98779296875,0.20166015625,0.986328125,0.20166015625,0.9892578125,0.1982421875,1.0,0.001448529675773339,0.0057655710948973
0,1470,0,task1_initial,IDLGated,0.986328125,0.2021484375,0.98486328125,0.20263671875,0.98876953125,0.19970703125,0.00037172724842093885,0.0010464462557668959,0.006169077512641355
0,1480,0,task1_initial,MLP,0.98828125,0.20068359375,0.0,0.0,0.0,0.0,1.0,0.0,0.0
0,1480,0,task1_initial,ChevronSlow,0.982421875,0.20703125,0.98193359375,0.20849609375,0.98828125,0.20068359375,1.0,0.0013639273588200063,0.006283405466885593
0,1480,0,task1_initial,IDLGated,0.9814453125,0.20703125,0.97900390625,0.20947265625,0.98681640625,0.20166015625,0.0003712280886247754,0.0009853278822287402,0.006712960902114538
0,1490,0,task1_initial,MLP,0.99365234375,0.19482421875,0.0,0.0,0.0,0.0,1.0,0.0,0.0
0,1490,0,task1_initial,ChevronSlow,0.9892578125,0.19775390625,0.9892578125,0.197265625,0.98876953125,0.1982421875,1.0,0.0012842662951620548,0.006052905498310324
0,1490,0,task1_initial,IDLGated,0.98974609375,0.1962890625,0.9892578125,0.1943359375,0.98876953125,0.19970703125,0.00037075841100886464,0.0009277791670111751,0.005558435096186518
0,1500,0,task1_initial,MLP,0.99267578125,0.19384765625,0.0,0.0,0.0,0.0,1.0,0.0,0.0
0,1500,0,task1_initial,ChevronSlow,0.9892578125,0.1962890625,0.9892578125,0.19580078125,0.9892578125,0.19873046875,1.0,0.0012092578876899919,0.006113956984742911
0,1500,0,task1_initial,IDLGated,0.9873046875,0.1962890625,0.98681640625,0.1962890625,0.98876953125,0.19970703125,0.0003703168476931751,0.0008735916219004594,0.00584761708239445
0,1510,0,task1_initial,MLP,0.99267578125,0.19189453125,0.0,0.0,0.0,0.0,1.0,0.0,0.0
0,1510,0,task1_initial,ChevronSlow,0.990234375,0.193359375,0.990234375,0.19287109375,0.99072265625,0.1953125,1.0,0.0011386303949960312,0.005936689938720376
0,1510,0,task1_initial,IDLGated,0.9912109375,0.1943359375,0.9912109375,0.193359375,0.9892578125,0.19482421875,0.00036990156513638794,0.0008225689355724484,0.005768594588490573
0,1520,0,task1_initial,MLP,0.99267578125,0.19384765625,0.0,0.0,0.0,0.0,1.0,0.0,0.0
0,1520,0,task1_initial,ChevronSlow,0.9873046875,0.19873046875,0.98583984375,0.19921875,0.98828125,0.1982421875,1.0,0.0010721279469058853,0.005351639625945823
0,1520,0,task1_initial,IDLGated,0.986328125,0.19873046875,0.986328125,0.19873046875,0.98876953125,0.19873046875,0.00036951107904314995,0.0007745262623934453,0.005421333268468953
0,1530,0,task1_initial,MLP,0.9921875,0.1923828125,0.0,0.0,0.0,0.0,1.0,0.0,0.0
0,1530,0,task1_initial,ChevronSlow,0.98876953125,0.193359375,0.98779296875,0.193359375,0.98974609375,0.1953125,1.0,0.001009509617509056,0.005200218519568856
0,1530,0,task1_initial,IDLGated,0.98876953125,0.19189453125,0.98779296875,0.19140625,0.98779296875,0.19580078125,0.00036914367228746414,0.0007292895527591005,0.004792258329786672
0,1540,0,task1_initial,MLP,0.99267578125,0.18994140625,0.0,0.0,0.0,0.0,1.0,0.0,0.0
0,1540,0,task1_initial,ChevronSlow,0.98779296875,0.1904296875,0.986328125,0.1904296875,0.99072265625,0.19384765625,1.0,0.0009505485523293997,0.005036487483918911
0,1540,0,task1_initial,IDLGated,0.98876953125,0.19091796875,0.9873046875,0.18994140625,0.9912109375,0.19482421875,0.0003687978896778077,0.0006866949225453015,0.00482917321951006
0,1550,0,task1_initial,MLP,0.99169921875,0.19140625,0.0,0.0,0.0,0.0,1.0,0.0,0.0
0,1550,0,task1_initial,ChevronSlow,0.98828125,0.193359375,0.98828125,0.1923828125,0.990234375,0.1943359375,1.0,0.000895031146473859,0.004720947253730253
0,1550,0,task1_initial,IDLGated,0.98876953125,0.19482421875,0.9873046875,0.1953125,0.9892578125,0.1943359375,0.00036847282899543643,0.0006465880593866951,0.004762420522457211
0,1560,0,task1_initial,MLP,0.99072265625,0.19482421875,0.0,0.0,0.0,0.0,1.0,0.0,0.0
0,1560,0,task1_initial,ChevronSlow,0.98681640625,0.19970703125,0.98583984375,0.19970703125,0.98876953125,0.1982421875,1.0,0.0008427562707819546,0.0051889081701303325
0,1560,0,task1_initial,IDLGated,0.9853515625,0.2001953125,0.98486328125,0.2001953125,0.9873046875,0.19970703125,0.00036816700594499707,0.0006088236636318972,0.0057376785794784205
0,1570,0,task1_initial,MLP,0.9912109375,0.19775390625,0.0,0.0,0.0,0.0,1.0,0.0,0.0
0,1570,0,task1_initial,ChevronSlow,0.98583984375,0.201171875,0.98583984375,0.201171875,0.98828125,0.19921875,1.0,0.0008145000873452532,0.004810530730145923
0,1570,0,task1_initial,IDLGated,0.98681640625,0.201171875,0.986328125,0.201171875,0.98779296875,0.2001953125,0.0003678952343761921,0.0005752644042662746,0.005017713321854821
0,1580,0,task1_initial,MLP,0.990234375,0.19384765625,0.0,0.0,0.0,0.0,1.0,0.0,0.0
0,1580,0,task1_initial,ChevronSlow,0.98681640625,0.19775390625,0.986328125,0.1982421875,0.98779296875,0.1982421875,1.0,0.0008615995993335638,0.00457516073446598
0,1580,0,task1_initial,IDLGated,0.9873046875,0.19775390625,0.986328125,0.1962890625,0.9873046875,0.19873046875,0.0003678984066937119,0.0005756433044370697,0.004866056951056111
0,1590,0,task1_initial,MLP,0.9892578125,0.1884765625,0.0,0.0,0.0,0.0,1.0,0.0,0.0
0,1590,0,task1_initial,ChevronSlow,0.98779296875,0.19189453125,0.9853515625,0.1904296875,0.9912109375,0.193359375,1.0,0.0008359469594112704,0.005568910386745439
0,1590,0,task1_initial,IDLGated,0.98828125,0.19189453125,0.98583984375,0.19091796875,0.98828125,0.19384765625,0.0003685761184897274,0.0006593275627185024,0.005821797565060233
0,1600,0,task1_initial,MLP,0.98876953125,0.1904296875,0.0,0.0,0.0,0.0,1.0,0.0,0.0
0,1600,0,task1_initial,ChevronSlow,0.98828125,0.19140625,0.9892578125,0.189453125,0.99169921875,0.193359375,1.0,0.001066197600428598,0.0045763449708612495
0,1600,0,task1_initial,IDLGated,0.98828125,0.1923828125,0.98876953125,0.189453125,0.9892578125,0.193359375,0.0003720377862919122,0.001084407716186308,0.004731868590603339
0,1610,0,task1_initial,MLP,0.9931640625,0.19140625,0.0,0.0,0.0,0.0,1.0,0.0,0.0
0,1610,0,task1_initial,ChevronSlow,0.98876953125,0.18994140625,0.98876953125,0.189453125,0.98876953125,0.19287109375,1.0,0.00105101523641875,0.004668917325843537
0,1610,0,task1_initial,IDLGated,0.98828125,0.19091796875,0.98876953125,0.18896484375,0.98876953125,0.1923828125,0.000372699840227142,0.0011652564522639693,0.004689741288850624
0,1620,0,task1_initial,MLP,0.9912109375,0.1884765625,0.0,0.0,0.0,0.0,1.0,0.0,0.0
0,1620,0,task1_initial,ChevronSlow,0.98828125,0.18798828125,0.9873046875,0.1865234375,0.9892578125,0.19140625,1.0,0.0009896300085967455,0.0053957239609120815
0,1620,0,task1_initial,IDLGated,0.98681640625,0.1865234375,0.9853515625,0.185546875,0.98828125,0.1904296875,0.0003721424436662346,0.0010971988919977495,0.0051524412792030875
0,1630,0,task1_initial,MLP,0.9931640625,0.19287109375,0.0,0.0,0.0,0.0,1.0,0.0,0.0
0,1630,0,task1_initial,ChevronSlow,0.9892578125,0.197265625,0.98779296875,0.1982421875,0.9912109375,0.19384765625,1.0,0.0009318300248931792,0.005026909481631569
0,1630,0,task1_initial,IDLGated,0.98779296875,0.19970703125,0.9873046875,0.19921875,0.9912109375,0.19482421875,0.0003716183127835393,0.0010331162777619854,0.005349856694925701
0,1640,0,task1_initial,MLP,0.98876953125,0.19482421875,0.0,0.0,0.0,0.0,1.0,0.0,0.0
0,1640,0,task1_initial,ChevronSlow,0.98095703125,0.1962890625,0.97998046875,0.19580078125,0.98828125,0.19482421875,1.0,0.0009760429604947724,0.0055149906154252455
0,1640,0,task1_initial,IDLGated,0.98291015625,0.19677734375,0.97900390625,0.19580078125,0.98876953125,0.19677734375,0.00037180702202022076,0.0010561961465562636,0.005363227401281551
0,1650,0,task1_initial,MLP,0.98974609375,0.18896484375,0.0,0.0,0.0,0.0,1.0,0.0,0.0
0,1650,0,task1_initial,ChevronSlow,0.98583984375,0.1884765625,0.98583984375,0.18701171875,0.9892578125,0.19091796875,1.0,0.001105876673758686,0.005267397727706512
0,1650,0,task1_initial,IDLGated,0.9853515625,0.18701171875,0.98486328125,0.1865234375,0.98828125,0.19091796875,0.00037297888775356114,0.0011992871891883634,0.00555493615421174
0,1660,0,task1_initial,MLP,0.99072265625,0.18798828125,0.0,0.0,0.0,0.0,1.0,0.0,0.0
0,1660,0,task1_initial,ChevronSlow,0.990234375,0.19091796875,0.99072265625,0.19091796875,0.990234375,0.19189453125,1.0,0.0013596999020411003,0.006229097615753512
0,1660,0,task1_initial,IDLGated,0.9892578125,0.1923828125,0.98974609375,0.1923828125,0.99072265625,0.1923828125,0.0003765691362787038,0.0016348899539156596,0.006363767585967823
0,1670,0,task1_initial,MLP,0.98974609375,0.1953125,0.0,0.0,0.0,0.0,1.0,0.0,0.0
0,1670,0,task1_initial,ChevronSlow,0.982421875,0.19873046875,0.98095703125,0.2001953125,0.9873046875,0.197265625,1.0,0.0022153511930415996,0.007540057655945499
0,1670,0,task1_initial,IDLGated,0.98193359375,0.2001953125,0.98046875,0.201171875,0.98681640625,0.19775390625,0.00038548585143871605,0.00269906682760168,0.0077968407640548595
0,1680,0,task1_initial,MLP,0.99267578125,0.193359375,0.0,0.0,0.0,0.0,1.0,0.0,0.0
0,1680,0,task1_initial,ChevronSlow,0.98974609375,0.19482421875,0.98974609375,0.19482421875,0.98974609375,0.19384765625,1.0,0.003764839445243691,0.006294279089793297
0,1680,0,task1_initial,IDLGated,0.990234375,0.19140625,0.98974609375,0.19091796875,0.990234375,0.193359375,0.0004007308161817491,0.0044627295782078405,0.006169268552817818
0,1690,0,task1_initial,MLP,0.986328125,0.18310546875,0.0,0.0,0.0,0.0,1.0,0.0,0.0
0,1690,0,task1_initial,ChevronSlow,0.984375,0.18408203125,0.98388671875,0.1826171875,0.9873046875,0.18798828125,1.0,0.0055509951894175446,0.007561081891203716
0,1690,0,task1_initial,IDLGated,0.98193359375,0.1796875,0.98046875,0.17822265625,0.9873046875,0.1875,0.0004189779283478856,0.006487592410066709,0.007654665577861221
0,1700,0,task1_initial,MLP,0.99365234375,0.19091796875,0.0,0.0,0.0,0.0,1.0,0.0,0.0
0,1700,0,task1_initial,ChevronSlow,0.98974609375,0.19384765625,0.9892578125,0.19482421875,0.9912109375,0.1923828125,1.0,0.007581312792494616,0.005874938941096696
0,1700,0,task1_initial,IDLGated,0.98779296875,0.1962890625,0.9873046875,0.19873046875,0.99072265625,0.193359375,0.00044099599472247064,0.008816649954935828,0.006161422902424335
0,1710,0,task1_initial,MLP,0.994140625,0.19482421875,0.0,0.0,0.0,0.0,1.0,0.0,0.0
0,1710,0,task1_initial,ChevronSlow,0.9912109375,0.19775390625,0.9892578125,0.19873046875,0.99072265625,0.19580078125,1.0,0.009405705969424933,0.005412716938456438
0,1710,0,task1_initial,IDLGated,0.98974609375,0.19873046875,0.98974609375,0.19970703125,0.990234375,0.1962890625,0.0004607714945450425,0.01081146874799301,0.005115818005146834
0,1720,0,task1_initial,MLP,0.98876953125,0.189453125,0.0,0.0,0.0,0.0,1.0,0.0,0.0
0,1720,0,task1_initial,ChevronSlow,0.98876953125,0.18798828125,0.9873046875,0.189453125,0.99072265625,0.1923828125,1.0,0.010700769749919289,0.005611669482562922
0,1720,0,task1_initial,IDLGated,0.986328125,0.18896484375,0.98486328125,0.1875,0.98974609375,0.19140625,0.0004743819881696254,0.012135296822657833,0.004894214915483709
0,1730,0,task1_initial,MLP,0.98974609375,0.19140625,0.0,0.0,0.0,0.0,1.0,0.0,0.0
0,1730,0,task1_initial,ChevronSlow,0.98876953125,0.1923828125,0.98876953125,0.193359375,0.9912109375,0.1923828125,1.0,0.011274272059210513,0.005091492969738231
0,1730,0,task1_initial,IDLGated,0.98828125,0.193359375,0.9873046875,0.19384765625,0.9892578125,0.1923828125,0.0004800424794666469,0.01267473967553003,0.004679240084709707
0,1740,0,task1_initial,MLP,0.9921875,0.193359375,0.0,0.0,0.0,0.0,1.0,0.0,0.0
0,1740,0,task1_initial,ChevronSlow,0.98828125,0.19580078125,0.9873046875,0.1982421875,0.99072265625,0.19384765625,1.0,0.011313831948576122,0.005328499066545001
0,1740,0,task1_initial,IDLGated,0.98828125,0.19873046875,0.98681640625,0.19921875,0.99072265625,0.19482421875,0.00048071652418002486,0.012738548663107925,0.005697723533088467
0,1750,0,task1_initial,MLP,0.9921875,0.19287109375,0.0,0.0,0.0,0.0,1.0,0.0,0.0
0,1750,0,task1_initial,ChevronSlow,0.99072265625,0.1923828125,0.99072265625,0.1923828125,0.9912109375,0.19287109375,1.0,0.011634528382041863,0.004444026116755153
0,1750,0,task1_initial,IDLGated,0.99072265625,0.19140625,0.990234375,0.19140625,0.9912109375,0.19287109375,0.00048498890828341246,0.013140925584317509,0.004327226064168064
0,1760,0,task1_initial,MLP,0.99365234375,0.19091796875,0.0,0.0,0.0,0.0,1.0,0.0,0.0
0,1760,0,task1_initial,ChevronSlow,0.9912109375,0.19091796875,0.99072265625,0.19091796875,0.99169921875,0.19287109375,1.0,0.01157415031856278,0.004531671813707231
0,1760,0,task1_initial,IDLGated,0.9892578125,0.19091796875,0.98974609375,0.1904296875,0.9892578125,0.19287109375,0.00048501824494451284,0.013143690667039645,0.00444373831840315
0,1770,0,task1_initial,MLP,0.99267578125,0.193359375,0.0,0.0,0.0,0.0,1.0,0.0,0.0
0,1770,0,task1_initial,ChevronSlow,0.98974609375,0.1982421875,0.98828125,0.19873046875,0.9912109375,0.193359375,1.0,0.010927643204920975,0.00439138187526954
0,1770,0,task1_initial,IDLGated,0.98779296875,0.2001953125,0.98828125,0.20068359375,0.99072265625,0.1953125,0.0004777012800332159,0.012452408381259938,0.004915742183569403
0,1780,0,task1_initial,MLP,0.9931640625,0.1962890625,0.0,0.0,0.0,0.0,1.0,0.0,0.0
0,1780,0,task1_initial,ChevronSlow,0.98876953125,0.19970703125,0.98828125,0.19970703125,0.990234375,0.19580078125,1.0,0.010289407102866605,0.00527627885601782
0,1780,0,task1_initial,IDLGated,0.98876953125,0.19970703125,0.9873046875,0.2001953125,0.98974609375,0.19677734375,0.0004701223224401474,0.011725117378304652,0.005583345745802582
0,1790,0,task1_initial,MLP,0.99267578125,0.19140625,0.0,0.0,0.0,0.0,1.0,0.0,0.0
0,1790,0,task1_initial,ChevronSlow,0.98779296875,0.19482421875,0.98779296875,0.19384765625,0.990234375,0.1953125,1.0,0.009766923091953369,0.0047770236952787625
0,1790,0,task1_initial,IDLGated,0.98974609375,0.193359375,0.98828125,0.1923828125,0.990234375,0.19482421875,0.0004653319192584604,0.011259347107837379,0.004944883262391014
0,1800,0,task1_initial,MLP,0.99365234375,0.18994140625,0.0,0.0,0.0,0.0,1.0,0.0,0.0
0,1800,0,task1_initial,ChevronSlow,0.98974609375,0.19189453125,0.990234375,0.19091796875,0.99169921875,0.193359375,1.0,0.00937355756322588,0.00408271051700515
0,1800,0,task1_initial,IDLGated,0.98876953125,0.19140625,0.9892578125,0.189453125,0.98974609375,0.193359375,0.00046237127389758825,0.0109690858625232,0.004150534619821686
0,1810,0,task1_initial,MLP,0.99462890625,0.19189453125,0.0,0.0,0.0,0.0,1.0,0.0,0.0
0,1810,0,task1_initial,ChevronSlow,0.98974609375,0.1962890625,0.98974609375,0.1962890625,0.9912109375,0.19482421875,1.0,0.008826088842903694,0.004620973044142663
0,1810,0,task1_initial,IDLGated,0.98974609375,0.197265625,0.9892578125,0.197265625,0.990234375,0.1962890625,0.00045666209189221263,0.010404094218710646,0.004612693331649784
0,1820,0,task1_initial,MLP,0.99072265625,0.19580078125,0.0,0.0,0.0,0.0,1.0,0.0,0.0
0,1820,0,task1_initial,ChevronSlow,0.9892578125,0.197265625,0.9892578125,0.1982421875,0.98974609375,0.19677734375,1.0,0.008310595388931506,0.00451033961173679
0,1820,0,task1_initial,IDLGated,0.9892578125,0.2001953125,0.98876953125,0.2001953125,0.990234375,0.1982421875,0.0004506006953306496,0.009796436335392676,0.004566797353350669
0,1830,0,task1_initial,MLP,0.9912109375,0.193359375,0.0,0.0,0.0,0.0,1.0,0.0,0.0
0,1830,0,task1_initial,ChevronSlow,0.98779296875,0.1953125,0.98779296875,0.1953125,0.9892578125,0.19580078125,1.0,0.007825209665100948,0.004560248267299871
0,1830,0,task1_initial,IDLGated,0.98876953125,0.19580078125,0.98828125,0.1953125,0.9892578125,0.197265625,0.00044496660120785236,0.009224269105599783,0.004514297586687049
0,1840,0,task1_initial,MLP,0.99169921875,0.19384765625,0.0,0.0,0.0,0.0,1.0,0.0,0.0
0,1840,0,task1_initial,ChevronSlow,0.98486328125,0.19873046875,0.98388671875,0.19921875,0.98974609375,0.19775390625,1.0,0.007368173209869401,0.004832348483002507
0,1840,0,task1_initial,IDLGated,0.98388671875,0.19921875,0.984375,0.19873046875,0.9873046875,0.197265625,0.0004397261654958129,0.008685519674651362,0.004730166250115356
0,1850,0,task1_initial,MLP,0.99462890625,0.19384765625,0.0,0.0,0.0,0.0,1.0,0.0,0.0
0,1850,0,task1_initial,ChevronSlow,0.990234375,0.197265625,0.990234375,0.1982421875,0.990234375,0.19677734375,1.0,0.006937830265783272,0.004472311763542487
0,1850,0,task1_initial,IDLGated,0.990234375,0.1982421875,0.98974609375,0.19873046875,0.990234375,0.19775390625,0.00043484807247295976,0.00817823625429136,0.004468286228406697
0,1860,0,task1_initial,MLP,0.98974609375,0.18994140625,0.0,0.0,0.0,0.0,1.0,0.0,0.0
0,1860,0,task1_initial,ChevronSlow,0.98583984375,0.19091796875,0.984375,0.189453125,0.98974609375,0.19482421875,1.0,0.0065326217809789444,0.005800646717659837
0,1860,0,task1_initial,IDLGated,0.98583984375,0.19091796875,0.9853515625,0.1884765625,0.98828125,0.1953125,0.0004303045279812068,0.007700581051725071,0.005706205471445932
0,1870,0,task1_initial,MLP,0.9912109375,0.18994140625,0.0,0.0,0.0,0.0,1.0,0.0,0.0
0,1870,0,task1_initial,ChevronSlow,0.98583984375,0.1923828125,0.9853515625,0.19189453125,0.98828125,0.19482421875,1.0,0.006164050709706432,0.005458548100168594
0,1870,0,task1_initial,IDLGated,0.9853515625,0.19384765625,0.9853515625,0.1943359375,0.98779296875,0.19580078125,0.00042724923696368933,0.007376562435457283,0.005551212993448072
0,1880,0,task1_initial,MLP,0.99462890625,0.19384765625,0.0,0.0,0.0,0.0,1.0,0.0,0.0
0,1880,0,task1_initial,ChevronSlow,0.98974609375,0.197265625,0.990234375,0.19677734375,0.99072265625,0.1962890625,1.0,0.006097859002150143,0.0044314698955412206
0,1880,0,task1_initial,IDLGated,0.9873046875,0.19873046875,0.986328125,0.19873046875,0.98974609375,0.19775390625,0.000427764724008739,0.007431399464727266,0.005164376858688791
0,1890,0,task1_initial,MLP,0.9951171875,0.19482421875,0.0,0.0,0.0,0.0,1.0,0.0,0.0
0,1890,0,task1_initial,ChevronSlow,0.990234375,0.19482421875,0.99072265625,0.19482421875,0.99072265625,0.1962890625,1.0,0.006118945959621146,0.004212179185262788
0,1890,0,task1_initial,IDLGated,0.99072265625,0.1953125,0.9892578125,0.19482421875,0.990234375,0.19677734375,0.0004280857683625072,0.007465502961191645,0.004857233667155255
0,1900,0,task1_initial,MLP,0.9912109375,0.1865234375,0.0,0.0,0.0,0.0,1.0,0.0,0.0
0,1900,0,task1_initial,ChevronSlow,0.990234375,0.1884765625,0.98974609375,0.1875,0.9912109375,0.1923828125,1.0,0.005848259289944153,0.005151851721588759
0,1900,0,task1_initial,IDLGated,0.98828125,0.1865234375,0.986328125,0.18603515625,0.98974609375,0.19287109375,0.0004259728593751788,0.0072405090246548,0.0054049734202956164
0,1910,0,task1_initial,MLP,0.9931640625,0.19580078125,0.0,0.0,0.0,0.0,1.0,0.0,0.0
0,1910,0,task1_initial,ChevronSlow,0.98828125,0.19970703125,0.9873046875,0.20166015625,0.98974609375,0.19677734375,1.0,0.005506687905975803,0.0049230014280833906
0,1910,0,task1_initial,IDLGated,0.9853515625,0.20263671875,0.98388671875,0.20458984375,0.98974609375,0.19873046875,0.0004227223980706185,0.006892174787866767,0.005929538548445684
0,1920,0,task1_initial,MLP,0.99267578125,0.197265625,0.0,0.0,0.0,0.0,1.0,0.0,0.0
0,1920,0,task1_initial,ChevronSlow,0.98876953125,0.19921875,0.9892578125,0.20068359375,0.99072265625,0.197265625,1.0,0.00518506622063772,0.004156727044847059
0,1920,0,task1_initial,IDLGated,0.98974609375,0.19873046875,0.98974609375,0.19921875,0.990234375,0.19775390625,0.00041899693314917386,0.006489632840916615,0.0038851919414129767
0,1930,0,task1_initial,MLP,0.98779296875,0.18994140625,0.0,0.0,0.0,0.0,1.0,0.0,0.0
0,1930,0,task1_initial,ChevronSlow,0.98291015625,0.1923828125,0.98046875,0.1923828125,0.98779296875,0.19580078125,1.0,0.004882229058818295,0.004645995930183463
0,1930,0,task1_initial,IDLGated,0.98388671875,0.18994140625,0.98193359375,0.1884765625,0.98828125,0.1953125,0.00041551890899427235,0.006110601617945734,0.004499530030389964
0,1940,0,task1_initial,MLP,0.994140625,0.19189453125,0.0,0.0,0.0,0.0,1.0,0.0,0.0
0,1940,0,task1_initial,ChevronSlow,0.9892578125,0.19482421875,0.98974609375,0.193359375,0.9912109375,0.1943359375,1.0,0.0045970792982154285,0.004035424756015947
0,1940,0,task1_initial,IDLGated,0.9873046875,0.1943359375,0.98779296875,0.1943359375,0.990234375,0.1953125,0.0004122705140616745,0.0057537079598430855,0.0037852155635599402
0,1950,0,task1_initial,MLP,0.994140625,0.19140625,0.0,0.0,0.0,0.0,1.0,0.0,0.0
0,1950,0,task1_initial,ChevronSlow,0.98828125,0.19580078125,0.98828125,0.1953125,0.98974609375,0.19580078125,1.0,0.004328583894667976,0.0042297627062392994
0,1950,0,task1_initial,IDLGated,0.9873046875,0.1962890625,0.98583984375,0.19775390625,0.98974609375,0.19677734375,0.0004092351591680199,0.005417658907747776,0.003653403776591374
0,1960,0,task1_initial,MLP,0.99462890625,0.19189453125,0.0,0.0,0.0,0.0,1.0,0.0,0.0
0,1960,0,task1_initial,ChevronSlow,0.9892578125,0.19677734375,0.9892578125,0.19677734375,0.990234375,0.1962890625,1.0,0.0040757701396302816,0.004060793058193121
0,1960,0,task1_initial,IDLGated,0.98974609375,0.19775390625,0.98974609375,0.1982421875,0.990234375,0.197265625,0.00040639739017933607,0.005101237018901335,0.003538621756195016
0,1970,0,task1_initial,MLP,0.99365234375,0.19287109375,0.0,0.0,0.0,0.0,1.0,0.0,0.0
0,1970,0,task1_initial,ChevronSlow,0.98974609375,0.19384765625,0.98974609375,0.1923828125,0.98974609375,0.1943359375,1.0,0.0038377221362313604,0.00482864428715012
0,1970,0,task1_initial,IDLGated,0.9912109375,0.1923828125,0.9912109375,0.1923828125,0.98974609375,0.1953125,0.00040374317904934287,0.0048032959560806825,0.004379308701035033
0,1980,0,task1_initial,MLP,0.9912109375,0.18896484375,0.0,0.0,0.0,0.0,1.0,0.0,0.0
0,1980,0,task1_initial,ChevronSlow,0.98681640625,0.19091796875,0.986328125,0.18994140625,0.98876953125,0.193359375,1.0,0.0036135774811521153,0.004811003309273541
0,1980,0,task1_initial,IDLGated,0.986328125,0.19091796875,0.98583984375,0.19091796875,0.98828125,0.19384765625,0.00040126009844243526,0.00452275633463313,0.004442150281716145
0,1990,0,task1_initial,MLP,0.9892578125,0.18701171875,0.0,0.0,0.0,0.0,1.0,0.0,0.0
0,1990,0,task1_initial,ChevronSlow,0.9873046875,0.1904296875,0.98681640625,0.189453125,0.9873046875,0.1923828125,1.0,0.0034025241402996817,0.004634669104013426
0,1990,0,task1_initial,IDLGated,0.986328125,0.18994140625,0.986328125,0.189453125,0.98681640625,0.19189453125,0.0003989359538536519,0.004258601812068003,0.00458366661868674
0,2000,0,task1_initial,MLP,0.9921875,0.193359375,0.0,0.0,0.0,0.0,1.0,0.0,0.0
0,2000,0,task1_initial,ChevronSlow,0.990234375,0.1962890625,0.990234375,0.197265625,0.9892578125,0.1943359375,1.0,0.003203797506960039,0.004426796275559691
0,2000,0,task1_initial,IDLGated,0.98974609375,0.19775390625,0.9892578125,0.19775390625,0.98876953125,0.1962890625,0.0003967597440350801,0.004009875406038204,0.0046997293792690855
0,2010,0,task1_initial,MLP,0.9931640625,0.1953125,0.0,0.0,0.0,0.0,1.0,0.0,0.0
0,2010,0,task1_initial,ChevronSlow,0.98974609375,0.19873046875,0.98876953125,0.19921875,0.990234375,0.1962890625,1.0,0.003016677631771136,0.004826745581740116
0,2010,0,task1_initial,IDLGated,0.98779296875,0.19921875,0.98681640625,0.19921875,0.99072265625,0.19677734375,0.000394721602788195,0.003775676027372454,0.004954496584174489
0,2020,0,task1_initial,MLP,0.9931640625,0.19287109375,0.0,0.0,0.0,0.0,1.0,0.0,0.0
0,2020,0,task1_initial,ChevronSlow,0.98974609375,0.1923828125,0.98974609375,0.1923828125,0.99169921875,0.19482421875,1.0,0.002840486614481225,0.004651396329008051
0,2020,0,task1_initial,IDLGated,0.99072265625,0.18994140625,0.98876953125,0.1884765625,0.9892578125,0.19384765625,0.00039281207136809826,0.0035551552155980415,0.005372601143382968
0,2030,0,task1_initial,MLP,0.9931640625,0.19482421875,0.0,0.0,0.0,0.0,1.0,0.0,0.0
0,2030,0,task1_initial,ChevronSlow,0.98876953125,0.19921875,0.98681640625,0.19970703125,0.9921875,0.1962890625,1.0,0.0027237796241007467,0.004849233348534604
0,2030,0,task1_initial,IDLGated,0.9873046875,0.20166015625,0.986328125,0.20166015625,0.98876953125,0.197265625,0.0003917098802048713,0.003427390322548082,0.0056357498498871205
0,2040,0,task1_initial,MLP,0.98828125,0.19287109375,0.0,0.0,0.0,0.0,1.0,0.0,0.0
0,2040,0,task1_initial,ChevronSlow,0.98779296875,0.1953125,0.986328125,0.1962890625,0.990234375,0.1962890625,1.0,0.0028338599559011553,0.004423904769911285
0,2040,0,task1_initial,IDLGated,0.9873046875,0.197265625,0.986328125,0.19677734375,0.990234375,0.197265625,0.0003932682448066771,0.00360794471625166,0.004091930973352348
0,2050,0,task1_initial,MLP,0.994140625,0.193359375,0.0,0.0,0.0,0.0,1.0,0.0,0.0
0,2050,0,task1_initial,ChevronSlow,0.98583984375,0.1982421875,0.98583984375,0.19921875,0.990234375,0.19677734375,1.0,0.0027109600933130635,0.004718052613009584
0,2050,0,task1_initial,IDLGated,0.986328125,0.19775390625,0.9853515625,0.1982421875,0.98828125,0.19677734375,0.0003920595336239785,0.0034679603711671777,0.004361535542216829
0,2060,0,task1_initial,MLP,0.99462890625,0.193359375,0.0,0.0,0.0,0.0,1.0,0.0,0.0
0,2060,0,task1_initial,ChevronSlow,0.990234375,0.19482421875,0.98974609375,0.1943359375,0.99169921875,0.19482421875,1.0,0.0025526247075089306,0.004596455180305387
0,2060,0,task1_initial,IDLGated,0.9892578125,0.1953125,0.98779296875,0.19482421875,0.990234375,0.19677734375,0.00039031708729453385,0.003265411892243925,0.004074516834519845
0,2070,0,task1_initial,MLP,0.990234375,0.18798828125,0.0,0.0,0.0,0.0,1.0,0.0,0.0
0,2070,0,task1_initial,ChevronSlow,0.9814453125,0.18408203125,0.98095703125,0.181640625,0.9873046875,0.1923828125,1.0,0.0024035370027974045,0.006652785647543755
0,2070,0,task1_initial,IDLGated,0.98291015625,0.18359375,0.98193359375,0.1806640625,0.98681640625,0.19189453125,0.00038880042848177254,0.0030883740152113583,0.005927715562585746
0,2080,0,task1_initial,MLP,0.99365234375,0.18896484375,0.0,0.0,0.0,0.0,1.0,0.0,0.0
0,2080,0,task1_initial,ChevronSlow,0.9912109375,0.1904296875,0.9912109375,0.18994140625,0.99169921875,0.193359375,1.0,0.002364686632911631,0.004504314311477369
0,2080,0,task1_initial,IDLGated,0.9912109375,0.18994140625,0.990234375,0.189453125,0.9892578125,0.193359375,0.0003889216168317944,0.0031025497303925425,0.004277700187298036
0,2090,0,task1_initial,MLP,0.99169921875,0.1943359375,0.0,0.0,0.0,0.0,1.0,0.0,0.0
0,2090,0,task1_initial,ChevronSlow,0.98974609375,0.19482421875,0.990234375,0.1953125,0.98974609375,0.193359375,1.0,0.0022644390633589718,0.00437901664931794
0,2090,0,task1_initial,IDLGated,0.9892578125,0.19677734375,0.9892578125,0.197265625,0.99072265625,0.19482421875,0.00038769154343754053,0.002958510733439631,0.004352567187721129
0,2100,0,task1_initial,MLP,0.99267578125,0.1962890625,0.0,0.0,0.0,0.0,1.0,0.0,0.0
0,2100,0,task1_initial,ChevronSlow,0.98974609375,0.2001953125,0.98876953125,0.20068359375,0.9912109375,0.1962890625,1.0,0.0021321830284541125,0.0047480551145918605
0,2100,0,task1_initial,IDLGated,0.9873046875,0.20068359375,0.98681640625,0.20166015625,0.9912109375,0.19677734375,0.00038622115971520543,0.0027857169916430283,0.0042780224031189465
0,2110,0,task1_initial,MLP,0.99169921875,0.18896484375,0.0,0.0,0.0,0.0,1.0,0.0,0.0
0,2110,0,task1_initial,ChevronSlow,0.98779296875,0.18798828125,0.9873046875,0.1865234375,0.9892578125,0.1923828125,1.0,0.0020076514932064926,0.00562959684964564
0,2110,0,task1_initial,IDLGated,0.9853515625,0.1845703125,0.9853515625,0.18212890625,0.98779296875,0.19140625,0.00038484163815155625,0.002623015380615664,0.0062791669151138225
0,2120,0,task1_initial,MLP,0.98974609375,0.1875,0.0,0.0,0.0,0.0,1.0,0.0,0.0
0,2120,0,task1_initial,ChevronSlow,0.9892578125,0.18798828125,0.98828125,0.1875,0.98828125,0.18994140625,1.0,0.00190730203264001,0.004773425915748626
0,2120,0,task1_initial,IDLGated,0.98681640625,0.189453125,0.986328125,0.18798828125,0.98681640625,0.19091796875,0.0003849502536468208,0.0026358525648363775,0.004526708246913323
0,2130,0,task1_initial,MLP,0.9921875,0.189453125,0.0,0.0,0.0,0.0,1.0,0.0,0.0
0,2130,0,task1_initial,ChevronSlow,0.98779296875,0.19140625,0.98828125,0.19140625,0.98828125,0.19140625,1.0,0.0018274210024792807,0.003975333249412234
0,2130,0,task1_initial,IDLGated,0.98828125,0.19384765625,0.98828125,0.19384765625,0.98779296875,0.1923828125,0.00038479891372844577,0.0026179544096281283,0.0036468167521215436
0,2140,0,task1_initial,MLP,0.99365234375,0.19287109375,0.0,0.0,0.0,0.0,1.0,0.0,0.0
0,2140,0,task1_initial,ChevronSlow,0.990234375,0.193359375,0.9892578125,0.193359375,0.9912109375,0.193359375,1.0,0.0017206892913899726,0.004150305748573618
0,2140,0,task1_initial,IDLGated,0.9892578125,0.19140625,0.98828125,0.19189453125,0.9892578125,0.19384765625,0.00038350705290213227,0.0024650510812137573,0.004122774883481665
0,2150,0,task1_initial,MLP,0.99609375,0.193359375,0.0,0.0,0.0,0.0,1.0,0.0,0.0
0,2150,0,task1_initial,ChevronSlow,0.99169921875,0.1943359375,0.9921875,0.19482421875,0.9912109375,0.19384765625,1.0,0.0016201913152400116,0.004134176611343193
0,2150,0,task1_initial,IDLGated,0.9912109375,0.1962890625,0.99072265625,0.19775390625,0.99072265625,0.19482421875,0.0003822948201559484,0.0023210781710504493,0.004023852241477015
0,2160,0,task1_initial,MLP,0.99169921875,0.19189453125,0.0,0.0,0.0,0.0,1.0,0.0,0.0
0,2160,0,task1_initial,ChevronSlow,0.990234375,0.19140625,0.9892578125,0.19140625,0.990234375,0.193359375,1.0,0.0015255629886896482,0.004290022055001542
0,2160,0,task1_initial,IDLGated,0.98876953125,0.1904296875,0.98828125,0.18994140625,0.990234375,0.1923828125,0.00038115671486593783,0.0021855140922573558,0.004846783349464044
0,2170,0,task1_initial,MLP,0.99462890625,0.19140625,0.0,0.0,0.0,0.0,1.0,0.0,0.0
0,2170,0,task1_initial,ChevronSlow,0.99072265625,0.19482421875,0.99072265625,0.19580078125,0.99169921875,0.1943359375,1.0,0.0014364614910399788,0.0044610841988479465
0,2170,0,task1_initial,IDLGated,0.990234375,0.19775390625,0.990234375,0.1982421875,0.98974609375,0.1953125,0.00038008831324987113,0.0020578677215743264,0.005048185004817326
0,2180,0,task1_initial,MLP,0.99365234375,0.1904296875,0.0,0.0,0.0,0.0,1.0,0.0,0.0
0,2180,0,task1_initial,ChevronSlow,0.99169921875,0.193359375,0.9921875,0.193359375,0.99072265625,0.1943359375,1.0,0.0013525640242577814,0.003944590238140111
0,2180,0,task1_initial,IDLGated,0.9892578125,0.1923828125,0.98974609375,0.19091796875,0.98828125,0.19384765625,0.0003790848422795534,0.0019376766201143478,0.003936566889559446
0,2190,0,task1_initial,MLP,0.98974609375,0.1953125,0.0,0.0,0.0,0.0,1.0,0.0,0.0
0,2190,0,task1_initial,ChevronSlow,0.9833984375,0.1982421875,0.98095703125,0.197265625,0.98974609375,0.1953125,1.0,0.0012735666435387154,0.005289110348171196
0,2190,0,task1_initial,IDLGated,0.98388671875,0.19921875,0.98046875,0.19873046875,0.98876953125,0.1962890625,0.00037814260576851666,0.0018245053580340895,0.005048865828678565
0,2200,0,end_task1,MLP,0.99462890625,0.19189453125,0.0,0.0,0.0,0.0,1.0,0.0,0.0
0,2200,0,end_task1,ChevronSlow,0.990234375,0.193359375,0.98974609375,0.1923828125,0.99169921875,0.1943359375,1.0,0.0011991831561722378,0.004604033139723156
0,2200,0,end_task1,IDLGated,0.98876953125,0.19091796875,0.9892578125,0.1904296875,0.9892578125,0.19482421875,0.00037725758738815784,0.001717943937053159,0.004721265008570983
0,2210,0,task2,MLP,0.923828125,0.2578125,0.0,0.0,0.0,0.0,1.0,0.0,0.0
0,2210,0,task2,ChevronSlow,0.8642578125,0.30029296875,0.814453125,0.34912109375,0.95751953125,0.22607421875,1.0,0.003918081764605602,0.06088203761723627
0,2210,0,task2,IDLGated,0.87890625,0.28857421875,0.81103515625,0.35595703125,0.98974609375,0.18994140625,0.0004172081535216421,0.006295081847515383,0.0913369339203019
0,2220,0,task2,MLP,0.07421875,0.8076171875,0.0,0.0,0.0,0.0,1.0,0.0,0.0
0,2220,0,task2,ChevronSlow,0.07568359375,0.78857421875,0.0703125,0.77197265625,0.90625,0.27587890625,1.0,0.026520312184817433,0.10895341125974166
0,2220,0,task2,IDLGated,0.11279296875,0.765625,0.0703125,0.79345703125,0.98876953125,0.1904296875,0.0009028224740177393,0.04140539702629497,0.16762816834950497
0,2230,0,task2,MLP,0.05517578125,0.8203125,0.0,0.0,0.0,0.0,1.0,0.0,0.0
0,2230,0,task2,ChevronSlow,0.0576171875,0.8251953125,0.04638671875,0.81494140625,0.86181640625,0.30712890625,1.0,0.075289561427029,0.11305335614739584
0,2230,0,task2,IDLGated,0.10107421875,0.81396484375,0.060546875,0.82763671875,0.98876953125,0.1904296875,0.005041549913585186,0.11977329894989015,0.1967398296550606
0,2240,0,task2,MLP,0.083984375,0.83837890625,0.0,0.0,0.0,0.0,1.0,0.0,0.0
0,2240,0,task2,ChevronSlow,0.17138671875,0.83447265625,0.1318359375,0.83837890625,0.83447265625,0.33447265625,1.0,0.13803037529198053,0.11225589114849044
0,2240,0,task2,IDLGated,0.19482421875,0.83056640625,0.146484375,0.845703125,0.9892578125,0.19091796875,0.05295075103640556,0.22890959465301222,0.20814644050471368
0,2250,0,task2,MLP,0.11376953125,0.85546875,0.0,0.0,0.0,0.0,1.0,0.0,0.0
0,2250,0,task2,ChevronSlow,0.20947265625,0.83544921875,0.1611328125,0.85009765625,0.81884765625,0.349609375,1.0,0.20319175837813294,0.11524327419706731
0,2250,0,task2,IDLGated,0.19384765625,0.84228515625,0.14453125,0.85791015625,0.98876953125,0.1923828125,0.46624740958213806,0.3538538165248752,0.21163806721652056
0,2260,0,task2,MLP,0.1240234375,0.87158203125,0.0,0.0,0.0,0.0,1.0,0.0,0.0
0,2260,0,task2,ChevronSlow,0.19384765625,0.84619140625,0.14013671875,0.85205078125,0.8037109375,0.36865234375,1.0,0.26630852675297106,0.11683603908652693
0,2260,0,task2,IDLGated,0.1650390625,0.85546875,0.115234375,0.85693359375,0.9873046875,0.2021484375,0.9419573545455933,0.48667189033257774,0.2093283944793418
0,2270,0,task2,MLP,0.13037109375,0.88671875,0.0,0.0,0.0,0.0,1.0,0.0,0.0
0,2270,0,task2,ChevronSlow,0.17919921875,0.8486328125,0.12109375,0.8583984375,0.7900390625,0.38720703125,1.0,0.32619148741059284,0.11720961757322068
0,2270,0,task2,IDLGated,0.1591796875,0.8681640625,0.11181640625,0.85791015625,0.974609375,0.2158203125,0.9968041181564331,0.6210312225142381,0.20831972485104486
0,2280,0,task2,MLP,0.14599609375,0.89794921875,0.0,0.0,0.0,0.0,1.0,0.0,0.0
0,2280,0,task2,ChevronSlow,0.1767578125,0.853515625,0.12255859375,0.86328125,0.771484375,0.404296875,1.0,0.3822608965994871,0.11776190595124887
0,2280,0,task2,IDLGated,0.17431640625,0.8720703125,0.12548828125,0.8623046875,0.9560546875,0.23193359375,0.9998168349266052,0.7511348183170226,0.20932212891866792
0,2290,0,task2,MLP,0.13818359375,0.9052734375,0.0,0.0,0.0,0.0,1.0,0.0,0.0
0,2290,0,task2,ChevronSlow,0.1552734375,0.87255859375,0.107421875,0.8740234375,0.744140625,0.42822265625,1.0,0.43398630977825314,0.12061125118527616
0,2290,0,task2,IDLGated,0.16015625,0.8876953125,0.111328125,0.873046875,0.9345703125,0.2421875,0.9999873638153076,0.8725614066846374,0.2094678615067484
0,2300,0,task2,MLP,0.13623046875,0.91064453125,0.0,0.0,0.0,0.0,1.0,0.0,0.0
0,2300,0,task2,ChevronSlow,0.1416015625,0.88671875,0.10498046875,0.8837890625,0.6171875,0.57666015625,1.0,0.4821667374995551,0.12204414717706702
0,2300,0,task2,IDLGated,0.1337890625,0.89501953125,0.1025390625,0.8701171875,0.92041015625,0.25830078125,0.999998927116394,0.9834028977517738,0.20768172950652553
0,2310,0,task2,MLP,0.1513671875,0.9130859375,0.0,0.0,0.0,0.0,1.0,0.0,0.0
0,2310,0,task2,ChevronSlow,0.14404296875,0.888671875,0.10986328125,0.89013671875,0.5302734375,0.6513671875,1.0,0.527114392410862,0.12394091325166598
0,2310,0,task2,IDLGated,0.14306640625,0.90185546875,0.11083984375,0.87255859375,0.91357421875,0.27294921875,0.9999998807907104,1.0834244784058509,0.2086191223492279
0,2320,0,task2,MLP,0.1650390625,0.9287109375,0.0,0.0,0.0,0.0,1.0,0.0,0.0
0,2320,0,task2,ChevronSlow,0.15478515625,0.8935546875,0.11962890625,0.89697265625,0.51025390625,0.673828125,1.0,0.5681452213718295,0.12574597252731798
0,2320,0,task2,IDLGated,0.16015625,0.908203125,0.11767578125,0.88720703125,0.90380859375,0.28125,1.0,1.174151079947178,0.21060604252826642
0,2330,0,task2,MLP,0.1728515625,0.93603515625,0.0,0.0,0.0,0.0,1.0,0.0,0.0
0,2330,0,task2,ChevronSlow,0.16748046875,0.90478515625,0.13330078125,0.91015625,0.49462890625,0.6923828125,1.0,0.6041142634915062,0.12981861138710513
0,2330,0,task2,IDLGated,0.1708984375,0.90576171875,0.125,0.900390625,0.89599609375,0.28662109375,1.0,1.2534213244236185,0.2115172299412889
0,2340,0,task2,MLP,0.16064453125,0.94140625,0.0,0.0,0.0,0.0,1.0,0.0,0.0
0,2340,0,task2,ChevronSlow,0.17041015625,0.9140625,0.13623046875,0.916015625,0.45751953125,0.720703125,1.0,0.6363213776910531,0.1312449864471561
0,2340,0,task2,IDLGated,0.16015625,0.9189453125,0.11767578125,0.900390625,0.892578125,0.29541015625,1.0,1.323326257811345,0.21196725533655017
0,2350,0,task2,MLP,0.16357421875,0.93701171875,0.0,0.0,0.0,0.0,1.0,0.0,0.0
0,2350,0,task2,ChevronSlow,0.1689453125,0.91455078125,0.14892578125,0.916015625,0.43017578125,0.73876953125,1.0,0.6656388117700217,0.13010582214095134
0,2350,0,task2,IDLGated,0.16162109375,0.92138671875,0.1328125,0.89013671875,0.88818359375,0.29736328125,1.0,1.3860872740111638,0.21157099490136913
0,2360,0,task2,MLP,0.166015625,0.94482421875,0.0,0.0,0.0,0.0,1.0,0.0,0.0
0,2360,0,task2,ChevronSlow,0.1748046875,0.92578125,0.15625,0.927734375,0.40625,0.7568359375,1.0,0.6925876466357026,0.13230167305327495
0,2360,0,task2,IDLGated,0.17138671875,0.93505859375,0.1376953125,0.90625,0.88525390625,0.3056640625,1.0,1.443183840212988,0.21217620607028911
0,2370,0,task2,MLP,0.173828125,0.94970703125,0.0,0.0,0.0,0.0,1.0,0.0,0.0
0,2370,0,task2,ChevronSlow,0.181640625,0.935546875,0.166015625,0.943359375,0.4013671875,0.763671875,1.0,0.7172568254786585,0.13582734479320657
0,2370,0,task2,IDLGated,0.17919921875,0.93896484375,0.14404296875,0.9130859375,0.8798828125,0.3115234375,1.0,1.4924959593055578,0.21212726979612387
0,2380,0,task2,MLP,0.171875,0.951171875,0.0,0.0,0.0,0.0,1.0,0.0,0.0
0,2380,0,task2,ChevronSlow,0.1884765625,0.94091796875,0.17236328125,0.94873046875,0.39697265625,0.7685546875,1.0,0.7392533945262214,0.1391115795435251
0,2380,0,task2,IDLGated,0.177734375,0.9453125,0.1416015625,0.9140625,0.87109375,0.31640625,1.0,1.5339594474749358,0.21282480607598084
0,2390,0,task2,MLP,0.18212890625,0.95703125,0.0,0.0,0.0,0.0,1.0,0.0,0.0
0,2390,0,task2,ChevronSlow,0.19384765625,0.94140625,0.1787109375,0.94677734375,0.39306640625,0.77099609375,1.0,0.7589751534933513,0.14306137509472314
0,2390,0,task2,IDLGated,0.1875,0.9365234375,0.15087890625,0.9296875,0.86962890625,0.31884765625,1.0,1.567743797190243,0.21405995389660573
0,2400,0,task2,MLP,0.16259765625,0.9580078125,0.0,0.0,0.0,0.0,1.0,0.0,0.0
0,2400,0,task2,ChevronSlow,0.173828125,0.951171875,0.162109375,0.9482421875,0.3828125,0.7802734375,1.0,0.7759777044239473,0.143071879613361
0,2400,0,task2,IDLGated,0.1640625,0.951171875,0.12939453125,0.91845703125,0.86474609375,0.3251953125,1.0,1.5948792513041912,0.21264536401436773
0,2410,0,task2,MLP,0.1572265625,0.9560546875,0.0,0.0,0.0,0.0,1.0,0.0,0.0
0,2410,0,task2,ChevronSlow,0.16552734375,0.94677734375,0.15283203125,0.94189453125,0.37109375,0.79345703125,1.0,0.7906203457569545,0.14318575657214966
0,2410,0,task2,IDLGated,0.158203125,0.94775390625,0.12841796875,0.91162109375,0.857421875,0.33154296875,1.0,1.6172506405635618,0.21046637101850268
0,2420,0,end_task2,MLP,0.177734375,0.9599609375,0.0,0.0,0.0,0.0,1.0,0.0,0.0
0,2420,0,end_task2,ChevronSlow,0.17919921875,0.95263671875,0.171875,0.955078125,0.36474609375,0.7998046875,1.0,0.8032628336441744,0.14798399034513063
0,2420,0,end_task2,IDLGated,0.1845703125,0.94580078125,0.150390625,0.93798828125,0.8525390625,0.33935546875,1.0,1.6339293499309506,0.21149590913815222
0,2430,10,task1_return,MLP,0.46142578125,0.73876953125,0.0,0.0,0.0,0.0,1.0,0.0,0.0
0,2430,10,task1_return,ChevronSlow,0.453125,0.7255859375,0.375,0.80029296875,0.50537109375,0.681640625,1.0,0.8106040425596918,0.11692286577569959
0,2430,10,task1_return,IDLGated,0.6376953125,0.55517578125,0.5087890625,0.69091796875,0.89990234375,0.2822265625,1.0,1.6418775750506998,0.1377932988471832
0,2440,20,task1_return,MLP,0.912109375,0.27197265625,0.0,0.0,0.0,0.0,1.0,0.0,0.0
0,2440,20,task1_return,ChevronSlow,0.73095703125,0.439453125,0.7470703125,0.419921875,0.58203125,0.61328125,1.0,0.8045376408370014,0.10450748871893667
0,2440,20,task1_return,IDLGated,0.94921875,0.23486328125,0.93017578125,0.2607421875,0.9111328125,0.234375,1.0,1.6285517905136233,0.09256966830149779
0,2450,30,task1_return,MLP,0.97021484375,0.21728515625,0.0,0.0,0.0,0.0,1.0,0.0,0.0
0,2450,30,task1_return,ChevronSlow,0.88671875,0.29736328125,0.89892578125,0.28662109375,0.83203125,0.33935546875,1.0,0.7876977993208086,0.0789100055491027
0,2450,30,task1_return,IDLGated,0.96337890625,0.18310546875,0.9716796875,0.17529296875,0.92822265625,0.20361328125,1.0,1.5899901206419667,0.0654672720485808
0,2460,40,task1_return,MLP,0.97509765625,0.181640625,0.0,0.0,0.0,0.0,1.0,0.0,0.0
0,2460,40,task1_return,ChevronSlow,0.9677734375,0.2197265625,0.9609375,0.20458984375,0.900390625,0.27880859375,1.0,0.7634850581065507,0.061972462792188425
0,2460,40,task1_return,IDLGated,0.98583984375,0.18603515625,0.97998046875,0.185546875,0.94921875,0.19921875,1.0,1.5322544399844815,0.04554845862291485
0,2470,50,task1_return,MLP,0.97216796875,0.17431640625,0.0,0.0,0.0,0.0,1.0,0.0,0.0
0,2470,50,task1_return,ChevronSlow,0.97998046875,0.2021484375,0.9853515625,0.1943359375,0.93017578125,0.255859375,1.0,0.7358816288938781,0.04899773960928286
0,2470,50,task1_return,IDLGated,0.98583984375,0.197265625,0.98193359375,0.19580078125,0.9599609375,0.2001953125,1.0,1.4620645677057915,0.028960373998204943
0,2480,60,task1_return,MLP,0.98486328125,0.18310546875,0.0,0.0,0.0,0.0,1.0,0.0,0.0
0,2480,60,task1_return,ChevronSlow,0.97802734375,0.20361328125,0.98583984375,0.19775390625,0.947265625,0.24462890625,1.0,0.7060156985761067,0.037478977485843244
0,2480,60,task1_return,IDLGated,0.9765625,0.19921875,0.982421875,0.201171875,0.96435546875,0.20068359375,1.0,1.3830038836737113,0.01652226911654932
0,2490,70,task1_return,MLP,0.98681640625,0.197265625,0.0,0.0,0.0,0.0,1.0,0.0,0.0
0,2490,70,task1_return,ChevronSlow,0.97998046875,0.20849609375,0.97998046875,0.20166015625,0.95947265625,0.2353515625,1.0,0.674079684233259,0.02818434472241048
0,2490,70,task1_return,IDLGated,0.98388671875,0.2041015625,0.9833984375,0.203125,0.97021484375,0.20166015625,1.0,1.3022341269945916,0.011689352903060063
0,2500,80,task1_return,MLP,0.982421875,0.20263671875,0.0,0.0,0.0,0.0,1.0,0.0,0.0
0,2500,80,task1_return,ChevronSlow,0.9765625,0.2109375,0.98388671875,0.20556640625,0.9619140625,0.2294921875,1.0,0.6403955173505457,0.02214063847297551
0,2500,80,task1_return,IDLGated,0.98291015625,0.2041015625,0.98046875,0.203125,0.98046875,0.203125,1.0,1.2261762966290355,0.010423554377130538
0,2510,90,task1_return,MLP,0.98486328125,0.20263671875,0.0,0.0,0.0,0.0,1.0,0.0,0.0
0,2510,90,task1_return,ChevronSlow,0.9794921875,0.20556640625,0.97998046875,0.2021484375,0.96630859375,0.22705078125,1.0,0.6055664133239631,0.017746485206194013
0,2510,90,task1_return,IDLGated,0.98486328125,0.20263671875,0.984375,0.20263671875,0.97998046875,0.203125,1.0,1.1545606732675815,0.006433614508356404
0,2520,100,task1_return,MLP,0.9912109375,0.19287109375,0.0,0.0,0.0,0.0,1.0,0.0,0.0
0,2520,100,task1_return,ChevronSlow,0.9833984375,0.1982421875,0.984375,0.193359375,0.9716796875,0.21826171875,1.0,0.5704799924635672,0.01614364562288949
0,2520,100,task1_return,IDLGated,0.98681640625,0.19580078125,0.98779296875,0.193359375,0.984375,0.20166015625,0.9999998807907104,1.0871278069236534,0.006831810735956627
0,2530,110,task1_return,MLP,0.98974609375,0.1904296875,0.0,0.0,0.0,0.0,1.0,0.0,0.0
0,2530,110,task1_return,ChevronSlow,0.9814453125,0.19873046875,0.982421875,0.1943359375,0.9775390625,0.20654296875,1.0,0.5371607378116593,0.013842228687576695
0,2530,110,task1_return,IDLGated,0.98974609375,0.19970703125,0.98828125,0.19873046875,0.98486328125,0.20166015625,0.9999995231628418,1.0236334009557309,0.004587459216153662
0,2540,120,task1_return,MLP,0.98779296875,0.1953125,0.0,0.0,0.0,0.0,1.0,0.0,0.0
0,2540,120,task1_return,ChevronSlow,0.97802734375,0.2021484375,0.9794921875,0.19921875,0.97607421875,0.20556640625,1.0,0.5057875158782075,0.01139654063017401
0,2540,120,task1_return,IDLGated,0.982421875,0.20361328125,0.982421875,0.20361328125,0.98388671875,0.203125,0.9999983310699463,0.9638474270263812,0.004244110268707006
0,2550,130,task1_return,MLP,0.9912109375,0.19873046875,0.0,0.0,0.0,0.0,1.0,0.0,0.0
0,2550,130,task1_return,ChevronSlow,0.9833984375,0.201171875,0.984375,0.20068359375,0.978515625,0.205078125,1.0,0.4762466673577782,0.009645208072792939
0,2550,130,task1_return,IDLGated,0.98828125,0.2001953125,0.9873046875,0.19873046875,0.9853515625,0.201171875,0.999994158744812,0.9075532917526904,0.004313414225193245
0,2560,140,task1_return,MLP,0.99072265625,0.19482421875,0.0,0.0,0.0,0.0,1.0,0.0,0.0
0,2560,140,task1_return,ChevronSlow,0.98486328125,0.1943359375,0.984375,0.1923828125,0.982421875,0.20263671875,1.0,0.4484311712905263,0.00976585837140553
0,2560,140,task1_return,IDLGated,0.9892578125,0.19189453125,0.9892578125,0.1904296875,0.98876953125,0.19921875,0.999981164932251,0.8545470520290137,0.0056087943942755465
0,2570,150,task1_return,MLP,0.990234375,0.19140625,0.0,0.0,0.0,0.0,1.0,0.0,0.0
0,2570,150,task1_return,ChevronSlow,0.98486328125,0.19482421875,0.9853515625,0.19287109375,0.9833984375,0.2001953125,1.0,0.4222402573453075,0.009073068949700488
0,2570,150,task1_return,IDLGated,0.9873046875,0.19384765625,0.98779296875,0.19384765625,0.98779296875,0.19921875,0.9999434947967529,0.8046366761793113,0.004503126819103197
0,2580,160,task1_return,MLP,0.99072265625,0.189453125,0.0,0.0,0.0,0.0,1.0,0.0,0.0
0,2580,160,task1_return,ChevronSlow,0.984375,0.19189453125,0.98486328125,0.19091796875,0.984375,0.1982421875,1.0,0.3975790407476476,0.009212818930519838
0,2580,160,task1_return,IDLGated,0.98828125,0.19287109375,0.98828125,0.1923828125,0.98779296875,0.19775390625,0.9998412132263184,0.7576413482623636,0.004636018180134215
0,2590,170,task1_return,MLP,0.9912109375,0.19677734375,0.0,0.0,0.0,0.0,1.0,0.0,0.0
0,2590,170,task1_return,ChevronSlow,0.9853515625,0.20166015625,0.98583984375,0.203125,0.98583984375,0.19970703125,1.0,0.3743581785299807,0.008095936336663055
0,2590,170,task1_return,IDLGated,0.984375,0.20263671875,0.984375,0.20361328125,0.986328125,0.19970703125,0.9995798468589783,0.7133908130094895,0.0050016873711241465
0,2600,180,task1_return,MLP,0.98974609375,0.1982421875,0.0,0.0,0.0,0.0,1.0,0.0,0.0
0,2600,180,task1_return,ChevronSlow,0.982421875,0.19970703125,0.982421875,0.19970703125,0.9833984375,0.201171875,1.0,0.35249354585881587,0.008440459621284637
0,2600,180,task1_return,IDLGated,0.9833984375,0.20166015625,0.982421875,0.20166015625,0.9873046875,0.201171875,0.9989500641822815,0.6717247590216052,0.005881944969994189
0,2610,190,task1_return,MLP,0.98828125,0.19970703125,0.0,0.0,0.0,0.0,1.0,0.0,0.0
0,2610,190,task1_return,ChevronSlow,0.9853515625,0.20263671875,0.98486328125,0.20263671875,0.9853515625,0.20263671875,1.0,0.3319059312662254,0.007414043525345178
0,2610,190,task1_return,IDLGated,0.984375,0.20166015625,0.98486328125,0.201171875,0.98681640625,0.2001953125,0.9975146055221558,0.6324922379910597,0.00453136045526234
0,2620,200,task1_return,MLP,0.98828125,0.19189453125,0.0,0.0,0.0,0.0,1.0,0.0,0.0
0,2620,200,task1_return,ChevronSlow,0.9873046875,0.193359375,0.98828125,0.1923828125,0.98583984375,0.1982421875,1.0,0.312520749681537,0.007262801979630627
0,2620,200,task1_return,IDLGated,0.9873046875,0.19189453125,0.98828125,0.19091796875,0.98583984375,0.1962890625,0.994415283203125,0.5955511178441949,0.004721942381052275
0,2630,210,task1_return,MLP,0.99267578125,0.19482421875,0.0,0.0,0.0,0.0,1.0,0.0,0.0
0,2630,210,task1_return,ChevronSlow,0.9853515625,0.19921875,0.98583984375,0.1982421875,0.98681640625,0.19970703125,1.0,0.2942677722235952,0.00658403544438568
0,2630,210,task1_return,IDLGated,0.98681640625,0.19970703125,0.98583984375,0.19970703125,0.9892578125,0.19970703125,0.9880722761154175,0.5607675678234704,0.004543428298135368
0,2640,220,task1_return,MLP,0.98681640625,0.1943359375,0.0,0.0,0.0,0.0,1.0,0.0,0.0
0,2640,220,task1_return,ChevronSlow,0.98583984375,0.1962890625,0.984375,0.19580078125,0.98583984375,0.19873046875,1.0,0.2770808717746828,0.006292305049660971
0,2640,220,task1_return,IDLGated,0.98486328125,0.19580078125,0.9853515625,0.1953125,0.9853515625,0.19775390625,0.9757866859436035,0.5280155736437017,0.004428652379725504
0,2650,230,task1_return,MLP,0.9931640625,0.189453125,0.0,0.0,0.0,0.0,1.0,0.0,0.0
0,2650,230,task1_return,ChevronSlow,0.9873046875,0.19091796875,0.9873046875,0.1904296875,0.98828125,0.19677734375,1.0,0.2608977834143616,0.0065196093267529285
0,2650,230,task1_return,IDLGated,0.98876953125,0.1923828125,0.98828125,0.19091796875,0.98828125,0.1953125,0.953375518321991,0.4971764809659138,0.004415282465832826
0,2660,240,task1_return,MLP,0.98583984375,0.18994140625,0.0,0.0,0.0,0.0,1.0,0.0,0.0
0,2660,240,task1_return,ChevronSlow,0.9833984375,0.19287109375,0.97998046875,0.19140625,0.9873046875,0.1953125,1.0,0.2456598788453305,0.006685635693394022
0,2660,240,task1_return,IDLGated,0.984375,0.1962890625,0.98388671875,0.193359375,0.98876953125,0.19775390625,0.9152156114578247,0.4681385655348997,0.004854522152930254
0,2670,250,task1_return,MLP,0.994140625,0.1923828125,0.0,0.0,0.0,0.0,1.0,0.0,0.0
0,2670,250,task1_return,ChevronSlow,0.98828125,0.19287109375,0.98876953125,0.19189453125,0.9873046875,0.1943359375,1.0,0.23131195399408838,0.005073450210170312
0,2670,250,task1_return,IDLGated,0.98828125,0.19287109375,0.98828125,0.19189453125,0.98828125,0.1953125,0.8553910851478577,0.4407966284231748,0.003561967422084188
0,2680,260,end_return,MLP,0.9892578125,0.19287109375,0.0,0.0,0.0,0.0,1.0,0.0,0.0
0,2680,260,end_return,ChevronSlow,0.98828125,0.19189453125,0.98876953125,0.19091796875,0.98681640625,0.193359375,1.0,0.21780202901691817,0.0047571461619854965
0,2680,260,end_return,IDLGated,0.98828125,0.19140625,0.98828125,0.1904296875,0.98876953125,0.193359375,0.7704998254776001,0.41505161491497156,0.003741194905565435
1,0,0,task1_initial,MLP,0.51904296875,0.388671875,0.0,0.0,0.0,0.0,1.0,0.0,0.0
1,0,0,task1_initial,ChevronSlow,0.51904296875,0.388671875,0.51904296875,0.388671875,0.51904296875,0.388671875,1.0,0.0,0.0
1,0,0,task1_initial,IDLGated,0.48095703125,0.611328125,0.48095703125,0.611328125,0.48095703125,0.611328125,1.0,0.0,0.0
1,10,0,task1_initial,MLP,0.87548828125,0.2041015625,0.0,0.0,0.0,0.0,1.0,0.0,0.0
1,10,0,task1_initial,ChevronSlow,0.90673828125,0.21533203125,0.9375,0.19775390625,0.66650390625,0.31201171875,1.0,0.0005773515140939016,0.016938573895715743
1,10,0,task1_initial,IDLGated,0.75927734375,0.345703125,0.89013671875,0.2255859375,0.48095703125,0.611328125,0.0003686437557917088,0.0006676758719334507,0.01767543878588578
1,20,0,task1_initial,MLP,0.943359375,0.2021484375,0.0,0.0,0.0,0.0,1.0,0.0,0.0
1,20,0,task1_initial,ChevronSlow,0.94287109375,0.1943359375,0.94384765625,0.1875,0.84375,0.248046875,1.0,0.003527101472952145,0.025259138145159666
1,20,0,task1_initial,IDLGated,0.9189453125,0.2021484375,0.91943359375,0.20654296875,0.59814453125,0.5126953125,0.00039656704757362604,0.0039877939526579975,0.02703603237715709
1,30,0,task1_initial,MLP,0.9326171875,0.21044921875,0.0,0.0,0.0,0.0,1.0,0.0,0.0
1,30,0,task1_initial,ChevronSlow,0.9404296875,0.1943359375,0.93701171875,0.189453125,0.9189453125,0.22265625,1.0,0.00956818481516577,0.030350596921347898
1,30,0,task1_initial,IDLGated,0.921875,0.21240234375,0.919921875,0.21533203125,0.7412109375,0.3642578125,0.00045303089427761734,0.010041029061216662,0.032670503345301465
1,40,0,task1_initial,MLP,0.93359375,0.2138671875,0.0,0.0,0.0,0.0,1.0,0.0,0.0
1,40,0,task1_initial,ChevronSlow,0.9326171875,0.2060546875,0.93505859375,0.20361328125,0.9267578125,0.216796875,1.0,0.018292415193976036,0.03401070169601211
1,40,0,task1_initial,IDLGated,0.921875,0.21337890625,0.92333984375,0.2177734375,0.85302734375,0.2509765625,0.000551172939594835,0.01895860368880456,0.036768765050201054
1,50,0,task1_initial,MLP,0.9306640625,0.21630859375,0.0,0.0,0.0,0.0,1.0,0.0,0.0
1,50,0,task1_initial,ChevronSlow,0.93310546875,0.20703125,0.93310546875,0.205078125,0.9365234375,0.2158203125,1.0,0.02951165258666387,0.036678406517665935
1,50,0,task1_initial,IDLGated,0.921875,0.21484375,0.92236328125,0.21533203125,0.904296875,0.21435546875,0.0007172132027335465,0.030935453940232314,0.03845816852371762
1,60,0,task1_initial,MLP,0.9287109375,0.2158203125,0.0,0.0,0.0,0.0,1.0,0.0,0.0
1,60,0,task1_initial,ChevronSlow,0.931640625,0.20849609375,0.9306640625,0.20751953125,0.93212890625,0.216796875,1.0,0.042886756211159414,0.0378752223516965
1,60,0,task1_initial,IDLGated,0.921875,0.21484375,0.92236328125,0.21484375,0.9208984375,0.2109375,0.000986000755801797,0.04541513568908558,0.03845781740690608
1,70,0,task1_initial,MLP,0.93212890625,0.212890625,0.0,0.0,0.0,0.0,1.0,0.0,0.0
1,70,0,task1_initial,ChevronSlow,0.93310546875,0.2041015625,0.931640625,0.2041015625,0.93359375,0.2109375,1.0,0.057807421838746785,0.038118608954545864
1,70,0,task1_initial,IDLGated,0.921875,0.21728515625,0.9248046875,0.21875,0.92138671875,0.216796875,0.0014034188352525234,0.06148002933131168,0.03707504568088626
1,80,0,task1_initial,MLP,0.93017578125,0.2099609375,0.0,0.0,0.0,0.0,1.0,0.0,0.0
1,80,0,task1_initial,ChevronSlow,0.93310546875,0.20751953125,0.9326171875,0.20654296875,0.93115234375,0.208984375,1.0,0.07393933461100799,0.036429407062050286
1,80,0,task1_initial,IDLGated,0.921875,0.2158203125,0.9208984375,0.21533203125,0.92431640625,0.2158203125,0.0020405526738613844,0.07852309856634632,0.03502684682293672
1,90,0,task1_initial,MLP,0.93115234375,0.216796875,0.0,0.0,0.0,0.0,1.0,0.0,0.0
1,90,0,task1_initial,ChevronSlow,0.9296875,0.216796875,0.92919921875,0.21728515625,0.93115234375,0.2138671875,1.0,0.09031686299763571,0.03395005254109717
1,90,0,task1_initial,IDLGated,0.92333984375,0.21875,0.92333984375,0.21923828125,0.92236328125,0.21728515625,0.002977523021399975,0.09574174554229392,0.03252127767789654
1,100,0,task1_initial,MLP,0.93359375,0.2080078125,0.0,0.0,0.0,0.0,1.0,0.0,0.0
1,100,0,task1_initial,ChevronSlow,0.93017578125,0.208984375,0.9296875,0.208984375,0.9326171875,0.2099609375,1.0,0.1060745438953627,0.031430960654982
1,100,0,task1_initial,IDLGated,0.92333984375,0.21728515625,0.92431640625,0.21484375,0.92041015625,0.2177734375,0.004287228919565678,0.11237190718300229,0.02986056037899867
1,110,0,task1_initial,MLP,0.935546875,0.20751953125,0.0,0.0,0.0,0.0,1.0,0.0,0.0
1,110,0,task1_initial,ChevronSlow,0.9296875,0.208984375,0.92919921875,0.208984375,0.93017578125,0.21044921875,1.0,0.12083234217998355,0.02883335831216689
1,110,0,task1_initial,IDLGated,0.92138671875,0.21923828125,0.92333984375,0.21826171875,0.9208984375,0.21826171875,0.006005120929330587,0.12776730704972264,0.026995973792128997
1,120,0,task1_initial,MLP,0.9375,0.2041015625,0.0,0.0,0.0,0.0,1.0,0.0,0.0
1,120,0,task1_initial,ChevronSlow,0.93115234375,0.2080078125,0.9306640625,0.20751953125,0.931640625,0.20849609375,1.0,0.13408600120410183,0.02631617060815716
1,120,0,task1_initial,IDLGated,0.9248046875,0.21240234375,0.9248046875,0.2109375,0.9228515625,0.21630859375,0.008083049207925797,0.14136953064998134,0.024588682018757746
1,130,0,task1_initial,MLP,0.94287109375,0.2060546875,0.0,0.0,0.0,0.0,1.0,0.0,0.0
1,130,0,task1_initial,ChevronSlow,0.931640625,0.208984375,0.9306640625,0.208984375,0.9296875,0.208984375,1.0,0.14583768500254382,0.024185353248011306
1,130,0,task1_initial,IDLGated,0.921875,0.21533203125,0.92236328125,0.2158203125,0.921875,0.2177734375,0.010454543866217136,0.15317232509972747,0.022382751580209147
1,140,0,task1_initial,MLP,0.939453125,0.20361328125,0.0,0.0,0.0,0.0,1.0,0.0,0.0
1,140,0,task1_initial,ChevronSlow,0.9326171875,0.2041015625,0.9326171875,0.2041015625,0.931640625,0.20703125,1.0,0.15589168338685466,0.020770715981089597
1,140,0,task1_initial,IDLGated,0.923828125,0.2099609375,0.92578125,0.208984375,0.923828125,0.2138671875,0.012949483469128609,0.16301520746010012,0.01955537048998737
1,150,0,task1_initial,MLP,0.9443359375,0.19970703125,0.0,0.0,0.0,0.0,1.0,0.0,0.0
1,150,0,task1_initial,ChevronSlow,0.93212890625,0.20068359375,0.931640625,0.2021484375,0.93212890625,0.2060546875,1.0,0.16388647758130787,0.018220092128973735
1,150,0,task1_initial,IDLGated,0.9267578125,0.20849609375,0.92626953125,0.208984375,0.9248046875,0.2119140625,0.015272325836122036,0.17062170157737105,0.01713008358154666
1,160,0,task1_initial,MLP,0.9453125,0.1962890625,0.0,0.0,0.0,0.0,1.0,0.0,0.0
1,160,0,task1_initial,ChevronSlow,0.93359375,0.19775390625,0.93359375,0.1953125,0.93115234375,0.2021484375,1.0,0.16971434197561247,0.01673911008575522
1,160,0,task1_initial,IDLGated,0.927734375,0.20751953125,0.927734375,0.20556640625,0.9248046875,0.21044921875,0.01712598092854023,0.1759143417064264,0.015660179247325247
1,170,0,task1_initial,MLP,0.94580078125,0.21240234375,0.0,0.0,0.0,0.0,1.0,0.0,0.0
1,170,0,task1_initial,ChevronSlow,0.92919921875,0.21484375,0.9306640625,0.21728515625,0.931640625,0.20751953125,1.0,0.17360955191761385,0.01509176476734249
1,170,0,task1_initial,IDLGated,0.92431640625,0.21630859375,0.92431640625,0.21630859375,0.92333984375,0.21630859375,0.01837402768433094,0.1791694434078578,0.014214805052758574
1,180,0,task1_initial,MLP,0.94140625,0.21728515625,0.0,0.0,0.0,0.0,1.0,0.0,0.0
1,180,0,task1_initial,ChevronSlow,0.931640625,0.216796875,0.9306640625,0.21875,0.93017578125,0.21044921875,1.0,0.17590461218637723,0.014499048232186633
1,180,0,task1_initial,IDLGated,0.92626953125,0.2197265625,0.9248046875,0.220703125,0.92529296875,0.216796875,0.019029973074793816,0.1807942436123889,0.013683317566628567
1,190,0,task1_initial,MLP,0.94677734375,0.205078125,0.0,0.0,0.0,0.0,1.0,0.0,0.0
1,190,0,task1_initial,ChevronSlow,0.93212890625,0.208984375,0.93212890625,0.20849609375,0.9296875,0.208984375,1.0,0.17705346905666605,0.013521644992122517
1,190,0,task1_initial,IDLGated,0.92578125,0.21484375,0.9267578125,0.21484375,0.92431640625,0.21533203125,0.01921899989247322,0.1812522769285995,0.012735389369270406
1,200,0,task1_initial,MLP,0.9482421875,0.1982421875,0.0,0.0,0.0,0.0,1.0,0.0,0.0
1,200,0,task1_initial,ChevronSlow,0.9326171875,0.20458984375,0.93408203125,0.20263671875,0.9326171875,0.20947265625,1.0,0.1770426016367914,0.012882845404681098
1,200,0,task1_initial,IDLGated,0.92724609375,0.21240234375,0.9267578125,0.20947265625,0.92724609375,0.21142578125,0.018957778811454773,0.18061812895860682,0.012363730106692656
1,210,0,task1_initial,MLP,0.953125,0.20947265625,0.0,0.0,0.0,0.0,1.0,0.0,0.0
1,210,0,task1_initial,ChevronSlow,0.931640625,0.208984375,0.9326171875,0.20751953125,0.93115234375,0.20947265625,1.0,0.1759463655602275,0.011501018609202721
1,210,0,task1_initial,IDLGated,0.9267578125,0.21240234375,0.92626953125,0.21240234375,0.92626953125,0.212890625,0.018300337716937065,0.17898337081311966,0.010601268439987788
1,220,0,task1_initial,MLP,0.95458984375,0.2080078125,0.0,0.0,0.0,0.0,1.0,0.0,0.0
1,220,0,task1_initial,ChevronSlow,0.93310546875,0.2099609375,0.93408203125,0.2099609375,0.9306640625,0.20947265625,1.0,0.17383174858046552,0.011074372417579487
1,220,0,task1_initial,IDLGated,0.92578125,0.21435546875,0.92578125,0.21435546875,0.92626953125,0.21337890625,0.01727031171321869,0.17630249279727922,0.009988594052773137
1,230,0,task1_initial,MLP,0.95556640625,0.19970703125,0.0,0.0,0.0,0.0,1.0,0.0,0.0
1,230,0,task1_initial,ChevronSlow,0.9326171875,0.20947265625,0.9326171875,0.2080078125,0.9326171875,0.208984375,1.0,0.17086212088625197,0.010524835808832456
1,230,0,task1_initial,IDLGated,0.9306640625,0.208984375,0.93017578125,0.21044921875,0.92578125,0.21337890625,0.01598401740193367,0.17272486146741398,0.010045496974669678
1,240,0,task1_initial,MLP,0.9609375,0.197265625,0.0,0.0,0.0,0.0,1.0,0.0,0.0
1,240,0,task1_initial,ChevronSlow,0.9365234375,0.20166015625,0.93701171875,0.20166015625,0.93505859375,0.2060546875,1.0,0.16721530781108776,0.00995569756049343
1,240,0,task1_initial,IDLGated,0.93017578125,0.20654296875,0.93115234375,0.20556640625,0.92529296875,0.2109375,0.014603100717067719,0.1685540613418348,0.009032998569137937
1,250,0,task1_initial,MLP,0.96435546875,0.2119140625,0.0,0.0,0.0,0.0,1.0,0.0,0.0
1,250,0,task1_initial,ChevronSlow,0.93408203125,0.2099609375,0.9345703125,0.2119140625,0.93212890625,0.20947265625,1.0,0.1628149832898244,0.008899082600357926
1,250,0,task1_initial,IDLGated,0.92724609375,0.2138671875,0.92724609375,0.21435546875,0.927734375,0.2119140625,0.013132333755493164,0.16366097069570226,0.008198577737980453
1,260,0,task1_initial,MLP,0.966796875,0.20703125,0.0,0.0,0.0,0.0,1.0,0.0,0.0
1,260,0,task1_initial,ChevronSlow,0.939453125,0.20751953125,0.939453125,0.20654296875,0.935546875,0.20751953125,1.0,0.157890335803857,0.008878249032862166
1,260,0,task1_initial,IDLGated,0.9326171875,0.21240234375,0.93310546875,0.21240234375,0.92724609375,0.2138671875,0.011678327806293964,0.1582602929364702,0.007857846384197755
1,270,0,task1_initial,MLP,0.96875,0.19384765625,0.0,0.0,0.0,0.0,1.0,0.0,0.0
1,270,0,task1_initial,ChevronSlow,0.9365234375,0.20751953125,0.9375,0.20751953125,0.9365234375,0.20654296875,1.0,0.15266533410262798,0.008010035416569665
1,270,0,task1_initial,IDLGated,0.9306640625,0.2099609375,0.93115234375,0.20947265625,0.92919921875,0.2099609375,0.010310202836990356,0.15253373486182287,0.0078065986959124836
1,280,0,task1_initial,MLP,0.9658203125,0.20947265625,0.0,0.0,0.0,0.0,1.0,0.0,0.0
1,280,0,task1_initial,ChevronSlow,0.93212890625,0.2216796875,0.93115234375,0.22509765625,0.9326171875,0.21484375,1.0,0.14712255982034012,0.008607735862241513
1,280,0,task1_initial,IDLGated,0.9287109375,0.22216796875,0.92724609375,0.2255859375,0.93017578125,0.21630859375,0.00905512273311615,0.1465759827556147,0.008118819314118998
1,290,0,task1_initial,MLP,0.9638671875,0.21337890625,0.0,0.0,0.0,0.0,1.0,0.0,0.0
1,290,0,task1_initial,ChevronSlow,0.93115234375,0.2216796875,0.9306640625,0.22412109375,0.93359375,0.2158203125,1.0,0.14177526653875083,0.008209274596769166
1,290,0,task1_initial,IDLGated,0.92822265625,0.2255859375,0.9287109375,0.2265625,0.9287109375,0.2197265625,0.007984950207173824,0.14081001141028823,0.008178427276478939
1,300,0,task1_initial,MLP,0.97412109375,0.19482421875,0.0,0.0,0.0,0.0,1.0,0.0,0.0
1,300,0,task1_initial,ChevronSlow,0.93896484375,0.20654296875,0.93896484375,0.205078125,0.935546875,0.2109375,1.0,0.13651716768774635,0.0086376018628894
1,300,0,task1_initial,IDLGated,0.9306640625,0.2119140625,0.93212890625,0.2119140625,0.931640625,0.2138671875,0.007077483925968409,0.13528481353277796,0.0074937381574588634
1,310,0,task1_initial,MLP,0.978515625,0.189453125,0.0,0.0,0.0,0.0,1.0,0.0,0.0
1,310,0,task1_initial,ChevronSlow,0.9375,0.20458984375,0.9375,0.20458984375,0.9365234375,0.20849609375,1.0,0.1311160904721377,0.007888522334344575
1,310,0,task1_initial,IDLGated,0.93212890625,0.208984375,0.93212890625,0.20703125,0.931640625,0.212890625,0.0062490361742675304,0.12958821092345016,0.007332487381775603
1,320,0,task1_initial,MLP,0.9765625,0.19287109375,0.0,0.0,0.0,0.0,1.0,0.0,0.0
1,320,0,task1_initial,ChevronSlow,0.9384765625,0.20556640625,0.9384765625,0.205078125,0.9375,0.20849609375,1.0,0.1253798806147179,0.007532454714299771
1,320,0,task1_initial,IDLGated,0.93408203125,0.20751953125,0.93310546875,0.20556640625,0.93212890625,0.2119140625,0.005484479013830423,0.1236211921487315,0.007032559863560462
1,330,0,task1_initial,MLP,0.9814453125,0.19384765625,0.0,0.0,0.0,0.0,1.0,0.0,0.0
1,330,0,task1_initial,ChevronSlow,0.9443359375,0.20166015625,0.9443359375,0.19970703125,0.93896484375,0.2060546875,1.0,0.1193468830622465,0.008383870849155104
1,330,0,task1_initial,IDLGated,0.9365234375,0.205078125,0.9365234375,0.2041015625,0.93212890625,0.20849609375,0.004788888618350029,0.11742470711905087,0.0074933720059250485
1,340,0,task1_initial,MLP,0.98388671875,0.1943359375,0.0,0.0,0.0,0.0,1.0,0.0,0.0
1,340,0,task1_initial,ChevronSlow,0.94384765625,0.20068359375,0.943359375,0.1982421875,0.9423828125,0.20361328125,1.0,0.11355641703300141,0.00842286083191462
1,340,0,task1_initial,IDLGated,0.93701171875,0.2041015625,0.9375,0.20263671875,0.9345703125,0.20703125,0.0041974554769694805,0.11140589362767843,0.007617771942928537
1,350,0,task1_initial,MLP,0.97802734375,0.20361328125,0.0,0.0,0.0,0.0,1.0,0.0,0.0
1,350,0,task1_initial,ChevronSlow,0.9384765625,0.21435546875,0.93896484375,0.21484375,0.9384765625,0.20947265625,1.0,0.10817780723461683,0.007656145113365209
1,350,0,task1_initial,IDLGated,0.93212890625,0.212890625,0.9326171875,0.21435546875,0.9306640625,0.21044921875,0.0037106426898390055,0.10578034055872332,0.0071536285938313465
1,360,0,task1_initial,MLP,0.9755859375,0.19287109375,0.0,0.0,0.0,0.0,1.0,0.0,0.0
1,360,0,task1_initial,ChevronSlow,0.93994140625,0.20849609375,0.93994140625,0.208984375,0.93896484375,0.2080078125,1.0,0.10304137814862473,0.006791512966174392
1,360,0,task1_initial,IDLGated,0.93505859375,0.21142578125,0.9365234375,0.21142578125,0.93408203125,0.21142578125,0.0032988956663757563,0.10041532249145721,0.006479269126116578
1,370,0,task1_initial,MLP,0.98779296875,0.1884765625,0.0,0.0,0.0,0.0,1.0,0.0,0.0
1,370,0,task1_initial,ChevronSlow,0.94384765625,0.1982421875,0.9443359375,0.1953125,0.94384765625,0.20361328125,1.0,0.09786917194507011,0.007523182572479445
1,370,0,task1_initial,IDLGated,0.93994140625,0.20263671875,0.93994140625,0.20166015625,0.935546875,0.20654296875,0.002933936193585396,0.0950694534115627,0.006570070567012583
1,380,0,task1_initial,MLP,0.984375,0.19482421875,0.0,0.0,0.0,0.0,1.0,0.0,0.0
1,380,0,task1_initial,ChevronSlow,0.943359375,0.203125,0.94482421875,0.203125,0.94140625,0.20556640625,1.0,0.09273857380959362,0.0060289382273277965
1,380,0,task1_initial,IDLGated,0.93798828125,0.20654296875,0.93896484375,0.2060546875,0.9345703125,0.20751953125,0.0026085367426276207,0.08971117610537031,0.00556735196932783
1,390,0,task1_initial,MLP,0.98583984375,0.201171875,0.0,0.0,0.0,0.0,1.0,0.0,0.0
1,390,0,task1_initial,ChevronSlow,0.9462890625,0.20361328125,0.94775390625,0.203125,0.94287109375,0.20458984375,1.0,0.08735375876978368,0.00627641011420014
1,390,0,task1_initial,IDLGated,0.9384765625,0.205078125,0.93994140625,0.2041015625,0.93603515625,0.20751953125,0.0023251892998814583,0.08447153657153007,0.005633495894020756
1,400,0,task1_initial,MLP,0.9677734375,0.20068359375,0.0,0.0,0.0,0.0,1.0,0.0,0.0
1,400,0,task1_initial,ChevronSlow,0.94140625,0.21044921875,0.94140625,0.21044921875,0.9404296875,0.20947265625,1.0,0.08225180572725409,0.006276051137608074
1,400,0,task1_initial,IDLGated,0.9384765625,0.2109375,0.93701171875,0.212890625,0.93603515625,0.21044921875,0.002086527179926634,0.07953792158932804,0.005748384750501713
1,410,0,task1_initial,MLP,0.986328125,0.20263671875,0.0,0.0,0.0,0.0,1.0,0.0,0.0
1,410,0,task1_initial,ChevronSlow,0.943359375,0.2080078125,0.94384765625,0.20849609375,0.9423828125,0.20849609375,1.0,0.07744783556737042,0.005833067691290805
1,410,0,task1_initial,IDLGated,0.93798828125,0.2109375,0.93798828125,0.21240234375,0.93701171875,0.2099609375,0.0018841999117285013,0.07489245759597414,0.005305003356723142
1,420,0,task1_initial,MLP,0.9853515625,0.19580078125,0.0,0.0,0.0,0.0,1.0,0.0,0.0
1,420,0,task1_initial,ChevronSlow,0.94482421875,0.20849609375,0.9453125,0.2080078125,0.9423828125,0.20703125,1.0,0.0729244444062455,0.00615055951630985
1,420,0,task1_initial,IDLGated,0.9375,0.21044921875,0.9384765625,0.2099609375,0.93701171875,0.2099609375,0.0017116282833740115,0.07051831494572713,0.005684844955749388
1,430,0,task1_initial,MLP,0.9873046875,0.1923828125,0.0,0.0,0.0,0.0,1.0,0.0,0.0
1,430,0,task1_initial,ChevronSlow,0.9501953125,0.20361328125,0.951171875,0.20458984375,0.943359375,0.20654296875,1.0,0.06866524484513947,0.006713475392607418
1,430,0,task1_initial,IDLGated,0.94091796875,0.2080078125,0.94384765625,0.20751953125,0.93896484375,0.20849609375,0.0015635876916348934,0.06639964693924102,0.006088136038568604
1,440,0,task1_initial,MLP,0.98681640625,0.19140625,0.0,0.0,0.0,0.0,1.0,0.0,0.0
1,440,0,task1_initial,ChevronSlow,0.95263671875,0.197265625,0.95068359375,0.1962890625,0.94921875,0.201171875,1.0,0.0646548066019842,0.007581257343791949
1,440,0,task1_initial,IDLGated,0.94482421875,0.2021484375,0.94580078125,0.201171875,0.9404296875,0.20654296875,0.0014359005726873875,0.06252153241394214,0.006797465537390677
1,450,0,task1_initial,MLP,0.9716796875,0.1962890625,0.0,0.0,0.0,0.0,1.0,0.0,0.0
1,450,0,task1_initial,ChevronSlow,0.94384765625,0.20654296875,0.94482421875,0.20703125,0.94287109375,0.20703125,1.0,0.06087860061036225,0.008009228683971262
1,450,0,task1_initial,IDLGated,0.93994140625,0.205078125,0.9404296875,0.2060546875,0.939453125,0.20947265625,0.001325205434113741,0.05886992168745257,0.007717372414631262
1,460,0,task1_initial,MLP,0.984375,0.19384765625,0.0,0.0,0.0,0.0,1.0,0.0,0.0
1,460,0,task1_initial,ChevronSlow,0.9482421875,0.20361328125,0.94873046875,0.20263671875,0.9462890625,0.20556640625,1.0,0.057322946383421065,0.007003730664667892
1,460,0,task1_initial,IDLGated,0.94091796875,0.208984375,0.94140625,0.20849609375,0.93896484375,0.20849609375,0.0012287783902138472,0.05543158565822299,0.006350087339148878
1,470,0,task1_initial,MLP,0.98583984375,0.193359375,0.0,0.0,0.0,0.0,1.0,0.0,0.0
1,470,0,task1_initial,ChevronSlow,0.9521484375,0.20166015625,0.95361328125,0.2001953125,0.94677734375,0.2041015625,1.0,0.05397496245203218,0.00734149091701292
1,470,0,task1_initial,IDLGated,0.94287109375,0.2060546875,0.9453125,0.20556640625,0.9404296875,0.20703125,0.0011443992843851447,0.052194067878976194,0.006368074183589375
1,480,0,task1_initial,MLP,0.98779296875,0.19189453125,0.0,0.0,0.0,0.0,1.0,0.0,0.0
1,480,0,task1_initial,ChevronSlow,0.95556640625,0.19775390625,0.95361328125,0.197265625,0.951171875,0.203125,1.0,0.05082251969764184,0.00787713955038776
1,480,0,task1_initial,IDLGated,0.9482421875,0.20458984375,0.94970703125,0.20263671875,0.94287109375,0.20556640625,0.0010702457511797547,0.049145639429332304,0.0069849929877527925
1,490,0,task1_initial,MLP,0.98876953125,0.19140625,0.0,0.0,0.0,0.0,1.0,0.0,0.0
1,490,0,task1_initial,ChevronSlow,0.9521484375,0.2041015625,0.95263671875,0.20263671875,0.94873046875,0.20458984375,1.0,0.04785419741074677,0.007891096150915064
1,490,0,task1_initial,IDLGated,0.94580078125,0.2060546875,0.94677734375,0.20556640625,0.943359375,0.2060546875,0.0010048173135146499,0.04627525642412753,0.006797937536417573
1,500,0,task1_initial,MLP,0.97998046875,0.203125,0.0,0.0,0.0,0.0,1.0,0.0,0.0
1,500,0,task1_initial,ChevronSlow,0.947265625,0.21630859375,0.9453125,0.2177734375,0.94677734375,0.208984375,1.0,0.04505924191580333,0.008830711445809864
1,500,0,task1_initial,IDLGated,0.943359375,0.21826171875,0.94287109375,0.2177734375,0.94140625,0.21240234375,0.0009468672215007246,0.043572520003487304,0.007618821666433223
1,510,0,task1_initial,MLP,0.97802734375,0.205078125,0.0,0.0,0.0,0.0,1.0,0.0,0.0
1,510,0,task1_initial,ChevronSlow,0.953125,0.20849609375,0.95361328125,0.20849609375,0.9501953125,0.20703125,1.0,0.0424275276126756,0.00842331457935871
1,510,0,task1_initial,IDLGated,0.94677734375,0.21337890625,0.9482421875,0.2138671875,0.943359375,0.212890625,0.0008953571086749434,0.041027638659705094,0.007377137905569249
1,520,0,task1_initial,MLP,0.9892578125,0.18994140625,0.0,0.0,0.0,0.0,1.0,0.0,0.0
1,520,0,task1_initial,ChevronSlow,0.95849609375,0.19189453125,0.9599609375,0.18896484375,0.9541015625,0.20068359375,1.0,0.03994952029348311,0.008368904691626057
1,520,0,task1_initial,IDLGated,0.95263671875,0.2021484375,0.95361328125,0.20068359375,0.94580078125,0.20751953125,0.0008494179346598685,0.0386313927644444,0.006828414098944057
1,530,0,task1_initial,MLP,0.9755859375,0.18896484375,0.0,0.0,0.0,0.0,1.0,0.0,0.0
1,530,0,task1_initial,ChevronSlow,0.95458984375,0.19970703125,0.95556640625,0.19775390625,0.95263671875,0.20166015625,1.0,0.037616242601951906,0.007705476272105768
1,530,0,task1_initial,IDLGated,0.947265625,0.2021484375,0.94873046875,0.20166015625,0.9462890625,0.20654296875,0.0008083169814199209,0.03637510116775251,0.0071917252319375876
1,540,0,task1_initial,MLP,0.98779296875,0.1875,0.0,0.0,0.0,0.0,1.0,0.0,0.0
1,540,0,task1_initial,ChevronSlow,0.96044921875,0.193359375,0.96044921875,0.1904296875,0.95458984375,0.19873046875,1.0,0.035419241510134605,0.00793141156189381
1,540,0,task1_initial,IDLGated,0.95361328125,0.19775390625,0.9560546875,0.19580078125,0.94677734375,0.2041015625,0.0007714343955740333,0.03425058974788065,0.007103103991993975
1,550,0,task1_initial,MLP,0.9892578125,0.1865234375,0.0,0.0,0.0,0.0,1.0,0.0,0.0
1,550,0,task1_initial,ChevronSlow,0.96142578125,0.1923828125,0.96240234375,0.189453125,0.95849609375,0.1953125,1.0,0.03336703580684933,0.008080274480744394
1,550,0,task1_initial,IDLGated,0.95556640625,0.1953125,0.9541015625,0.19482421875,0.94873046875,0.2001953125,0.0007382448529824615,0.03225016179797223,0.007365151830401541
1,560,0,task1_initial,MLP,0.98876953125,0.1884765625,0.0,0.0,0.0,0.0,1.0,0.0,0.0
1,560,0,task1_initial,ChevronSlow,0.962890625,0.18994140625,0.96240234375,0.189453125,0.96044921875,0.19482421875,1.0,0.03146802968003388,0.007982404277511663
1,560,0,task1_initial,IDLGated,0.955078125,0.193359375,0.95556640625,0.19287109375,0.953125,0.19921875,0.0007082991069182754,0.030366570142335868,0.007175195476915084
1,570,0,task1_initial,MLP,0.98193359375,0.1796875,0.0,0.0,0.0,0.0,1.0,0.0,0.0
1,570,0,task1_initial,ChevronSlow,0.96142578125,0.18505859375,0.96337890625,0.1826171875,0.9599609375,0.19091796875,1.0,0.029630613032690434,0.00796625647730707
1,570,0,task1_initial,IDLGated,0.95654296875,0.18994140625,0.95703125,0.1884765625,0.95556640625,0.19677734375,0.0006812129868194461,0.02859299088128557,0.0068029718856545225
1,580,0,task1_initial,MLP,0.98876953125,0.19091796875,0.0,0.0,0.0,0.0,1.0,0.0,0.0
1,580,0,task1_initial,ChevronSlow,0.958984375,0.19873046875,0.958984375,0.19970703125,0.96142578125,0.19580078125,1.0,0.027900017824846395,0.0072272392236377575
1,580,0,task1_initial,IDLGated,0.95361328125,0.2001953125,0.955078125,0.20166015625,0.9521484375,0.19970703125,0.0006566556403413415,0.02692299866943061,0.006508272449895588
1,590,0,task1_initial,MLP,0.982421875,0.201171875,0.0,0.0,0.0,0.0,1.0,0.0,0.0
1,590,0,task1_initial,ChevronSlow,0.9599609375,0.20263671875,0.9609375,0.20458984375,0.95849609375,0.19921875,1.0,0.026270499154639575,0.007232812129034655
1,590,0,task1_initial,IDLGated,0.95361328125,0.20751953125,0.95361328125,0.20849609375,0.95166015625,0.203125,0.0006343418499454856,0.025350543437852924,0.006759172559989299
1,600,0,task1_initial,MLP,0.9833984375,0.193359375,0.0,0.0,0.0,0.0,1.0,0.0,0.0
1,600,0,task1_initial,ChevronSlow,0.9609375,0.2001953125,0.9619140625,0.2001953125,0.95947265625,0.19970703125,1.0,0.024736153581210774,0.006794356799183181
1,600,0,task1_initial,IDLGated,0.95458984375,0.20263671875,0.955078125,0.20361328125,0.951171875,0.20166015625,0.000614024349488318,0.023869928475840883,0.006130966617189125
1,610,0,task1_initial,MLP,0.9853515625,0.197265625,0.0,0.0,0.0,0.0,1.0,0.0,0.0
1,610,0,task1_initial,ChevronSlow,0.96142578125,0.20458984375,0.9609375,0.20556640625,0.95947265625,0.201171875,1.0,0.023291422458000175,0.006784160057947278
1,610,0,task1_initial,IDLGated,0.9541015625,0.20654296875,0.95263671875,0.20751953125,0.95263671875,0.2041015625,0.0005954884691163898,0.022475789792773634,0.006456707317795934
1,620,0,task1_initial,MLP,0.98974609375,0.18798828125,0.0,0.0,0.0,0.0,1.0,0.0,0.0
1,620,0,task1_initial,ChevronSlow,0.96533203125,0.18896484375,0.96728515625,0.18798828125,0.962890625,0.1953125,1.0,0.021931071794812216,0.007234371002364298
1,620,0,task1_initial,IDLGated,0.96142578125,0.19482421875,0.96142578125,0.19384765625,0.95458984375,0.19970703125,0.0005785467801615596,0.02116307668538801,0.006566960617473155
1,630,0,task1_initial,MLP,0.98876953125,0.1826171875,0.0,0.0,0.0,0.0,1.0,0.0,0.0
1,630,0,task1_initial,ChevronSlow,0.9658203125,0.189453125,0.96630859375,0.18896484375,0.9638671875,0.1943359375,1.0,0.020650173296049717,0.006848539294709169
1,630,0,task1_initial,IDLGated,0.96142578125,0.193359375,0.9619140625,0.19287109375,0.9580078125,0.19775390625,0.0005630352534353733,0.019927033440026817,0.006319848145449275
1,640,0,task1_initial,MLP,0.97607421875,0.1875,0.0,0.0,0.0,0.0,1.0,0.0,0.0
1,640,0,task1_initial,ChevronSlow,0.96435546875,0.19775390625,0.96533203125,0.19775390625,0.9619140625,0.19677734375,1.0,0.01944408650642221,0.006590876342633075
1,640,0,task1_initial,IDLGated,0.95703125,0.2001953125,0.95751953125,0.19873046875,0.9560546875,0.2001953125,0.0005488097085617483,0.01876318210357922,0.005883157804780831
1,650,0,task1_initial,MLP,0.98876953125,0.18408203125,0.0,0.0,0.0,0.0,1.0,0.0,0.0
1,650,0,task1_initial,ChevronSlow,0.9697265625,0.1875,0.97119140625,0.18505859375,0.96630859375,0.1904296875,1.0,0.018308441999445774,0.007342740900555493
1,650,0,task1_initial,IDLGated,0.96337890625,0.19189453125,0.96435546875,0.19189453125,0.96142578125,0.19677734375,0.0005357435438781977,0.017667306260695556,0.006333367119565355
1,660,0,task1_initial,MLP,0.98681640625,0.18505859375,0.0,0.0,0.0,0.0,1.0,0.0,0.0
1,660,0,task1_initial,ChevronSlow,0.97119140625,0.1865234375,0.974609375,0.185546875,0.96630859375,0.18994140625,1.0,0.017239125547829505,0.007231683496559379
1,660,0,task1_initial,IDLGated,0.96533203125,0.1884765625,0.96484375,0.1884765625,0.96240234375,0.19384765625,0.000523724767845124,0.01663543575850444,0.0060745392034402
1,670,0,task1_initial,MLP,0.9892578125,0.18505859375,0.0,0.0,0.0,0.0,1.0,0.0,0.0
1,670,0,task1_initial,ChevronSlow,0.96826171875,0.19091796875,0.96875,0.19091796875,0.966796875,0.19091796875,1.0,0.01623226321840079,0.006455121622592125
1,670,0,task1_initial,IDLGated,0.962890625,0.1923828125,0.96337890625,0.19140625,0.96240234375,0.1953125,0.0005126545438542962,0.01566383232349272,0.005785156677586057
1,680,0,task1_initial,MLP,0.98486328125,0.20068359375,0.0,0.0,0.0,0.0,1.0,0.0,0.0
1,680,0,task1_initial,ChevronSlow,0.96533203125,0.2060546875,0.96435546875,0.20703125,0.96533203125,0.19775390625,1.0,0.015284207337571219,0.007616230524667915
1,680,0,task1_initial,IDLGated,0.9609375,0.205078125,0.9599609375,0.20751953125,0.96044921875,0.19775390625,0.0005024446872994304,0.014748976018440845,0.006589053794391042
1,690,0,task1_initial,MLP,0.9853515625,0.20068359375,0.0,0.0,0.0,0.0,1.0,0.0,0.0
1,690,0,task1_initial,ChevronSlow,0.966796875,0.201171875,0.96728515625,0.20166015625,0.9658203125,0.19775390625,1.0,0.014391523276498527,0.006814859721181869
1,690,0,task1_initial,IDLGated,0.96044921875,0.20361328125,0.9609375,0.20458984375,0.9580078125,0.20068359375,0.0004930169670842588,0.013887552490349812,0.006112854716775173
1,700,0,task1_initial,MLP,0.9892578125,0.18701171875,0.0,0.0,0.0,0.0,1.0,0.0,0.0
1,700,0,task1_initial,ChevronSlow,0.9716796875,0.18896484375,0.97314453125,0.18798828125,0.9677734375,0.19287109375,1.0,0.013550977008069775,0.007011547421531979
1,700,0,task1_initial,IDLGated,0.96435546875,0.1962890625,0.96435546875,0.1962890625,0.96044921875,0.1982421875,0.0004843015340156853,0.013076440963161146,0.005761854345089639
1,710,0,task1_initial,MLP,0.990234375,0.18505859375,0.0,0.0,0.0,0.0,1.0,0.0,0.0
1,710,0,task1_initial,ChevronSlow,0.97021484375,0.19384765625,0.97119140625,0.19482421875,0.96728515625,0.19482421875,1.0,0.012759523390626986,0.006881279322626139
1,710,0,task1_initial,IDLGated,0.96240234375,0.19775390625,0.962890625,0.19677734375,0.9619140625,0.19873046875,0.00047623616410419345,0.012312702931769922,0.006253362855465882
1,720,0,task1_initial,MLP,0.98193359375,0.193359375,0.0,0.0,0.0,0.0,1.0,0.0,0.0
1,720,0,task1_initial,ChevronSlow,0.96728515625,0.1982421875,0.96826171875,0.19873046875,0.966796875,0.19677734375,1.0,0.012014295135989422,0.007009396938658322
1,720,0,task1_initial,IDLGated,0.96337890625,0.201171875,0.96240234375,0.201171875,0.96240234375,0.20068359375,0.00046876445412635803,0.011593571516371274,0.007054673961729681
1,730,0,task1_initial,MLP,0.9833984375,0.20068359375,0.0,0.0,0.0,0.0,1.0,0.0,0.0
1,730,0,task1_initial,ChevronSlow,0.97216796875,0.19970703125,0.9716796875,0.20166015625,0.9716796875,0.19970703125,1.0,0.011312592421805672,0.00775169986012034
1,730,0,task1_initial,IDLGated,0.96484375,0.20849609375,0.9638671875,0.21044921875,0.96240234375,0.19921875,0.0004618362581823021,0.010916441438573234,0.007502699323879319
1,740,0,task1_initial,MLP,0.990234375,0.19482421875,0.0,0.0,0.0,0.0,1.0,0.0,0.0
1,740,0,task1_initial,ChevronSlow,0.97802734375,0.19140625,0.97705078125,0.19189453125,0.97265625,0.19677734375,1.0,0.010666101925748668,0.007619850508882396
1,740,0,task1_initial,IDLGated,0.97119140625,0.1953125,0.97314453125,0.19580078125,0.96533203125,0.197265625,0.00045572128146886826,0.01031029023243723,0.00667253959860412
1,750,0,task1_initial,MLP,0.97998046875,0.18701171875,0.0,0.0,0.0,0.0,1.0,0.0,0.0
1,750,0,task1_initial,ChevronSlow,0.9697265625,0.19140625,0.97021484375,0.19140625,0.97216796875,0.197265625,1.0,0.010053433310945596,0.006700317465331645
1,750,0,task1_initial,IDLGated,0.9658203125,0.193359375,0.9658203125,0.193359375,0.96533203125,0.19677734375,0.0004497529589571059,0.009710816198541673,0.006745768679225124
1,760,0,task1_initial,MLP,0.9892578125,0.19091796875,0.0,0.0,0.0,0.0,1.0,0.0,0.0
1,760,0,task1_initial,ChevronSlow,0.97705078125,0.1982421875,0.97705078125,0.19873046875,0.97412109375,0.197265625,1.0,0.009466256005801522,0.006361504198592622
1,760,0,task1_initial,IDLGated,0.96923828125,0.20068359375,0.970703125,0.2001953125,0.966796875,0.1982421875,0.0004441785567905754,0.009143649668476648,0.006237121312469091
1,770,0,task1_initial,MLP,0.9892578125,0.1962890625,0.0,0.0,0.0,0.0,1.0,0.0,0.0
1,770,0,task1_initial,ChevronSlow,0.97314453125,0.20068359375,0.9736328125,0.20166015625,0.974609375,0.2001953125,1.0,0.008913373172706204,0.006532599676394387
1,770,0,task1_initial,IDLGated,0.96875,0.20068359375,0.96875,0.201171875,0.96826171875,0.19873046875,0.0004389928071759641,0.008609608868139093,0.0064473323256366176
1,780,0,task1_initial,MLP,0.98583984375,0.18994140625,0.0,0.0,0.0,0.0,1.0,0.0,0.0
1,780,0,task1_initial,ChevronSlow,0.97265625,0.19384765625,0.9716796875,0.19287109375,0.97265625,0.1982421875,1.0,0.008398802722106904,0.006332527028869047
1,780,0,task1_initial,IDLGated,0.966796875,0.1982421875,0.96728515625,0.19775390625,0.96630859375,0.19921875,0.0004346949281170964,0.008162210562911578,0.006348085264482304
1,790,0,task1_initial,MLP,0.9814453125,0.1943359375,0.0,0.0,0.0,0.0,1.0,0.0,0.0
1,790,0,task1_initial,ChevronSlow,0.9716796875,0.19970703125,0.97119140625,0.19970703125,0.9716796875,0.197265625,1.0,0.00809002613529847,0.006167407316437228
1,790,0,task1_initial,IDLGated,0.9677734375,0.201171875,0.9677734375,0.20166015625,0.9658203125,0.19970703125,0.00043288044980727136,0.007972009322635342,0.006014158925263538
1,800,0,task1_initial,MLP,0.98974609375,0.189453125,0.0,0.0,0.0,0.0,1.0,0.0,0.0
1,800,0,task1_initial,ChevronSlow,0.9794921875,0.1943359375,0.97900390625,0.193359375,0.974609375,0.197265625,1.0,0.007744125391404706,0.006306719049018839
1,800,0,task1_initial,IDLGated,0.97265625,0.19970703125,0.9736328125,0.19873046875,0.97021484375,0.19873046875,0.00043028482468798757,0.007698516186475226,0.005721090819549047
1,810,0,task1_initial,MLP,0.98828125,0.19091796875,0.0,0.0,0.0,0.0,1.0,0.0,0.0
1,810,0,task1_initial,ChevronSlow,0.98095703125,0.19482421875,0.98095703125,0.1943359375,0.9775390625,0.19775390625,1.0,0.00729182471586612,0.0064237624970435
1,810,0,task1_initial,IDLGated,0.9736328125,0.197265625,0.97412109375,0.19775390625,0.9716796875,0.2001953125,0.0004260512359905988,0.00724887934618694,0.005808610353016421
1,820,0,task1_initial,MLP,0.9892578125,0.19140625,0.0,0.0,0.0,0.0,1.0,0.0,0.0
1,820,0,task1_initial,ChevronSlow,0.97802734375,0.19970703125,0.978515625,0.19970703125,0.9775390625,0.19970703125,1.0,0.006865940955182724,0.006233418823592063
1,820,0,task1_initial,IDLGated,0.97314453125,0.19970703125,0.9736328125,0.19970703125,0.97119140625,0.19921875,0.0004221030685584992,0.00682550383772512,0.005864116706925601
1,830,0,task1_initial,MLP,0.98291015625,0.20458984375,0.0,0.0,0.0,0.0,1.0,0.0,0.0
1,830,0,task1_initial,ChevronSlow,0.9677734375,0.21484375,0.96533203125,0.2177734375,0.97412109375,0.205078125,1.0,0.0064693695392870265,0.007615831208395788
1,830,0,task1_initial,IDLGated,0.9658203125,0.21240234375,0.96533203125,0.2158203125,0.96875,0.20361328125,0.0004184187564533204,0.006426855850940094,0.007412311025473459
1,840,0,task1_initial,MLP,0.98681640625,0.19482421875,0.0,0.0,0.0,0.0,1.0,0.0,0.0
1,840,0,task1_initial,ChevronSlow,0.97900390625,0.1953125,0.98046875,0.19287109375,0.97802734375,0.2001953125,1.0,0.006175379437003328,0.0062204506771578365
1,840,0,task1_initial,IDLGated,0.97216796875,0.20068359375,0.97314453125,0.20068359375,0.9716796875,0.20166015625,0.00041566905565559864,0.006127030734804265,0.0057602580903441435
1,850,0,task1_initial,MLP,0.98828125,0.19580078125,0.0,0.0,0.0,0.0,1.0,0.0,0.0
1,850,0,task1_initial,ChevronSlow,0.97900390625,0.19921875,0.9794921875,0.19873046875,0.97802734375,0.20068359375,1.0,0.005814702388286655,0.0063170078687091805
1,850,0,task1_initial,IDLGated,0.9736328125,0.20166015625,0.974609375,0.20166015625,0.9716796875,0.20166015625,0.00041241166763938963,0.005769273170417089,0.005643737667416816
1,860,0,task1_initial,MLP,0.9892578125,0.19580078125,0.0,0.0,0.0,0.0,1.0,0.0,0.0
1,860,0,task1_initial,ChevronSlow,0.9794921875,0.19873046875,0.98046875,0.19921875,0.978515625,0.201171875,1.0,0.0054750909169645435,0.006532035650869649
1,860,0,task1_initial,IDLGated,0.9736328125,0.20166015625,0.97509765625,0.20166015625,0.97216796875,0.2021484375,0.00040936702862381935,0.00543231502208409,0.0058971328690323455
1,870,0,task1_initial,MLP,0.9853515625,0.193359375,0.0,0.0,0.0,0.0,1.0,0.0,0.0
1,870,0,task1_initial,ChevronSlow,0.97265625,0.19873046875,0.97265625,0.19775390625,0.97607421875,0.20068359375,1.0,0.005155314674301063,0.006921427778724452
1,870,0,task1_initial,IDLGated,0.9716796875,0.19921875,0.970703125,0.19873046875,0.97216796875,0.19970703125,0.0004065206157974899,0.005115037133356445,0.006228999432687902
1,880,0,task1_initial,MLP,0.9892578125,0.18798828125,0.0,0.0,0.0,0.0,1.0,0.0,0.0
1,880,0,task1_initial,ChevronSlow,0.98486328125,0.18701171875,0.984375,0.18359375,0.97998046875,0.19482421875,1.0,0.004854215170877682,0.00818376609074847
1,880,0,task1_initial,IDLGated,0.97900390625,0.1953125,0.98046875,0.193359375,0.9755859375,0.2001953125,0.0004038586630485952,0.004816290065883869,0.00655524596165089
1,890,0,task1_initial,MLP,0.98681640625,0.1845703125,0.0,0.0,0.0,0.0,1.0,0.0,0.0
1,890,0,task1_initial,ChevronSlow,0.984375,0.18994140625,0.9853515625,0.1884765625,0.98291015625,0.19287109375,1.0,0.0045863783536444274,0.007167896677716389
1,890,0,task1_initial,IDLGated,0.98095703125,0.19140625,0.9814453125,0.1865234375,0.9765625,0.197265625,0.00040136813186109066,0.004534991515009821,0.006467746863727158
1,900,0,task1_initial,MLP,0.986328125,0.19189453125,0.0,0.0,0.0,0.0,1.0,0.0,0.0
1,900,0,task1_initial,ChevronSlow,0.9755859375,0.19189453125,0.97509765625,0.1923828125,0.9794921875,0.1923828125,1.0,0.004326325259542422,0.006894751118161547
1,900,0,task1_initial,IDLGated,0.9736328125,0.19189453125,0.9716796875,0.19189453125,0.97509765625,0.1962890625,0.00039903694414533675,0.004270122388784499,0.006145963190436741
1,910,0,task1_initial,MLP,0.98876953125,0.18896484375,0.0,0.0,0.0,0.0,1.0,0.0,0.0
1,910,0,task1_initial,ChevronSlow,0.984375,0.18701171875,0.98388671875,0.18603515625,0.9833984375,0.18896484375,1.0,0.004073643421556873,0.007411377027777288
1,910,0,task1_initial,IDLGated,0.982421875,0.1923828125,0.98486328125,0.19189453125,0.97900390625,0.1962890625,0.0003968545061070472,0.004020723115985618,0.006340540044160964
1,920,0,task1_initial,MLP,0.98876953125,0.1904296875,0.0,0.0,0.0,0.0,1.0,0.0,0.0
1,920,0,task1_initial,ChevronSlow,0.9833984375,0.1875,0.98291015625,0.1875,0.98388671875,0.18896484375,1.0,0.003835719630508949,0.006606446045440836
1,920,0,task1_initial,IDLGated,0.98095703125,0.19091796875,0.98095703125,0.189453125,0.97998046875,0.19287109375,0.00039481022395193577,0.0037858901697716578,0.005902880728618355
1,930,0,task1_initial,MLP,0.98876953125,0.18994140625,0.0,0.0,0.0,0.0,1.0,0.0,0.0
1,930,0,task1_initial,ChevronSlow,0.98388671875,0.19189453125,0.984375,0.1923828125,0.98291015625,0.1904296875,1.0,0.003611691933077629,0.006218434666196041
1,930,0,task1_initial,IDLGated,0.9814453125,0.19482421875,0.9833984375,0.1953125,0.98095703125,0.19482421875,0.00039289501728489995,0.003564772794373374,0.005731351533061977
1,940,0,task1_initial,MLP,0.98779296875,0.19873046875,0.0,0.0,0.0,0.0,1.0,0.0,0.0
1,940,0,task1_initial,ChevronSlow,0.97900390625,0.19970703125,0.97802734375,0.20068359375,0.98388671875,0.1962890625,1.0,0.0034007487188856956,0.006630219064699387
1,940,0,task1_initial,IDLGated,0.9794921875,0.19970703125,0.97705078125,0.2001953125,0.978515625,0.19873046875,0.0003911001840606332,0.0033565699229650393,0.006130990570177059
1,950,0,task1_initial,MLP,0.986328125,0.20166015625,0.0,0.0,0.0,0.0,1.0,0.0,0.0
1,950,0,task1_initial,ChevronSlow,0.98095703125,0.201171875,0.97900390625,0.203125,0.9814453125,0.197265625,1.0,0.003202125780187388,0.005957713203094317
1,950,0,task1_initial,IDLGated,0.97705078125,0.20166015625,0.9765625,0.20263671875,0.9775390625,0.20068359375,0.00038941766251809895,0.003160527275549409,0.0055290031042295636
1,960,0,task1_initial,MLP,0.9892578125,0.19482421875,0.0,0.0,0.0,0.0,1.0,0.0,0.0
1,960,0,task1_initial,ChevronSlow,0.9833984375,0.1953125,0.9833984375,0.19482421875,0.982421875,0.1962890625,1.0,0.0030151035432869127,0.005861510067368772
1,960,0,task1_initial,IDLGated,0.98046875,0.2001953125,0.98046875,0.20068359375,0.978515625,0.2001953125,0.0003878401475958526,0.0029759346263425984,0.005255437198688993
1,970,0,task1_initial,MLP,0.98974609375,0.1884765625,0.0,0.0,0.0,0.0,1.0,0.0,0.0
1,970,0,task1_initial,ChevronSlow,0.978515625,0.1904296875,0.978515625,0.1904296875,0.9814453125,0.19189453125,1.0,0.002839004461657749,0.006126824678315531
1,970,0,task1_initial,IDLGated,0.978515625,0.19287109375,0.978515625,0.19287109375,0.97998046875,0.197265625,0.00038636053795926273,0.0028021232307591302,0.005007399126141453
1,980,0,task1_initial,MLP,0.9892578125,0.197265625,0.0,0.0,0.0,0.0,1.0,0.0,0.0
1,980,0,task1_initial,ChevronSlow,0.98046875,0.201171875,0.97998046875,0.20263671875,0.982421875,0.19677734375,1.0,0.002673190561318522,0.00684739211800239
1,980,0,task1_initial,IDLGated,0.97900390625,0.20068359375,0.978515625,0.201171875,0.98046875,0.19970703125,0.00038497245986945927,0.0026384634026755836,0.005289745052506773
1,990,0,task1_initial,MLP,0.98681640625,0.20263671875,0.0,0.0,0.0,0.0,1.0,0.0,0.0
1,990,0,task1_initial,ChevronSlow,0.9814453125,0.201171875,0.98193359375,0.2021484375,0.98291015625,0.197265625,1.0,0.0025188857205943626,0.0073929285220324945
1,990,0,task1_initial,IDLGated,0.97900390625,0.205078125,0.978515625,0.20556640625,0.9794921875,0.20166015625,0.00038366997614502907,0.0024843622331957417,0.005688076729561489
1,1000,0,task1_initial,MLP,0.98876953125,0.1953125,0.0,0.0,0.0,0.0,1.0,0.0,0.0
1,1000,0,task1_initial,ChevronSlow,0.98388671875,0.19287109375,0.984375,0.19287109375,0.98388671875,0.19482421875,1.0,0.002464180987806538,0.00658910090885664
1,1000,0,task1_initial,IDLGated,0.98193359375,0.1982421875,0.982421875,0.197265625,0.9814453125,0.19921875,0.00038244755705818534,0.002339261442652736,0.005417480202751722
1,1010,0,task1_initial,MLP,0.9892578125,0.18896484375,0.0,0.0,0.0,0.0,1.0,0.0,0.0
1,1010,0,task1_initial,ChevronSlow,0.98388671875,0.1884765625,0.98291015625,0.18798828125,0.98388671875,0.19091796875,1.0,0.0023369577441420646,0.007088899548557634
1,1010,0,task1_initial,IDLGated,0.9833984375,0.19091796875,0.98388671875,0.18994140625,0.98095703125,0.1953125,0.0003813002840615809,0.0022026353580664065,0.005741353347389056
1,1020,0,task1_initial,MLP,0.9873046875,0.189453125,0.0,0.0,0.0,0.0,1.0,0.0,0.0
1,1020,0,task1_initial,ChevronSlow,0.97998046875,0.1923828125,0.9794921875,0.19140625,0.98193359375,0.19189453125,1.0,0.0022040588248542856,0.006343482021580999
1,1020,0,task1_initial,IDLGated,0.97900390625,0.1923828125,0.97802734375,0.19287109375,0.98095703125,0.19482421875,0.0003802231221925467,0.0020739890087285765,0.005481790089996061
1,1030,0,task1_initial,MLP,0.98828125,0.19677734375,0.0,0.0,0.0,0.0,1.0,0.0,0.0
1,1030,0,task1_initial,ChevronSlow,0.98291015625,0.2001953125,0.98291015625,0.2001953125,0.9833984375,0.1962890625,1.0,0.0020753293370137553,0.00615444596428075
1,1030,0,task1_initial,IDLGated,0.9794921875,0.19873046875,0.97998046875,0.19873046875,0.98095703125,0.1982421875,0.0003792115312535316,0.0019528563330169061,0.005049013101372763
1,1040,0,task1_initial,MLP,0.984375,0.1884765625,0.0,0.0,0.0,0.0,1.0,0.0,0.0
1,1040,0,task1_initial,ChevronSlow,0.9775390625,0.18896484375,0.97607421875,0.1875,0.98095703125,0.19140625,1.0,0.001954118378557657,0.006819082887999768
1,1040,0,task1_initial,IDLGated,0.97607421875,0.19189453125,0.9736328125,0.1904296875,0.97998046875,0.1943359375,0.00037826140760444105,0.0018387984899409517,0.005555201186114093
1,1050,0,task1_initial,MLP,0.98828125,0.1962890625,0.0,0.0,0.0,0.0,1.0,0.0,0.0
1,1050,0,task1_initial,ChevronSlow,0.9794921875,0.19873046875,0.97802734375,0.19775390625,0.98388671875,0.19482421875,1.0,0.0018512663648541261,0.007165140393568846
1,1050,0,task1_initial,IDLGated,0.978515625,0.19921875,0.978515625,0.19921875,0.982421875,0.19677734375,0.0003773690841626376,0.0017314022693034697,0.0060413503900468134
1,1060,0,task1_initial,MLP,0.9892578125,0.19970703125,0.0,0.0,0.0,0.0,1.0,0.0,0.0
1,1060,0,task1_initial,ChevronSlow,0.98095703125,0.20361328125,0.97998046875,0.2041015625,0.9833984375,0.19873046875,1.0,0.0021690019340296347,0.006693489827204914
1,1060,0,task1_initial,IDLGated,0.978515625,0.20166015625,0.978515625,0.203125,0.98193359375,0.19873046875,0.0003771752235479653,0.0017080338321885237,0.0054751615776502316
1,1070,0,task1_initial,MLP,0.98779296875,0.1962890625,0.0,0.0,0.0,0.0,1.0,0.0,0.0
1,1070,0,task1_initial,ChevronSlow,0.9814453125,0.2041015625,0.98046875,0.20556640625,0.9833984375,0.19921875,1.0,0.0026040485459250915,0.006699222602811386
1,1070,0,task1_initial,IDLGated,0.97900390625,0.2060546875,0.97802734375,0.2080078125,0.9794921875,0.20068359375,0.00037721337866969407,0.0017126315556734424,0.005521456846437344
1,1080,0,task1_initial,MLP,0.9873046875,0.2001953125,0.0,0.0,0.0,0.0,1.0,0.0,0.0
1,1080,0,task1_initial,ChevronSlow,0.9814453125,0.20263671875,0.98046875,0.20263671875,0.982421875,0.20068359375,1.0,0.0029213562936275823,0.005299540627597913
1,1080,0,task1_initial,IDLGated,0.9775390625,0.20263671875,0.9775390625,0.2041015625,0.9794921875,0.201171875,0.0003766298177652061,0.001642229290546397,0.0046927209339501985
1,1090,0,task1_initial,MLP,0.98583984375,0.1904296875,0.0,0.0,0.0,0.0,1.0,0.0,0.0
1,1090,0,task1_initial,ChevronSlow,0.978515625,0.19140625,0.97900390625,0.19140625,0.98193359375,0.19384765625,1.0,0.0028394404553661805,0.0053341609297987745
1,1090,0,task1_initial,IDLGated,0.9755859375,0.19384765625,0.974609375,0.193359375,0.98095703125,0.197265625,0.0003758362727239728,0.0015463138217282127,0.005028434286022199
1,1100,0,task1_initial,MLP,0.9892578125,0.19775390625,0.0,0.0,0.0,0.0,1.0,0.0,0.0
1,1100,0,task1_initial,ChevronSlow,0.9814453125,0.20263671875,0.97998046875,0.2021484375,0.98291015625,0.2001953125,1.0,0.0026736010905311076,0.004773109686065691
1,1100,0,task1_initial,IDLGated,0.97998046875,0.20166015625,0.9794921875,0.20166015625,0.98046875,0.20068359375,0.00037509051617234945,0.0014560003581912462,0.004342490350538614
1,1110,0,task1_initial,MLP,0.9892578125,0.1904296875,0.0,0.0,0.0,0.0,1.0,0.0,0.0
1,1110,0,task1_initial,ChevronSlow,0.984375,0.189453125,0.984375,0.1884765625,0.98388671875,0.19384765625,1.0,0.0025174476815599525,0.005382014686460216
1,1110,0,task1_initial,IDLGated,0.98193359375,0.1923828125,0.982421875,0.19091796875,0.98291015625,0.19677734375,0.0003743897541426122,0.0013709617111769224,0.004742812400285958
1,1120,0,task1_initial,MLP,0.9853515625,0.20068359375,0.0,0.0,0.0,0.0,1.0,0.0,0.0
1,1120,0,task1_initial,ChevronSlow,0.978515625,0.20703125,0.97705078125,0.2099609375,0.98046875,0.201171875,1.0,0.0023704145139066494,0.005682188792515583
1,1120,0,task1_initial,IDLGated,0.97802734375,0.205078125,0.97705078125,0.20703125,0.978515625,0.20166015625,0.0003737309598363936,0.0012908898015987148,0.005026346621735561
1,1130,0,task1_initial,MLP,0.9912109375,0.193359375,0.0,0.0,0.0,0.0,1.0,0.0,0.0
1,1130,0,task1_initial,ChevronSlow,0.9833984375,0.19873046875,0.9833984375,0.19873046875,0.9833984375,0.1982421875,1.0,0.002231968913950787,0.00500797617940034
1,1130,0,task1_initial,IDLGated,0.98046875,0.2021484375,0.97998046875,0.203125,0.98046875,0.2001953125,0.0003731118922587484,0.0012154945439293316,0.0047824444421781
1,1140,0,task1_initial,MLP,0.9833984375,0.2021484375,0.0,0.0,0.0,0.0,1.0,0.0,0.0
1,1140,0,task1_initial,ChevronSlow,0.9765625,0.19921875,0.9765625,0.19873046875,0.982421875,0.20068359375,1.0,0.0021016093192208845,0.0056401977118636665
1,1140,0,task1_initial,IDLGated,0.97705078125,0.201171875,0.97705078125,0.20166015625,0.9794921875,0.20068359375,0.00037252972833812237,0.0011445027952751974,0.0049327583936234825
1,1150,0,task1_initial,MLP,0.9873046875,0.19091796875,0.0,0.0,0.0,0.0,1.0,0.0,0.0
1,1150,0,task1_initial,ChevronSlow,0.9794921875,0.19189453125,0.97705078125,0.19091796875,0.9833984375,0.1953125,1.0,0.001978863461327515,0.005828838446225733
1,1150,0,task1_initial,IDLGated,0.9765625,0.19384765625,0.97509765625,0.1923828125,0.98193359375,0.1962890625,0.0003719824890140444,0.0010776573658309212,0.005075298742865755
1,1160,0,task1_initial,MLP,0.9833984375,0.19189453125,0.0,0.0,0.0,0.0,1.0,0.0,0.0
1,1160,0,task1_initial,ChevronSlow,0.978515625,0.20166015625,0.97705078125,0.201171875,0.98193359375,0.197265625,1.0,0.002036998983043476,0.005915520313196193
1,1160,0,task1_initial,IDLGated,0.97998046875,0.20068359375,0.97802734375,0.20068359375,0.98095703125,0.19970703125,0.0003715424973051995,0.0010238203813126992,0.004810526672642516
1,1170,0,task1_initial,MLP,0.98974609375,0.19580078125,0.0,0.0,0.0,0.0,1.0,0.0,0.0
1,1170,0,task1_initial,ChevronSlow,0.98486328125,0.19140625,0.98388671875,0.19091796875,0.98388671875,0.19482421875,1.0,0.0021766721309232923,0.005140306392687986
1,1170,0,task1_initial,IDLGated,0.98681640625,0.19482421875,0.98681640625,0.19384765625,0.984375,0.1962890625,0.0003711251192726195,0.0009727320470402592,0.0043044863963429495
1,1180,0,task1_initial,MLP,0.9892578125,0.19970703125,0.0,0.0,0.0,0.0,1.0,0.0,0.0
1,1180,0,task1_initial,ChevronSlow,0.9814453125,0.201171875,0.98095703125,0.2021484375,0.98291015625,0.1982421875,1.0,0.002119704226061654,0.005854468788402911
1,1180,0,task1_initial,IDLGated,0.98046875,0.20361328125,0.98046875,0.20361328125,0.98193359375,0.19921875,0.00037066175718791783,0.0009159189997615223,0.004850680641669709
1,1190,0,task1_initial,MLP,0.98388671875,0.19189453125,0.0,0.0,0.0,0.0,1.0,0.0,0.0
1,1190,0,task1_initial,ChevronSlow,0.97900390625,0.193359375,0.97900390625,0.19287109375,0.98046875,0.19482421875,1.0,0.002017048089713479,0.005121397030497157
1,1190,0,task1_initial,IDLGated,0.97998046875,0.19775390625,0.97900390625,0.19775390625,0.98046875,0.197265625,0.0003702259564306587,0.000862424155425638,0.004672862515429437
1,1200,0,task1_initial,MLP,0.9892578125,0.18798828125,0.0,0.0,0.0,0.0,1.0,0.0,0.0
1,1200,0,task1_initial,ChevronSlow,0.982421875,0.18603515625,0.9833984375,0.185546875,0.98388671875,0.19091796875,1.0,0.0018992410853765128,0.006165356171724222
1,1200,0,task1_initial,IDLGated,0.986328125,0.1904296875,0.9853515625,0.18896484375,0.98486328125,0.193359375,0.0003698160871863365,0.0008120537122335948,0.005389433346177335
1,1210,0,task1_initial,MLP,0.98876953125,0.18798828125,0.0,0.0,0.0,0.0,1.0,0.0,0.0
1,1210,0,task1_initial,ChevronSlow,0.98291015625,0.18408203125,0.98193359375,0.18115234375,0.98291015625,0.18896484375,1.0,0.0017883146756776359,0.006526647349771191
1,1210,0,task1_initial,IDLGated,0.98095703125,0.18359375,0.9794921875,0.1826171875,0.97998046875,0.1904296875,0.0003694306069519371,0.0007646251875063823,0.005965009697381806
1,1220,0,task1_initial,MLP,0.98974609375,0.19775390625,0.0,0.0,0.0,0.0,1.0,0.0,0.0
1,1220,0,task1_initial,ChevronSlow,0.98388671875,0.19580078125,0.98291015625,0.19677734375,0.984375,0.19140625,1.0,0.00168386699501607,0.00726088771974253
1,1220,0,task1_initial,IDLGated,0.98583984375,0.1943359375,0.98388671875,0.1943359375,0.9853515625,0.1923828125,0.00036906800232827663,0.0007199667565844336,0.006073024218123533
1,1230,0,task1_initial,MLP,0.982421875,0.2041015625,0.0,0.0,0.0,0.0,1.0,0.0,0.0
1,1230,0,task1_initial,ChevronSlow,0.97412109375,0.20556640625,0.97119140625,0.2060546875,0.9833984375,0.19970703125,1.0,0.0016328758444294138,0.008300361564465203
1,1230,0,task1_initial,IDLGated,0.9755859375,0.20361328125,0.97265625,0.20361328125,0.9814453125,0.19873046875,0.00036942074075341225,0.000763407882919159,0.0069179168724747735
1,1240,0,task1_initial,MLP,0.9833984375,0.19873046875,0.0,0.0,0.0,0.0,1.0,0.0,0.0
1,1240,0,task1_initial,ChevronSlow,0.9775390625,0.201171875,0.974609375,0.20166015625,0.98291015625,0.19677734375,1.0,0.0022634787899610312,0.007381487394497481
1,1240,0,task1_initial,IDLGated,0.97509765625,0.20166015625,0.970703125,0.20166015625,0.9814453125,0.19921875,0.00037479991442523897,0.001420757723102991,0.007158839446554342
1,1250,0,task1_initial,MLP,0.9892578125,0.185546875,0.0,0.0,0.0,0.0,1.0,0.0,0.0
1,1250,0,task1_initial,ChevronSlow,0.98046875,0.18017578125,0.97998046875,0.17919921875,0.98291015625,0.18798828125,1.0,0.003510359248736585,0.008648430207207692
1,1250,0,task1_initial,IDLGated,0.98388671875,0.18603515625,0.98291015625,0.1845703125,0.98583984375,0.19189453125,0.000384207465685904,0.0025480111359466426,0.006525537307298218
1,1260,0,task1_initial,MLP,0.98876953125,0.19482421875,0.0,0.0,0.0,0.0,1.0,0.0,0.0
1,1260,0,task1_initial,ChevronSlow,0.98388671875,0.20263671875,0.9833984375,0.2041015625,0.984375,0.1962890625,1.0,0.005755683411788873,0.008895315520528118
1,1260,0,task1_initial,IDLGated,0.984375,0.1982421875,0.984375,0.20166015625,0.98486328125,0.19677734375,0.0003992125275544822,0.004290121368686171,0.006598171362036334
1,1270,0,task1_initial,MLP,0.98876953125,0.19677734375,0.0,0.0,0.0,0.0,1.0,0.0,0.0
1,1270,0,task1_initial,ChevronSlow,0.98193359375,0.20703125,0.97998046875,0.208984375,0.9833984375,0.2001953125,1.0,0.00854094949845067,0.006779298475716473
1,1270,0,task1_initial,IDLGated,0.98291015625,0.205078125,0.982421875,0.205078125,0.9853515625,0.19873046875,0.00041862184298224747,0.006448913173575261,0.0056077274169964685
1,1280,0,task1_initial,MLP,0.98681640625,0.20068359375,0.0,0.0,0.0,0.0,1.0,0.0,0.0
1,1280,0,task1_initial,ChevronSlow,0.984375,0.19921875,0.98486328125,0.19970703125,0.98388671875,0.1982421875,1.0,0.010874565140267895,0.006265505480223638
1,1280,0,task1_initial,IDLGated,0.98193359375,0.20166015625,0.98095703125,0.2021484375,0.984375,0.19921875,0.00043668225407600403,0.00836962888856579,0.005685302733129896
1,1290,0,task1_initial,MLP,0.9912109375,0.1943359375,0.0,0.0,0.0,0.0,1.0,0.0,0.0
1,1290,0,task1_initial,ChevronSlow,0.98583984375,0.1923828125,0.9853515625,0.19189453125,0.98388671875,0.19677734375,1.0,0.012290884156033837,0.006303147689100828
1,1290,0,task1_initial,IDLGated,0.984375,0.19580078125,0.984375,0.1953125,0.98486328125,0.1962890625,0.0004501417570281774,0.009750092855352952,0.005620420868494998
1,1300,0,task1_initial,MLP,0.990234375,0.1923828125,0.0,0.0,0.0,0.0,1.0,0.0,0.0
1,1300,0,task1_initial,ChevronSlow,0.98388671875,0.19677734375,0.98388671875,0.1962890625,0.98388671875,0.197265625,1.0,0.01272067383343092,0.0055724434210734945
1,1300,0,task1_initial,IDLGated,0.98583984375,0.197265625,0.986328125,0.197265625,0.98486328125,0.1982421875,0.0004560432571452111,0.010342415495146556,0.005106775399819722
1,1310,0,task1_initial,MLP,0.98876953125,0.19677734375,0.0,0.0,0.0,0.0,1.0,0.0,0.0
1,1310,0,task1_initial,ChevronSlow,0.9814453125,0.19482421875,0.98046875,0.19482421875,0.9853515625,0.1962890625,1.0,0.012316716591791371,0.005794641225014761
1,1310,0,task1_initial,IDLGated,0.978515625,0.1962890625,0.978515625,0.19580078125,0.9853515625,0.1982421875,0.0004549050936475396,0.010228772973035996,0.005509965506068647
1,1320,0,task1_initial,MLP,0.9892578125,0.18310546875,0.0,0.0,0.0,0.0,1.0,0.0,0.0
1,1320,0,task1_initial,ChevronSlow,0.98046875,0.17919921875,0.97900390625,0.177734375,0.98193359375,0.18896484375,1.0,0.011737446225109676,0.0073390893487893325
1,1320,0,task1_initial,IDLGated,0.97900390625,0.1826171875,0.97607421875,0.1796875,0.98486328125,0.18994140625,0.0004519305657595396,0.009930445518001735,0.0073049076242639975
1,1330,0,task1_initial,MLP,0.98681640625,0.18701171875,0.0,0.0,0.0,0.0,1.0,0.0,0.0
1,1330,0,task1_initial,ChevronSlow,0.98095703125,0.18798828125,0.97998046875,0.18896484375,0.9833984375,0.1904296875,1.0,0.011300636403098849,0.006512239147791198
1,1330,0,task1_initial,IDLGated,0.9794921875,0.185546875,0.9775390625,0.18603515625,0.9833984375,0.1904296875,0.0004494533932302147,0.009680504347938731,0.00636104481994092
1,1340,0,task1_initial,MLP,0.98828125,0.201171875,0.0,0.0,0.0,0.0,1.0,0.0,0.0
1,1340,0,task1_initial,ChevronSlow,0.98095703125,0.20458984375,0.97900390625,0.20556640625,0.98291015625,0.19677734375,1.0,0.01068702920891323,0.00723971092509266
1,1340,0,task1_initial,IDLGated,0.9814453125,0.201171875,0.97998046875,0.20263671875,0.986328125,0.1953125,0.0004446093807928264,0.009187731236136386,0.006355552500371855
1,1350,0,task1_initial,MLP,0.9775390625,0.19384765625,0.0,0.0,0.0,0.0,1.0,0.0,0.0
1,1350,0,task1_initial,ChevronSlow,0.9736328125,0.193359375,0.97119140625,0.19189453125,0.9794921875,0.19189453125,1.0,0.010063799580537477,0.0072087423841632175
1,1350,0,task1_initial,IDLGated,0.97021484375,0.193359375,0.9677734375,0.1943359375,0.97802734375,0.1943359375,0.0004393936542328447,0.00865111582319591,0.007366564349613964
1,1360,0,task1_initial,MLP,0.990234375,0.18994140625,0.0,0.0,0.0,0.0,1.0,0.0,0.0
1,1360,0,task1_initial,ChevronSlow,0.98193359375,0.18994140625,0.982421875,0.18994140625,0.98193359375,0.19189453125,1.0,0.009619149673993795,0.005558097976924483
1,1360,0,task1_initial,IDLGated,0.98388671875,0.19384765625,0.98388671875,0.19482421875,0.98291015625,0.19384765625,0.0004361104511190206,0.008310044229872594,0.005194703750104981
1,1370,0,task1_initial,MLP,0.99169921875,0.1904296875,0.0,0.0,0.0,0.0,1.0,0.0,0.0
1,1370,0,task1_initial,ChevronSlow,0.984375,0.19140625,0.98486328125,0.19189453125,0.9833984375,0.19189453125,1.0,0.009213071516242408,0.005788796489303257
1,1370,0,task1_initial,IDLGated,0.9853515625,0.19140625,0.98486328125,0.19140625,0.98388671875,0.1923828125,0.00043351182830519974,0.008038280865160603,0.00533956891849379
1,1380,0,task1_initial,MLP,0.98876953125,0.18896484375,0.0,0.0,0.0,0.0,1.0,0.0,0.0
1,1380,0,task1_initial,ChevronSlow,0.98193359375,0.1884765625,0.982421875,0.18798828125,0.982421875,0.18994140625,1.0,0.00905427821315091,0.005471281695313877
1,1380,0,task1_initial,IDLGated,0.98095703125,0.18798828125,0.9814453125,0.18701171875,0.98193359375,0.19140625,0.0004334430559538305,0.008031067377775744,0.0050623424522129295
1,1390,0,task1_initial,MLP,0.98486328125,0.18701171875,0.0,0.0,0.0,0.0,1.0,0.0,0.0
1,1390,0,task1_initial,ChevronSlow,0.974609375,0.1865234375,0.97265625,0.1865234375,0.98046875,0.18896484375,1.0,0.00880349550733093,0.0061012940161165406
1,1390,0,task1_initial,IDLGated,0.9736328125,0.1875,0.97265625,0.1865234375,0.97900390625,0.18896484375,0.0004330248630139977,0.007987162810956941,0.00508355013133853
1,1400,0,task1_initial,MLP,0.98974609375,0.1962890625,0.0,0.0,0.0,0.0,1.0,0.0,0.0
1,1400,0,task1_initial,ChevronSlow,0.98388671875,0.1923828125,0.984375,0.19287109375,0.98388671875,0.19091796875,1.0,0.008325881429114211,0.0063212519251722036
1,1400,0,task1_initial,IDLGated,0.98583984375,0.1923828125,0.98583984375,0.193359375,0.98583984375,0.1904296875,0.0004292518424335867,0.007589203723777527,0.0051201812906346966
1,1410,0,task1_initial,MLP,0.98876953125,0.1943359375,0.0,0.0,0.0,0.0,1.0,0.0,0.0
1,1410,0,task1_initial,ChevronSlow,0.98291015625,0.193359375,0.98291015625,0.193359375,0.98291015625,0.19140625,1.0,0.008105718551354339,0.0064973609852306165
1,1410,0,task1_initial,IDLGated,0.98046875,0.19287109375,0.98046875,0.19140625,0.98193359375,0.19189453125,0.00042671337723731995,0.007319484894370352,0.005277604285502361
1,1420,0,task1_initial,MLP,0.9853515625,0.19287109375,0.0,0.0,0.0,0.0,1.0,0.0,0.0
1,1420,0,task1_initial,ChevronSlow,0.97900390625,0.197265625,0.97802734375,0.1982421875,0.98095703125,0.1923828125,1.0,0.008278551678139302,0.0060873943321687685
1,1420,0,task1_initial,IDLGated,0.9775390625,0.19873046875,0.97607421875,0.19921875,0.97802734375,0.19384765625,0.000427047663833946,0.0073551036373814905,0.005597411452296363
1,1430,0,task1_initial,MLP,0.9892578125,0.19677734375,0.0,0.0,0.0,0.0,1.0,0.0,0.0
1,1430,0,task1_initial,ChevronSlow,0.98291015625,0.19873046875,0.97998046875,0.19873046875,0.984375,0.19482421875,1.0,0.008563180053395156,0.005826986508346645
1,1430,0,task1_initial,IDLGated,0.97998046875,0.19921875,0.978515625,0.19921875,0.98681640625,0.19580078125,0.0004291376972105354,0.007577120972886528,0.005574036766333559
1,1440,0,task1_initial,MLP,0.98876953125,0.1923828125,0.0,0.0,0.0,0.0,1.0,0.0,0.0
1,1440,0,task1_initial,ChevronSlow,0.982421875,0.1953125,0.98193359375,0.19482421875,0.9853515625,0.19384765625,1.0,0.008818753448925883,0.005404362223842601
1,1440,0,task1_initial,IDLGated,0.984375,0.1953125,0.98291015625,0.19580078125,0.98681640625,0.1943359375,0.00043345626909285784,0.008032458145293126,0.004790909016162613
1,1450,0,task1_initial,MLP,0.99267578125,0.18701171875,0.0,0.0,0.0,0.0,1.0,0.0,0.0
1,1450,0,task1_initial,ChevronSlow,0.9833984375,0.189453125,0.98388671875,0.189453125,0.984375,0.19189453125,1.0,0.008663558912560472,0.004964183596290012
1,1450,0,task1_initial,IDLGated,0.9853515625,0.18994140625,0.984375,0.189453125,0.98681640625,0.19287109375,0.0004342511238064617,0.008115775148298305,0.004669076582944178
1,1460,0,task1_initial,MLP,0.98876953125,0.18212890625,0.0,0.0,0.0,0.0,1.0,0.0,0.0
1,1460,0,task1_initial,ChevronSlow,0.9833984375,0.18505859375,0.98388671875,0.18505859375,0.984375,0.1884765625,1.0,0.008157558124780266,0.00579773484664561
1,1460,0,task1_initial,IDLGated,0.98681640625,0.1865234375,0.9853515625,0.1865234375,0.986328125,0.1904296875,0.00042979189311154187,0.007646386605326885,0.005028412659512951
1,1470,0,task1_initial,MLP,0.990234375,0.1884765625,0.0,0.0,0.0,0.0,1.0,0.0,0.0
1,1470,0,task1_initial,ChevronSlow,0.984375,0.19189453125,0.984375,0.1923828125,0.984375,0.19140625,1.0,0.007681110641804511,0.004771221023725266
1,1470,0,task1_initial,IDLGated,0.9853515625,0.19140625,0.9853515625,0.19140625,0.98486328125,0.19140625,0.0004255917447153479,0.007199794427098836,0.004220395427914269
1,1480,0,task1_initial,MLP,0.98583984375,0.1884765625,0.0,0.0,0.0,0.0,1.0,0.0,0.0
1,1480,0,task1_initial,ChevronSlow,0.984375,0.19287109375,0.98291015625,0.193359375,0.98583984375,0.1904296875,1.0,0.007232490383662664,0.00474364442908607
1,1480,0,task1_initial,IDLGated,0.98486328125,0.193359375,0.98388671875,0.193359375,0.98681640625,0.19140625,0.00042167416540905833,0.0067792857552312355,0.004692345387733493
1,1490,0,task1_initial,MLP,0.98779296875,0.20068359375,0.0,0.0,0.0,0.0,1.0,0.0,0.0
1,1490,0,task1_initial,ChevronSlow,0.982421875,0.20263671875,0.97998046875,0.205078125,0.98486328125,0.1962890625,1.0,0.006810072083206453,0.0058056294724374334
1,1490,0,task1_initial,IDLGated,0.98193359375,0.20166015625,0.98046875,0.20556640625,0.986328125,0.19580078125,0.0004180185205768794,0.006383337165586302,0.005661513583197865
1,1500,0,task1_initial,MLP,0.9833984375,0.20654296875,0.0,0.0,0.0,0.0,1.0,0.0,0.0
1,1500,0,task1_initial,ChevronSlow,0.97705078125,0.2119140625,0.97412109375,0.212890625,0.98291015625,0.2021484375,1.0,0.006412325398071488,0.0071231809454798956
1,1500,0,task1_initial,IDLGated,0.97802734375,0.2109375,0.9755859375,0.2109375,0.9833984375,0.20166015625,0.000414605310652405,0.006010514210602933,0.007174482202797523
1,1510,0,task1_initial,MLP,0.98583984375,0.19921875,0.0,0.0,0.0,0.0,1.0,0.0,0.0
1,1510,0,task1_initial,ChevronSlow,0.982421875,0.20166015625,0.9814453125,0.2021484375,0.98388671875,0.19970703125,1.0,0.006037809366533563,0.005326830357970647
1,1510,0,task1_initial,IDLGated,0.98095703125,0.2060546875,0.97998046875,0.20654296875,0.9833984375,0.201171875,0.0004114170151297003,0.005659466222561915,0.005615546216104427
1,1520,0,task1_initial,MLP,0.98828125,0.19873046875,0.0,0.0,0.0,0.0,1.0,0.0,0.0
1,1520,0,task1_initial,ChevronSlow,0.97900390625,0.19677734375,0.9794921875,0.19580078125,0.984375,0.19921875,1.0,0.005685167187174302,0.006070826664769228
1,1520,0,task1_initial,IDLGated,0.97900390625,0.19775390625,0.97705078125,0.1982421875,0.982421875,0.2001953125,0.00040843719034455717,0.00532892142036983,0.005662218166821421
1,1530,0,task1_initial,MLP,0.98974609375,0.19873046875,0.0,0.0,0.0,0.0,1.0,0.0,0.0
1,1530,0,task1_initial,ChevronSlow,0.98291015625,0.19921875,0.98291015625,0.19921875,0.98291015625,0.19921875,1.0,0.005353121303443807,0.00480166677644916
1,1530,0,task1_initial,IDLGated,0.984375,0.19677734375,0.98486328125,0.19580078125,0.984375,0.19921875,0.0004056513134855777,0.005017682302134409,0.005056722902981151
1,1540,0,task1_initial,MLP,0.9892578125,0.19677734375,0.0,0.0,0.0,0.0,1.0,0.0,0.0
1,1540,0,task1_initial,ChevronSlow,0.9833984375,0.20166015625,0.9833984375,0.2021484375,0.98291015625,0.20068359375,1.0,0.0050404687753126155,0.005194142073391608
1,1540,0,task1_initial,IDLGated,0.98291015625,0.20166015625,0.9833984375,0.203125,0.98388671875,0.20068359375,0.00040304544381797314,0.00472462130683953,0.005098814076823127
1,1550,0,task1_initial,MLP,0.9892578125,0.19091796875,0.0,0.0,0.0,0.0,1.0,0.0,0.0
1,1550,0,task1_initial,ChevronSlow,0.98291015625,0.1865234375,0.9833984375,0.18408203125,0.9853515625,0.1923828125,1.0,0.004746076921245345,0.006390092814866553
1,1550,0,task1_initial,IDLGated,0.9853515625,0.189453125,0.984375,0.18896484375,0.986328125,0.1943359375,0.00040060689207166433,0.004448676729402893,0.005466148728881352
1,1560,0,task1_initial,MLP,0.99169921875,0.19189453125,0.0,0.0,0.0,0.0,1.0,0.0,0.0
1,1560,0,task1_initial,ChevronSlow,0.984375,0.19287109375,0.98291015625,0.1923828125,0.9853515625,0.1943359375,1.0,0.004468879214707695,0.00469877979143771
1,1560,0,task1_initial,IDLGated,0.98388671875,0.193359375,0.9833984375,0.1923828125,0.98486328125,0.19482421875,0.00039832451147958636,0.004188848874317409,0.004835382879650108
1,1570,0,task1_initial,MLP,0.9912109375,0.19580078125,0.0,0.0,0.0,0.0,1.0,0.0,0.0
1,1570,0,task1_initial,ChevronSlow,0.984375,0.20263671875,0.9833984375,0.20458984375,0.984375,0.19775390625,1.0,0.004207871420340615,0.0045649186221189565
1,1570,0,task1_initial,IDLGated,0.98486328125,0.2001953125,0.984375,0.2001953125,0.9853515625,0.197265625,0.00039618712617084384,0.00394419643394168,0.0045618903423418344
1,1580,0,task1_initial,MLP,0.99169921875,0.19482421875,0.0,0.0,0.0,0.0,1.0,0.0,0.0
1,1580,0,task1_initial,ChevronSlow,0.984375,0.19482421875,0.984375,0.19482421875,0.98388671875,0.1953125,1.0,0.003962107955803742,0.004278350460376349
1,1580,0,task1_initial,IDLGated,0.98583984375,0.19677734375,0.98583984375,0.197265625,0.986328125,0.19677734375,0.00039418519008904696,0.003713833078318752,0.0043793072153561095
1,1590,0,task1_initial,MLP,0.990234375,0.19970703125,0.0,0.0,0.0,0.0,1.0,0.0,0.0
1,1590,0,task1_initial,ChevronSlow,0.98388671875,0.19775390625,0.9833984375,0.1982421875,0.98486328125,0.197265625,1.0,0.0037306984661077368,0.00519373943244787
1,1590,0,task1_initial,IDLGated,0.98486328125,0.19775390625,0.98486328125,0.1982421875,0.9853515625,0.197265625,0.00039230927359312773,0.0034969242441687375,0.004973600395643148
1,1600,0,task1_initial,MLP,0.98876953125,0.19140625,0.0,0.0,0.0,0.0,1.0,0.0,0.0
1,1600,0,task1_initial,ChevronSlow,0.98193359375,0.1904296875,0.98095703125,0.18896484375,0.98486328125,0.193359375,1.0,0.0035128045980249495,0.005893208580617017
1,1600,0,task1_initial,IDLGated,0.98193359375,0.1923828125,0.98193359375,0.19140625,0.98388671875,0.1953125,0.00039055116940289736,0.0032926841114224,0.005748728819233313
1,1610,0,task1_initial,MLP,0.98974609375,0.18310546875,0.0,0.0,0.0,0.0,1.0,0.0,0.0
1,1610,0,task1_initial,ChevronSlow,0.98388671875,0.1865234375,0.9833984375,0.18603515625,0.9833984375,0.1904296875,1.0,0.0033181777997243335,0.005765923165246546
1,1610,0,task1_initial,IDLGated,0.98388671875,0.18798828125,0.9833984375,0.18701171875,0.9873046875,0.19140625,0.0003889029030688107,0.0031003727563422645,0.005496417224635703
1,1620,0,task1_initial,MLP,0.98974609375,0.1826171875,0.0,0.0,0.0,0.0,1.0,0.0,0.0
1,1620,0,task1_initial,ChevronSlow,0.9833984375,0.18408203125,0.98193359375,0.181640625,0.982421875,0.1884765625,1.0,0.0031617157620768706,0.005404931288824578
1,1620,0,task1_initial,IDLGated,0.98291015625,0.18359375,0.98193359375,0.18212890625,0.984375,0.189453125,0.0003875221300404519,0.0029386256580485825,0.005148090531101481
1,1630,0,task1_initial,MLP,0.9873046875,0.19873046875,0.0,0.0,0.0,0.0,1.0,0.0,0.0
1,1630,0,task1_initial,ChevronSlow,0.9833984375,0.19384765625,0.9814453125,0.19482421875,0.984375,0.19091796875,1.0,0.0029770536985421563,0.005504541380873054
1,1630,0,task1_initial,IDLGated,0.98388671875,0.19384765625,0.9814453125,0.1943359375,0.9853515625,0.1904296875,0.00038606213638558984,0.002766993317001312,0.005088184777897133
1,1640,0,task1_initial,MLP,0.98974609375,0.19775390625,0.0,0.0,0.0,0.0,1.0,0.0,0.0
1,1640,0,task1_initial,ChevronSlow,0.9833984375,0.1982421875,0.9833984375,0.19970703125,0.9853515625,0.193359375,1.0,0.0028031769428197104,0.005207666813200328
1,1640,0,task1_initial,IDLGated,0.98583984375,0.1962890625,0.98486328125,0.1962890625,0.986328125,0.193359375,0.0003846925392281264,0.0026053852743578502,0.004915953758424339
1,1650,0,task1_initial,MLP,0.98974609375,0.19189453125,0.0,0.0,0.0,0.0,1.0,0.0,0.0
1,1650,0,task1_initial,ChevronSlow,0.984375,0.19189453125,0.984375,0.19189453125,0.984375,0.19189453125,1.0,0.002639455571998574,0.004599539917760521
1,1650,0,task1_initial,IDLGated,0.9873046875,0.19384765625,0.9873046875,0.19384765625,0.98681640625,0.19287109375,0.00038340725586749613,0.0024532160544562353,0.004439159901500765
1,1660,0,task1_initial,MLP,0.9873046875,0.201171875,0.0,0.0,0.0,0.0,1.0,0.0,0.0
1,1660,0,task1_initial,ChevronSlow,0.9755859375,0.208984375,0.9755859375,0.2109375,0.98291015625,0.201171875,1.0,0.002485296454224721,0.006100154110928755
1,1660,0,task1_initial,IDLGated,0.97802734375,0.2080078125,0.9765625,0.208984375,0.984375,0.2001953125,0.0003822009894065559,0.00230993437672098,0.005486810173149204
1,1670,0,task1_initial,MLP,0.9833984375,0.20361328125,0.0,0.0,0.0,0.0,1.0,0.0,0.0
1,1670,0,task1_initial,ChevronSlow,0.9775390625,0.20263671875,0.9775390625,0.2041015625,0.98388671875,0.20068359375,1.0,0.002340141099895471,0.004624367447044109
1,1670,0,task1_initial,IDLGated,0.978515625,0.20654296875,0.9775390625,0.20849609375,0.98095703125,0.201171875,0.0003810688212979585,0.002175021158476823,0.004601736784136441
1,1680,0,task1_initial,MLP,0.99072265625,0.19775390625,0.0,0.0,0.0,0.0,1.0,0.0,0.0
1,1680,0,task1_initial,ChevronSlow,0.9853515625,0.19873046875,0.98388671875,0.19873046875,0.98486328125,0.19921875,1.0,0.002203463638356287,0.0036777056362262833
1,1680,0,task1_initial,IDLGated,0.9853515625,0.19921875,0.9853515625,0.19970703125,0.984375,0.19921875,0.00038000568747520447,0.002047987634409447,0.003707022389498939
1,1690,0,task1_initial,MLP,0.99169921875,0.1923828125,0.0,0.0,0.0,0.0,1.0,0.0,0.0
1,1690,0,task1_initial,ChevronSlow,0.98583984375,0.19287109375,0.9853515625,0.1923828125,0.986328125,0.1953125,1.0,0.0020747689127699176,0.004372697959594593
1,1690,0,task1_initial,IDLGated,0.9873046875,0.19384765625,0.9873046875,0.19384765625,0.986328125,0.197265625,0.0003790073678828776,0.0019283735858603129,0.00405197315292736
1,1700,0,task1_initial,MLP,0.99267578125,0.19140625,0.0,0.0,0.0,0.0,1.0,0.0,0.0
1,1700,0,task1_initial,ChevronSlow,0.98486328125,0.189453125,0.984375,0.1884765625,0.9853515625,0.19287109375,1.0,0.0019535906862559395,0.00587141078757973
1,1700,0,task1_initial,IDLGated,0.9853515625,0.189453125,0.9853515625,0.18896484375,0.9873046875,0.193359375,0.00037806981708854437,0.0018157456735406784,0.0052378440297256995
1,1710,0,task1_initial,MLP,0.9912109375,0.1923828125,0.0,0.0,0.0,0.0,1.0,0.0,0.0
1,1710,0,task1_initial,ChevronSlow,0.98388671875,0.193359375,0.98193359375,0.19384765625,0.98583984375,0.19384765625,1.0,0.0018394899528018835,0.005254316156092111
1,1710,0,task1_initial,IDLGated,0.9833984375,0.193359375,0.98193359375,0.193359375,0.9853515625,0.1953125,0.0003771890769712627,0.0017096958676245393,0.004989366159659663
1,1720,0,task1_initial,MLP,0.9912109375,0.19482421875,0.0,0.0,0.0,0.0,1.0,0.0,0.0
1,1720,0,task1_initial,ChevronSlow,0.984375,0.1982421875,0.984375,0.19873046875,0.98486328125,0.19677734375,1.0,0.0017320533468267033,0.0042823118840690086
1,1720,0,task1_initial,IDLGated,0.9853515625,0.19921875,0.9853515625,0.19970703125,0.98583984375,0.19677734375,0.0003763616841752082,0.001609839969533013,0.003944475602497931
1,1730,0,task1_initial,MLP,0.99267578125,0.19140625,0.0,0.0,0.0,0.0,1.0,0.0,0.0
1,1730,0,task1_initial,ChevronSlow,0.98486328125,0.189453125,0.9853515625,0.18896484375,0.98486328125,0.19189453125,1.0,0.001630891645634713,0.004637777725411959
1,1730,0,task1_initial,IDLGated,0.986328125,0.19091796875,0.98583984375,0.1904296875,0.9873046875,0.19384765625,0.00037558426265604794,0.001515816220054865,0.004014640500889817
1,1740,0,task1_initial,MLP,0.99072265625,0.18701171875,0.0,0.0,0.0,0.0,1.0,0.0,0.0
1,1740,0,task1_initial,ChevronSlow,0.982421875,0.18359375,0.98095703125,0.18017578125,0.9833984375,0.189453125,1.0,0.0015356383593346813,0.005182503899359891
1,1740,0,task1_initial,IDLGated,0.98193359375,0.18310546875,0.98095703125,0.1826171875,0.98583984375,0.1904296875,0.000374853698303923,0.0014272839887606603,0.004950571562674006
1,1750,0,task1_initial,MLP,0.9931640625,0.1923828125,0.0,0.0,0.0,0.0,1.0,0.0,0.0
1,1750,0,task1_initial,ChevronSlow,0.984375,0.19189453125,0.98388671875,0.19189453125,0.986328125,0.19140625,1.0,0.0014459484031156158,0.004636363406737691
1,1750,0,task1_initial,IDLGated,0.98681640625,0.19140625,0.986328125,0.19140625,0.9873046875,0.19189453125,0.0003741671098396182,0.0013439225399625339,0.004276890303758389
1,1760,0,task1_initial,MLP,0.99072265625,0.1953125,0.0,0.0,0.0,0.0,1.0,0.0,0.0
1,1760,0,task1_initial,ChevronSlow,0.98388671875,0.19873046875,0.9833984375,0.19921875,0.984375,0.19384765625,1.0,0.0013614968470691423,0.004960811865865979
1,1760,0,task1_initial,IDLGated,0.98388671875,0.197265625,0.98388671875,0.1982421875,0.98583984375,0.1943359375,0.00037352184881456196,0.00126542987074888,0.005095175725392304
1,1770,0,task1_initial,MLP,0.9912109375,0.19384765625,0.0,0.0,0.0,0.0,1.0,0.0,0.0
1,1770,0,task1_initial,ChevronSlow,0.98486328125,0.19287109375,0.9853515625,0.19287109375,0.98486328125,0.1923828125,1.0,0.0012819777390293218,0.004309620286828185
1,1770,0,task1_initial,IDLGated,0.9853515625,0.19580078125,0.9853515625,0.19677734375,0.98583984375,0.1943359375,0.00037291523767635226,0.0011915216168843846,0.004992436560384496
1,1780,0,task1_initial,MLP,0.9912109375,0.193359375,0.0,0.0,0.0,0.0,1.0,0.0,0.0
1,1780,0,task1_initial,ChevronSlow,0.984375,0.1904296875,0.98486328125,0.1904296875,0.98486328125,0.19091796875,1.0,0.0012071029961652712,0.004111022082364687
1,1780,0,task1_initial,IDLGated,0.98583984375,0.19140625,0.986328125,0.19140625,0.98583984375,0.19189453125,0.0003727174480445683,0.0011674072142398384,0.004351037304760223
1,1790,0,task1_initial,MLP,0.990234375,0.18994140625,0.0,0.0,0.0,0.0,1.0,0.0,0.0
1,1790,0,task1_initial,ChevronSlow,0.98388671875,0.18896484375,0.9833984375,0.1875,0.9833984375,0.19140625,1.0,0.001136601361311039,0.003921380738620455
1,1790,0,task1_initial,IDLGated,0.98291015625,0.18994140625,0.9814453125,0.1884765625,0.9833984375,0.19189453125,0.00037223505205474794,0.001108516255161014,0.004419552082027507
1,1800,0,task1_initial,MLP,0.99072265625,0.1953125,0.0,0.0,0.0,0.0,1.0,0.0,0.0
1,1800,0,task1_initial,ChevronSlow,0.9853515625,0.193359375,0.98583984375,0.19482421875,0.9853515625,0.19287109375,1.0,0.00107021742025171,0.004142376367672288
1,1800,0,task1_initial,IDLGated,0.986328125,0.193359375,0.986328125,0.19482421875,0.986328125,0.19287109375,0.00037170544965192676,0.0010437726429757925,0.004390389094993057
1,1810,0,task1_initial,MLP,0.9912109375,0.1923828125,0.0,0.0,0.0,0.0,1.0,0.0,0.0
1,1810,0,task1_initial,ChevronSlow,0.98583984375,0.1923828125,0.98486328125,0.1923828125,0.98583984375,0.19189453125,1.0,0.0010077106764055585,0.004344474255818487
1,1810,0,task1_initial,IDLGated,0.986328125,0.1923828125,0.986328125,0.1923828125,0.98681640625,0.19287109375,0.00037120739580132067,0.0009828104235299869,0.004640078479126371
1,1820,0,task1_initial,MLP,0.98974609375,0.18896484375,0.0,0.0,0.0,0.0,1.0,0.0,0.0
1,1820,0,task1_initial,ChevronSlow,0.984375,0.18896484375,0.98388671875,0.18798828125,0.9833984375,0.1904296875,1.0,0.0009488546795499855,0.004288779996822728
1,1820,0,task1_initial,IDLGated,0.98486328125,0.19091796875,0.98486328125,0.1904296875,0.986328125,0.19189453125,0.0003707391442731023,0.0009254087421235414,0.004423858127402416
1,1830,0,task1_initial,MLP,0.9873046875,0.19140625,0.0,0.0,0.0,0.0,1.0,0.0,0.0
1,1830,0,task1_initial,ChevronSlow,0.9814453125,0.19580078125,0.97998046875,0.19580078125,0.98291015625,0.19287109375,1.0,0.0008934362054347877,0.004480966002751613
1,1830,0,task1_initial,IDLGated,0.98095703125,0.19580078125,0.97998046875,0.19580078125,0.9833984375,0.1923828125,0.0003702986869029701,0.0008713596432186659,0.004920827102433147
1,1840,0,task1_initial,MLP,0.9892578125,0.19384765625,0.0,0.0,0.0,0.0,1.0,0.0,0.0
1,1840,0,task1_initial,ChevronSlow,0.9853515625,0.1953125,0.98486328125,0.1962890625,0.98388671875,0.19384765625,1.0,0.0008412544833106467,0.0038835240142057878
1,1840,0,task1_initial,IDLGated,0.98583984375,0.1982421875,0.98583984375,0.19873046875,0.98583984375,0.193359375,0.00036988448118790984,0.0008204673170558819,0.004439118444408524
1,1850,0,task1_initial,MLP,0.990234375,0.18896484375,0.0,0.0,0.0,0.0,1.0,0.0,0.0
1,1850,0,task1_initial,ChevronSlow,0.98388671875,0.1845703125,0.984375,0.18408203125,0.98388671875,0.1875,1.0,0.0007921204685743162,0.005217410729406278
1,1850,0,task1_initial,IDLGated,0.98388671875,0.18701171875,0.98486328125,0.18603515625,0.9853515625,0.18994140625,0.0003694948391057551,0.0007725473902719493,0.004776498523027776
1,1860,0,task1_initial,MLP,0.98974609375,0.18701171875,0.0,0.0,0.0,0.0,1.0,0.0,0.0
1,1860,0,task1_initial,ChevronSlow,0.98388671875,0.1875,0.98388671875,0.1884765625,0.98291015625,0.1884765625,1.0,0.000745856157895442,0.00395116872498469
1,1860,0,task1_initial,IDLGated,0.98486328125,0.1884765625,0.98486328125,0.18798828125,0.98583984375,0.18994140625,0.00036912853829562664,0.0007274262579497113,0.004058754763688642
1,1870,0,task1_initial,MLP,0.9912109375,0.19580078125,0.0,0.0,0.0,0.0,1.0,0.0,0.0
1,1870,0,task1_initial,ChevronSlow,0.98486328125,0.20068359375,0.984375,0.203125,0.984375,0.19384765625,1.0,0.0007022939443438442,0.004369927841629439
1,1870,0,task1_initial,IDLGated,0.9853515625,0.19970703125,0.98583984375,0.20068359375,0.9853515625,0.19384765625,0.00036878365790471435,0.0006849404546800046,0.004321907925145655
1,1880,0,task1_initial,MLP,0.98876953125,0.201171875,0.0,0.0,0.0,0.0,1.0,0.0,0.0
1,1880,0,task1_initial,ChevronSlow,0.984375,0.20458984375,0.98291015625,0.20703125,0.984375,0.19482421875,1.0,0.0006933166655889116,0.004442108643293092
1,1880,0,task1_initial,IDLGated,0.9833984375,0.20556640625,0.982421875,0.20751953125,0.98583984375,0.19775390625,0.00036861791159026325,0.0006644887620325623,0.004567014917848271
1,1890,0,task1_initial,MLP,0.9873046875,0.19384765625,0.0,0.0,0.0,0.0,1.0,0.0,0.0
1,1890,0,task1_initial,ChevronSlow,0.98583984375,0.19091796875,0.984375,0.189453125,0.98486328125,0.19091796875,1.0,0.0009227876970431928,0.00531714431776208
1,1890,0,task1_initial,IDLGated,0.98388671875,0.193359375,0.982421875,0.19384765625,0.98583984375,0.193359375,0.0003708962758537382,0.000944678401285481,0.004789909006429207
1,1900,0,task1_initial,MLP,0.98974609375,0.18994140625,0.0,0.0,0.0,0.0,1.0,0.0,0.0
1,1900,0,task1_initial,ChevronSlow,0.982421875,0.19580078125,0.9814453125,0.19580078125,0.98583984375,0.1923828125,1.0,0.0013987564949842011,0.0038936077530604034
1,1900,0,task1_initial,IDLGated,0.98291015625,0.19384765625,0.98095703125,0.193359375,0.98681640625,0.19287109375,0.0003751602489501238,0.0014644526752559451,0.00424635049389744
1,1910,0,task1_initial,MLP,0.9892578125,0.19140625,0.0,0.0,0.0,0.0,1.0,0.0,0.0
1,1910,0,task1_initial,ChevronSlow,0.984375,0.189453125,0.984375,0.18896484375,0.98583984375,0.1923828125,1.0,0.0017110473912827415,0.0056968559472885755
1,1910,0,task1_initial,IDLGated,0.98681640625,0.1904296875,0.9853515625,0.1904296875,0.9853515625,0.19140625,0.0003783380670938641,0.001847994303674539,0.006030860692318569
1,1920,0,task1_initial,MLP,0.9912109375,0.19775390625,0.0,0.0,0.0,0.0,1.0,0.0,0.0
1,1920,0,task1_initial,ChevronSlow,0.98486328125,0.19482421875,0.984375,0.19677734375,0.98486328125,0.19287109375,1.0,0.0030563327667433374,0.006350659035472756
1,1920,0,task1_initial,IDLGated,0.986328125,0.19384765625,0.986328125,0.1943359375,0.9853515625,0.19384765625,0.00038996691000647843,0.0032246074184750723,0.006259344305345191
1,1930,0,task1_initial,MLP,0.9892578125,0.19580078125,0.0,0.0,0.0,0.0,1.0,0.0,0.0
1,1930,0,task1_initial,ChevronSlow,0.98193359375,0.2001953125,0.98095703125,0.19970703125,0.984375,0.19775390625,1.0,0.005290596380457826,0.005309889679100584
1,1930,0,task1_initial,IDLGated,0.982421875,0.19873046875,0.98095703125,0.19873046875,0.9853515625,0.19775390625,0.00040997331961989403,0.005499627081754421,0.0055333088311290525
1,1940,0,task1_initial,MLP,0.9892578125,0.18505859375,0.0,0.0,0.0,0.0,1.0,0.0,0.0
1,1940,0,task1_initial,ChevronSlow,0.98291015625,0.18017578125,0.9814453125,0.177734375,0.98388671875,0.18701171875,1.0,0.007240790656955437,0.00580711658276303
1,1940,0,task1_initial,IDLGated,0.982421875,0.18310546875,0.98291015625,0.18115234375,0.9833984375,0.18896484375,0.0004287114425096661,0.007531911048529118,0.004777683824361495
1,1950,0,task1_initial,MLP,0.98974609375,0.1845703125,0.0,0.0,0.0,0.0,1.0,0.0,0.0
1,1950,0,task1_initial,ChevronSlow,0.98388671875,0.18359375,0.98388671875,0.1826171875,0.982421875,0.18603515625,1.0,0.00851068546238911,0.005186667010375415
1,1950,0,task1_initial,IDLGated,0.98486328125,0.1826171875,0.9833984375,0.18115234375,0.9833984375,0.1865234375,0.00044089992297813296,0.008806755432952897,0.005036037356096578
1,1960,0,task1_initial,MLP,0.99267578125,0.1943359375,0.0,0.0,0.0,0.0,1.0,0.0,0.0
1,1960,0,task1_initial,ChevronSlow,0.9853515625,0.19775390625,0.984375,0.2001953125,0.9853515625,0.18994140625,1.0,0.009243134234294886,0.006476031754942666
1,1960,0,task1_initial,IDLGated,0.98681640625,0.19189453125,0.9873046875,0.193359375,0.98681640625,0.189453125,0.0004474194720387459,0.009474254826459276,0.005790816976342809
1,1970,0,task1_initial,MLP,0.98779296875,0.20068359375,0.0,0.0,0.0,0.0,1.0,0.0,0.0
1,1970,0,task1_initial,ChevronSlow,0.98388671875,0.20166015625,0.98193359375,0.2041015625,0.98486328125,0.19384765625,1.0,0.010551483089597804,0.006364751340191653
1,1970,0,task1_initial,IDLGated,0.98486328125,0.20263671875,0.98291015625,0.205078125,0.98681640625,0.19384765625,0.00045718782348558307,0.01045641511437997,0.006551310978642196
1,1980,0,task1_initial,MLP,0.98828125,0.19970703125,0.0,0.0,0.0,0.0,1.0,0.0,0.0
1,1980,0,task1_initial,ChevronSlow,0.984375,0.20361328125,0.98388671875,0.20556640625,0.984375,0.19580078125,1.0,0.011957922945260073,0.0042233124860248826
1,1980,0,task1_initial,IDLGated,0.98388671875,0.20556640625,0.98193359375,0.20751953125,0.9853515625,0.19775390625,0.0004689210909418762,0.011608762141829132,0.004813479050739047
1,1990,0,task1_initial,MLP,0.9912109375,0.19873046875,0.0,0.0,0.0,0.0,1.0,0.0,0.0
1,1990,0,task1_initial,ChevronSlow,0.986328125,0.193359375,0.98583984375,0.1943359375,0.9853515625,0.19287109375,1.0,0.012421123314260162,0.004078863552959079
1,1990,0,task1_initial,IDLGated,0.98583984375,0.197265625,0.98486328125,0.19677734375,0.98681640625,0.193359375,0.00047341096797026694,0.01204212089403904,0.0033187827527449898
1,2000,0,task1_initial,MLP,0.99169921875,0.1982421875,0.0,0.0,0.0,0.0,1.0,0.0,0.0
1,2000,0,task1_initial,ChevronSlow,0.98486328125,0.19873046875,0.98486328125,0.19921875,0.9853515625,0.19580078125,1.0,0.01220751715134376,0.004388172628035608
1,2000,0,task1_initial,IDLGated,0.984375,0.197265625,0.98486328125,0.19677734375,0.9853515625,0.19482421875,0.00047014898154884577,0.011727700137357378,0.004072072747942098
1,2010,0,task1_initial,MLP,0.99267578125,0.19189453125,0.0,0.0,0.0,0.0,1.0,0.0,0.0
1,2010,0,task1_initial,ChevronSlow,0.98486328125,0.189453125,0.9833984375,0.18896484375,0.9853515625,0.1923828125,1.0,0.011890749219118075,0.004355603148544529
1,2010,0,task1_initial,IDLGated,0.98583984375,0.18994140625,0.986328125,0.18994140625,0.986328125,0.19189453125,0.00046646263217553496,0.011369731848225451,0.004260612529292286
1,2020,0,task1_initial,MLP,0.9931640625,0.19775390625,0.0,0.0,0.0,0.0,1.0,0.0,0.0
1,2020,0,task1_initial,ChevronSlow,0.98388671875,0.19677734375,0.9833984375,0.197265625,0.98583984375,0.1943359375,1.0,0.011556158461872443,0.004998474267231442
1,2020,0,task1_initial,IDLGated,0.984375,0.197265625,0.98291015625,0.19775390625,0.98583984375,0.1953125,0.0004640420665964484,0.01113312047347582,0.004877067849027996
1,2030,0,task1_initial,MLP,0.98486328125,0.2001953125,0.0,0.0,0.0,0.0,1.0,0.0,0.0
1,2030,0,task1_initial,ChevronSlow,0.978515625,0.19970703125,0.978515625,0.19873046875,0.984375,0.197265625,1.0,0.011605001157303585,0.005193467408454208
1,2030,0,task1_initial,IDLGated,0.97802734375,0.2001953125,0.978515625,0.20068359375,0.9833984375,0.19775390625,0.00046690236194990575,0.01141258003780431,0.005208371404025187
1,2040,0,task1_initial,MLP,0.99267578125,0.18798828125,0.0,0.0,0.0,0.0,1.0,0.0,0.0
1,2040,0,task1_initial,ChevronSlow,0.984375,0.18505859375,0.98486328125,0.18505859375,0.9853515625,0.18994140625,1.0,0.01179353661016845,0.004313453011800694
1,2040,0,task1_initial,IDLGated,0.984375,0.1865234375,0.984375,0.18603515625,0.98583984375,0.19140625,0.0004717176780104637,0.011879174658159153,0.004098826524588884
1,2050,0,task1_initial,MLP,0.9873046875,0.18994140625,0.0,0.0,0.0,0.0,1.0,0.0,0.0
1,2050,0,task1_initial,ChevronSlow,0.9833984375,0.19091796875,0.98291015625,0.1904296875,0.9853515625,0.18994140625,1.0,0.011633204841192178,0.004116463873955599
1,2050,0,task1_initial,IDLGated,0.9833984375,0.189453125,0.9833984375,0.18994140625,0.986328125,0.1904296875,0.00047242644359357655,0.011947457237318366,0.0043804372469325534
1,2060,0,task1_initial,MLP,0.98876953125,0.19873046875,0.0,0.0,0.0,0.0,1.0,0.0,0.0
1,2060,0,task1_initial,ChevronSlow,0.984375,0.201171875,0.984375,0.20263671875,0.9853515625,0.1953125,1.0,0.011046731179921715,0.004198356587366238
1,2060,0,task1_initial,IDLGated,0.98583984375,0.19970703125,0.98486328125,0.201171875,0.9853515625,0.1943359375,0.0004678825498558581,0.011507935514865298,0.004042033388983729
1,2070,0,task1_initial,MLP,0.99072265625,0.19921875,0.0,0.0,0.0,0.0,1.0,0.0,0.0
1,2070,0,task1_initial,ChevronSlow,0.98291015625,0.205078125,0.98046875,0.20654296875,0.98486328125,0.1982421875,1.0,0.010401539667305277,0.004153434055893815
1,2070,0,task1_initial,IDLGated,0.98095703125,0.205078125,0.97900390625,0.2060546875,0.98583984375,0.19775390625,0.00046101814950816333,0.010835807063380616,0.004594141481847595
1,2080,0,task1_initial,MLP,0.98876953125,0.19775390625,0.0,0.0,0.0,0.0,1.0,0.0,0.0
1,2080,0,task1_initial,ChevronSlow,0.98486328125,0.201171875,0.98486328125,0.2021484375,0.98486328125,0.1982421875,1.0,0.009794030984222058,0.004249082835407097
1,2080,0,task1_initial,IDLGated,0.98583984375,0.20068359375,0.98486328125,0.201171875,0.9853515625,0.19873046875,0.0004546464479062706,0.0102029347108471,0.004585183953031354
1,2090,0,task1_initial,MLP,0.99365234375,0.1943359375,0.0,0.0,0.0,0.0,1.0,0.0,0.0
1,2090,0,task1_initial,ChevronSlow,0.98486328125,0.18994140625,0.98681640625,0.189453125,0.9853515625,0.19287109375,1.0,0.009222004240527253,0.004704336932520436
1,2090,0,task1_initial,IDLGated,0.98681640625,0.19189453125,0.98583984375,0.19140625,0.98681640625,0.19287109375,0.000448727747425437,0.009607025679297294,0.004318382321177634
1,2100,0,task1_initial,MLP,0.98681640625,0.19189453125,0.0,0.0,0.0,0.0,1.0,0.0,0.0
1,2100,0,task1_initial,ChevronSlow,0.98193359375,0.19482421875,0.98193359375,0.1953125,0.98583984375,0.19384765625,1.0,0.008683387090495081,0.005714315038395515
1,2100,0,task1_initial,IDLGated,0.98193359375,0.19482421875,0.98046875,0.19580078125,0.98583984375,0.19580078125,0.00044322499888949096,0.009045921101950759,0.005966259860454554
1,2110,0,task1_initial,MLP,0.994140625,0.193359375,0.0,0.0,0.0,0.0,1.0,0.0,0.0
1,2110,0,task1_initial,ChevronSlow,0.98681640625,0.1923828125,0.986328125,0.19189453125,0.98583984375,0.19384765625,1.0,0.008176228225098461,0.0035375211600096185
1,2110,0,task1_initial,IDLGated,0.98388671875,0.189453125,0.984375,0.189453125,0.98486328125,0.19287109375,0.000438105285866186,0.008517588202044171,0.003844779723919822
1,2120,0,task1_initial,MLP,0.9873046875,0.1953125,0.0,0.0,0.0,0.0,1.0,0.0,0.0
1,2120,0,task1_initial,ChevronSlow,0.9814453125,0.19970703125,0.97900390625,0.19970703125,0.984375,0.197265625,1.0,0.007698690302781983,0.00458826836785818
1,2120,0,task1_initial,IDLGated,0.98193359375,0.19970703125,0.98046875,0.19775390625,0.98583984375,0.19677734375,0.0004333387187216431,0.00802011292846195,0.004708421621723235
1,2130,0,task1_initial,MLP,0.9921875,0.19384765625,0.0,0.0,0.0,0.0,1.0,0.0,0.0
1,2130,0,task1_initial,ChevronSlow,0.9853515625,0.18896484375,0.98583984375,0.1884765625,0.98583984375,0.19140625,1.0,0.007249043293117663,0.004045735260823031
1,2130,0,task1_initial,IDLGated,0.98681640625,0.193359375,0.9873046875,0.19287109375,0.986328125,0.1923828125,0.000428897823439911,0.007551693021487652,0.0037250263774070624
1,2140,0,task1_initial,MLP,0.994140625,0.19189453125,0.0,0.0,0.0,0.0,1.0,0.0,0.0
1,2140,0,task1_initial,ChevronSlow,0.986328125,0.19091796875,0.986328125,0.1904296875,0.98681640625,0.19189453125,1.0,0.006825658209228823,0.004668101844364914
1,2140,0,task1_initial,IDLGated,0.986328125,0.189453125,0.98583984375,0.18798828125,0.986328125,0.19091796875,0.0004247580363880843,0.00711063148355466,0.005115313624756023
1,2150,0,task1_initial,MLP,0.98828125,0.19384765625,0.0,0.0,0.0,0.0,1.0,0.0,0.0
1,2150,0,task1_initial,ChevronSlow,0.98095703125,0.1982421875,0.98046875,0.1982421875,0.9833984375,0.1953125,1.0,0.006494168603182411,0.00567659079084878
1,2150,0,task1_initial,IDLGated,0.98046875,0.1962890625,0.97998046875,0.19677734375,0.9833984375,0.19580078125,0.0004220151749905199,0.00681604721167618,0.005641708329429076
1,2160,0,task1_initial,MLP,0.98291015625,0.1962890625,0.0,0.0,0.0,0.0,1.0,0.0,0.0
1,2160,0,task1_initial,ChevronSlow,0.98046875,0.1962890625,0.9794921875,0.1982421875,0.98291015625,0.19580078125,1.0,0.006582609417439579,0.0044495634424392165
1,2160,0,task1_initial,IDLGated,0.98046875,0.19775390625,0.97998046875,0.19775390625,0.9833984375,0.19677734375,0.0004233892250340432,0.006963865392426372,0.0047130650497169
1,2170,0,task1_initial,MLP,0.99169921875,0.19775390625,0.0,0.0,0.0,0.0,1.0,0.0,0.0
1,2170,0,task1_initial,ChevronSlow,0.98583984375,0.19482421875,0.9853515625,0.19677734375,0.98583984375,0.1943359375,1.0,0.006318041453999256,0.0042872878379752455
1,2170,0,task1_initial,IDLGated,0.9853515625,0.19873046875,0.9833984375,0.1982421875,0.9853515625,0.19677734375,0.00042104232124984264,0.006711090343009978,0.0043323079064468036
1,2180,0,task1_initial,MLP,0.98779296875,0.19384765625,0.0,0.0,0.0,0.0,1.0,0.0,0.0
1,2180,0,task1_initial,ChevronSlow,0.986328125,0.19091796875,0.986328125,0.19189453125,0.98583984375,0.19287109375,1.0,0.006282413059533828,0.005521946179447546
1,2180,0,task1_initial,IDLGated,0.986328125,0.1923828125,0.98681640625,0.19287109375,0.98583984375,0.1923828125,0.0004209777107462287,0.006704101811331987,0.005098630689621604
1,2190,0,task1_initial,MLP,0.994140625,0.1943359375,0.0,0.0,0.0,0.0,1.0,0.0,0.0
1,2190,0,task1_initial,ChevronSlow,0.9873046875,0.1884765625,0.98681640625,0.1884765625,0.98583984375,0.189453125,1.0,0.006862093895827929,0.004840322750748466
1,2190,0,task1_initial,IDLGated,0.986328125,0.1875,0.9873046875,0.18603515625,0.98583984375,0.1904296875,0.0004258382832631469,0.007226136544672891,0.0046567920618335755
1,2200,0,end_task1,MLP,0.990234375,0.19921875,0.0,0.0,0.0,0.0,1.0,0.0,0.0
1,2200,0,end_task1,ChevronSlow,0.984375,0.2060546875,0.982421875,0.20703125,0.9853515625,0.1962890625,1.0,0.007511135516322341,0.004880887068804762
1,2200,0,end_task1,IDLGated,0.9853515625,0.20263671875,0.9853515625,0.20458984375,0.98583984375,0.197265625,0.00043147968244738877,0.007824609422907258,0.004378070531187397
1,2210,0,task2,MLP,0.9306640625,0.25244140625,0.0,0.0,0.0,0.0,1.0,0.0,0.0
1,2210,0,task2,ChevronSlow,0.865234375,0.3056640625,0.78369140625,0.3857421875,0.96142578125,0.22607421875,1.0,0.010845136978995914,0.05914029808522274
1,2210,0,task2,IDLGated,0.92431640625,0.25146484375,0.85107421875,0.3173828125,0.98486328125,0.1982421875,0.0004753071116283536,0.012223911079102211,0.07578799399864916
1,2220,0,task2,MLP,0.10546875,0.7890625,0.0,0.0,0.0,0.0,1.0,0.0,0.0
1,2220,0,task2,ChevronSlow,0.09716796875,0.79541015625,0.08154296875,0.79052734375,0.90380859375,0.26953125,1.0,0.03436173758488101,0.10770943959147929
1,2220,0,task2,IDLGated,0.109375,0.7626953125,0.06640625,0.783203125,0.9853515625,0.19970703125,0.0009871263755485415,0.045467057977205655,0.14660230122020174
1,2230,0,task2,MLP,0.08984375,0.79833984375,0.0,0.0,0.0,0.0,1.0,0.0,0.0
1,2230,0,task2,ChevronSlow,0.1220703125,0.82861328125,0.10498046875,0.82861328125,0.8486328125,0.32177734375,1.0,0.08518332717266225,0.12171873100192078
1,2230,0,task2,IDLGated,0.1357421875,0.83251953125,0.0927734375,0.8369140625,0.9853515625,0.19970703125,0.005218365229666233,0.12134822676324758,0.17764094822120977
1,2240,0,task2,MLP,0.0986328125,0.8154296875,0.0,0.0,0.0,0.0,1.0,0.0,0.0
1,2240,0,task2,ChevronSlow,0.1640625,0.83984375,0.1455078125,0.841796875,0.83154296875,0.3369140625,1.0,0.15186716056071756,0.12590905811109696
1,2240,0,task2,IDLGated,0.1904296875,0.83740234375,0.14990234375,0.8525390625,0.98583984375,0.2001953125,0.0540783517062664,0.22992155719037535,0.19172001719958712
1,2250,0,task2,MLP,0.12255859375,0.8359375,0.0,0.0,0.0,0.0,1.0,0.0,0.0
1,2250,0,task2,ChevronSlow,0.1826171875,0.8486328125,0.16357421875,0.84912109375,0.81591796875,0.35009765625,1.0,0.2232344494800516,0.12913373223070337
1,2250,0,task2,IDLGated,0.2021484375,0.8408203125,0.1669921875,0.85986328125,0.984375,0.20166015625,0.48703595995903015,0.357642375512322,0.19568449674428368
1,2260,0,task2,MLP,0.14306640625,0.84716796875,0.0,0.0,0.0,0.0,1.0,0.0,0.0
1,2260,0,task2,ChevronSlow,0.16455078125,0.85498046875,0.14794921875,0.8515625,0.80712890625,0.36865234375,1.0,0.2920562627887766,0.13106875661643932
1,2260,0,task2,IDLGated,0.18603515625,0.85888671875,0.14208984375,0.86376953125,0.97216796875,0.205078125,0.9478893876075745,0.4918577148353523,0.19178963493574477
1,2270,0,task2,MLP,0.13916015625,0.8515625,0.0,0.0,0.0,0.0,1.0,0.0,0.0
1,2270,0,task2,ChevronSlow,0.14208984375,0.86181640625,0.11962890625,0.85693359375,0.79345703125,0.392578125,1.0,0.35594278549259506,0.13211954091461234
1,2270,0,task2,IDLGated,0.16357421875,0.86865234375,0.12060546875,0.86572265625,0.9521484375,0.21484375,0.9970766305923462,0.625095030213333,0.18689027125635863
1,2280,0,task2,MLP,0.1259765625,0.85693359375,0.0,0.0,0.0,0.0,1.0,0.0,0.0
1,2280,0,task2,ChevronSlow,0.1337890625,0.8740234375,0.11181640625,0.86669921875,0.783203125,0.408203125,1.0,0.4144909942940271,0.1330666881508329
1,2280,0,task2,IDLGated,0.1728515625,0.87939453125,0.13232421875,0.8720703125,0.9287109375,0.23291015625,0.9998212456703186,0.7522356878402409,0.18418122765124878
1,2290,0,task2,MLP,0.13232421875,0.8701171875,0.0,0.0,0.0,0.0,1.0,0.0,0.0
1,2290,0,task2,ChevronSlow,0.146484375,0.89111328125,0.12548828125,0.880859375,0.77001953125,0.4228515625,1.0,0.4672954381312685,0.1344939354630669
1,2290,0,task2,IDLGated,0.1904296875,0.8837890625,0.15185546875,0.88671875,0.9140625,0.24658203125,0.9999864101409912,0.8695102489854691,0.18354292828870364
1,2300,0,task2,MLP,0.125,0.87890625,0.0,0.0,0.0,0.0,1.0,0.0,0.0
1,2300,0,task2,ChevronSlow,0.1435546875,0.91015625,0.11865234375,0.89208984375,0.75927734375,0.44189453125,1.0,0.5135683080497736,0.13672463236071256
1,2300,0,task2,IDLGated,0.17578125,0.9052734375,0.13623046875,0.88916015625,0.8896484375,0.26513671875,0.9999986886978149,0.974939914907283,0.18295233975617103
1,2310,0,task2,MLP,0.1337890625,0.89794921875,0.0,0.0,0.0,0.0,1.0,0.0,0.0
1,2310,0,task2,ChevronSlow,0.1513671875,0.92529296875,0.12744140625,0.91552734375,0.73291015625,0.46630859375,1.0,0.5539392909268209,0.13937172758825603
1,2310,0,task2,IDLGated,0.16357421875,0.9189453125,0.13427734375,0.89990234375,0.873046875,0.27197265625,0.9999998807907104,1.0690705193906276,0.1821357663008303
1,2320,0,task2,MLP,0.134765625,0.91162109375,0.0,0.0,0.0,0.0,1.0,0.0,0.0
1,2320,0,task2,ChevronSlow,0.14599609375,0.9306640625,0.12451171875,0.92333984375,0.6376953125,0.54736328125,1.0,0.5893379801163116,0.14205788054268706
1,2320,0,task2,IDLGated,0.16552734375,0.92138671875,0.14111328125,0.90087890625,0.86083984375,0.28271484375,1.0,1.1540005458122757,0.18162428639319858
1,2330,0,task2,MLP,0.16552734375,0.92529296875,0.0,0.0,0.0,0.0,1.0,0.0,0.0
1,2330,0,task2,ChevronSlow,0.1640625,0.9443359375,0.14453125,0.94580078125,0.50390625,0.6787109375,1.0,0.619918990769916,0.14440972126416884
1,2330,0,task2,IDLGated,0.18310546875,0.9287109375,0.154296875,0.90966796875,0.8515625,0.287109375,1.0,1.2296507265114045,0.18368794191015095
1,2340,0,task2,MLP,0.17724609375,0.9365234375,0.0,0.0,0.0,0.0,1.0,0.0,0.0
1,2340,0,task2,ChevronSlow,0.177734375,0.9482421875,0.16015625,0.95654296875,0.46044921875,0.72021484375,1.0,0.6446336645372549,0.14693800482517896
1,2340,0,task2,IDLGated,0.18505859375,0.93212890625,0.158203125,0.9248046875,0.84619140625,0.29541015625,1.0,1.2950246961944696,0.18474775636331725
1,2350,0,task2,MLP,0.1552734375,0.9375,0.0,0.0,0.0,0.0,1.0,0.0,0.0
1,2350,0,task2,ChevronSlow,0.16162109375,0.9560546875,0.14306640625,0.95703125,0.41064453125,0.76220703125,1.0,0.6644798639849762,0.14951231325654898
1,2350,0,task2,IDLGated,0.1650390625,0.943359375,0.1435546875,0.92041015625,0.8359375,0.30615234375,1.0,1.3513943926731733,0.18327566758273967
1,2360,0,task2,MLP,0.1669921875,0.93603515625,0.0,0.0,0.0,0.0,1.0,0.0,0.0
1,2360,0,task2,ChevronSlow,0.1591796875,0.95703125,0.14208984375,0.95556640625,0.35791015625,0.810546875,1.0,0.68028362569868,0.15128334753964984
1,2360,0,task2,IDLGated,0.173828125,0.93505859375,0.154296875,0.91943359375,0.830078125,0.30859375,1.0,1.4001166368554816,0.18403335490240116
1,2370,0,task2,MLP,0.18310546875,0.93505859375,0.0,0.0,0.0,0.0,1.0,0.0,0.0
1,2370,0,task2,ChevronSlow,0.1708984375,0.96044921875,0.158203125,0.96240234375,0.34423828125,0.82080078125,1.0,0.6933880412347619,0.15223730503522384
1,2370,0,task2,IDLGated,0.181640625,0.947265625,0.16357421875,0.92822265625,0.82373046875,0.31103515625,1.0,1.4422171977057907,0.18535065854141708
1,2380,0,task2,MLP,0.16796875,0.9453125,0.0,0.0,0.0,0.0,1.0,0.0,0.0
1,2380,0,task2,ChevronSlow,0.16845703125,0.96533203125,0.15478515625,0.96826171875,0.31787109375,0.85107421875,1.0,0.7039596548580297,0.1534082631931546
1,2380,0,task2,IDLGated,0.1630859375,0.9560546875,0.14599609375,0.93896484375,0.81640625,0.3134765625,1.0,1.4782179772845945,0.18416501107902697
1,2390,0,task2,MLP,0.189453125,0.93994140625,0.0,0.0,0.0,0.0,1.0,0.0,0.0
1,2390,0,task2,ChevronSlow,0.18017578125,0.9609375,0.169921875,0.96044921875,0.3154296875,0.85546875,1.0,0.7123606224181462,0.15375143521039258
1,2390,0,task2,IDLGated,0.1845703125,0.93798828125,0.16845703125,0.92236328125,0.81396484375,0.31884765625,1.0,1.5086551981588585,0.18661313648263084
1,2400,0,task2,MLP,0.19580078125,0.939453125,0.0,0.0,0.0,0.0,1.0,0.0,0.0
1,2400,0,task2,ChevronSlow,0.1806640625,0.96484375,0.17333984375,0.962890625,0.3056640625,0.86376953125,1.0,0.7184451208094603,0.15513104189130578
1,2400,0,task2,IDLGated,0.17919921875,0.95703125,0.16943359375,0.9423828125,0.80615234375,0.31884765625,1.0,1.5331973990955328,0.18857271160120356
1,2410,0,task2,MLP,0.16650390625,0.9521484375,0.0,0.0,0.0,0.0,1.0,0.0,0.0
1,2410,0,task2,ChevronSlow,0.171875,0.9765625,0.162109375,0.9765625,0.27587890625,0.88671875,1.0,0.7223498796664726,0.15629201845632257
1,2410,0,task2,IDLGated,0.15966796875,0.96923828125,0.1455078125,0.9521484375,0.7919921875,0.3203125,1.0,1.5520861621205115,0.18716532774805622
1,2420,0,end_task2,MLP,0.16357421875,0.95703125,0.0,0.0,0.0,0.0,1.0,0.0,0.0
1,2420,0,end_task2,ChevronSlow,0.1650390625,0.97900390625,0.15478515625,0.9775390625,0.26318359375,0.89794921875,1.0,0.7246456999636499,0.15666145166012088
1,2420,0,end_task2,IDLGated,0.15966796875,0.97119140625,0.14453125,0.95556640625,0.78466796875,0.3271484375,1.0,1.5664033194047962,0.18612821877290278
1,2430,10,task1_return,MLP,0.396484375,0.76708984375,0.0,0.0,0.0,0.0,1.0,0.0,0.0
1,2430,10,task1_return,ChevronSlow,0.35107421875,0.8154296875,0.34619140625,0.8203125,0.38671875,0.78125,1.0,0.7234667978238138,0.09892139693248404
1,2430,10,task1_return,IDLGated,0.6650390625,0.498046875,0.529296875,0.65234375,0.82568359375,0.29638671875,1.0,1.5727722362324956,0.1244274932311762
1,2440,20,task1_return,MLP,0.84765625,0.32763671875,0.0,0.0,0.0,0.0,1.0,0.0,0.0
1,2440,20,task1_return,ChevronSlow,0.822265625,0.34912109375,0.828125,0.3427734375,0.63525390625,0.53857421875,1.0,0.7113594331849078,0.08124395541574624
1,2440,20,task1_return,IDLGated,0.9189453125,0.2509765625,0.93701171875,0.24658203125,0.8671875,0.26953125,1.0,1.5558549673433324,0.09826450748368666
1,2450,30,task1_return,MLP,0.91650390625,0.2578125,0.0,0.0,0.0,0.0,1.0,0.0,0.0
1,2450,30,task1_return,ChevronSlow,0.91552734375,0.2568359375,0.9306640625,0.2451171875,0.8515625,0.32421875,1.0,0.694586214303993,0.07626766111765908
1,2450,30,task1_return,IDLGated,0.97216796875,0.21533203125,0.96728515625,0.2080078125,0.9052734375,0.24609375,1.0,1.5164888213598609,0.07941631092927666
1,2460,40,task1_return,MLP,0.98095703125,0.20166015625,0.0,0.0,0.0,0.0,1.0,0.0,0.0
1,2460,40,task1_return,ChevronSlow,0.97021484375,0.20654296875,0.97705078125,0.20068359375,0.8740234375,0.294921875,1.0,0.6781322365566852,0.06988586819718931
1,2460,40,task1_return,IDLGated,0.982421875,0.19677734375,0.982421875,0.18896484375,0.91748046875,0.22900390625,1.0,1.4630524466098913,0.05718663541363009
1,2470,50,task1_return,MLP,0.97509765625,0.17333984375,0.0,0.0,0.0,0.0,1.0,0.0,0.0
1,2470,50,task1_return,ChevronSlow,0.97509765625,0.19921875,0.97998046875,0.19140625,0.89697265625,0.26708984375,1.0,0.661438060179913,0.05750105845205392
1,2470,50,task1_return,IDLGated,0.9775390625,0.19189453125,0.9833984375,0.18408203125,0.927734375,0.22216796875,1.0,1.4000795581011192,0.03875652945952154
1,2480,60,task1_return,MLP,0.97265625,0.171875,0.0,0.0,0.0,0.0,1.0,0.0,0.0
1,2480,60,task1_return,ChevronSlow,0.97216796875,0.2001953125,0.9775390625,0.19677734375,0.91845703125,0.2421875,1.0,0.6440847503448557,0.045956351571298314
1,2480,60,task1_return,IDLGated,0.9833984375,0.1943359375,0.9833984375,0.18798828125,0.9453125,0.21484375,1.0,1.3300370936076054,0.027859634810230197
1,2490,70,task1_return,MLP,0.97802734375,0.1796875,0.0,0.0,0.0,0.0,1.0,0.0,0.0
1,2490,70,task1_return,ChevronSlow,0.96728515625,0.20263671875,0.97265625,0.19921875,0.9296875,0.23193359375,1.0,0.6246597024164138,0.03653008172556103
1,2490,70,task1_return,IDLGated,0.9814453125,0.193359375,0.98193359375,0.18603515625,0.95458984375,0.2080078125,1.0,1.2547840804508221,0.01977335180339958
1,2500,80,task1_return,MLP,0.9873046875,0.18994140625,0.0,0.0,0.0,0.0,1.0,0.0,0.0
1,2500,80,task1_return,ChevronSlow,0.97607421875,0.20361328125,0.97998046875,0.19970703125,0.9423828125,0.22314453125,1.0,0.6028939389980722,0.03039127881221893
1,2500,80,task1_return,IDLGated,0.98291015625,0.19873046875,0.984375,0.19140625,0.9638671875,0.20556640625,1.0,1.1814976008862104,0.014381728874638882
1,2510,90,task1_return,MLP,0.9833984375,0.19970703125,0.0,0.0,0.0,0.0,1.0,0.0,0.0
1,2510,90,task1_return,ChevronSlow,0.97900390625,0.20654296875,0.9794921875,0.20556640625,0.95751953125,0.216796875,1.0,0.5791757158050643,0.026413960164903594
1,2510,90,task1_return,IDLGated,0.98291015625,0.205078125,0.98095703125,0.203125,0.97021484375,0.20703125,0.9999998807907104,1.1124914657813758,0.010684011058848118
1,2520,100,task1_return,MLP,0.9873046875,0.19677734375,0.0,0.0,0.0,0.0,1.0,0.0,0.0
1,2520,100,task1_return,ChevronSlow,0.97900390625,0.197265625,0.98046875,0.19287109375,0.96435546875,0.212890625,1.0,0.5539742299117567,0.023076782210757804
1,2520,100,task1_return,IDLGated,0.98291015625,0.1982421875,0.982421875,0.1923828125,0.974609375,0.20361328125,0.9999997615814209,1.0475156788368214,0.007900023313601573
1,2530,110,task1_return,MLP,0.98681640625,0.2001953125,0.0,0.0,0.0,0.0,1.0,0.0,0.0
1,2530,110,task1_return,ChevronSlow,0.9765625,0.208984375,0.9775390625,0.2099609375,0.96875,0.21484375,1.0,0.5273405888526176,0.019362562167682597
1,2530,110,task1_return,IDLGated,0.98193359375,0.2060546875,0.982421875,0.20751953125,0.97900390625,0.20361328125,0.999998927116394,0.9863348449493663,0.00619233881088293
1,2540,120,task1_return,MLP,0.98583984375,0.197265625,0.0,0.0,0.0,0.0,1.0,0.0,0.0
1,2540,120,task1_return,ChevronSlow,0.97998046875,0.20361328125,0.9794921875,0.20068359375,0.9716796875,0.21044921875,1.0,0.49986158667184005,0.018312021730356412
1,2540,120,task1_return,IDLGated,0.984375,0.2021484375,0.98388671875,0.1982421875,0.9814453125,0.20263671875,0.9999963045120239,0.9287273174197891,0.005993200600421087
1,2550,130,task1_return,MLP,0.986328125,0.1875,0.0,0.0,0.0,0.0,1.0,0.0,0.0
1,2550,130,task1_return,ChevronSlow,0.978515625,0.1884765625,0.98046875,0.18408203125,0.974609375,0.2041015625,1.0,0.47193832588487195,0.016997411030357682
1,2550,130,task1_return,IDLGated,0.9833984375,0.185546875,0.9814453125,0.18212890625,0.98095703125,0.19580078125,0.9999878406524658,0.8744843949683597,0.006767029523295059
1,2560,140,task1_return,MLP,0.986328125,0.18359375,0.0,0.0,0.0,0.0,1.0,0.0,0.0
1,2560,140,task1_return,ChevronSlow,0.9814453125,0.18994140625,0.98095703125,0.1875,0.97607421875,0.2001953125,1.0,0.44438279933754193,0.015040734814128185
1,2560,140,task1_return,IDLGated,0.98291015625,0.18701171875,0.982421875,0.185546875,0.9833984375,0.19580078125,0.9999626874923706,0.8234095656492031,0.005609252412960143
1,2570,150,task1_return,MLP,0.984375,0.19384765625,0.0,0.0,0.0,0.0,1.0,0.0,0.0
1,2570,150,task1_return,ChevronSlow,0.978515625,0.20556640625,0.9765625,0.2041015625,0.97998046875,0.20458984375,1.0,0.4184283331868279,0.013827541494775051
1,2570,150,task1_return,IDLGated,0.97900390625,0.197265625,0.9765625,0.19970703125,0.984375,0.19775390625,0.9998923540115356,0.7753177949243343,0.0056098528844181796
1,2580,160,task1_return,MLP,0.98388671875,0.1953125,0.0,0.0,0.0,0.0,1.0,0.0,0.0
1,2580,160,task1_return,ChevronSlow,0.98291015625,0.1943359375,0.982421875,0.19287109375,0.9794921875,0.201171875,1.0,0.3939897544965934,0.012305635439263649
1,2580,160,task1_return,IDLGated,0.98486328125,0.1923828125,0.984375,0.19140625,0.984375,0.1953125,0.9997085928916931,0.7300348553181931,0.004024776782282472
1,2590,170,task1_return,MLP,0.986328125,0.18798828125,0.0,0.0,0.0,0.0,1.0,0.0,0.0
1,2590,170,task1_return,ChevronSlow,0.9794921875,0.18701171875,0.97802734375,0.185546875,0.97998046875,0.1943359375,1.0,0.3709785268747009,0.01042666628656012
1,2590,170,task1_return,IDLGated,0.9833984375,0.18701171875,0.982421875,0.18505859375,0.98291015625,0.1923828125,0.9992559552192688,0.6873966952241404,0.004121325235441872
1,2600,180,task1_return,MLP,0.9892578125,0.19287109375,0.0,0.0,0.0,0.0,1.0,0.0,0.0
1,2600,180,task1_return,ChevronSlow,0.97900390625,0.20166015625,0.97998046875,0.20263671875,0.98095703125,0.201171875,1.0,0.3493112849545257,0.00864343948947501
1,2600,180,task1_return,IDLGated,0.98193359375,0.19873046875,0.98046875,0.1982421875,0.98388671875,0.197265625,0.9982023239135742,0.6472488445762217,0.0034367720157644274
1,2610,190,task1_return,MLP,0.98828125,0.19140625,0.0,0.0,0.0,0.0,1.0,0.0,0.0
1,2610,190,task1_return,ChevronSlow,0.98046875,0.19091796875,0.98095703125,0.18994140625,0.97998046875,0.19580078125,1.0,0.3289095323778509,0.008485641191809468
1,2610,190,task1_return,IDLGated,0.984375,0.1884765625,0.9833984375,0.1875,0.984375,0.19091796875,0.995880126953125,0.6094458552330579,0.003324850482016532
1,2620,200,task1_return,MLP,0.98828125,0.1953125,0.0,0.0,0.0,0.0,1.0,0.0,0.0
1,2620,200,task1_return,ChevronSlow,0.97998046875,0.20068359375,0.97998046875,0.201171875,0.98046875,0.19873046875,1.0,0.3096993574172673,0.006938819570654929
1,2620,200,task1_return,IDLGated,0.9853515625,0.19970703125,0.98388671875,0.2001953125,0.98486328125,0.1953125,0.9910287261009216,0.5738507740464783,0.0032266632058057044
1,2630,210,task1_return,MLP,0.98681640625,0.1982421875,0.0,0.0,0.0,0.0,1.0,0.0,0.0
1,2630,210,task1_return,ChevronSlow,0.9794921875,0.20361328125,0.9794921875,0.2041015625,0.97998046875,0.20068359375,1.0,0.291611165207832,0.0073765663816967135
1,2630,210,task1_return,IDLGated,0.9814453125,0.2001953125,0.9794921875,0.19921875,0.98291015625,0.1982421875,0.9814281463623047,0.5403346467059209,0.003266942315199078
1,2640,220,task1_return,MLP,0.9833984375,0.19970703125,0.0,0.0,0.0,0.0,1.0,0.0,0.0
1,2640,220,task1_return,ChevronSlow,0.9794921875,0.20458984375,0.97900390625,0.20458984375,0.9794921875,0.2021484375,1.0,0.2745794256179114,0.007098611167025524
1,2640,220,task1_return,IDLGated,0.9814453125,0.20166015625,0.98046875,0.20166015625,0.98291015625,0.2001953125,0.9634934067726135,0.5087760505611261,0.0031929094119727366
1,2650,230,task1_return,MLP,0.98779296875,0.19677734375,0.0,0.0,0.0,0.0,1.0,0.0,0.0
1,2650,230,task1_return,ChevronSlow,0.9814453125,0.1962890625,0.9814453125,0.1953125,0.97998046875,0.19970703125,1.0,0.2585424358457906,0.006597124920058116
1,2650,230,task1_return,IDLGated,0.984375,0.1953125,0.98486328125,0.19580078125,0.984375,0.19677734375,0.9320956468582153,0.47906065473062165,0.003288175392690802
1,2660,240,task1_return,MLP,0.99072265625,0.18994140625,0.0,0.0,0.0,0.0,1.0,0.0,0.0
1,2660,240,task1_return,ChevronSlow,0.98095703125,0.1904296875,0.9814453125,0.189453125,0.98095703125,0.19482421875,1.0,0.2434420968819826,0.00665141494686685
1,2660,240,task1_return,IDLGated,0.98486328125,0.189453125,0.984375,0.18896484375,0.98583984375,0.19482421875,0.8811931610107422,0.4510808059023584,0.003182995227749084
1,2670,250,task1_return,MLP,0.9892578125,0.1875,0.0,0.0,0.0,0.0,1.0,0.0,0.0
1,2670,250,task1_return,ChevronSlow,0.9814453125,0.1875,0.9814453125,0.1865234375,0.98095703125,0.19287109375,1.0,0.22922370302740191,0.005983538065149001
1,2670,250,task1_return,IDLGated,0.9833984375,0.18701171875,0.98291015625,0.1865234375,0.9853515625,0.18994140625,0.8059918284416199,0.42473513832593,0.003502075140231681
1,2680,260,end_return,MLP,0.9873046875,0.1943359375,0.0,0.0,0.0,0.0,1.0,0.0,0.0
1,2680,260,end_return,ChevronSlow,0.97900390625,0.20068359375,0.97607421875,0.20263671875,0.98046875,0.19775390625,1.0,0.21583574370486516,0.00552279075340356
1,2680,260,end_return,IDLGated,0.9814453125,0.19775390625,0.98046875,0.19873046875,0.98486328125,0.19873046875,0.7064948081970215,0.3999282065834487,0.0036846255491747282
2,0,0,task1_initial,MLP,0.4912109375,0.3876953125,0.0,0.0,0.0,0.0,1.0,0.0,0.0
2,0,0,task1_initial,ChevronSlow,0.48681640625,0.384765625,0.48681640625,0.384765625,0.48681640625,0.384765625,1.0,0.0,0.0
2,0,0,task1_initial,IDLGated,0.51708984375,0.36328125,0.51708984375,0.36328125,0.51708984375,0.36328125,1.0,0.0,0.0
2,10,0,task1_initial,MLP,0.8544921875,0.314453125,0.0,0.0,0.0,0.0,1.0,0.0,0.0
2,10,0,task1_initial,ChevronSlow,0.79833984375,0.138671875,0.83056640625,0.14501953125,0.58935546875,0.2666015625,1.0,0.0005226154167934246,0.01658835966056002
2,10,0,task1_initial,IDLGated,0.8291015625,0.15185546875,0.8349609375,0.14599609375,0.72119140625,0.19580078125,0.0003665362310130149,0.000406976415458076,0.016529797498203994
2,20,0,task1_initial,MLP,0.87744140625,0.30712890625,0.0,0.0,0.0,0.0,1.0,0.0,0.0
2,20,0,task1_initial,ChevronSlow,0.89501953125,0.17041015625,0.9140625,0.18701171875,0.763671875,0.14404296875,1.0,0.003177344900216531,0.026804378104162866
2,20,0,task1_initial,IDLGated,0.87158203125,0.15185546875,0.87646484375,0.15283203125,0.830078125,0.1533203125,0.0003842318255919963,0.002550908769632184,0.026165933366695638
2,30,0,task1_initial,MLP,0.88818359375,0.29150390625,0.0,0.0,0.0,0.0,1.0,0.0,0.0
2,30,0,task1_initial,ChevronSlow,0.927734375,0.17626953125,0.93359375,0.18603515625,0.83203125,0.13916015625,1.0,0.008370912500784118,0.03405312415099887
2,30,0,task1_initial,IDLGated,0.87939453125,0.15087890625,0.8837890625,0.15234375,0.84716796875,0.15185546875,0.0004234998195897788,0.006975736481457094,0.03186351189736449
2,40,0,task1_initial,MLP,0.9091796875,0.26953125,0.0,0.0,0.0,0.0,1.0,0.0,0.0
2,40,0,task1_initial,ChevronSlow,0.93310546875,0.193359375,0.931640625,0.19775390625,0.88671875,0.1513671875,1.0,0.016296882843352154,0.039877912151736694
2,40,0,task1_initial,IDLGated,0.90673828125,0.16259765625,0.90966796875,0.1669921875,0.8837890625,0.15478515625,0.0004936699406243861,0.013947749365154683,0.035498217532457334
2,50,0,task1_initial,MLP,0.92626953125,0.244140625,0.0,0.0,0.0,0.0,1.0,0.0,0.0
2,50,0,task1_initial,ChevronSlow,0.931640625,0.19482421875,0.93212890625,0.20166015625,0.91552734375,0.1650390625,1.0,0.02731934694711683,0.042905636201845086
2,50,0,task1_initial,IDLGated,0.91357421875,0.162109375,0.91552734375,0.1630859375,0.89599609375,0.1552734375,0.0006095570279285312,0.023537801353975738,0.0378578808637316
2,60,0,task1_initial,MLP,0.93505859375,0.21484375,0.0,0.0,0.0,0.0,1.0,0.0,0.0
2,60,0,task1_initial,ChevronSlow,0.9326171875,0.19140625,0.93310546875,0.19482421875,0.92626953125,0.17236328125,1.0,0.04114628383421953,0.04349772557080481
2,60,0,task1_initial,IDLGated,0.91943359375,0.1650390625,0.92333984375,0.1669921875,0.9033203125,0.15673828125,0.0007936909096315503,0.035544443408081244,0.03940388782514982
2,70,0,task1_initial,MLP,0.9404296875,0.20263671875,0.0,0.0,0.0,0.0,1.0,0.0,0.0
2,70,0,task1_initial,ChevronSlow,0.93408203125,0.19677734375,0.935546875,0.19873046875,0.931640625,0.17578125,1.0,0.05710225728990123,0.042203309348546006
2,70,0,task1_initial,IDLGated,0.92919921875,0.169921875,0.9287109375,0.17333984375,0.91162109375,0.16552734375,0.0010816673748195171,0.04962866109133515,0.03924109468640829
2,80,0,task1_initial,MLP,0.93359375,0.21435546875,0.0,0.0,0.0,0.0,1.0,0.0,0.0
2,80,0,task1_initial,ChevronSlow,0.931640625,0.212890625,0.92822265625,0.2158203125,0.935546875,0.1953125,1.0,0.0740028963560827,0.039630734534773095
2,80,0,task1_initial,IDLGated,0.935546875,0.19384765625,0.9365234375,0.193359375,0.9267578125,0.17138671875,0.001511594862677157,0.06486012131620522,0.03750357855081783
2,90,0,task1_initial,MLP,0.93701171875,0.21826171875,0.0,0.0,0.0,0.0,1.0,0.0,0.0
2,90,0,task1_initial,ChevronSlow,0.9296875,0.216796875,0.92822265625,0.2197265625,0.9365234375,0.20166015625,1.0,0.09096869705093688,0.036477956828806224
2,90,0,task1_initial,IDLGated,0.935546875,0.2001953125,0.9375,0.20263671875,0.9306640625,0.185546875,0.002129261614754796,0.08046143487869477,0.035675756932040614
2,100,0,task1_initial,MLP,0.93994140625,0.20849609375,0.0,0.0,0.0,0.0,1.0,0.0,0.0
2,100,0,task1_initial,ChevronSlow,0.93701171875,0.21044921875,0.93603515625,0.2119140625,0.93701171875,0.20068359375,1.0,0.10734399019075608,0.032425540894518025
2,100,0,task1_initial,IDLGated,0.9384765625,0.197265625,0.94091796875,0.19873046875,0.93408203125,0.18603515625,0.002989697502925992,0.09592778066405556,0.033393296446760895
2,110,0,task1_initial,MLP,0.94189453125,0.1982421875,0.0,0.0,0.0,0.0,1.0,0.0,0.0
2,110,0,task1_initial,ChevronSlow,0.9384765625,0.19580078125,0.93994140625,0.197265625,0.93896484375,0.19775390625,1.0,0.12267382494380946,0.02869707272329152
2,110,0,task1_initial,IDLGated,0.9384765625,0.19384765625,0.9384765625,0.19677734375,0.935546875,0.1865234375,0.004152753856033087,0.11091718309933793,0.030988177956730655
2,120,0,task1_initial,MLP,0.9345703125,0.1865234375,0.0,0.0,0.0,0.0,1.0,0.0,0.0
2,120,0,task1_initial,ChevronSlow,0.9365234375,0.1865234375,0.935546875,0.185546875,0.9365234375,0.19287109375,1.0,0.13666162371062754,0.025738009436407278
2,120,0,task1_initial,IDLGated,0.9345703125,0.181640625,0.9345703125,0.181640625,0.93310546875,0.181640625,0.005666682962328196,0.12511505803814607,0.028331717799710575
2,130,0,task1_initial,MLP,0.93798828125,0.1953125,0.0,0.0,0.0,0.0,1.0,0.0,0.0
2,130,0,task1_initial,ChevronSlow,0.9384765625,0.20263671875,0.939453125,0.20361328125,0.93798828125,0.19677734375,1.0,0.14890517792686636,0.02388523331110282
2,130,0,task1_initial,IDLGated,0.9375,0.18994140625,0.9375,0.19140625,0.93408203125,0.18603515625,0.007496618200093508,0.13791915842358157,0.025705907657246164
2,140,0,task1_initial,MLP,0.94189453125,0.20263671875,0.0,0.0,0.0,0.0,1.0,0.0,0.0
2,140,0,task1_initial,ChevronSlow,0.94189453125,0.20654296875,0.943359375,0.2080078125,0.939453125,0.2041015625,1.0,0.15944901765688138,0.021856014376380302
2,140,0,task1_initial,IDLGated,0.943359375,0.19677734375,0.9443359375,0.1982421875,0.93896484375,0.1904296875,0.009562348015606403,0.1490766513626505,0.023066453519933194
2,150,0,task1_initial,MLP,0.94140625,0.20458984375,0.0,0.0,0.0,0.0,1.0,0.0,0.0
2,150,0,task1_initial,ChevronSlow,0.94140625,0.2060546875,0.9404296875,0.20703125,0.94287109375,0.201171875,1.0,0.16827470594648772,0.020013840244703044
2,150,0,task1_initial,IDLGated,0.939453125,0.20263671875,0.9384765625,0.205078125,0.94189453125,0.19384765625,0.011743511073291302,0.15851629418032803,0.021061411648875584
2,160,0,task1_initial,MLP,0.93994140625,0.20849609375,0.0,0.0,0.0,0.0,1.0,0.0,0.0
2,160,0,task1_initial,ChevronSlow,0.939453125,0.21484375,0.93798828125,0.2177734375,0.94189453125,0.20751953125,1.0,0.17529005745519266,0.01850202050488377
2,160,0,task1_initial,IDLGated,0.94091796875,0.2080078125,0.93896484375,0.21044921875,0.943359375,0.2001953125,0.013863641768693924,0.16615795042215953,0.018861279216598
2,170,0,task1_initial,MLP,0.9443359375,0.20654296875,0.0,0.0,0.0,0.0,1.0,0.0,0.0
2,170,0,task1_initial,ChevronSlow,0.94287109375,0.20556640625,0.943359375,0.2060546875,0.943359375,0.20556640625,1.0,0.18046336089999648,0.01717410887151397
2,170,0,task1_initial,IDLGated,0.9423828125,0.205078125,0.94189453125,0.20703125,0.94287109375,0.19921875,0.01572224870324135,0.17196220918730643,0.017275622095479077
2,180,0,task1_initial,MLP,0.94384765625,0.2041015625,0.0,0.0,0.0,0.0,1.0,0.0,0.0
2,180,0,task1_initial,ChevronSlow,0.94384765625,0.20654296875,0.94384765625,0.20751953125,0.943359375,0.2060546875,1.0,0.18383661895902695,0.01573379883561162
2,180,0,task1_initial,IDLGated,0.94384765625,0.20263671875,0.94384765625,0.203125,0.943359375,0.20068359375,0.017153002321720123,0.17598725388602326,0.015878186955925994
2,190,0,task1_initial,MLP,0.943359375,0.1923828125,0.0,0.0,0.0,0.0,1.0,0.0,0.0
2,190,0,task1_initial,ChevronSlow,0.94189453125,0.19091796875,0.9423828125,0.18896484375,0.9423828125,0.197265625,1.0,0.18564240940331064,0.014829464500415316
2,190,0,task1_initial,IDLGated,0.94091796875,0.19189453125,0.94140625,0.1904296875,0.943359375,0.19580078125,0.018092535436153412,0.17845465903550972,0.015050878366750153
2,200,0,task1_initial,MLP,0.943359375,0.193359375,0.0,0.0,0.0,0.0,1.0,0.0,0.0
2,200,0,task1_initial,ChevronSlow,0.94580078125,0.19580078125,0.94580078125,0.1953125,0.9453125,0.1982421875,1.0,0.18605268061959868,0.013254803138612763
2,200,0,task1_initial,IDLGated,0.943359375,0.19189453125,0.94287109375,0.19189453125,0.9453125,0.19482421875,0.01851591095328331,0.1795256621074921,0.013571030899456445
2,210,0,task1_initial,MLP,0.93896484375,0.2021484375,0.0,0.0,0.0,0.0,1.0,0.0,0.0
2,210,0,task1_initial,ChevronSlow,0.94091796875,0.20703125,0.93798828125,0.20703125,0.943359375,0.20361328125,1.0,0.1850919826466798,0.013452582849759705
2,210,0,task1_initial,IDLGated,0.9423828125,0.19921875,0.9423828125,0.19970703125,0.94140625,0.19677734375,0.018392842262983322,0.17921683419242965,0.012730065771125537
2,220,0,task1_initial,MLP,0.94140625,0.2197265625,0.0,0.0,0.0,0.0,1.0,0.0,0.0
2,220,0,task1_initial,ChevronSlow,0.93994140625,0.21923828125,0.93701171875,0.22314453125,0.94482421875,0.2119140625,1.0,0.1832680596170358,0.012035493440314486
2,220,0,task1_initial,IDLGated,0.93896484375,0.21630859375,0.93603515625,0.22021484375,0.94384765625,0.208984375,0.01786038652062416,0.1778569044177897,0.011691753334088029
2,230,0,task1_initial,MLP,0.94482421875,0.20556640625,0.0,0.0,0.0,0.0,1.0,0.0,0.0
2,230,0,task1_initial,ChevronSlow,0.94921875,0.20458984375,0.94873046875,0.20458984375,0.9462890625,0.205078125,1.0,0.18064684534724856,0.010005566924582309
2,230,0,task1_initial,IDLGated,0.9462890625,0.20361328125,0.94677734375,0.205078125,0.9453125,0.203125,0.017024939879775047,0.17564070851768251,0.009852578836692667
2,240,0,task1_initial,MLP,0.9443359375,0.19140625,0.0,0.0,0.0,0.0,1.0,0.0,0.0
2,240,0,task1_initial,ChevronSlow,0.94677734375,0.19287109375,0.947265625,0.19091796875,0.9443359375,0.20068359375,1.0,0.176916862622677,0.0100153606591742
2,240,0,task1_initial,IDLGated,0.94482421875,0.1923828125,0.94677734375,0.19140625,0.94384765625,0.19775390625,0.015861766412854195,0.1723702433075376,0.010149875176515163
2,250,0,task1_initial,MLP,0.9453125,0.19091796875,0.0,0.0,0.0,0.0,1.0,0.0,0.0
2,250,0,task1_initial,ChevronSlow,0.94970703125,0.19580078125,0.94921875,0.1962890625,0.947265625,0.19921875,1.0,0.1722138688390658,0.008159920774040486
2,250,0,task1_initial,IDLGated,0.94677734375,0.1923828125,0.9443359375,0.19287109375,0.94775390625,0.19677734375,0.014482956379652023,0.16817299660722432,0.008524183566694155
2,260,0,task1_initial,MLP,0.94970703125,0.19921875,0.0,0.0,0.0,0.0,1.0,0.0,0.0
2,260,0,task1_initial,ChevronSlow,0.9501953125,0.20556640625,0.94970703125,0.20556640625,0.94970703125,0.20361328125,1.0,0.16636615111326278,0.007723027789465091
2,260,0,task1_initial,IDLGated,0.94970703125,0.19921875,0.94970703125,0.19921875,0.9482421875,0.19921875,0.012945187278091908,0.16299992134889443,0.007078162771844774
2,270,0,task1_initial,MLP,0.94970703125,0.19873046875,0.0,0.0,0.0,0.0,1.0,0.0,0.0
2,270,0,task1_initial,ChevronSlow,0.94970703125,0.19677734375,0.95068359375,0.1943359375,0.94970703125,0.19970703125,1.0,0.15949746824695585,0.008024645588939134
2,270,0,task1_initial,IDLGated,0.9462890625,0.19482421875,0.94775390625,0.19287109375,0.9462890625,0.1982421875,0.01130540482699871,0.1567679787480455,0.00759388176375762
2,280,0,task1_initial,MLP,0.947265625,0.19775390625,0.0,0.0,0.0,0.0,1.0,0.0,0.0
2,280,0,task1_initial,ChevronSlow,0.94775390625,0.1943359375,0.94775390625,0.1923828125,0.9482421875,0.19970703125,1.0,0.15220892156063495,0.008417007152023882
2,280,0,task1_initial,IDLGated,0.94580078125,0.19384765625,0.94580078125,0.1923828125,0.947265625,0.19873046875,0.00977471936494112,0.1500848667276841,0.007635963520568283
2,290,0,task1_initial,MLP,0.951171875,0.20166015625,0.0,0.0,0.0,0.0,1.0,0.0,0.0
2,290,0,task1_initial,ChevronSlow,0.9501953125,0.20703125,0.9501953125,0.20751953125,0.94970703125,0.20361328125,1.0,0.14503367677438925,0.008079572775071202
2,290,0,task1_initial,IDLGated,0.94580078125,0.2021484375,0.9453125,0.2041015625,0.94970703125,0.20068359375,0.008445251733064651,0.1433786545449075,0.007931071241596508
2,300,0,task1_initial,MLP,0.9453125,0.2060546875,0.0,0.0,0.0,0.0,1.0,0.0,0.0
2,300,0,task1_initial,ChevronSlow,0.94482421875,0.20849609375,0.94677734375,0.2138671875,0.94970703125,0.20703125,1.0,0.13823928426297924,0.008278189283750934
2,300,0,task1_initial,IDLGated,0.9443359375,0.20703125,0.94482421875,0.20947265625,0.9482421875,0.2041015625,0.007368883583694696,0.1371321348805527,0.007626391400352048
2,310,0,task1_initial,MLP,0.95361328125,0.19580078125,0.0,0.0,0.0,0.0,1.0,0.0,0.0
2,310,0,task1_initial,ChevronSlow,0.95458984375,0.19482421875,0.95458984375,0.193359375,0.95361328125,0.1982421875,1.0,0.13167590624562622,0.00781951615896942
2,310,0,task1_initial,IDLGated,0.9501953125,0.193359375,0.9501953125,0.19091796875,0.94970703125,0.19775390625,0.006449129432439804,0.13102999995109949,0.007560523042885811
2,320,0,task1_initial,MLP,0.95458984375,0.19384765625,0.0,0.0,0.0,0.0,1.0,0.0,0.0
2,320,0,task1_initial,ChevronSlow,0.9560546875,0.19580078125,0.9560546875,0.19580078125,0.95361328125,0.1982421875,1.0,0.12513375712945132,0.007455857541515256
2,320,0,task1_initial,IDLGated,0.951171875,0.19384765625,0.9521484375,0.19287109375,0.95068359375,0.1962890625,0.005631186533719301,0.12482781789667587,0.007131575798357129
2,330,0,task1_initial,MLP,0.95654296875,0.19384765625,0.0,0.0,0.0,0.0,1.0,0.0,0.0
2,330,0,task1_initial,ChevronSlow,0.95556640625,0.19677734375,0.9560546875,0.19677734375,0.955078125,0.19775390625,1.0,0.1185355708183575,0.00768483111662681
2,330,0,task1_initial,IDLGated,0.9521484375,0.19482421875,0.953125,0.19384765625,0.951171875,0.1962890625,0.004906846676021814,0.11853613929421673,0.007197932310764022
2,340,0,task1_initial,MLP,0.95556640625,0.2041015625,0.0,0.0,0.0,0.0,1.0,0.0,0.0
2,340,0,task1_initial,ChevronSlow,0.9541015625,0.2041015625,0.95556640625,0.20556640625,0.9541015625,0.20263671875,1.0,0.11197612740862327,0.007691471186568053
2,340,0,task1_initial,IDLGated,0.95361328125,0.203125,0.953125,0.205078125,0.95263671875,0.19873046875,0.00426902063190937,0.11217759693971027,0.006940874346698567
2,350,0,task1_initial,MLP,0.95361328125,0.205078125,0.0,0.0,0.0,0.0,1.0,0.0,0.0
2,350,0,task1_initial,ChevronSlow,0.9560546875,0.2021484375,0.955078125,0.20263671875,0.95556640625,0.201171875,1.0,0.10568613891313201,0.006936920953599241
2,350,0,task1_initial,IDLGated,0.95068359375,0.20263671875,0.95068359375,0.20263671875,0.95068359375,0.20068359375,0.0037257156800478697,0.10596528228914275,0.006525239896643622
2,360,0,task1_initial,MLP,0.958984375,0.19384765625,0.0,0.0,0.0,0.0,1.0,0.0,0.0
2,360,0,task1_initial,ChevronSlow,0.9599609375,0.1923828125,0.9580078125,0.18896484375,0.95654296875,0.19580078125,1.0,0.09955620406394866,0.007619224241678718
2,360,0,task1_initial,IDLGated,0.95263671875,0.193359375,0.95458984375,0.1923828125,0.95166015625,0.1953125,0.0032616821117699146,0.0998979455993615,0.007385198278578351
2,370,0,task1_initial,MLP,0.9619140625,0.19287109375,0.0,0.0,0.0,0.0,1.0,0.0,0.0
2,370,0,task1_initial,ChevronSlow,0.958984375,0.1982421875,0.958984375,0.19873046875,0.95751953125,0.19775390625,1.0,0.09392873642739702,0.0077201781062406
2,370,0,task1_initial,IDLGated,0.953125,0.1953125,0.95458984375,0.1953125,0.953125,0.19677734375,0.0028817919082939625,0.0942519611671364,0.007544122501183871
2,380,0,task1_initial,MLP,0.962890625,0.193359375,0.0,0.0,0.0,0.0,1.0,0.0,0.0
2,380,0,task1_initial,ChevronSlow,0.9599609375,0.19384765625,0.96044921875,0.19287109375,0.958984375,0.19580078125,1.0,0.08886248586623782,0.008124389958655706
2,380,0,task1_initial,IDLGated,0.95556640625,0.19287109375,0.95654296875,0.1923828125,0.9521484375,0.1943359375,0.002575997496023774,0.08913912486625405,0.007960758250018705
2,390,0,task1_initial,MLP,0.96142578125,0.19921875,0.0,0.0,0.0,0.0,1.0,0.0,0.0
2,390,0,task1_initial,ChevronSlow,0.9580078125,0.20068359375,0.95751953125,0.20068359375,0.95751953125,0.1982421875,1.0,0.08435172913834176,0.007787915626551093
2,390,0,task1_initial,IDLGated,0.95703125,0.19970703125,0.95751953125,0.19921875,0.955078125,0.1962890625,0.002329726703464985,0.08456036106022832,0.007196647876578942
2,400,0,task1_initial,MLP,0.9599609375,0.19482421875,0.0,0.0,0.0,0.0,1.0,0.0,0.0
2,400,0,task1_initial,ChevronSlow,0.9580078125,0.19580078125,0.9580078125,0.19677734375,0.95703125,0.19775390625,1.0,0.08007734320178461,0.007601220531762087
2,400,0,task1_initial,IDLGated,0.9560546875,0.1962890625,0.95703125,0.1943359375,0.95703125,0.19873046875,0.0021152182016521692,0.08016001406730416,0.007501295587982846
2,410,0,task1_initial,MLP,0.96875,0.19384765625,0.0,0.0,0.0,0.0,1.0,0.0,0.0
2,410,0,task1_initial,ChevronSlow,0.962890625,0.19580078125,0.9638671875,0.19580078125,0.95947265625,0.1962890625,1.0,0.07571811237776375,0.007355215657441336
2,410,0,task1_initial,IDLGated,0.958984375,0.1962890625,0.958984375,0.19677734375,0.9580078125,0.1962890625,0.001921626622788608,0.07578818611816864,0.007069834912849119
2,420,0,task1_initial,MLP,0.966796875,0.18505859375,0.0,0.0,0.0,0.0,1.0,0.0,0.0
2,420,0,task1_initial,ChevronSlow,0.96435546875,0.19189453125,0.96484375,0.18896484375,0.96142578125,0.19580078125,1.0,0.07129574682348426,0.007398032636260234
2,420,0,task1_initial,IDLGated,0.958984375,0.1923828125,0.95947265625,0.19140625,0.95556640625,0.19482421875,0.0017436285270377994,0.07136172786154762,0.0073027264350515085
2,430,0,task1_initial,MLP,0.96875,0.1953125,0.0,0.0,0.0,0.0,1.0,0.0,0.0
2,430,0,task1_initial,ChevronSlow,0.9609375,0.19873046875,0.9609375,0.2001953125,0.9619140625,0.19775390625,1.0,0.06713167240301046,0.007367417231670483
2,430,0,task1_initial,IDLGated,0.958984375,0.1962890625,0.9599609375,0.19677734375,0.95849609375,0.1962890625,0.0015911017544567585,0.06719379977567193,0.007129388773630151
2,440,0,task1_initial,MLP,0.97265625,0.18359375,0.0,0.0,0.0,0.0,1.0,0.0,0.0
2,440,0,task1_initial,ChevronSlow,0.96630859375,0.18359375,0.96533203125,0.18212890625,0.96533203125,0.19140625,1.0,0.06321080345483746,0.007693857957071011
2,440,0,task1_initial,IDLGated,0.9619140625,0.1875,0.96240234375,0.18505859375,0.95849609375,0.193359375,0.0014596829423680902,0.0632693022379289,0.007665363368745036
2,450,0,task1_initial,MLP,0.970703125,0.1796875,0.0,0.0,0.0,0.0,1.0,0.0,0.0
2,450,0,task1_initial,ChevronSlow,0.96630859375,0.18408203125,0.9658203125,0.181640625,0.96484375,0.189453125,1.0,0.059518935405323097,0.007271685752644455
2,450,0,task1_initial,IDLGated,0.96044921875,0.18408203125,0.9599609375,0.18115234375,0.9599609375,0.1904296875,0.0013458648463711143,0.05957401752897619,0.007462318477497264
2,460,0,task1_initial,MLP,0.974609375,0.18115234375,0.0,0.0,0.0,0.0,1.0,0.0,0.0
2,460,0,task1_initial,ChevronSlow,0.9677734375,0.18798828125,0.96826171875,0.185546875,0.9658203125,0.1904296875,1.0,0.0560426933081788,0.0069573583071669155
2,460,0,task1_initial,IDLGated,0.96435546875,0.1865234375,0.96484375,0.185546875,0.9609375,0.19140625,0.0012468094937503338,0.056094558324608135,0.007035741166935245
2,470,0,task1_initial,MLP,0.97607421875,0.17529296875,0.0,0.0,0.0,0.0,1.0,0.0,0.0
2,470,0,task1_initial,ChevronSlow,0.96826171875,0.181640625,0.96875,0.17822265625,0.96533203125,0.1875,1.0,0.05276948338954483,0.007135460942488911
2,470,0,task1_initial,IDLGated,0.9658203125,0.18408203125,0.966796875,0.18115234375,0.9619140625,0.1884765625,0.0011602058075368404,0.05281831919598825,0.007112368373769524
2,480,0,task1_initial,MLP,0.9765625,0.177734375,0.0,0.0,0.0,0.0,1.0,0.0,0.0
2,480,0,task1_initial,ChevronSlow,0.96875,0.18310546875,0.9697265625,0.18212890625,0.96630859375,0.18603515625,1.0,0.049687447423107045,0.006306575797207761
2,480,0,task1_initial,IDLGated,0.96533203125,0.1865234375,0.9658203125,0.18505859375,0.9619140625,0.18798828125,0.0010841607581824064,0.04973343094254213,0.0063585205676371095
2,490,0,task1_initial,MLP,0.97509765625,0.1875,0.0,0.0,0.0,0.0,1.0,0.0,0.0
2,490,0,task1_initial,ChevronSlow,0.96533203125,0.193359375,0.9638671875,0.19384765625,0.96630859375,0.19091796875,1.0,0.04678541976996456,0.0065315097143731704
2,490,0,task1_initial,IDLGated,0.96240234375,0.193359375,0.9638671875,0.1943359375,0.96240234375,0.19287109375,0.0010171143803745508,0.04682871759206743,0.006366891823850229
2,500,0,task1_initial,MLP,0.9736328125,0.18896484375,0.0,0.0,0.0,0.0,1.0,0.0,0.0
2,500,0,task1_initial,ChevronSlow,0.96630859375,0.19287109375,0.9677734375,0.19384765625,0.96728515625,0.19189453125,1.0,0.0440528869276118,0.00632594334015755
2,500,0,task1_initial,IDLGated,0.962890625,0.1962890625,0.962890625,0.19677734375,0.96484375,0.19482421875,0.0009577746968716383,0.04409365591228026,0.006366533277316255
2,510,0,task1_initial,MLP,0.974609375,0.1865234375,0.0,0.0,0.0,0.0,1.0,0.0,0.0
2,510,0,task1_initial,ChevronSlow,0.96875,0.18896484375,0.96875,0.18896484375,0.96826171875,0.19091796875,1.0,0.041479949441488584,0.006636543481984741
2,510,0,task1_initial,IDLGated,0.9658203125,0.19091796875,0.966796875,0.19140625,0.96435546875,0.19482421875,0.0009050665539689362,0.041518337287116215,0.006689347437315158
2,520,0,task1_initial,MLP,0.97900390625,0.18115234375,0.0,0.0,0.0,0.0,1.0,0.0,0.0
2,520,0,task1_initial,ChevronSlow,0.9716796875,0.185546875,0.970703125,0.18408203125,0.97021484375,0.18798828125,1.0,0.039057286041110896,0.006547888356591428
2,520,0,task1_initial,IDLGated,0.9677734375,0.18701171875,0.96826171875,0.1865234375,0.96484375,0.19287109375,0.0008580886642448604,0.03909343181967062,0.006736479453239658
2,530,0,task1_initial,MLP,0.9755859375,0.18603515625,0.0,0.0,0.0,0.0,1.0,0.0,0.0
2,530,0,task1_initial,ChevronSlow,0.96875,0.19384765625,0.96728515625,0.19482421875,0.96875,0.19287109375,1.0,0.036776119870854204,0.006474685650350651
2,530,0,task1_initial,IDLGated,0.96728515625,0.1953125,0.96630859375,0.1953125,0.9658203125,0.19482421875,0.0008160842698998749,0.03681015453172999,0.006460032356257589
2,540,0,task1_initial,MLP,0.97607421875,0.1796875,0.0,0.0,0.0,0.0,1.0,0.0,0.0
2,540,0,task1_initial,ChevronSlow,0.96875,0.1845703125,0.96875,0.18408203125,0.97021484375,0.1875,1.0,0.03462818669304984,0.0063786799132949925
2,540,0,task1_initial,IDLGated,0.9658203125,0.18701171875,0.96630859375,0.18505859375,0.9677734375,0.189453125,0.0007784127374179661,0.03466023353744179,0.0064400612815508655
2,550,0,task1_initial,MLP,0.98046875,0.18115234375,0.0,0.0,0.0,0.0,1.0,0.0,0.0
2,550,0,task1_initial,ChevronSlow,0.97265625,0.1875,0.97265625,0.1875,0.970703125,0.18701171875,1.0,0.03260570494820018,0.00591182740107675
2,550,0,task1_initial,IDLGated,0.97021484375,0.18896484375,0.97119140625,0.1884765625,0.96728515625,0.19091796875,0.0007445314549840987,0.03263588007582171,0.006055369580343908
2,560,0,task1_initial,MLP,0.978515625,0.177734375,0.0,0.0,0.0,0.0,1.0,0.0,0.0
2,560,0,task1_initial,ChevronSlow,0.9716796875,0.18212890625,0.97216796875,0.181640625,0.97119140625,0.18505859375,1.0,0.03070134756384644,0.005953233716150706
2,560,0,task1_initial,IDLGated,0.9677734375,0.18310546875,0.9677734375,0.18310546875,0.9677734375,0.1865234375,0.000713977322448045,0.030729760293531753,0.006147556057355241
2,570,0,task1_initial,MLP,0.9833984375,0.1806640625,0.0,0.0,0.0,0.0,1.0,0.0,0.0
2,570,0,task1_initial,ChevronSlow,0.97412109375,0.18310546875,0.97412109375,0.181640625,0.97314453125,0.185546875,1.0,0.02890821540995787,0.005746945194538029
2,570,0,task1_initial,IDLGated,0.97119140625,0.18359375,0.9716796875,0.18310546875,0.96826171875,0.18701171875,0.0006863539456389844,0.02893496867570361,0.006056641299112715
2,580,0,task1_initial,MLP,0.97998046875,0.1845703125,0.0,0.0,0.0,0.0,1.0,0.0,0.0
2,580,0,task1_initial,ChevronSlow,0.9697265625,0.1904296875,0.9697265625,0.1923828125,0.97216796875,0.1875,1.0,0.027219812304676124,0.005950005997458145
2,580,0,task1_initial,IDLGated,0.97021484375,0.19189453125,0.97119140625,0.19384765625,0.96923828125,0.18994140625,0.0006613207515329123,0.027245003028551984,0.006063119451184699
2,590,0,task1_initial,MLP,0.984375,0.17138671875,0.0,0.0,0.0,0.0,1.0,0.0,0.0
2,590,0,task1_initial,ChevronSlow,0.9716796875,0.17431640625,0.97265625,0.17138671875,0.97265625,0.18017578125,1.0,0.025630021479865452,0.007373419183199633
2,590,0,task1_initial,IDLGated,0.97021484375,0.17578125,0.97021484375,0.1728515625,0.96923828125,0.18310546875,0.0006385846645571291,0.02565374092314467,0.007381933383308388
2,600,0,task1_initial,MLP,0.978515625,0.1728515625,0.0,0.0,0.0,0.0,1.0,0.0,0.0
2,600,0,task1_initial,ChevronSlow,0.9736328125,0.17919921875,0.97314453125,0.17822265625,0.97265625,0.1806640625,1.0,0.024133083421207697,0.007026329452882067
2,600,0,task1_initial,IDLGated,0.966796875,0.17578125,0.966796875,0.17529296875,0.96826171875,0.18115234375,0.0006178907351568341,0.024155417514989536,0.007599375863396225
2,610,0,task1_initial,MLP,0.9814453125,0.18603515625,0.0,0.0,0.0,0.0,1.0,0.0,0.0
2,610,0,task1_initial,ChevronSlow,0.97021484375,0.193359375,0.96826171875,0.19580078125,0.9736328125,0.18603515625,1.0,0.02284152209570991,0.00769567635462137
2,610,0,task1_initial,IDLGated,0.97265625,0.19189453125,0.97119140625,0.193359375,0.9716796875,0.185546875,0.0005992855876684189,0.022764875007223018,0.007513357166619293
2,620,0,task1_initial,MLP,0.9765625,0.1845703125,0.0,0.0,0.0,0.0,1.0,0.0,0.0
2,620,0,task1_initial,ChevronSlow,0.96875,0.1884765625,0.96875,0.1875,0.97119140625,0.18505859375,1.0,0.022092333683887383,0.006814546294836065
2,620,0,task1_initial,IDLGated,0.96533203125,0.19091796875,0.96484375,0.19287109375,0.96826171875,0.18896484375,0.0005869356682524085,0.021817817877634448,0.007233385502480806
2,630,0,task1_initial,MLP,0.98779296875,0.177734375,0.0,0.0,0.0,0.0,1.0,0.0,0.0
2,630,0,task1_initial,ChevronSlow,0.97607421875,0.1806640625,0.97900390625,0.17919921875,0.974609375,0.1826171875,1.0,0.021279819096602384,0.006283569955720983
2,630,0,task1_initial,IDLGated,0.97607421875,0.18017578125,0.97705078125,0.17724609375,0.97265625,0.18359375,0.0005759767373092473,0.02096059335473967,0.006799079660340396
2,640,0,task1_initial,MLP,0.98193359375,0.181640625,0.0,0.0,0.0,0.0,1.0,0.0,0.0
2,640,0,task1_initial,ChevronSlow,0.97265625,0.18798828125,0.97216796875,0.1884765625,0.97265625,0.185546875,1.0,0.020138070701320364,0.005811151792215742
2,640,0,task1_initial,IDLGated,0.96826171875,0.1865234375,0.9677734375,0.18701171875,0.9697265625,0.18603515625,0.0005623825709335506,0.019874291463307943,0.00612206144584866
2,650,0,task1_initial,MLP,0.98828125,0.1767578125,0.0,0.0,0.0,0.0,1.0,0.0,0.0
2,650,0,task1_initial,ChevronSlow,0.9775390625,0.1787109375,0.9794921875,0.1787109375,0.97607421875,0.18359375,1.0,0.01896189359649706,0.00558653042145857
2,650,0,task1_initial,IDLGated,0.9794921875,0.1806640625,0.98046875,0.1787109375,0.9736328125,0.18359375,0.000548210577107966,0.01871352055628181,0.006171444306046248
2,660,0,task1_initial,MLP,0.98583984375,0.17431640625,0.0,0.0,0.0,0.0,1.0,0.0,0.0
2,660,0,task1_initial,ChevronSlow,0.97900390625,0.1806640625,0.9794921875,0.18017578125,0.9765625,0.1826171875,1.0,0.01785441187974883,0.005724922355653706
2,660,0,task1_initial,IDLGated,0.97998046875,0.177734375,0.98046875,0.1767578125,0.9755859375,0.1826171875,0.0005351928411982954,0.01762054522833762,0.006110039610688024
2,670,0,task1_initial,MLP,0.98828125,0.16943359375,0.0,0.0,0.0,0.0,1.0,0.0,0.0
2,670,0,task1_initial,ChevronSlow,0.9794921875,0.1708984375,0.97802734375,0.16796875,0.978515625,0.1787109375,1.0,0.01681161335229759,0.006000213534638665
2,670,0,task1_initial,IDLGated,0.97607421875,0.1708984375,0.9775390625,0.16845703125,0.97705078125,0.17822265625,0.0005232180701568723,0.01659140583462622,0.006068612693428964
2,680,0,task1_initial,MLP,0.98291015625,0.173828125,0.0,0.0,0.0,0.0,1.0,0.0,0.0
2,680,0,task1_initial,ChevronSlow,0.97607421875,0.1787109375,0.97509765625,0.1796875,0.9755859375,0.1806640625,1.0,0.015829720150441977,0.0054046224293186045
2,680,0,task1_initial,IDLGated,0.97216796875,0.1787109375,0.97216796875,0.17822265625,0.9736328125,0.1796875,0.0005121873109601438,0.015622373995928803,0.005705490680860903
2,690,0,task1_initial,MLP,0.98876953125,0.17236328125,0.0,0.0,0.0,0.0,1.0,0.0,0.0
2,690,0,task1_initial,ChevronSlow,0.98193359375,0.1796875,0.98046875,0.1787109375,0.97802734375,0.17822265625,1.0,0.014905175059064918,0.005529449073885466
2,690,0,task1_initial,IDLGated,0.98193359375,0.1767578125,0.98291015625,0.17626953125,0.9775390625,0.17919921875,0.0005020136013627052,0.014709939091437496,0.005645548301374392
2,700,0,task1_initial,MLP,0.9833984375,0.17919921875,0.0,0.0,0.0,0.0,1.0,0.0,0.0
2,700,0,task1_initial,ChevronSlow,0.97802734375,0.18408203125,0.978515625,0.185546875,0.9775390625,0.1806640625,1.0,0.01403462862450969,0.005582594912321058
2,700,0,task1_initial,IDLGated,0.9775390625,0.18359375,0.97802734375,0.18408203125,0.97802734375,0.181640625,0.0004926186520606279,0.013850795540433888,0.0056808519008981284
2,710,0,task1_initial,MLP,0.9892578125,0.1767578125,0.0,0.0,0.0,0.0,1.0,0.0,0.0
2,710,0,task1_initial,ChevronSlow,0.98193359375,0.17919921875,0.98193359375,0.17919921875,0.97900390625,0.17919921875,1.0,0.013214927020136847,0.00552666441054991
2,710,0,task1_initial,IDLGated,0.982421875,0.1787109375,0.98291015625,0.17822265625,0.97900390625,0.1796875,0.0004839332541450858,0.01304183082678935,0.005638934928510932
2,720,0,task1_initial,MLP,0.98388671875,0.17333984375,0.0,0.0,0.0,0.0,1.0,0.0,0.0
2,720,0,task1_initial,ChevronSlow,0.9775390625,0.1767578125,0.97412109375,0.1767578125,0.97802734375,0.17919921875,1.0,0.012443100620601126,0.005989224418096721
2,720,0,task1_initial,IDLGated,0.9755859375,0.17724609375,0.97509765625,0.177734375,0.9765625,0.17919921875,0.00047589492169208825,0.012280114222902231,0.005921961045118349
2,730,0,task1_initial,MLP,0.9765625,0.177734375,0.0,0.0,0.0,0.0,1.0,0.0,0.0
2,730,0,task1_initial,ChevronSlow,0.97412109375,0.18310546875,0.97412109375,0.18505859375,0.9765625,0.1806640625,1.0,0.011716353243455206,0.006252312517929384
2,730,0,task1_initial,IDLGated,0.97021484375,0.18359375,0.96826171875,0.18310546875,0.9736328125,0.181640625,0.0004684481828007847,0.011562886172220812,0.006122726086511018
2,740,0,task1_initial,MLP,0.98681640625,0.177734375,0.0,0.0,0.0,0.0,1.0,0.0,0.0
2,740,0,task1_initial,ChevronSlow,0.98095703125,0.1826171875,0.9814453125,0.18310546875,0.98046875,0.1806640625,1.0,0.011032052019104517,0.006040686643335317
2,740,0,task1_initial,IDLGated,0.98388671875,0.17822265625,0.9833984375,0.17919921875,0.97900390625,0.17919921875,0.0004615429788827896,0.0108875482918869,0.006050187550321839
2,750,0,task1_initial,MLP,0.98486328125,0.18017578125,0.0,0.0,0.0,0.0,1.0,0.0,0.0
2,750,0,task1_initial,ChevronSlow,0.97998046875,0.181640625,0.982421875,0.18310546875,0.98046875,0.181640625,1.0,0.010387717852413977,0.0054930808136520745
2,750,0,task1_initial,IDLGated,0.98193359375,0.18212890625,0.98193359375,0.1826171875,0.97900390625,0.1796875,0.00045513387885876,0.010251653959281551,0.00563198043317577
2,760,0,task1_initial,MLP,0.98779296875,0.1787109375,0.0,0.0,0.0,0.0,1.0,0.0,0.0
2,760,0,task1_initial,ChevronSlow,0.98095703125,0.1826171875,0.98095703125,0.1826171875,0.98095703125,0.1806640625,1.0,0.00978101644141076,0.005529959213686126
2,760,0,task1_initial,IDLGated,0.978515625,0.18212890625,0.97900390625,0.1826171875,0.97705078125,0.18017578125,0.00044918054481968284,0.00965289944836966,0.0056504905032805745
2,770,0,task1_initial,MLP,0.98779296875,0.17578125,0.0,0.0,0.0,0.0,1.0,0.0,0.0
2,770,0,task1_initial,ChevronSlow,0.982421875,0.1767578125,0.98291015625,0.1748046875,0.9814453125,0.1787109375,1.0,0.009209749820545569,0.005556743273717568
2,770,0,task1_initial,IDLGated,0.98046875,0.1767578125,0.98095703125,0.17578125,0.9775390625,0.177734375,0.00044364621862769127,0.009089115583732148,0.005620949043781944
2,780,0,task1_initial,MLP,0.98583984375,0.1708984375,0.0,0.0,0.0,0.0,1.0,0.0,0.0
2,780,0,task1_initial,ChevronSlow,0.982421875,0.173828125,0.98193359375,0.17333984375,0.98046875,0.1767578125,1.0,0.008671848397875222,0.005402822059951699
2,780,0,task1_initial,IDLGated,0.98095703125,0.17431640625,0.98193359375,0.1728515625,0.97802734375,0.177734375,0.00043849743087776005,0.008558259882049784,0.005530346955689201
2,790,0,task1_initial,MLP,0.986328125,0.1767578125,0.0,0.0,0.0,0.0,1.0,0.0,0.0
2,790,0,task1_initial,ChevronSlow,0.982421875,0.1806640625,0.982421875,0.1826171875,0.982421875,0.18017578125,1.0,0.008165363457318789,0.004975400653216337
2,790,0,task1_initial,IDLGated,0.98291015625,0.1796875,0.98388671875,0.1796875,0.9814453125,0.17919921875,0.0004337038262747228,0.008058409152568792,0.0049469964742359625
2,800,0,task1_initial,MLP,0.98486328125,0.17822265625,0.0,0.0,0.0,0.0,1.0,0.0,0.0
2,800,0,task1_initial,ChevronSlow,0.97998046875,0.181640625,0.98095703125,0.1826171875,0.982421875,0.1796875,1.0,0.007688460098824296,0.00436045923076718
2,800,0,task1_initial,IDLGated,0.9833984375,0.18212890625,0.9833984375,0.18212890625,0.98291015625,0.17919921875,0.00042923810542561114,0.007587752529741038,0.004420770013543369
2,810,0,task1_initial,MLP,0.9892578125,0.17236328125,0.0,0.0,0.0,0.0,1.0,0.0,0.0
2,810,0,task1_initial,ChevronSlow,0.984375,0.17529296875,0.98486328125,0.1748046875,0.98388671875,0.17626953125,1.0,0.007239410590869608,0.004994218303351195
2,810,0,task1_initial,IDLGated,0.982421875,0.17529296875,0.9833984375,0.1748046875,0.982421875,0.177734375,0.0004250752099324018,0.007144584912797407,0.004738679094334265
2,820,0,task1_initial,MLP,0.9892578125,0.1708984375,0.0,0.0,0.0,0.0,1.0,0.0,0.0
2,820,0,task1_initial,ChevronSlow,0.98876953125,0.17138671875,0.98828125,0.169921875,0.98486328125,0.1748046875,1.0,0.006816588111214797,0.005392156324853027
2,820,0,task1_initial,IDLGated,0.986328125,0.17041015625,0.9853515625,0.16943359375,0.9853515625,0.1748046875,0.00042119246791116893,0.0067273007884871595,0.005241733034192115
2,830,0,task1_initial,MLP,0.98876953125,0.17724609375,0.0,0.0,0.0,0.0,1.0,0.0,0.0
2,830,0,task1_initial,ChevronSlow,0.97998046875,0.18505859375,0.98095703125,0.1875,0.98388671875,0.18115234375,1.0,0.0064184608532299545,0.005806466078887911
2,830,0,task1_initial,IDLGated,0.9814453125,0.1826171875,0.98193359375,0.1826171875,0.98291015625,0.17822265625,0.0004175688372924924,0.006334388414604214,0.0050700666327412516
2,840,0,task1_initial,MLP,0.98779296875,0.18017578125,0.0,0.0,0.0,0.0,1.0,0.0,0.0
2,840,0,task1_initial,ChevronSlow,0.98388671875,0.18017578125,0.98486328125,0.17919921875,0.984375,0.17822265625,1.0,0.006043586476446743,0.004985184269973634
2,840,0,task1_initial,IDLGated,0.9833984375,0.1806640625,0.9833984375,0.18115234375,0.98291015625,0.17822265625,0.00041418540058657527,0.0059644243432283505,0.004836889275655251
2,850,0,task1_initial,MLP,0.984375,0.17724609375,0.0,0.0,0.0,0.0,1.0,0.0,0.0
2,850,0,task1_initial,ChevronSlow,0.97802734375,0.1806640625,0.9775390625,0.1826171875,0.982421875,0.1796875,1.0,0.005690606881229097,0.0053997386929587
2,850,0,task1_initial,IDLGated,0.97802734375,0.1826171875,0.9765625,0.18359375,0.97900390625,0.1796875,0.00041102460818365216,0.0056160682638400706,0.005299569741544288
2,860,0,task1_initial,MLP,0.9892578125,0.17578125,0.0,0.0,0.0,0.0,1.0,0.0,0.0
2,860,0,task1_initial,ChevronSlow,0.98583984375,0.1796875,0.9853515625,0.1796875,0.98486328125,0.17919921875,1.0,0.005358243288632674,0.004614018818179856
2,860,0,task1_initial,IDLGated,0.98583984375,0.1787109375,0.986328125,0.17822265625,0.98388671875,0.17919921875,0.00040807033656165004,0.005288058147626685,0.0045784216212325125
2,870,0,task1_initial,MLP,0.98193359375,0.1728515625,0.0,0.0,0.0,0.0,1.0,0.0,0.0
2,870,0,task1_initial,ChevronSlow,0.98046875,0.169921875,0.9765625,0.16845703125,0.9873046875,0.17529296875,1.0,0.005045291607628313,0.006388990761413335
2,870,0,task1_initial,IDLGated,0.9814453125,0.169921875,0.9775390625,0.1669921875,0.98828125,0.1748046875,0.000405308062909171,0.004979205675388367,0.006250895932791805
2,880,0,task1_initial,MLP,0.98828125,0.16748046875,0.0,0.0,0.0,0.0,1.0,0.0,0.0
2,880,0,task1_initial,ChevronSlow,0.98681640625,0.17138671875,0.986328125,0.169921875,0.98779296875,0.173828125,1.0,0.004750618072905818,0.005247521992504686
2,880,0,task1_initial,IDLGated,0.98486328125,0.1728515625,0.9853515625,0.17333984375,0.98583984375,0.17578125,0.000402724341256544,0.004688391932480308,0.004880342601220754
2,890,0,task1_initial,MLP,0.984375,0.17529296875,0.0,0.0,0.0,0.0,1.0,0.0,0.0
2,890,0,task1_initial,ChevronSlow,0.98095703125,0.18017578125,0.9794921875,0.17919921875,0.98486328125,0.177734375,1.0,0.004473155137454644,0.005668345923030581
2,890,0,task1_initial,IDLGated,0.97802734375,0.1796875,0.978515625,0.18017578125,0.984375,0.17724609375,0.00040030645322985947,0.0044145633551945975,0.0057926024961652825
2,900,0,task1_initial,MLP,0.98291015625,0.18359375,0.0,0.0,0.0,0.0,1.0,0.0,0.0
2,900,0,task1_initial,ChevronSlow,0.97900390625,0.18505859375,0.9775390625,0.185546875,0.98291015625,0.18017578125,1.0,0.004211897605041078,0.005946104098923991
2,900,0,task1_initial,IDLGated,0.97802734375,0.18310546875,0.97705078125,0.1845703125,0.97998046875,0.1796875,0.0003980432520620525,0.004156727913896272,0.0059685142905193615
2,910,0,task1_initial,MLP,0.98828125,0.17578125,0.0,0.0,0.0,0.0,1.0,0.0,0.0
2,910,0,task1_initial,ChevronSlow,0.98779296875,0.1728515625,0.98681640625,0.171875,0.9873046875,0.17529296875,1.0,0.003965898988570602,0.0054095924771061735
2,910,0,task1_initial,IDLGated,0.98779296875,0.1708984375,0.984375,0.17041015625,0.98681640625,0.17578125,0.00039592362008988857,0.0039139515190858105,0.0057126420463507995
2,920,0,task1_initial,MLP,0.98828125,0.171875,0.0,0.0,0.0,0.0,1.0,0.0,0.0
2,920,0,task1_initial,ChevronSlow,0.98876953125,0.173828125,0.98876953125,0.173828125,0.9873046875,0.17529296875,1.0,0.003734268081142473,0.004935010709674058
2,920,0,task1_initial,IDLGated,0.98681640625,0.1767578125,0.98681640625,0.17626953125,0.98583984375,0.1767578125,0.00039393838960677385,0.003685354637367877,0.004994581572825418
2,930,0,task1_initial,MLP,0.9833984375,0.17626953125,0.0,0.0,0.0,0.0,1.0,0.0,0.0
2,930,0,task1_initial,ChevronSlow,0.9775390625,0.18115234375,0.9755859375,0.18212890625,0.98388671875,0.17822265625,1.0,0.003516165727374083,0.005762784079848442
2,930,0,task1_initial,IDLGated,0.97509765625,0.1826171875,0.97412109375,0.1826171875,0.98095703125,0.17822265625,0.000392078043660149,0.003470109105066598,0.006050324275554295
2,940,0,task1_initial,MLP,0.98828125,0.17529296875,0.0,0.0,0.0,0.0,1.0,0.0,0.0
2,940,0,task1_initial,ChevronSlow,0.98681640625,0.1748046875,0.98681640625,0.1748046875,0.9873046875,0.17724609375,1.0,0.0033108017832982175,0.004944546982054542
2,940,0,task1_initial,IDLGated,0.98681640625,0.17333984375,0.98779296875,0.17333984375,0.9853515625,0.17626953125,0.00039033437496982515,0.0032674351279437246,0.005003670899076035
2,950,0,task1_initial,MLP,0.98779296875,0.17529296875,0.0,0.0,0.0,0.0,1.0,0.0,0.0
2,950,0,task1_initial,ChevronSlow,0.986328125,0.17529296875,0.98486328125,0.17529296875,0.98828125,0.1748046875,1.0,0.0031174322538194965,0.005058990028016275
2,950,0,task1_initial,IDLGated,0.98779296875,0.17431640625,0.98681640625,0.1728515625,0.9873046875,0.17626953125,0.0003886996128130704,0.0030765984561501925,0.004968452379799802
2,960,0,task1_initial,MLP,0.984375,0.1796875,0.0,0.0,0.0,0.0,1.0,0.0,0.0
2,960,0,task1_initial,ChevronSlow,0.98291015625,0.18115234375,0.98193359375,0.18310546875,0.98583984375,0.1787109375,1.0,0.002935356597359526,0.005657098910842373
2,960,0,task1_initial,IDLGated,0.984375,0.18017578125,0.982421875,0.181640625,0.98779296875,0.1767578125,0.00038716671406291425,0.0028969077241764825,0.005368340869542011
2,970,0,task1_initial,MLP,0.98681640625,0.1748046875,0.0,0.0,0.0,0.0,1.0,0.0,0.0
2,970,0,task1_initial,ChevronSlow,0.984375,0.177734375,0.984375,0.1767578125,0.98828125,0.17822265625,1.0,0.002763915187926003,0.005647415958846691
2,970,0,task1_initial,IDLGated,0.98388671875,0.17822265625,0.98388671875,0.17822265625,0.98681640625,0.1787109375,0.00038572881021536887,0.0027277119461649,0.0053541275102738425
2,980,0,task1_initial,MLP,0.9892578125,0.169921875,0.0,0.0,0.0,0.0,1.0,0.0,0.0
2,980,0,task1_initial,ChevronSlow,0.990234375,0.1728515625,0.990234375,0.1708984375,0.9892578125,0.173828125,1.0,0.002602486925411322,0.005626899740440025
2,980,0,task1_initial,IDLGated,0.9892578125,0.1708984375,0.98974609375,0.1708984375,0.98876953125,0.17431640625,0.0003843796730507165,0.0025683981575097725,0.005413569110302051
2,990,0,task1_initial,MLP,0.990234375,0.17529296875,0.0,0.0,0.0,0.0,1.0,0.0,0.0
2,990,0,task1_initial,ChevronSlow,0.98779296875,0.17919921875,0.9873046875,0.1796875,0.98876953125,0.177734375,1.0,0.0024504869854632466,0.005608001887208476
2,990,0,task1_initial,IDLGated,0.98388671875,0.1806640625,0.98388671875,0.1806640625,0.98681640625,0.1787109375,0.0003831137146335095,0.0024183891942015207,0.005352391079171763
2,1000,0,task1_initial,MLP,0.98779296875,0.17529296875,0.0,0.0,0.0,0.0,1.0,0.0,0.0
2,1000,0,task1_initial,ChevronSlow,0.98291015625,0.17626953125,0.98193359375,0.1767578125,0.9873046875,0.17724609375,1.0,0.002307364700775847,0.00608996197955425
2,1000,0,task1_initial,IDLGated,0.9833984375,0.17724609375,0.9814453125,0.177734375,0.986328125,0.17724609375,0.000381925463443622,0.0022771416018695797,0.005744176002839229
2,1010,0,task1_initial,MLP,0.98681640625,0.17919921875,0.0,0.0,0.0,0.0,1.0,0.0,0.0
2,1010,0,task1_initial,ChevronSlow,0.98583984375,0.18115234375,0.984375,0.1806640625,0.98828125,0.177734375,1.0,0.002172601566125014,0.005720908858473311
2,1010,0,task1_initial,IDLGated,0.9873046875,0.17822265625,0.98583984375,0.17822265625,0.9873046875,0.17822265625,0.0003808100591413677,0.002144143666949029,0.005311944821573345
2,1020,0,task1_initial,MLP,0.98779296875,0.1806640625,0.0,0.0,0.0,0.0,1.0,0.0,0.0
2,1020,0,task1_initial,ChevronSlow,0.98388671875,0.18408203125,0.9833984375,0.18505859375,0.9873046875,0.17919921875,1.0,0.002045709359921172,0.0053645798610321704
2,1020,0,task1_initial,IDLGated,0.98486328125,0.1826171875,0.984375,0.18310546875,0.986328125,0.1806640625,0.0003797626995947212,0.0020189135628382125,0.005012700170267445
2,1030,0,task1_initial,MLP,0.98779296875,0.17822265625,0.0,0.0,0.0,0.0,1.0,0.0,0.0
2,1030,0,task1_initial,ChevronSlow,0.98388671875,0.17626953125,0.9833984375,0.17626953125,0.9873046875,0.17822265625,1.0,0.0019262283754739248,0.005480986171892347
2,1030,0,task1_initial,IDLGated,0.9833984375,0.17724609375,0.984375,0.177734375,0.984375,0.17919921875,0.0003787792520597577,0.0019009976043312315,0.005026413006979357
2,1040,0,task1_initial,MLP,0.9892578125,0.16943359375,0.0,0.0,0.0,0.0,1.0,0.0,0.0
2,1040,0,task1_initial,ChevronSlow,0.98681640625,0.1708984375,0.98681640625,0.16845703125,0.98779296875,0.17431640625,1.0,0.0018137257555608432,0.006230071305058307
2,1040,0,task1_initial,IDLGated,0.98681640625,0.169921875,0.98681640625,0.16845703125,0.9873046875,0.173828125,0.00037785564200021327,0.0017899686040014357,0.0059329086869681314
2,1050,0,task1_initial,MLP,0.98828125,0.17724609375,0.0,0.0,0.0,0.0,1.0,0.0,0.0
2,1050,0,task1_initial,ChevronSlow,0.98486328125,0.18017578125,0.98291015625,0.1806640625,0.986328125,0.1787109375,1.0,0.0017077939242668386,0.005936493605966089
2,1050,0,task1_initial,IDLGated,0.9814453125,0.1806640625,0.9794921875,0.18115234375,0.98388671875,0.177734375,0.00037698776577599347,0.0016854243245814123,0.005801033190366396
2,1060,0,task1_initial,MLP,0.98681640625,0.17919921875,0.0,0.0,0.0,0.0,1.0,0.0,0.0
2,1060,0,task1_initial,ChevronSlow,0.98486328125,0.17724609375,0.984375,0.17724609375,0.98486328125,0.177734375,1.0,0.0016080491104129822,0.005401397266872137
2,1060,0,task1_initial,IDLGated,0.9833984375,0.17724609375,0.9833984375,0.17724609375,0.9833984375,0.17724609375,0.000376172480173409,0.0015869860217327207,0.005182189854220661
2,1070,0,task1_initial,MLP,0.98388671875,0.17626953125,0.0,0.0,0.0,0.0,1.0,0.0,0.0
2,1070,0,task1_initial,ChevronSlow,0.98291015625,0.177734375,0.98046875,0.17822265625,0.9892578125,0.17724609375,1.0,0.0015141299572254217,0.00668675696674724
2,1070,0,task1_initial,IDLGated,0.98291015625,0.17626953125,0.98095703125,0.17529296875,0.9892578125,0.17626953125,0.0003754065546672791,0.0014942970719261108,0.006598573947225604
2,1080,0,task1_initial,MLP,0.9892578125,0.17236328125,0.0,0.0,0.0,0.0,1.0,0.0,0.0
2,1080,0,task1_initial,ChevronSlow,0.98974609375,0.1748046875,0.98974609375,0.1748046875,0.9892578125,0.17578125,1.0,0.0014422991073471333,0.005356432043150499
2,1080,0,task1_initial,IDLGated,0.98779296875,0.17822265625,0.9873046875,0.17822265625,0.98779296875,0.17724609375,0.00037645912379957736,0.0016216063751357853,0.005173578570487647
2,1090,0,task1_initial,MLP,0.982421875,0.17578125,0.0,0.0,0.0,0.0,1.0,0.0,0.0
2,1090,0,task1_initial,ChevronSlow,0.98046875,0.17724609375,0.9775390625,0.17822265625,0.986328125,0.1767578125,1.0,0.001358060690791293,0.005866994998107961
2,1090,0,task1_initial,IDLGated,0.98046875,0.1767578125,0.9775390625,0.1767578125,0.98681640625,0.17724609375,0.0003767655580304563,0.0016586002514826898,0.0057009313764854
2,1100,0,task1_initial,MLP,0.9873046875,0.1787109375,0.0,0.0,0.0,0.0,1.0,0.0,0.0
2,1100,0,task1_initial,ChevronSlow,0.986328125,0.1748046875,0.9853515625,0.1748046875,0.990234375,0.17431640625,1.0,0.0012787422736916594,0.005544155335697217
2,1100,0,task1_initial,IDLGated,0.98681640625,0.17236328125,0.984375,0.1728515625,0.98876953125,0.1748046875,0.0003766091831494123,0.0016397301133122815,0.00563919930906518
2,1110,0,task1_initial,MLP,0.984375,0.1806640625,0.0,0.0,0.0,0.0,1.0,0.0,0.0
2,1110,0,task1_initial,ChevronSlow,0.9833984375,0.18115234375,0.982421875,0.181640625,0.98876953125,0.17626953125,1.0,0.0012040565002830273,0.005884568145483589
2,1110,0,task1_initial,IDLGated,0.984375,0.18017578125,0.9833984375,0.1806640625,0.98828125,0.17626953125,0.0003761104599107057,0.0015794800602782913,0.005726525538598904
2,1120,0,task1_initial,MLP,0.99169921875,0.17431640625,0.0,0.0,0.0,0.0,1.0,0.0,0.0
2,1120,0,task1_initial,ChevronSlow,0.98876953125,0.17822265625,0.98779296875,0.17822265625,0.98974609375,0.17626953125,1.0,0.0011340178307985293,0.004879456354614537
2,1120,0,task1_initial,IDLGated,0.986328125,0.18017578125,0.986328125,0.1806640625,0.98779296875,0.177734375,0.0003759591781999916,0.0015611873216711076,0.004876947020843856
2,1130,0,task1_initial,MLP,0.9912109375,0.17431640625,0.0,0.0,0.0,0.0,1.0,0.0,0.0
2,1130,0,task1_initial,ChevronSlow,0.98974609375,0.17822265625,0.98974609375,0.17822265625,0.9892578125,0.17724609375,1.0,0.0010677847825175354,0.004653817174155646
2,1130,0,task1_initial,IDLGated,0.9892578125,0.17578125,0.98974609375,0.17626953125,0.9892578125,0.17724609375,0.00037520602927543223,0.001470005161705328,0.0045441491568921424
2,1140,0,task1_initial,MLP,0.9853515625,0.1806640625,0.0,0.0,0.0,0.0,1.0,0.0,0.0
2,1140,0,task1_initial,ChevronSlow,0.9853515625,0.18408203125,0.98388671875,0.185546875,0.9873046875,0.1806640625,1.0,0.0010054201184589513,0.005016906181512326
2,1140,0,task1_initial,IDLGated,0.986328125,0.18212890625,0.98583984375,0.18310546875,0.98828125,0.1796875,0.0003744982823263854,0.0013841485550415865,0.004823105688207078
2,1150,0,task1_initial,MLP,0.98974609375,0.177734375,0.0,0.0,0.0,0.0,1.0,0.0,0.0
2,1150,0,task1_initial,ChevronSlow,0.98828125,0.17822265625,0.98828125,0.17822265625,0.98828125,0.1796875,1.0,0.0009466979031286306,0.004916656862704083
2,1150,0,task1_initial,IDLGated,0.986328125,0.17626953125,0.986328125,0.177734375,0.98779296875,0.17724609375,0.00037383302696980536,0.0013033064592787866,0.004889469595954098
2,1160,0,task1_initial,MLP,0.99169921875,0.17333984375,0.0,0.0,0.0,0.0,1.0,0.0,0.0
2,1160,0,task1_initial,ChevronSlow,0.990234375,0.1767578125,0.990234375,0.1767578125,0.9892578125,0.17822265625,1.0,0.0008914053969417732,0.005551546512621292
2,1160,0,task1_initial,IDLGated,0.98828125,0.17822265625,0.98828125,0.17822265625,0.98828125,0.17919921875,0.0003732077602762729,0.0012271859986493815,0.005586872812428652
2,1170,0,task1_initial,MLP,0.99072265625,0.17333984375,0.0,0.0,0.0,0.0,1.0,0.0,0.0
2,1170,0,task1_initial,ChevronSlow,0.99072265625,0.1748046875,0.99169921875,0.17431640625,0.99072265625,0.17578125,1.0,0.0008393422855072652,0.00548735984743526
2,1170,0,task1_initial,IDLGated,0.9892578125,0.17431640625,0.9892578125,0.17333984375,0.98876953125,0.1767578125,0.0003726199211087078,0.001155511402985335,0.0057596448973574335
2,1180,0,task1_initial,MLP,0.98974609375,0.16845703125,0.0,0.0,0.0,0.0,1.0,0.0,0.0
2,1180,0,task1_initial,ChevronSlow,0.98974609375,0.17041015625,0.9892578125,0.16943359375,0.99169921875,0.17333984375,1.0,0.0007903199539261677,0.006238970392154676
2,1180,0,task1_initial,IDLGated,0.98974609375,0.16845703125,0.98828125,0.16796875,0.98974609375,0.1728515625,0.0003720674430951476,0.0010880230086544671,0.006438812746852631
2,1190,0,task1_initial,MLP,0.990234375,0.17041015625,0.0,0.0,0.0,0.0,1.0,0.0,0.0
2,1190,0,task1_initial,ChevronSlow,0.990234375,0.1748046875,0.99072265625,0.17529296875,0.9912109375,0.17431640625,1.0,0.0007441608034752747,0.005556316055597892
2,1190,0,task1_initial,IDLGated,0.9892578125,0.17333984375,0.98876953125,0.17333984375,0.9892578125,0.1748046875,0.00037154779420234263,0.001024476317847763,0.005761235514099914
2,1200,0,task1_initial,MLP,0.98974609375,0.17822265625,0.0,0.0,0.0,0.0,1.0,0.0,0.0
2,1200,0,task1_initial,ChevronSlow,0.98974609375,0.17578125,0.98876953125,0.17626953125,0.9912109375,0.17529296875,1.0,0.0007006976082002109,0.005495784064488062
2,1200,0,task1_initial,IDLGated,0.9892578125,0.1767578125,0.9892578125,0.1767578125,0.98974609375,0.1748046875,0.00037105916999280453,0.0009646411128096151,0.005710694485600921
2,1210,0,task1_initial,MLP,0.98876953125,0.1796875,0.0,0.0,0.0,0.0,1.0,0.0,0.0
2,1210,0,task1_initial,ChevronSlow,0.98876953125,0.1796875,0.98876953125,0.18017578125,0.990234375,0.17626953125,1.0,0.0006597729090871275,0.006245618974588748
2,1210,0,task1_initial,IDLGated,0.98681640625,0.18017578125,0.98681640625,0.1796875,0.98828125,0.1767578125,0.00037064109346829355,0.000913375809429617,0.007013160248540807
2,1220,0,task1_initial,MLP,0.98974609375,0.177734375,0.0,0.0,0.0,0.0,1.0,0.0,0.0
2,1220,0,task1_initial,ChevronSlow,0.98876953125,0.17724609375,0.98779296875,0.177734375,0.99072265625,0.1767578125,1.0,0.0008202737060418384,0.005998795675688618
2,1220,0,task1_initial,IDLGated,0.9892578125,0.1767578125,0.9892578125,0.17626953125,0.98974609375,0.1767578125,0.0003739517414942384,0.001317743819781027,0.006859590775693524
2,1230,0,task1_initial,MLP,0.9873046875,0.16796875,0.0,0.0,0.0,0.0,1.0,0.0,0.0
2,1230,0,task1_initial,ChevronSlow,0.990234375,0.16943359375,0.98974609375,0.16748046875,0.9921875,0.1728515625,1.0,0.0014378833858879649,0.0061191646039041965
2,1230,0,task1_initial,IDLGated,0.98876953125,0.171875,0.98779296875,0.16943359375,0.98974609375,0.1728515625,0.0003816199314314872,0.0022407436376231786,0.006592308414317759
2,1240,0,task1_initial,MLP,0.990234375,0.17138671875,0.0,0.0,0.0,0.0,1.0,0.0,0.0
2,1240,0,task1_initial,ChevronSlow,0.9892578125,0.17724609375,0.98876953125,0.17724609375,0.9912109375,0.17578125,1.0,0.002228452131115398,0.005991628749153587
2,1240,0,task1_initial,IDLGated,0.9873046875,0.17822265625,0.986328125,0.1787109375,0.98974609375,0.17626953125,0.00039119640132412314,0.0033677525245348204,0.006205584387144829
2,1250,0,task1_initial,MLP,0.98779296875,0.1826171875,0.0,0.0,0.0,0.0,1.0,0.0,0.0
2,1250,0,task1_initial,ChevronSlow,0.9853515625,0.18505859375,0.9833984375,0.18603515625,0.9892578125,0.18017578125,1.0,0.0028003965877484286,0.006552829143109487
2,1250,0,task1_initial,IDLGated,0.98388671875,0.185546875,0.9814453125,0.18701171875,0.98681640625,0.1806640625,0.0003991392732132226,0.0042817812904031435,0.006700882306694548
2,1260,0,task1_initial,MLP,0.99072265625,0.17578125,0.0,0.0,0.0,0.0,1.0,0.0,0.0
2,1260,0,task1_initial,ChevronSlow,0.9892578125,0.17822265625,0.98876953125,0.17822265625,0.990234375,0.177734375,1.0,0.0031414217890068617,0.005250050895230933
2,1260,0,task1_initial,IDLGated,0.98876953125,0.17724609375,0.98876953125,0.1767578125,0.98828125,0.17822265625,0.00040425945189781487,0.004861398120836428,0.006105561969832025
2,1270,0,task1_initial,MLP,0.9892578125,0.17529296875,0.0,0.0,0.0,0.0,1.0,0.0,0.0
2,1270,0,task1_initial,ChevronSlow,0.99072265625,0.173828125,0.98974609375,0.17236328125,0.99267578125,0.17529296875,1.0,0.0030057169771853616,0.005255776577333024
2,1270,0,task1_initial,IDLGated,0.98876953125,0.1748046875,0.98828125,0.17431640625,0.98974609375,0.1748046875,0.0004048122791573405,0.004923532730241436,0.006048252787506095
2,1280,0,task1_initial,MLP,0.99072265625,0.1708984375,0.0,0.0,0.0,0.0,1.0,0.0,0.0
2,1280,0,task1_initial,ChevronSlow,0.99169921875,0.17333984375,0.9912109375,0.1728515625,0.9921875,0.17529296875,1.0,0.002830166124048654,0.005123285592202305
2,1280,0,task1_initial,IDLGated,0.990234375,0.173828125,0.9912109375,0.1728515625,0.98974609375,0.17529296875,0.0004031449498143047,0.004735855978149314,0.005740486526666534
2,1290,0,task1_initial,MLP,0.9912109375,0.17041015625,0.0,0.0,0.0,0.0,1.0,0.0,0.0
2,1290,0,task1_initial,ChevronSlow,0.9921875,0.173828125,0.99169921875,0.173828125,0.9912109375,0.17578125,1.0,0.002664868432560547,0.004996967105493003
2,1290,0,task1_initial,IDLGated,0.990234375,0.1748046875,0.990234375,0.173828125,0.9892578125,0.17529296875,0.0004007000825367868,0.004459255232434651,0.005538759658461323
2,1300,0,task1_initial,MLP,0.99072265625,0.1748046875,0.0,0.0,0.0,0.0,1.0,0.0,0.0
2,1300,0,task1_initial,ChevronSlow,0.98974609375,0.17578125,0.98828125,0.17578125,0.9912109375,0.17578125,1.0,0.0025092250601525543,0.004537772625206511
2,1300,0,task1_initial,IDLGated,0.98828125,0.17724609375,0.98828125,0.17724609375,0.98876953125,0.17578125,0.0003984116774518043,0.004198809533005794,0.004632511931940385
2,1310,0,task1_initial,MLP,0.98779296875,0.17578125,0.0,0.0,0.0,0.0,1.0,0.0,0.0
2,1310,0,task1_initial,ChevronSlow,0.99072265625,0.173828125,0.9892578125,0.17431640625,0.99267578125,0.1748046875,1.0,0.0023626721400455248,0.00452146049112298
2,1310,0,task1_initial,IDLGated,0.98974609375,0.1748046875,0.98779296875,0.17529296875,0.98974609375,0.1748046875,0.00039626890793442726,0.003953575333887034,0.004480129380278707
2,1320,0,task1_initial,MLP,0.98974609375,0.17138671875,0.0,0.0,0.0,0.0,1.0,0.0,0.0
2,1320,0,task1_initial,ChevronSlow,0.99072265625,0.17138671875,0.99072265625,0.1708984375,0.99169921875,0.173828125,1.0,0.002224678738465937,0.004917530734673479
2,1320,0,task1_initial,IDLGated,0.98974609375,0.1728515625,0.98974609375,0.1728515625,0.98974609375,0.17333984375,0.00039426167495548725,0.0037226641975184847,0.004829233461769724
2,1330,0,task1_initial,MLP,0.98974609375,0.17236328125,0.0,0.0,0.0,0.0,1.0,0.0,0.0
2,1330,0,task1_initial,ChevronSlow,0.98974609375,0.1748046875,0.98828125,0.17578125,0.9912109375,0.1748046875,1.0,0.0020947449311723093,0.005331690749513213
2,1330,0,task1_initial,IDLGated,0.990234375,0.17529296875,0.98974609375,0.17529296875,0.99072265625,0.1748046875,0.00039238110184669495,0.003505239576113238,0.005263136710632707
2,1340,0,task1_initial,MLP,0.98876953125,0.1806640625,0.0,0.0,0.0,0.0,1.0,0.0,0.0
2,1340,0,task1_initial,ChevronSlow,0.98828125,0.18017578125,0.98779296875,0.1826171875,0.9912109375,0.17724609375,1.0,0.0019723999923233265,0.00559278298649386
2,1340,0,task1_initial,IDLGated,0.98681640625,0.181640625,0.9853515625,0.1826171875,0.9892578125,0.17822265625,0.0003906183992512524,0.0033005137810014646,0.005740126419212099
2,1350,0,task1_initial,MLP,0.98779296875,0.1748046875,0.0,0.0,0.0,0.0,1.0,0.0,0.0
2,1350,0,task1_initial,ChevronSlow,0.98974609375,0.1728515625,0.98876953125,0.171875,0.99072265625,0.17529296875,1.0,0.0018581797790681036,0.005440034187170571
2,1350,0,task1_initial,IDLGated,0.98681640625,0.17529296875,0.9853515625,0.173828125,0.98974609375,0.1748046875,0.00038896594196558,0.0031077451289819253,0.0052958604593237235
2,1360,0,task1_initial,MLP,0.98974609375,0.1728515625,0.0,0.0,0.0,0.0,1.0,0.0,0.0
2,1360,0,task1_initial,ChevronSlow,0.98583984375,0.1728515625,0.98388671875,0.173828125,0.99072265625,0.173828125,1.0,0.0019828782520968035,0.00519462573811187
2,1360,0,task1_initial,IDLGated,0.98486328125,0.1748046875,0.982421875,0.17529296875,0.98876953125,0.17529296875,0.00038883619708940387,0.003092577030895414,0.005431631995013394
2,1370,0,task1_initial,MLP,0.9912109375,0.1708984375,0.0,0.0,0.0,0.0,1.0,0.0,0.0
2,1370,0,task1_initial,ChevronSlow,0.9912109375,0.17138671875,0.9912109375,0.1708984375,0.99169921875,0.1748046875,1.0,0.00213953370201468,0.004574278553377128
2,1370,0,task1_initial,IDLGated,0.9892578125,0.171875,0.98974609375,0.17041015625,0.990234375,0.173828125,0.00038904399843886495,0.0031168665723747472,0.0048553949564198035
2,1380,0,task1_initial,MLP,0.9892578125,0.17822265625,0.0,0.0,0.0,0.0,1.0,0.0,0.0
2,1380,0,task1_initial,ChevronSlow,0.98681640625,0.1796875,0.98583984375,0.1806640625,0.99072265625,0.1767578125,1.0,0.002019726101635176,0.004761116633563329
2,1380,0,task1_initial,IDLGated,0.98583984375,0.1787109375,0.9853515625,0.17919921875,0.98876953125,0.1767578125,0.0003874896210618317,0.002934823954907131,0.005164041012640053
2,1390,0,task1_initial,MLP,0.990234375,0.17626953125,0.0,0.0,0.0,0.0,1.0,0.0,0.0
2,1390,0,task1_initial,ChevronSlow,0.99072265625,0.17724609375,0.990234375,0.177734375,0.9912109375,0.17626953125,1.0,0.0019017626862717783,0.004820738042629509
2,1390,0,task1_initial,IDLGated,0.98876953125,0.1767578125,0.98876953125,0.17626953125,0.990234375,0.17626953125,0.000386031751986593,0.002763413654802145,0.005542480955165803
2,1400,0,task1_initial,MLP,0.98681640625,0.181640625,0.0,0.0,0.0,0.0,1.0,0.0,0.0
2,1400,0,task1_initial,ChevronSlow,0.984375,0.18798828125,0.9814453125,0.18896484375,0.98828125,0.18115234375,1.0,0.0017906890008341026,0.006235292553565623
2,1400,0,task1_initial,IDLGated,0.9833984375,0.1865234375,0.98291015625,0.1875,0.986328125,0.181640625,0.00038466393016278744,0.002602014684655453,0.0072065377637393945
2,1410,0,task1_initial,MLP,0.98876953125,0.1767578125,0.0,0.0,0.0,0.0,1.0,0.0,0.0
2,1410,0,task1_initial,ChevronSlow,0.98681640625,0.1787109375,0.986328125,0.177734375,0.98876953125,0.1806640625,1.0,0.0016948129190449796,0.004852911103447165
2,1410,0,task1_initial,IDLGated,0.98583984375,0.17919921875,0.9853515625,0.17919921875,0.986328125,0.1806640625,0.00038471692823804915,0.002608277999793029,0.005641276671537876
2,1420,0,task1_initial,MLP,0.99169921875,0.17138671875,0.0,0.0,0.0,0.0,1.0,0.0,0.0
2,1420,0,task1_initial,ChevronSlow,0.9921875,0.173828125,0.9921875,0.1728515625,0.99072265625,0.17626953125,1.0,0.0016046901544206906,0.005677006993119893
2,1420,0,task1_initial,IDLGated,0.99072265625,0.17236328125,0.98974609375,0.171875,0.98876953125,0.17626953125,0.0003856062248814851,0.002713272585307972,0.008197387278219502
2,1430,0,task1_initial,MLP,0.9921875,0.17529296875,0.0,0.0,0.0,0.0,1.0,0.0,0.0
2,1430,0,task1_initial,ChevronSlow,0.98974609375,0.1796875,0.98974609375,0.1806640625,0.9892578125,0.1787109375,1.0,0.001768551573014108,0.005120790648707844
2,1430,0,task1_initial,IDLGated,0.98779296875,0.18017578125,0.98779296875,0.1806640625,0.98681640625,0.1796875,0.00039125679177232087,0.003374776317941866,0.006791458497013113
2,1440,0,task1_initial,MLP,0.98876953125,0.18310546875,0.0,0.0,0.0,0.0,1.0,0.0,0.0
2,1440,0,task1_initial,ChevronSlow,0.9853515625,0.18603515625,0.98291015625,0.18701171875,0.98828125,0.18310546875,1.0,0.0020155427439694003,0.005428237100958151
2,1440,0,task1_initial,IDLGated,0.982421875,0.18701171875,0.98193359375,0.18798828125,0.986328125,0.1826171875,0.00039807395660318434,0.004160244386504645,0.006819455258507106
2,1450,0,task1_initial,MLP,0.98779296875,0.18212890625,0.0,0.0,0.0,0.0,1.0,0.0,0.0
2,1450,0,task1_initial,ChevronSlow,0.986328125,0.18115234375,0.98583984375,0.181640625,0.98974609375,0.18017578125,1.0,0.002246881816211889,0.004424902423666094
2,1450,0,task1_initial,IDLGated,0.98388671875,0.1806640625,0.98291015625,0.18212890625,0.9873046875,0.18212890625,0.00040445991908200085,0.004883925733798916,0.00561654418987258
2,1460,0,task1_initial,MLP,0.990234375,0.1796875,0.0,0.0,0.0,0.0,1.0,0.0,0.0
2,1460,0,task1_initial,ChevronSlow,0.98828125,0.18310546875,0.9873046875,0.18408203125,0.98974609375,0.18115234375,1.0,0.00218171749332306,0.004159786396348342
2,1460,0,task1_initial,IDLGated,0.98779296875,0.1845703125,0.9873046875,0.1845703125,0.98779296875,0.18212890625,0.00040738959796726704,0.005212135989045254,0.004942810704870121
2,1470,0,task1_initial,MLP,0.98779296875,0.18115234375,0.0,0.0,0.0,0.0,1.0,0.0,0.0
2,1470,0,task1_initial,ChevronSlow,0.9853515625,0.18310546875,0.98486328125,0.18359375,0.98828125,0.1806640625,1.0,0.0020542928654677796,0.004752891365902536
2,1470,0,task1_initial,IDLGated,0.984375,0.18212890625,0.984375,0.18310546875,0.9873046875,0.18115234375,0.0004057924961671233,0.005033504909459741,0.005522755242831307
2,1480,0,task1_initial,MLP,0.98681640625,0.18017578125,0.0,0.0,0.0,0.0,1.0,0.0,0.0
2,1480,0,task1_initial,ChevronSlow,0.98681640625,0.18115234375,0.986328125,0.18115234375,0.98779296875,0.1806640625,1.0,0.0019343105558016086,0.004332178964557837
2,1480,0,task1_initial,IDLGated,0.98486328125,0.1806640625,0.9853515625,0.181640625,0.9853515625,0.17919921875,0.00040345636080019176,0.004770958475026503,0.004796790762536809
2,1490,0,task1_initial,MLP,0.9892578125,0.1787109375,0.0,0.0,0.0,0.0,1.0,0.0,0.0
2,1490,0,task1_initial,ChevronSlow,0.98876953125,0.18310546875,0.98828125,0.18359375,0.98974609375,0.18310546875,1.0,0.0018213358908947697,0.004426556281288127
2,1490,0,task1_initial,IDLGated,0.986328125,0.1845703125,0.98486328125,0.1845703125,0.98779296875,0.18408203125,0.0004010162956546992,0.004495118512222113,0.004622666334758977
2,1500,0,task1_initial,MLP,0.99267578125,0.17529296875,0.0,0.0,0.0,0.0,1.0,0.0,0.0
2,1500,0,task1_initial,ChevronSlow,0.99169921875,0.1748046875,0.99267578125,0.1748046875,0.99072265625,0.1787109375,1.0,0.0017149595847015988,0.004714242246513427
2,1500,0,task1_initial,IDLGated,0.9912109375,0.17431640625,0.9912109375,0.17333984375,0.9892578125,0.17724609375,0.00039870766340754926,0.004232578194633677,0.004974748450408318
2,1510,0,task1_initial,MLP,0.98828125,0.173828125,0.0,0.0,0.0,0.0,1.0,0.0,0.0
2,1510,0,task1_initial,ChevronSlow,0.9892578125,0.17724609375,0.98828125,0.1748046875,0.99072265625,0.177734375,1.0,0.0016147962557938773,0.004561376671558918
2,1510,0,task1_initial,IDLGated,0.98828125,0.17724609375,0.9873046875,0.1748046875,0.98828125,0.1787109375,0.0003965460928156972,0.0039853717148900115,0.005108303111488432
2,1520,0,task1_initial,MLP,0.98974609375,0.17333984375,0.0,0.0,0.0,0.0,1.0,0.0,0.0
2,1520,0,task1_initial,ChevronSlow,0.98828125,0.17529296875,0.9873046875,0.17529296875,0.99072265625,0.17724609375,1.0,0.0015204830311961197,0.004727458335341739
2,1520,0,task1_initial,IDLGated,0.98681640625,0.177734375,0.98583984375,0.1767578125,0.98828125,0.17822265625,0.0003945212811231613,0.0037526034902280194,0.004872886482314541
2,1530,0,task1_initial,MLP,0.9912109375,0.17236328125,0.0,0.0,0.0,0.0,1.0,0.0,0.0
2,1530,0,task1_initial,ChevronSlow,0.9931640625,0.17529296875,0.99267578125,0.17529296875,0.99169921875,0.17724609375,1.0,0.001431678231764764,0.004348571871809126
2,1530,0,task1_initial,IDLGated,0.9912109375,0.17529296875,0.99072265625,0.1748046875,0.98974609375,0.17578125,0.0003926242934539914,0.0035334302449778264,0.004640958566824784
2,1540,0,task1_initial,MLP,0.9912109375,0.177734375,0.0,0.0,0.0,0.0,1.0,0.0,0.0
2,1540,0,task1_initial,ChevronSlow,0.99169921875,0.17822265625,0.99169921875,0.17822265625,0.9912109375,0.177734375,1.0,0.0013480601343486488,0.004571860114658695
2,1540,0,task1_initial,IDLGated,0.98876953125,0.177734375,0.9892578125,0.17919921875,0.98828125,0.17724609375,0.00039084654417820275,0.0033270579555330073,0.004695010006747641
2,1550,0,task1_initial,MLP,0.990234375,0.173828125,0.0,0.0,0.0,0.0,1.0,0.0,0.0
2,1550,0,task1_initial,ChevronSlow,0.98828125,0.171875,0.9873046875,0.17138671875,0.9931640625,0.17529296875,1.0,0.0012693258062463073,0.005083568049382919
2,1550,0,task1_initial,IDLGated,0.9873046875,0.1728515625,0.98583984375,0.1708984375,0.990234375,0.17626953125,0.0003891797678079456,0.0031327389737518187,0.005544368579185434
2,1560,0,task1_initial,MLP,0.98974609375,0.16943359375,0.0,0.0,0.0,0.0,1.0,0.0,0.0
2,1560,0,task1_initial,ChevronSlow,0.9912109375,0.169921875,0.990234375,0.1689453125,0.9921875,0.17236328125,1.0,0.0011951900077375455,0.004605046063703769
2,1560,0,task1_initial,IDLGated,0.98828125,0.1708984375,0.98828125,0.17041015625,0.98876953125,0.173828125,0.00038761706673540175,0.0029497693183680503,0.004881720506460216
2,1570,0,task1_initial,MLP,0.9912109375,0.17919921875,0.0,0.0,0.0,0.0,1.0,0.0,0.0
2,1570,0,task1_initial,ChevronSlow,0.98828125,0.185546875,0.98486328125,0.1865234375,0.9921875,0.17822265625,1.0,0.0011253841587133728,0.006162201853482946
2,1570,0,task1_initial,IDLGated,0.9853515625,0.18505859375,0.98291015625,0.18701171875,0.9892578125,0.1787109375,0.00038615119410678744,0.0027774861245987853,0.007082596653278591
2,1580,0,task1_initial,MLP,0.9931640625,0.17431640625,0.0,0.0,0.0,0.0,1.0,0.0,0.0
2,1580,0,task1_initial,ChevronSlow,0.9921875,0.1748046875,0.9921875,0.1748046875,0.9921875,0.17626953125,1.0,0.0011992159114169035,0.0065224525797553555
2,1580,0,task1_initial,IDLGated,0.98974609375,0.1748046875,0.9892578125,0.1748046875,0.9892578125,0.17626953125,0.00038677678094245493,0.0028510968623473142,0.007262093470468651
2,1590,0,task1_initial,MLP,0.98974609375,0.16943359375,0.0,0.0,0.0,0.0,1.0,0.0,0.0
2,1590,0,task1_initial,ChevronSlow,0.9931640625,0.1728515625,0.9931640625,0.1728515625,0.99267578125,0.17529296875,1.0,0.002293800761160673,0.006490360516829249
2,1590,0,task1_initial,IDLGated,0.990234375,0.17333984375,0.99072265625,0.1728515625,0.99072265625,0.17578125,0.00039826417923904955,0.00418197173772186,0.007280858434030014
2,1600,0,task1_initial,MLP,0.99169921875,0.17431640625,0.0,0.0,0.0,0.0,1.0,0.0,0.0
2,1600,0,task1_initial,ChevronSlow,0.990234375,0.17529296875,0.98876953125,0.17529296875,0.9912109375,0.17626953125,1.0,0.004111974555976983,0.005992384480443763
2,1600,0,task1_initial,IDLGated,0.9873046875,0.1796875,0.98583984375,0.1796875,0.98974609375,0.17529296875,0.0004177683440502733,0.0063561041959973065,0.006912351489248013
2,1610,0,task1_initial,MLP,0.99169921875,0.17919921875,0.0,0.0,0.0,0.0,1.0,0.0,0.0
2,1610,0,task1_initial,ChevronSlow,0.99169921875,0.18017578125,0.9912109375,0.18017578125,0.99267578125,0.17724609375,1.0,0.005763655097505546,0.005306728496054932
2,1610,0,task1_initial,IDLGated,0.98974609375,0.1787109375,0.98974609375,0.1796875,0.98876953125,0.1767578125,0.0004362158360891044,0.0083210510559478,0.005376454216861202
2,1620,0,task1_initial,MLP,0.9892578125,0.18408203125,0.0,0.0,0.0,0.0,1.0,0.0,0.0
2,1620,0,task1_initial,ChevronSlow,0.98974609375,0.18212890625,0.98828125,0.18359375,0.99072265625,0.1796875,1.0,0.006767744264375938,0.005122015861558789
2,1620,0,task1_initial,IDLGated,0.9873046875,0.18359375,0.9873046875,0.18408203125,0.9892578125,0.1806640625,0.00044696996337734163,0.009428539889376307,0.005202660724149017
2,1630,0,task1_initial,MLP,0.9931640625,0.17431640625,0.0,0.0,0.0,0.0,1.0,0.0,0.0
2,1630,0,task1_initial,ChevronSlow,0.99169921875,0.177734375,0.99169921875,0.1767578125,0.9912109375,0.177734375,1.0,0.006893269300266859,0.004726149127404293
2,1630,0,task1_initial,IDLGated,0.9892578125,0.17626953125,0.99072265625,0.17626953125,0.98828125,0.1767578125,0.00044813891872763634,0.00954730674918147,0.0046284962028841975
2,1640,0,task1_initial,MLP,0.986328125,0.1708984375,0.0,0.0,0.0,0.0,1.0,0.0,0.0
2,1640,0,task1_initial,ChevronSlow,0.98583984375,0.1748046875,0.98486328125,0.171875,0.9921875,0.17578125,1.0,0.006492702881810821,0.006000217252359792
2,1640,0,task1_initial,IDLGated,0.98388671875,0.17333984375,0.98388671875,0.173828125,0.990234375,0.17626953125,0.000442862423369661,0.009008713690020194,0.005923397923338339
2,1650,0,task1_initial,MLP,0.990234375,0.171875,0.0,0.0,0.0,0.0,1.0,0.0,0.0
2,1650,0,task1_initial,ChevronSlow,0.9912109375,0.1708984375,0.990234375,0.16943359375,0.9921875,0.17333984375,1.0,0.006113492351106632,0.005066828284374767
2,1650,0,task1_initial,IDLGated,0.990234375,0.1748046875,0.98876953125,0.17236328125,0.990234375,0.17626953125,0.00043777338578365743,0.008483120417297938,0.004374960720243791
2,1660,0,task1_initial,MLP,0.99169921875,0.1689453125,0.0,0.0,0.0,0.0,1.0,0.0,0.0
2,1660,0,task1_initial,ChevronSlow,0.9912109375,0.17041015625,0.9912109375,0.16748046875,0.9931640625,0.171875,1.0,0.005756429857855351,0.005032432298366769
2,1660,0,task1_initial,IDLGated,0.9892578125,0.16943359375,0.9892578125,0.16796875,0.990234375,0.1728515625,0.0004330294032115489,0.007987658257080636,0.00493777383672506
2,1670,0,task1_initial,MLP,0.9892578125,0.1689453125,0.0,0.0,0.0,0.0,1.0,0.0,0.0
2,1670,0,task1_initial,ChevronSlow,0.98974609375,0.17041015625,0.9892578125,0.1708984375,0.9921875,0.171875,1.0,0.005420221831537974,0.004937445166843889
2,1670,0,task1_initial,IDLGated,0.9892578125,0.17041015625,0.98876953125,0.169921875,0.99072265625,0.17236328125,0.00042860969551838934,0.0075211338862770805,0.005089421857990425
2,1680,0,task1_initial,MLP,0.99267578125,0.17333984375,0.0,0.0,0.0,0.0,1.0,0.0,0.0
2,1680,0,task1_initial,ChevronSlow,0.99169921875,0.17529296875,0.99169921875,0.17626953125,0.99267578125,0.17333984375,1.0,0.005103650253462205,0.004333524191004604
2,1680,0,task1_initial,IDLGated,0.9892578125,0.17529296875,0.9892578125,0.1767578125,0.99169921875,0.17333984375,0.0004247936885803938,0.007114440081971732,0.004628377520695811
2,1690,0,task1_initial,MLP,0.9892578125,0.169921875,0.0,0.0,0.0,0.0,1.0,0.0,0.0
2,1690,0,task1_initial,ChevronSlow,0.9912109375,0.1669921875,0.98974609375,0.1669921875,0.9912109375,0.1689453125,1.0,0.00480556824410893,0.005009668720513928
2,1690,0,task1_initial,IDLGated,0.98828125,0.16748046875,0.986328125,0.1669921875,0.98828125,0.17138671875,0.0004211264313198626,0.006720161950212423,0.005860457063457512
2,1700,0,task1_initial,MLP,0.98974609375,0.16748046875,0.0,0.0,0.0,0.0,1.0,0.0,0.0
2,1700,0,task1_initial,ChevronSlow,0.9912109375,0.16796875,0.99072265625,0.16650390625,0.9912109375,0.1689453125,1.0,0.0045248959082025775,0.0043033411722588335
2,1700,0,task1_initial,IDLGated,0.98974609375,0.16796875,0.9892578125,0.16796875,0.98974609375,0.169921875,0.0004179936076980084,0.006380620980055846,0.004317401387429463
2,1710,0,task1_initial,MLP,0.99169921875,0.17626953125,0.0,0.0,0.0,0.0,1.0,0.0,0.0
2,1710,0,task1_initial,ChevronSlow,0.99169921875,0.1767578125,0.99072265625,0.1767578125,0.99267578125,0.17333984375,1.0,0.004260616422452854,0.00468586684169383
2,1710,0,task1_initial,IDLGated,0.98828125,0.1767578125,0.98876953125,0.177734375,0.99169921875,0.17236328125,0.00041563084232620895,0.006122850820163029,0.005036363467476294
2,1720,0,task1_initial,MLP,0.99169921875,0.17236328125,0.0,0.0,0.0,0.0,1.0,0.0,0.0
2,1720,0,task1_initial,ChevronSlow,0.9931640625,0.173828125,0.99267578125,0.173828125,0.99267578125,0.17236328125,1.0,0.004011772351794455,0.004349341267657693
2,1720,0,task1_initial,IDLGated,0.990234375,0.1748046875,0.990234375,0.1748046875,0.990234375,0.17236328125,0.00041424480150453746,0.005970942440372074,0.004090592867655599
2,1730,0,task1_initial,MLP,0.9921875,0.17333984375,0.0,0.0,0.0,0.0,1.0,0.0,0.0
2,1730,0,task1_initial,ChevronSlow,0.99267578125,0.1767578125,0.9921875,0.17724609375,0.9931640625,0.1748046875,1.0,0.0037774621807791947,0.004696894485746169
2,1730,0,task1_initial,IDLGated,0.98974609375,0.1767578125,0.9892578125,0.1767578125,0.9912109375,0.1748046875,0.00041109437006525695,0.005623792113585416,0.004470932000258858
2,1740,0,task1_initial,MLP,0.99267578125,0.1708984375,0.0,0.0,0.0,0.0,1.0,0.0,0.0
2,1740,0,task1_initial,ChevronSlow,0.9921875,0.17138671875,0.9921875,0.17138671875,0.99267578125,0.171875,1.0,0.0035568370475544367,0.004513226402628367
2,1740,0,task1_initial,IDLGated,0.99072265625,0.17236328125,0.9912109375,0.171875,0.99072265625,0.17333984375,0.0004081357328686863,0.005295330880908777,0.00417322205691794
2,1750,0,task1_initial,MLP,0.99267578125,0.1708984375,0.0,0.0,0.0,0.0,1.0,0.0,0.0
2,1750,0,task1_initial,ChevronSlow,0.99267578125,0.173828125,0.9931640625,0.173828125,0.99267578125,0.17333984375,1.0,0.003349097668595629,0.004279381178606972
2,1750,0,task1_initial,IDLGated,0.9921875,0.17236328125,0.9921875,0.1728515625,0.9912109375,0.173828125,0.0004053691227454692,0.00498605363995737,0.004129311246957363
2,1760,0,task1_initial,MLP,0.9931640625,0.17626953125,0.0,0.0,0.0,0.0,1.0,0.0,0.0
2,1760,0,task1_initial,ChevronSlow,0.9921875,0.17822265625,0.9912109375,0.17822265625,0.99267578125,0.17529296875,1.0,0.003153491443051838,0.0042398604009020605
2,1760,0,task1_initial,IDLGated,0.9892578125,0.17724609375,0.9892578125,0.1796875,0.99072265625,0.17529296875,0.00040278155938722193,0.004694839937228922,0.004395313324481219
2,1770,0,task1_initial,MLP,0.99072265625,0.1806640625,0.0,0.0,0.0,0.0,1.0,0.0,0.0
2,1770,0,task1_initial,ChevronSlow,0.9892578125,0.18212890625,0.98828125,0.1845703125,0.99169921875,0.17724609375,1.0,0.0029693097262138597,0.005447916736868405
2,1770,0,task1_initial,IDLGated,0.9873046875,0.18408203125,0.98681640625,0.18505859375,0.98828125,0.177734375,0.00040036009158939123,0.004420634760036021,0.005617438078166692
2,1780,0,task1_initial,MLP,0.990234375,0.18115234375,0.0,0.0,0.0,0.0,1.0,0.0,0.0
2,1780,0,task1_initial,ChevronSlow,0.990234375,0.181640625,0.98876953125,0.18212890625,0.9921875,0.17822265625,1.0,0.002795885262227203,0.004453537029557053
2,1780,0,task1_initial,IDLGated,0.98779296875,0.1826171875,0.9873046875,0.1826171875,0.98974609375,0.17822265625,0.0003980931651312858,0.004162444714392796,0.004521854751685107
2,1790,0,task1_initial,MLP,0.99267578125,0.1728515625,0.0,0.0,0.0,0.0,1.0,0.0,0.0
2,1790,0,task1_initial,ChevronSlow,0.9931640625,0.173828125,0.9921875,0.17236328125,0.99267578125,0.177734375,1.0,0.002632589766749133,0.004513899989206957
2,1790,0,task1_initial,IDLGated,0.990234375,0.1748046875,0.990234375,0.1748046875,0.98974609375,0.1767578125,0.0003959705645684153,0.003919334426134617,0.004496548250994248
2,1800,0,task1_initial,MLP,0.9873046875,0.166015625,0.0,0.0,0.0,0.0,1.0,0.0,0.0
2,1800,0,task1_initial,ChevronSlow,0.9892578125,0.16796875,0.98779296875,0.16650390625,0.9921875,0.1708984375,1.0,0.002478831650792204,0.006266233817511849
2,1800,0,task1_initial,IDLGated,0.9892578125,0.1689453125,0.98681640625,0.1669921875,0.98876953125,0.173828125,0.0003939821617677808,0.00369042315223274,0.006056980133497577
2,1810,0,task1_initial,MLP,0.99365234375,0.17578125,0.0,0.0,0.0,0.0,1.0,0.0,0.0
2,1810,0,task1_initial,ChevronSlow,0.99169921875,0.17822265625,0.99169921875,0.1787109375,0.99169921875,0.17724609375,1.0,0.0023397433859608393,0.0046822174795933995
2,1810,0,task1_initial,IDLGated,0.98828125,0.18115234375,0.98779296875,0.1806640625,0.98876953125,0.1767578125,0.00039386123535223305,0.0036764542492656455,0.004870939190610715
2,1820,0,task1_initial,MLP,0.99365234375,0.1748046875,0.0,0.0,0.0,0.0,1.0,0.0,0.0
2,1820,0,task1_initial,ChevronSlow,0.9921875,0.1748046875,0.9912109375,0.17431640625,0.99267578125,0.1767578125,1.0,0.002203089153162438,0.004656250733834373
2,1820,0,task1_initial,IDLGated,0.9912109375,0.17236328125,0.990234375,0.17041015625,0.99072265625,0.1748046875,0.00039296617615036666,0.0035730075552795793,0.004913738293978389
2,1830,0,task1_initial,MLP,0.9931640625,0.17529296875,0.0,0.0,0.0,0.0,1.0,0.0,0.0
2,1830,0,task1_initial,ChevronSlow,0.9921875,0.17529296875,0.9921875,0.1748046875,0.99267578125,0.17626953125,1.0,0.002074416299627153,0.004448541650349408
2,1830,0,task1_initial,IDLGated,0.990234375,0.17431640625,0.98974609375,0.17431640625,0.990234375,0.17578125,0.0003911842650268227,0.003366335664919116,0.004689040235539589
2,1840,0,task1_initial,MLP,0.98828125,0.18212890625,0.0,0.0,0.0,0.0,1.0,0.0,0.0
2,1840,0,task1_initial,ChevronSlow,0.98876953125,0.18115234375,0.98681640625,0.1826171875,0.9931640625,0.177734375,1.0,0.0019532586677129017,0.005164686947946504
2,1840,0,task1_initial,IDLGated,0.98486328125,0.1826171875,0.9833984375,0.18408203125,0.99072265625,0.17822265625,0.00038949656300246716,0.0031697226429989777,0.0051460644139158275
2,1850,0,task1_initial,MLP,0.99169921875,0.1806640625,0.0,0.0,0.0,0.0,1.0,0.0,0.0
2,1850,0,task1_initial,ChevronSlow,0.99267578125,0.17822265625,0.9931640625,0.17919921875,0.9931640625,0.17724609375,1.0,0.0018391773260175944,0.004752934388362173
2,1850,0,task1_initial,IDLGated,0.98876953125,0.17919921875,0.98828125,0.17919921875,0.98876953125,0.17822265625,0.00038791389670223,0.0029845929323812194,0.004294554726456643
2,1860,0,task1_initial,MLP,0.99267578125,0.17431640625,0.0,0.0,0.0,0.0,1.0,0.0,0.0
2,1860,0,task1_initial,ChevronSlow,0.9931640625,0.1728515625,0.9931640625,0.17236328125,0.9921875,0.17724609375,1.0,0.0017317589792128925,0.0051933337177565405
2,1860,0,task1_initial,IDLGated,0.99169921875,0.1728515625,0.98974609375,0.17041015625,0.98974609375,0.17626953125,0.0003864297759719193,0.0028102758428074862,0.0050270381687345924
2,1870,0,task1_initial,MLP,0.9921875,0.169921875,0.0,0.0,0.0,0.0,1.0,0.0,0.0
2,1870,0,task1_initial,ChevronSlow,0.99267578125,0.17578125,0.99267578125,0.17578125,0.99169921875,0.1767578125,1.0,0.001630614470752664,0.004012050130493671
2,1870,0,task1_initial,IDLGated,0.9912109375,0.17431640625,0.99072265625,0.17431640625,0.9892578125,0.17626953125,0.0003850374196190387,0.0026461398561197715,0.0038266325914350485
2,1880,0,task1_initial,MLP,0.99462890625,0.17578125,0.0,0.0,0.0,0.0,1.0,0.0,0.0
2,1880,0,task1_initial,ChevronSlow,0.99169921875,0.17919921875,0.9912109375,0.17919921875,0.99267578125,0.17724609375,1.0,0.0015353773730317237,0.004182416980817903
2,1880,0,task1_initial,IDLGated,0.98876953125,0.1796875,0.98828125,0.18017578125,0.990234375,0.177734375,0.00038373106508515775,0.0024915903383884407,0.00398686265758851
2,1890,0,task1_initial,MLP,0.98779296875,0.16455078125,0.0,0.0,0.0,0.0,1.0,0.0,0.0
2,1890,0,task1_initial,ChevronSlow,0.98828125,0.1630859375,0.98388671875,0.16015625,0.99267578125,0.1689453125,1.0,0.0014457026598872684,0.006978785637706687
2,1890,0,task1_initial,IDLGated,0.98291015625,0.16455078125,0.97998046875,0.162109375,0.99072265625,0.17041015625,0.00038250480429269373,0.0023460673856649057,0.007645223130508559
2,1900,0,task1_initial,MLP,0.99267578125,0.17041015625,0.0,0.0,0.0,0.0,1.0,0.0,0.0
2,1900,0,task1_initial,ChevronSlow,0.99267578125,0.169921875,0.99267578125,0.1689453125,0.9931640625,0.17236328125,1.0,0.0013612654566337284,0.004806852647854782
2,1900,0,task1_initial,IDLGated,0.9912109375,0.1728515625,0.99169921875,0.17236328125,0.99169921875,0.17333984375,0.0003814093361143023,0.002215640287939633,0.004305772925277213
2,1910,0,task1_initial,MLP,0.98974609375,0.1787109375,0.0,0.0,0.0,0.0,1.0,0.0,0.0
2,1910,0,task1_initial,ChevronSlow,0.98828125,0.17919921875,0.986328125,0.1796875,0.99267578125,0.17578125,1.0,0.0012817598631026431,0.005521711197284047
2,1910,0,task1_initial,IDLGated,0.98388671875,0.181640625,0.98095703125,0.181640625,0.9892578125,0.17578125,0.00038032536394894123,0.002086234377222086,0.006032316622594754
2,1920,0,task1_initial,MLP,0.990234375,0.173828125,0.0,0.0,0.0,0.0,1.0,0.0,0.0
2,1920,0,task1_initial,ChevronSlow,0.98681640625,0.1728515625,0.986328125,0.17333984375,0.990234375,0.1748046875,1.0,0.0012068978454236638,0.004513024574787184
2,1920,0,task1_initial,IDLGated,0.9873046875,0.17333984375,0.9873046875,0.17236328125,0.98876953125,0.1748046875,0.0003793140349444002,0.0019651439041503613,0.004274783714525233
2,1930,0,task1_initial,MLP,0.9921875,0.16796875,0.0,0.0,0.0,0.0,1.0,0.0,0.0
2,1930,0,task1_initial,ChevronSlow,0.9921875,0.1689453125,0.99169921875,0.16943359375,0.9931640625,0.1728515625,1.0,0.0011364081925317997,0.004621825598991712
2,1930,0,task1_initial,IDLGated,0.99072265625,0.17041015625,0.9892578125,0.1689453125,0.9921875,0.171875,0.0003791793715208769,0.0019490055693890903,0.004442068887650575
2,1940,0,task1_initial,MLP,0.98779296875,0.1748046875,0.0,0.0,0.0,0.0,1.0,0.0,0.0
2,1940,0,task1_initial,ChevronSlow,0.98974609375,0.17529296875,0.98828125,0.17626953125,0.9931640625,0.17529296875,1.0,0.0011724158372493742,0.005499798424678143
2,1940,0,task1_initial,IDLGated,0.98828125,0.177734375,0.9873046875,0.1787109375,0.99072265625,0.17529296875,0.0003818949044216424,0.0022734832589160143,0.005067178644420671
2,1950,0,task1_initial,MLP,0.9921875,0.1728515625,0.0,0.0,0.0,0.0,1.0,0.0,0.0
2,1950,0,task1_initial,ChevronSlow,0.9931640625,0.17431640625,0.9931640625,0.17529296875,0.9931640625,0.1748046875,1.0,0.001307524639795809,0.005116412804861154
2,1950,0,task1_initial,IDLGated,0.9912109375,0.1748046875,0.9912109375,0.17529296875,0.9912109375,0.17529296875,0.0003850579960271716,0.0026485699188339104,0.00472762623695039
2,1960,0,task1_initial,MLP,0.98779296875,0.18505859375,0.0,0.0,0.0,0.0,1.0,0.0,0.0
2,1960,0,task1_initial,ChevronSlow,0.98681640625,0.18310546875,0.98486328125,0.185546875,0.9912109375,0.1787109375,1.0,0.0012311578135923767,0.006139444980468901
2,1960,0,task1_initial,IDLGated,0.98486328125,0.1845703125,0.982421875,0.18603515625,0.9892578125,0.1787109375,0.00038472350570373237,0.002609053949262276,0.00578551333961064
2,1970,0,task1_initial,MLP,0.99267578125,0.17333984375,0.0,0.0,0.0,0.0,1.0,0.0,0.0
2,1970,0,task1_initial,ChevronSlow,0.9921875,0.17333984375,0.99169921875,0.1728515625,0.99267578125,0.17578125,1.0,0.0011817671315352714,0.005172003467549512
2,1970,0,task1_initial,IDLGated,0.990234375,0.173828125,0.9892578125,0.17431640625,0.99072265625,0.1748046875,0.0003842003352474421,0.0025471646690412545,0.004646935902574817
2,1980,0,task1_initial,MLP,0.9931640625,0.177734375,0.0,0.0,0.0,0.0,1.0,0.0,0.0
2,1980,0,task1_initial,ChevronSlow,0.9921875,0.17822265625,0.99169921875,0.1787109375,0.9921875,0.17822265625,1.0,0.00111274525431774,0.004597306014462392
2,1980,0,task1_initial,IDLGated,0.990234375,0.177734375,0.990234375,0.17822265625,0.990234375,0.17724609375,0.00038294537807814777,0.0023983958614243106,0.004089762749537866
2,1990,0,task1_initial,MLP,0.9931640625,0.17333984375,0.0,0.0,0.0,0.0,1.0,0.0,0.0
2,1990,0,task1_initial,ChevronSlow,0.9931640625,0.17431640625,0.9931640625,0.17236328125,0.9931640625,0.17578125,1.0,0.0010477546446888098,0.005163981976350795
2,1990,0,task1_initial,IDLGated,0.99169921875,0.1728515625,0.9921875,0.1728515625,0.9912109375,0.17529296875,0.0003817674587480724,0.0022583159926846856,0.004823590716428591
2,2000,0,task1_initial,MLP,0.9931640625,0.1708984375,0.0,0.0,0.0,0.0,1.0,0.0,0.0
2,2000,0,task1_initial,ChevronSlow,0.99365234375,0.17041015625,0.99267578125,0.169921875,0.9931640625,0.173828125,1.0,0.0010244625603800068,0.004675577996273953
2,2000,0,task1_initial,IDLGated,0.9912109375,0.1728515625,0.98974609375,0.171875,0.9912109375,0.1748046875,0.00038214452797546983,0.0023032049256708717,0.00448769334079524
2,2010,0,task1_initial,MLP,0.98779296875,0.18212890625,0.0,0.0,0.0,0.0,1.0,0.0,0.0
2,2010,0,task1_initial,ChevronSlow,0.986328125,0.1845703125,0.98486328125,0.185546875,0.9912109375,0.1787109375,1.0,0.00116773979385183,0.005395867967767473
2,2010,0,task1_initial,IDLGated,0.98486328125,0.185546875,0.982421875,0.18701171875,0.98681640625,0.17919921875,0.00038436116301454604,0.0025662067753744497,0.005265263766605451
2,2020,0,task1_initial,MLP,0.99267578125,0.1806640625,0.0,0.0,0.0,0.0,1.0,0.0,0.0
2,2020,0,task1_initial,ChevronSlow,0.99072265625,0.1796875,0.99072265625,0.1796875,0.99365234375,0.17822265625,1.0,0.001334936162924671,0.0038376604548346948
2,2020,0,task1_initial,IDLGated,0.98828125,0.1796875,0.98779296875,0.1796875,0.9892578125,0.17822265625,0.00038636112003587186,0.00280219051137071,0.0038867782066177125
2,2030,0,task1_initial,MLP,0.99462890625,0.1748046875,0.0,0.0,0.0,0.0,1.0,0.0,0.0
2,2030,0,task1_initial,ChevronSlow,0.994140625,0.17626953125,0.994140625,0.17626953125,0.99267578125,0.1767578125,1.0,0.0016006985092790256,0.003693324999210997
2,2030,0,task1_initial,IDLGated,0.990234375,0.177734375,0.98974609375,0.177734375,0.98974609375,0.177734375,0.0003901481977663934,0.003245747449922114,0.0033096720257995713
2,2040,0,task1_initial,MLP,0.990234375,0.17919921875,0.0,0.0,0.0,0.0,1.0,0.0,0.0
2,2040,0,task1_initial,ChevronSlow,0.9912109375,0.18115234375,0.9912109375,0.181640625,0.99365234375,0.1787109375,1.0,0.0016025947973460264,0.004015939804116799
2,2040,0,task1_initial,IDLGated,0.9873046875,0.181640625,0.9873046875,0.1826171875,0.9892578125,0.1787109375,0.00039032602217048407,0.003266450477779437,0.0037350227802777688
2,2050,0,task1_initial,MLP,0.9951171875,0.17822265625,0.0,0.0,0.0,0.0,1.0,0.0,0.0
2,2050,0,task1_initial,ChevronSlow,0.9931640625,0.17919921875,0.9931640625,0.1796875,0.994140625,0.1787109375,1.0,0.0015089942068572987,0.0037213487776527167
2,2050,0,task1_initial,IDLGated,0.99072265625,0.1787109375,0.99072265625,0.1787109375,0.9892578125,0.17822265625,0.00038869166746735573,0.0030756713151185657,0.0032045409098972267
2,2060,0,task1_initial,MLP,0.98974609375,0.1669921875,0.0,0.0,0.0,0.0,1.0,0.0,0.0
2,2060,0,task1_initial,ChevronSlow,0.99267578125,0.16943359375,0.99072265625,0.16845703125,0.9931640625,0.17626953125,1.0,0.0014208604196767729,0.005141669585116353
2,2060,0,task1_initial,IDLGated,0.99072265625,0.16943359375,0.98974609375,0.16748046875,0.990234375,0.17626953125,0.00038715932168997824,0.0028960347334192546,0.004695827940953751
2,2070,0,task1_initial,MLP,0.99267578125,0.17138671875,0.0,0.0,0.0,0.0,1.0,0.0,0.0
2,2070,0,task1_initial,ChevronSlow,0.9931640625,0.17333984375,0.99365234375,0.17236328125,0.9931640625,0.17578125,1.0,0.0013378741436049604,0.004728929925693525
2,2070,0,task1_initial,IDLGated,0.9912109375,0.1748046875,0.9912109375,0.17431640625,0.990234375,0.17578125,0.0003857218543998897,0.0027268899430001083,0.004054708110072448
2,2080,0,task1_initial,MLP,0.99169921875,0.1806640625,0.0,0.0,0.0,0.0,1.0,0.0,0.0
2,2080,0,task1_initial,ChevronSlow,0.99169921875,0.18115234375,0.98974609375,0.18212890625,0.99267578125,0.17919921875,1.0,0.0012778396163767541,0.004759833867486092
2,2080,0,task1_initial,IDLGated,0.98828125,0.18212890625,0.98681640625,0.18408203125,0.98974609375,0.1787109375,0.0003848544729407877,0.0026245282393151164,0.004661633669927009
2,2090,0,task1_initial,MLP,0.994140625,0.17431640625,0.0,0.0,0.0,0.0,1.0,0.0,0.0
2,2090,0,task1_initial,ChevronSlow,0.9931640625,0.17431640625,0.99267578125,0.17333984375,0.99365234375,0.17626953125,1.0,0.0012114669277005024,0.0036196951072750595
2,2090,0,task1_initial,IDLGated,0.98974609375,0.17578125,0.98974609375,0.17431640625,0.99072265625,0.17578125,0.0003837950644083321,0.002499176948290164,0.0032527023556460973
2,2100,0,task1_initial,MLP,0.99072265625,0.16748046875,0.0,0.0,0.0,0.0,1.0,0.0,0.0
2,2100,0,task1_initial,ChevronSlow,0.99169921875,0.16796875,0.99072265625,0.1669921875,0.99365234375,0.17138671875,1.0,0.0011407104145893163,0.005017161842492545
2,2100,0,task1_initial,IDLGated,0.98828125,0.17041015625,0.98828125,0.16943359375,0.9921875,0.17431640625,0.0003825649619102478,0.0023532108946856182,0.004562017477628024
2,2110,0,task1_initial,MLP,0.99609375,0.17578125,0.0,0.0,0.0,0.0,1.0,0.0,0.0
2,2110,0,task1_initial,ChevronSlow,0.9921875,0.1787109375,0.99072265625,0.1796875,0.99365234375,0.1767578125,1.0,0.0010740864816032492,0.004435159602150357
2,2110,0,task1_initial,IDLGated,0.99072265625,0.1796875,0.98876953125,0.1796875,0.99072265625,0.1767578125,0.00038141044205985963,0.0022157700832890967,0.003986668920526493
2,2120,0,task1_initial,MLP,0.9931640625,0.17919921875,0.0,0.0,0.0,0.0,1.0,0.0,0.0
2,2120,0,task1_initial,ChevronSlow,0.9921875,0.1796875,0.99267578125,0.1796875,0.994140625,0.177734375,1.0,0.0010113537627147846,0.004156648782470061
2,2120,0,task1_initial,IDLGated,0.9892578125,0.17919921875,0.9892578125,0.1796875,0.99072265625,0.17724609375,0.0003803264698944986,0.002086356591789825,0.003873154019066405
2,2130,0,task1_initial,MLP,0.990234375,0.17822265625,0.0,0.0,0.0,0.0,1.0,0.0,0.0
2,2130,0,task1_initial,ChevronSlow,0.98828125,0.1787109375,0.98828125,0.1796875,0.9931640625,0.17724609375,1.0,0.0009522849890360805,0.0040747818970224645
2,2130,0,task1_initial,IDLGated,0.9853515625,0.1787109375,0.98583984375,0.17919921875,0.9892578125,0.17822265625,0.0003793086507357657,0.001964501579353133,0.004037516035776985
2,2140,0,task1_initial,MLP,0.9921875,0.1708984375,0.0,0.0,0.0,0.0,1.0,0.0,0.0
2,2140,0,task1_initial,ChevronSlow,0.9931640625,0.17138671875,0.9931640625,0.17041015625,0.9931640625,0.17431640625,1.0,0.0008966661654663673,0.004655876438186014
2,2140,0,task1_initial,IDLGated,0.9921875,0.17431640625,0.99169921875,0.1728515625,0.98876953125,0.17724609375,0.00037835267721675336,0.001849763588097949,0.004205173551367465
2,2150,0,task1_initial,MLP,0.9921875,0.17529296875,0.0,0.0,0.0,0.0,1.0,0.0,0.0
2,2150,0,task1_initial,ChevronSlow,0.9921875,0.1748046875,0.98828125,0.17529296875,0.99365234375,0.1767578125,1.0,0.0008442957954277866,0.005616342954378868
2,2150,0,task1_initial,IDLGated,0.98681640625,0.1787109375,0.984375,0.17724609375,0.990234375,0.17578125,0.0003774549113586545,0.0017417269437775987,0.0060074695491164065
2,2160,0,task1_initial,MLP,0.99560546875,0.1787109375,0.0,0.0,0.0,0.0,1.0,0.0,0.0
2,2160,0,task1_initial,ChevronSlow,0.99267578125,0.1796875,0.9921875,0.1796875,0.994140625,0.177734375,1.0,0.0007949841508810408,0.004467223569326694
2,2160,0,task1_initial,IDLGated,0.990234375,0.1787109375,0.98876953125,0.1787109375,0.99072265625,0.1767578125,0.00037661133683286607,0.001640000249869887,0.0038345804311335743
2,2170,0,task1_initial,MLP,0.9892578125,0.173828125,0.0,0.0,0.0,0.0,1.0,0.0,0.0
2,2170,0,task1_initial,ChevronSlow,0.99169921875,0.17236328125,0.99169921875,0.171875,0.9931640625,0.1748046875,1.0,0.000748552584976251,0.004168052621887096
2,2170,0,task1_initial,IDLGated,0.98974609375,0.17333984375,0.98828125,0.17431640625,0.99072265625,0.1767578125,0.00037581886863335967,0.001544214969620822,0.0039317437448612574
2,2180,0,task1_initial,MLP,0.9931640625,0.1708984375,0.0,0.0,0.0,0.0,1.0,0.0,0.0
2,2180,0,task1_initial,ChevronSlow,0.9931640625,0.173828125,0.99267578125,0.17333984375,0.9931640625,0.1767578125,1.0,0.0007048328848488875,0.005011161675316705
2,2180,0,task1_initial,IDLGated,0.98974609375,0.17626953125,0.98876953125,0.17626953125,0.99072265625,0.17626953125,0.0003750742180272937,0.0014540240909050003,0.0043624313423098506
2,2190,0,task1_initial,MLP,0.9921875,0.177734375,0.0,0.0,0.0,0.0,1.0,0.0,0.0
2,2190,0,task1_initial,ChevronSlow,0.990234375,0.17919921875,0.9892578125,0.1796875,0.99365234375,0.1787109375,1.0,0.0006636666622160776,0.004736994309841868
2,2190,0,task1_initial,IDLGated,0.98779296875,0.1806640625,0.98779296875,0.18115234375,0.990234375,0.17724609375,0.00037437438732013106,0.0013691008690656882,0.004238156058626928
2,2200,0,end_task1,MLP,0.98974609375,0.17578125,0.0,0.0,0.0,0.0,1.0,0.0,0.0
2,2200,0,end_task1,ChevronSlow,0.98828125,0.17578125,0.9873046875,0.17529296875,0.99267578125,0.17578125,1.0,0.0006271529633960303,0.005508003824473211
2,2200,0,end_task1,IDLGated,0.98681640625,0.1728515625,0.98583984375,0.17333984375,0.99072265625,0.17724609375,0.0003737166989594698,0.0012891376431801436,0.005576431430951026
2,2210,0,task2,MLP,0.92724609375,0.23828125,0.0,0.0,0.0,0.0,1.0,0.0,0.0
2,2210,0,task2,ChevronSlow,0.892578125,0.27001953125,0.58349609375,0.44677734375,0.97412109375,0.1962890625,1.0,0.004385777160616763,0.05991539060231444
2,2210,0,task2,IDLGated,0.92236328125,0.24072265625,0.2548828125,0.75341796875,0.98828125,0.17333984375,0.00041978631634265184,0.006575233869918304,0.08001661456968528
2,2220,0,task2,MLP,0.0869140625,0.82275390625,0.0,0.0,0.0,0.0,1.0,0.0,0.0
2,2220,0,task2,ChevronSlow,0.08251953125,0.8212890625,0.06103515625,0.81982421875,0.923828125,0.2451171875,1.0,0.028701071659614052,0.10851278010936496
2,2220,0,task2,IDLGated,0.08154296875,0.8095703125,0.05224609375,0.82763671875,0.98583984375,0.17236328125,0.0009309518500231206,0.042801288730440396,0.1537465943029753
2,2230,0,task2,MLP,0.07958984375,0.8310546875,0.0,0.0,0.0,0.0,1.0,0.0,0.0
2,2230,0,task2,ChevronSlow,0.10595703125,0.84765625,0.08056640625,0.84130859375,0.87646484375,0.28955078125,1.0,0.08033186962593525,0.12674009822912288
2,2230,0,task2,IDLGated,0.10693359375,0.85107421875,0.08740234375,0.8515625,0.986328125,0.1728515625,0.005320773459970951,0.1222362942481541,0.18515341167410448
2,2240,0,task2,MLP,0.1083984375,0.849609375,0.0,0.0,0.0,0.0,1.0,0.0,0.0
2,2240,0,task2,ChevronSlow,0.15625,0.85791015625,0.125,0.86279296875,0.8583984375,0.30859375,1.0,0.14896545924428636,0.13577192046589562
2,2240,0,task2,IDLGated,0.15283203125,0.8544921875,0.12109375,0.86962890625,0.986328125,0.1728515625,0.057677220553159714,0.23302337946028848,0.19716913398626992
2,2250,0,task2,MLP,0.14013671875,0.8603515625,0.0,0.0,0.0,0.0,1.0,0.0,0.0
2,2250,0,task2,ChevronSlow,0.18798828125,0.8671875,0.15380859375,0.87158203125,0.85107421875,0.3212890625,1.0,0.22275024745710392,0.1451551310683107
2,2250,0,task2,IDLGated,0.17431640625,0.8642578125,0.1484375,0.8701171875,0.98779296875,0.17431640625,0.5017284750938416,0.36031426984823306,0.2008883655564346
2,2260,0,task2,MLP,0.14794921875,0.8662109375,0.0,0.0,0.0,0.0,1.0,0.0,0.0
2,2260,0,task2,ChevronSlow,0.1796875,0.88232421875,0.1416015625,0.8779296875,0.8427734375,0.33447265625,1.0,0.2949901427276002,0.15084127170627695
2,2260,0,task2,IDLGated,0.17041015625,0.869140625,0.13623046875,0.87548828125,0.98876953125,0.18115234375,0.9490176439285278,0.49290673604420754,0.1979592469155735
2,2270,0,task2,MLP,0.14306640625,0.8740234375,0.0,0.0,0.0,0.0,1.0,0.0,0.0
2,2270,0,task2,ChevronSlow,0.16552734375,0.89501953125,0.1171875,0.8935546875,0.8251953125,0.349609375,1.0,0.3639950486968798,0.15451992489411695
2,2270,0,task2,IDLGated,0.1572265625,0.87890625,0.11669921875,0.88623046875,0.97509765625,0.1884765625,0.9970927238464355,0.6253460850159299,0.19529708100938606
2,2280,0,task2,MLP,0.14111328125,0.8876953125,0.0,0.0,0.0,0.0,1.0,0.0,0.0
2,2280,0,task2,ChevronSlow,0.16259765625,0.91162109375,0.10888671875,0.9013671875,0.80322265625,0.369140625,1.0,0.4289491853336081,0.15758883445211438
2,2280,0,task2,IDLGated,0.14404296875,0.89453125,0.10302734375,0.8837890625,0.95947265625,0.20556640625,0.999821126461029,0.7522072432029308,0.19518496920159198
2,2290,0,task2,MLP,0.13427734375,0.89990234375,0.0,0.0,0.0,0.0,1.0,0.0,0.0
2,2290,0,task2,ChevronSlow,0.17578125,0.92041015625,0.1123046875,0.91162109375,0.751953125,0.4130859375,1.0,0.4890456990987627,0.16092853993204723
2,2290,0,task2,IDLGated,0.130859375,0.91064453125,0.09765625,0.8896484375,0.93505859375,0.21875,0.9999867677688599,0.8703879494012036,0.19609917320133832
2,2300,0,task2,MLP,0.12646484375,0.90478515625,0.0,0.0,0.0,0.0,1.0,0.0,0.0
2,2300,0,task2,ChevronSlow,0.15771484375,0.927734375,0.10400390625,0.91357421875,0.56103515625,0.60595703125,1.0,0.543501261370787,0.1615674119102513
2,2300,0,task2,IDLGated,0.1220703125,0.919921875,0.09326171875,0.89111328125,0.91845703125,0.22998046875,0.9999986886978149,0.9777042912351607,0.19470429097092584
2,2310,0,task2,MLP,0.123046875,0.90673828125,0.0,0.0,0.0,0.0,1.0,0.0,0.0
2,2310,0,task2,ChevronSlow,0.14599609375,0.92919921875,0.09765625,0.912109375,0.513671875,0.65087890625,1.0,0.5928499132703898,0.16161549183493246
2,2310,0,task2,IDLGated,0.1201171875,0.9228515625,0.09619140625,0.888671875,0.90771484375,0.23876953125,0.9999998807907104,1.0749039759550079,0.19330336107951665
2,2320,0,task2,MLP,0.13720703125,0.9150390625,0.0,0.0,0.0,0.0,1.0,0.0,0.0
2,2320,0,task2,ChevronSlow,0.17236328125,0.9365234375,0.12451171875,0.93359375,0.4931640625,0.66650390625,1.0,0.638323974095052,0.16457383343264845
2,2320,0,task2,IDLGated,0.1455078125,0.93115234375,0.10888671875,0.908203125,0.89990234375,0.2451171875,1.0,1.16415457069114,0.19456558036531485
2,2330,0,task2,MLP,0.15283203125,0.91748046875,0.0,0.0,0.0,0.0,1.0,0.0,0.0
2,2330,0,task2,ChevronSlow,0.18994140625,0.94140625,0.15185546875,0.94873046875,0.48095703125,0.6806640625,1.0,0.678158259092413,0.16793409665695053
2,2330,0,task2,IDLGated,0.1591796875,0.93603515625,0.1142578125,0.91552734375,0.890625,0.24462890625,1.0,1.24545905741442,0.19580109599393383
2,2340,0,task2,MLP,0.15478515625,0.9267578125,0.0,0.0,0.0,0.0,1.0,0.0,0.0
2,2340,0,task2,ChevronSlow,0.17236328125,0.94189453125,0.13623046875,0.94384765625,0.462890625,0.705078125,1.0,0.7117314766746261,0.16837870356965892
2,2340,0,task2,IDLGated,0.15576171875,0.93994140625,0.11474609375,0.91259765625,0.8837890625,0.25439453125,1.0,1.3190456416113554,0.19576975036126787
2,2350,0,task2,MLP,0.16064453125,0.9326171875,0.0,0.0,0.0,0.0,1.0,0.0,0.0
2,2350,0,task2,ChevronSlow,0.1708984375,0.9521484375,0.14501953125,0.95166015625,0.42724609375,0.73583984375,1.0,0.7404062058282479,0.16895985220300846
2,2350,0,task2,IDLGated,0.16650390625,0.94775390625,0.12060546875,0.931640625,0.87744140625,0.25927734375,1.0,1.3860787749053503,0.1966592265253963
2,2360,0,task2,MLP,0.1650390625,0.93798828125,0.0,0.0,0.0,0.0,1.0,0.0,0.0
2,2360,0,task2,ChevronSlow,0.17822265625,0.95361328125,0.1591796875,0.95849609375,0.38720703125,0.77490234375,1.0,0.7650241718413693,0.17162958772871711
2,2360,0,task2,IDLGated,0.16943359375,0.95263671875,0.12255859375,0.9287109375,0.8701171875,0.26220703125,1.0,1.4464128741804556,0.197415185915616
2,2370,0,task2,MLP,0.1513671875,0.943359375,0.0,0.0,0.0,0.0,1.0,0.0,0.0
2,2370,0,task2,ChevronSlow,0.16552734375,0.95361328125,0.1484375,0.9580078125,0.3408203125,0.80712890625,1.0,0.7854069950909568,0.1719145448144166
2,2370,0,task2,IDLGated,0.16162109375,0.95654296875,0.119140625,0.92919921875,0.85791015625,0.2705078125,1.0,1.5004623569355886,0.19688762431789505
2,2380,0,task2,MLP,0.15673828125,0.94580078125,0.0,0.0,0.0,0.0,1.0,0.0,0.0
2,2380,0,task2,ChevronSlow,0.1796875,0.95751953125,0.1640625,0.9609375,0.3251953125,0.8193359375,1.0,0.8019975778918882,0.17432565937049088
2,2380,0,task2,IDLGated,0.17333984375,0.95849609375,0.1318359375,0.94091796875,0.85302734375,0.275390625,1.0,1.5481618158283317,0.19825310958925904
2,2390,0,task2,MLP,0.17529296875,0.9453125,0.0,0.0,0.0,0.0,1.0,0.0,0.0
2,2390,0,task2,ChevronSlow,0.18359375,0.953125,0.173828125,0.95751953125,0.30908203125,0.83251953125,1.0,0.8142641397429152,0.17474165295811622
2,2390,0,task2,IDLGated,0.18505859375,0.955078125,0.1533203125,0.95458984375,0.8447265625,0.2744140625,1.0,1.589818910813009,0.19884631937400238
2,2400,0,task2,MLP,0.16650390625,0.94921875,0.0,0.0,0.0,0.0,1.0,0.0,0.0
2,2400,0,task2,ChevronSlow,0.15966796875,0.95361328125,0.14697265625,0.95751953125,0.29541015625,0.841796875,1.0,0.8235133230748206,0.17283086311769097
2,2400,0,task2,IDLGated,0.1591796875,0.94775390625,0.134765625,0.9287109375,0.84033203125,0.27734375,1.0,1.6257781426159326,0.1956177442588438
2,2410,0,task2,MLP,0.16650390625,0.9482421875,0.0,0.0,0.0,0.0,1.0,0.0,0.0
2,2410,0,task2,ChevronSlow,0.1728515625,0.95947265625,0.16015625,0.96240234375,0.2822265625,0.85302734375,1.0,0.8305756448659227,0.171921221464533
2,2410,0,task2,IDLGated,0.177734375,0.9609375,0.150390625,0.947265625,0.8359375,0.28271484375,1.0,1.6576464036146927,0.19382354105005442
2,2420,0,end_task2,MLP,0.17236328125,0.94873046875,0.0,0.0,0.0,0.0,1.0,0.0,0.0
2,2420,0,end_task2,ChevronSlow,0.185546875,0.96142578125,0.17431640625,0.96923828125,0.28173828125,0.85498046875,1.0,0.8358085444547293,0.17314333680866523
2,2420,0,end_task2,IDLGated,0.17919921875,0.95703125,0.14697265625,0.93994140625,0.83447265625,0.28857421875,1.0,1.6844995493200041,0.19250446217401934
2,2430,10,task1_return,MLP,0.43505859375,0.76318359375,0.0,0.0,0.0,0.0,1.0,0.0,0.0
2,2430,10,task1_return,ChevronSlow,0.462890625,0.71826171875,0.46142578125,0.73193359375,0.46240234375,0.70361328125,1.0,0.8350885684112207,0.11725112903338852
2,2430,10,task1_return,IDLGated,0.5703125,0.611328125,0.49072265625,0.68212890625,0.8681640625,0.2431640625,1.0,1.70269351854194,0.1193409592846316
2,2440,20,task1_return,MLP,0.90185546875,0.26025390625,0.0,0.0,0.0,0.0,1.0,0.0,0.0
2,2440,20,task1_return,ChevronSlow,0.92138671875,0.25390625,0.93505859375,0.23681640625,0.580078125,0.6025390625,1.0,0.8220230274595439,0.09820517855149923
2,2440,20,task1_return,IDLGated,0.9443359375,0.19189453125,0.96044921875,0.18359375,0.9091796875,0.21044921875,1.0,1.6946175798808338,0.08243580178611958
2,2450,30,task1_return,MLP,0.97607421875,0.18505859375,0.0,0.0,0.0,0.0,1.0,0.0,0.0
2,2450,30,task1_return,ChevronSlow,0.966796875,0.19287109375,0.9677734375,0.1806640625,0.89111328125,0.27392578125,1.0,0.805900801691015,0.08110488508884417
2,2450,30,task1_return,IDLGated,0.98583984375,0.17919921875,0.97705078125,0.17578125,0.94873046875,0.19873046875,1.0,1.6563501454528382,0.05997081242410497
2,2460,40,task1_return,MLP,0.9775390625,0.16845703125,0.0,0.0,0.0,0.0,1.0,0.0,0.0
2,2460,40,task1_return,ChevronSlow,0.98486328125,0.18408203125,0.990234375,0.1748046875,0.9365234375,0.236328125,1.0,0.7895131289958326,0.06172085509792822
2,2460,40,task1_return,IDLGated,0.98681640625,0.1796875,0.9833984375,0.17626953125,0.9658203125,0.19189453125,1.0,1.5964847287128854,0.039443841319405225
2,2470,50,task1_return,MLP,0.986328125,0.1708984375,0.0,0.0,0.0,0.0,1.0,0.0,0.0
2,2470,50,task1_return,ChevronSlow,0.984375,0.185546875,0.98974609375,0.18017578125,0.9501953125,0.2197265625,1.0,0.7706130007249624,0.04537700729950486
2,2470,50,task1_return,IDLGated,0.98583984375,0.1787109375,0.986328125,0.17431640625,0.9697265625,0.18896484375,1.0,1.5218366335921896,0.023685072873798185
2,2480,60,task1_return,MLP,0.9853515625,0.17822265625,0.0,0.0,0.0,0.0,1.0,0.0,0.0
2,2480,60,task1_return,ChevronSlow,0.98193359375,0.18603515625,0.98828125,0.181640625,0.958984375,0.212890625,1.0,0.7478556668544317,0.034279071909573605
2,2480,60,task1_return,IDLGated,0.9892578125,0.17578125,0.990234375,0.173828125,0.9765625,0.18603515625,1.0,1.4369478363086157,0.01611948583161598
2,2490,70,task1_return,MLP,0.98828125,0.17822265625,0.0,0.0,0.0,0.0,1.0,0.0,0.0
2,2490,70,task1_return,ChevronSlow,0.98876953125,0.1826171875,0.9912109375,0.17578125,0.96923828125,0.20458984375,1.0,0.7210808938759619,0.028376783767444007
2,2490,70,task1_return,IDLGated,0.990234375,0.173828125,0.98828125,0.171875,0.98193359375,0.18310546875,1.0,1.3530219642149814,0.011978399175509032
2,2500,80,task1_return,MLP,0.9892578125,0.17919921875,0.0,0.0,0.0,0.0,1.0,0.0,0.0
2,2500,80,task1_return,ChevronSlow,0.9892578125,0.181640625,0.99169921875,0.177734375,0.974609375,0.19677734375,1.0,0.6909230498791492,0.022739245099830933
2,2500,80,task1_return,IDLGated,0.9873046875,0.18017578125,0.98681640625,0.17919921875,0.98388671875,0.18359375,1.0,1.2739978372151501,0.00785337039608431
2,2510,90,task1_return,MLP,0.98974609375,0.177734375,0.0,0.0,0.0,0.0,1.0,0.0,0.0
2,2510,90,task1_return,ChevronSlow,0.9853515625,0.18505859375,0.98828125,0.181640625,0.9765625,0.1923828125,1.0,0.6580235053216343,0.01817904358831755
2,2510,90,task1_return,IDLGated,0.9873046875,0.18017578125,0.98681640625,0.18115234375,0.984375,0.18310546875,1.0,1.199589165701815,0.005468017488548653
2,2520,100,task1_return,MLP,0.9873046875,0.1806640625,0.0,0.0,0.0,0.0,1.0,0.0,0.0
2,2520,100,task1_return,ChevronSlow,0.984375,0.185546875,0.986328125,0.18408203125,0.9775390625,0.1904296875,1.0,0.6228763858859224,0.014526688642522939
2,2520,100,task1_return,IDLGated,0.98681640625,0.18212890625,0.98681640625,0.1806640625,0.9853515625,0.18359375,1.0,1.1295263809982112,0.004487943527406497
2,2530,110,task1_return,MLP,0.9892578125,0.1806640625,0.0,0.0,0.0,0.0,1.0,0.0,0.0
2,2530,110,task1_return,ChevronSlow,0.98779296875,0.181640625,0.98779296875,0.1796875,0.9814453125,0.1875,1.0,0.586770692580926,0.01299372972052892
2,2530,110,task1_return,IDLGated,0.98828125,0.1796875,0.986328125,0.17919921875,0.986328125,0.18212890625,0.9999997615814209,1.063555658761303,0.0054625454149546
2,2540,120,task1_return,MLP,0.990234375,0.1728515625,0.0,0.0,0.0,0.0,1.0,0.0,0.0
2,2540,120,task1_return,ChevronSlow,0.99267578125,0.173828125,0.9912109375,0.17041015625,0.98779296875,0.18310546875,1.0,0.5524999690031331,0.013040210293183856
2,2540,120,task1_return,IDLGated,0.98779296875,0.17041015625,0.98681640625,0.169921875,0.98876953125,0.1767578125,0.9999992847442627,1.0014379994237432,0.006722242806679344
2,2550,130,task1_return,MLP,0.98876953125,0.17138671875,0.0,0.0,0.0,0.0,1.0,0.0,0.0
2,2550,130,task1_return,ChevronSlow,0.9912109375,0.17529296875,0.99169921875,0.1748046875,0.98974609375,0.181640625,1.0,0.5202308493046675,0.011179955991835638
2,2550,130,task1_return,IDLGated,0.9892578125,0.17578125,0.9892578125,0.17529296875,0.98779296875,0.1787109375,0.9999972581863403,0.9429483623432144,0.004185819068348677
2,2560,140,task1_return,MLP,0.9892578125,0.1748046875,0.0,0.0,0.0,0.0,1.0,0.0,0.0
2,2560,140,task1_return,ChevronSlow,0.9892578125,0.17919921875,0.98876953125,0.1787109375,0.98876953125,0.18115234375,1.0,0.48984642851033516,0.01024514149940875
2,2560,140,task1_return,IDLGated,0.9873046875,0.18017578125,0.986328125,0.1806640625,0.98828125,0.17919921875,0.9999909400939941,0.8878748505223428,0.004664918191724862
2,2570,150,task1_return,MLP,0.990234375,0.177734375,0.0,0.0,0.0,0.0,1.0,0.0,0.0
2,2570,150,task1_return,ChevronSlow,0.9912109375,0.1767578125,0.99072265625,0.17626953125,0.98974609375,0.18017578125,1.0,0.4612366295559822,0.009209511225348842
2,2570,150,task1_return,IDLGated,0.98974609375,0.17578125,0.98828125,0.17529296875,0.9892578125,0.177734375,0.9999717473983765,0.8360179429455746,0.004473699411761381
2,2580,160,task1_return,MLP,0.98828125,0.17431640625,0.0,0.0,0.0,0.0,1.0,0.0,0.0
2,2580,160,task1_return,ChevronSlow,0.98828125,0.17529296875,0.98779296875,0.1748046875,0.98974609375,0.17822265625,1.0,0.4342978044999134,0.008468923463933055
2,2580,160,task1_return,IDLGated,0.98681640625,0.17333984375,0.986328125,0.1728515625,0.98974609375,0.1767578125,0.9999171495437622,0.7871897717519164,0.004864516405689008
2,2590,170,task1_return,MLP,0.98974609375,0.17578125,0.0,0.0,0.0,0.0,1.0,0.0,0.0
2,2590,170,task1_return,ChevronSlow,0.99072265625,0.17578125,0.99169921875,0.173828125,0.9912109375,0.17626953125,1.0,0.40893235902581776,0.008061038105622035
2,2590,170,task1_return,IDLGated,0.98828125,0.17529296875,0.9892578125,0.17578125,0.98974609375,0.17529296875,0.9997721314430237,0.7412134416248709,0.004501431716344276
2,2600,180,task1_return,MLP,0.9912109375,0.17578125,0.0,0.0,0.0,0.0,1.0,0.0,0.0
2,2600,180,task1_return,ChevronSlow,0.98974609375,0.17724609375,0.98974609375,0.17724609375,0.990234375,0.17822265625,1.0,0.38504839887684406,0.00780901907468391
2,2600,180,task1_return,IDLGated,0.9892578125,0.1787109375,0.98876953125,0.17919921875,0.98974609375,0.1767578125,0.9994096755981445,0.6979223889338454,0.004860450454302891
2,2610,190,task1_return,MLP,0.9892578125,0.17724609375,0.0,0.0,0.0,0.0,1.0,0.0,0.0
2,2610,190,task1_return,ChevronSlow,0.99072265625,0.1796875,0.99072265625,0.1796875,0.990234375,0.17822265625,1.0,0.3625593969399245,0.007136548007894701
2,2610,190,task1_return,IDLGated,0.98828125,0.17822265625,0.98828125,0.17919921875,0.9892578125,0.17724609375,0.9985540509223938,0.6571597783053231,0.004392989745495715
2,2620,200,task1_return,MLP,0.9892578125,0.1728515625,0.0,0.0,0.0,0.0,1.0,0.0,0.0
2,2620,200,task1_return,ChevronSlow,0.98779296875,0.1708984375,0.9873046875,0.169921875,0.99267578125,0.17529296875,1.0,0.3413838797742546,0.0075508611968722866
2,2620,200,task1_return,IDLGated,0.98681640625,0.17138671875,0.986328125,0.1708984375,0.98876953125,0.17578125,0.9966422319412231,0.6187779344376879,0.006056849696779992
2,2630,210,task1_return,MLP,0.98974609375,0.171875,0.0,0.0,0.0,0.0,1.0,0.0,0.0
2,2630,210,task1_return,ChevronSlow,0.99267578125,0.1728515625,0.99267578125,0.17333984375,0.9912109375,0.17578125,1.0,0.32144513244828044,0.005780339907916552
2,2630,210,task1_return,IDLGated,0.98974609375,0.17333984375,0.9892578125,0.173828125,0.98876953125,0.1748046875,0.9925939440727234,0.582637807101272,0.0038435640282201
2,2640,220,task1_return,MLP,0.98974609375,0.17578125,0.0,0.0,0.0,0.0,1.0,0.0,0.0
2,2640,220,task1_return,ChevronSlow,0.99169921875,0.1767578125,0.9921875,0.17724609375,0.99072265625,0.17626953125,1.0,0.30267092061587425,0.005048355495558663
2,2640,220,task1_return,IDLGated,0.98779296875,0.17626953125,0.98779296875,0.17578125,0.98828125,0.17529296875,0.9844708442687988,0.5486084673854251,0.003552306415226682
2,2650,230,task1_return,MLP,0.99072265625,0.17724609375,0.0,0.0,0.0,0.0,1.0,0.0,0.0
2,2650,230,task1_return,ChevronSlow,0.98974609375,0.17822265625,0.9892578125,0.17919921875,0.99169921875,0.17626953125,1.0,0.2849932288248308,0.005134790994111107
2,2650,230,task1_return,IDLGated,0.98828125,0.17822265625,0.9873046875,0.17919921875,0.990234375,0.17578125,0.9690656065940857,0.5165666333675997,0.003795313885386786
2,2660,240,task1_return,MLP,0.98974609375,0.17626953125,0.0,0.0,0.0,0.0,1.0,0.0,0.0
2,2660,240,task1_return,ChevronSlow,0.98974609375,0.1787109375,0.98876953125,0.17919921875,0.9912109375,0.17724609375,1.0,0.2683480141096269,0.004823733305834198
2,2660,240,task1_return,IDLGated,0.98779296875,0.1787109375,0.986328125,0.18017578125,0.98876953125,0.17724609375,0.9416248202323914,0.4863962234860419,0.003901242975124381
2,2670,250,task1_return,MLP,0.9912109375,0.17578125,0.0,0.0,0.0,0.0,1.0,0.0,0.0
2,2670,250,task1_return,ChevronSlow,0.99169921875,0.17431640625,0.9921875,0.17333984375,0.99169921875,0.17578125,1.0,0.2526749739757549,0.004544323217731251
2,2670,250,task1_return,IDLGated,0.990234375,0.173828125,0.99072265625,0.17333984375,0.98974609375,0.17529296875,0.8962034583091736,0.4579879359980407,0.003352631463465093
2,2680,260,end_return,MLP,0.99072265625,0.177734375,0.0,0.0,0.0,0.0,1.0,0.0,0.0
2,2680,260,end_return,ChevronSlow,0.98876953125,0.17822265625,0.98779296875,0.1787109375,0.9912109375,0.17724609375,1.0,0.2379173279350832,0.004949092256962822
2,2680,260,end_return,IDLGated,0.9873046875,0.17919921875,0.98779296875,0.17919921875,0.98828125,0.1767578125,0.8273919224739075,0.4312388530001914,0.0034727780961307138
3,0,0,task1_initial,MLP,0.3193359375,0.46923828125,0.0,0.0,0.0,0.0,1.0,0.0,0.0
3,0,0,task1_initial,ChevronSlow,0.38427734375,0.52392578125,0.38427734375,0.52392578125,0.38427734375,0.52392578125,1.0,0.0,0.0
3,0,0,task1_initial,IDLGated,0.53173828125,0.38671875,0.53173828125,0.38671875,0.53173828125,0.38671875,1.0,0.0,0.0
3,10,0,task1_initial,MLP,0.8486328125,0.17431640625,0.0,0.0,0.0,0.0,1.0,0.0,0.0
3,10,0,task1_initial,ChevronSlow,0.85986328125,0.33544921875,0.865234375,0.3232421875,0.53173828125,0.38671875,1.0,0.0004413355961179719,0.01579429092166288
3,10,0,task1_initial,IDLGated,0.86376953125,0.25927734375,0.89453125,0.255859375,0.62646484375,0.31005859375,0.0003670180740300566,0.0004667064792568843,0.017314340277278104
3,20,0,task1_initial,MLP,0.93212890625,0.17431640625,0.0,0.0,0.0,0.0,1.0,0.0,0.0
3,20,0,task1_initial,ChevronSlow,0.921875,0.26123046875,0.9189453125,0.26220703125,0.890625,0.30419921875,1.0,0.002538094146145843,0.023976493172869394
3,20,0,task1_initial,IDLGated,0.94384765625,0.23583984375,0.94775390625,0.2294921875,0.8154296875,0.244140625,0.00038769174716435373,0.0029585292015153804,0.026772849509952724
3,30,0,task1_initial,MLP,0.94287109375,0.18017578125,0.0,0.0,0.0,0.0,1.0,0.0,0.0
3,30,0,task1_initial,ChevronSlow,0.947265625,0.2314453125,0.94775390625,0.228515625,0.93017578125,0.24365234375,1.0,0.006695606658433848,0.02996975771774742
3,30,0,task1_initial,IDLGated,0.9462890625,0.22607421875,0.9462890625,0.228515625,0.884765625,0.23291015625,0.00043565360829234123,0.008262395704148133,0.03231749410225921
3,40,0,task1_initial,MLP,0.9482421875,0.189453125,0.0,0.0,0.0,0.0,1.0,0.0,0.0
3,40,0,task1_initial,ChevronSlow,0.953125,0.21533203125,0.95166015625,0.21484375,0.9560546875,0.2158203125,1.0,0.013121167300697838,0.03452875536847455
3,40,0,task1_initial,IDLGated,0.95751953125,0.20751953125,0.95703125,0.2041015625,0.93798828125,0.21630859375,0.0005240875761955976,0.01666693059480562,0.0362386943009799
3,50,0,task1_initial,MLP,0.9453125,0.203125,0.0,0.0,0.0,0.0,1.0,0.0,0.0
3,50,0,task1_initial,ChevronSlow,0.9462890625,0.23388671875,0.9453125,0.234375,0.951171875,0.2255859375,1.0,0.022113730821235626,0.03776431911902502
3,50,0,task1_initial,IDLGated,0.9482421875,0.2236328125,0.94970703125,0.22119140625,0.93798828125,0.228515625,0.0006737646763212979,0.02809291626419575,0.03783170513806223
3,60,0,task1_initial,MLP,0.9453125,0.2138671875,0.0,0.0,0.0,0.0,1.0,0.0,0.0
3,60,0,task1_initial,ChevronSlow,0.943359375,0.2392578125,0.9423828125,0.23974609375,0.9462890625,0.23095703125,1.0,0.033921971135992345,0.03916137273561578
3,60,0,task1_initial,IDLGated,0.9482421875,0.22412109375,0.94921875,0.22314453125,0.9404296875,0.236328125,0.000921684259083122,0.04234611269257174,0.03752589515058941
3,70,0,task1_initial,MLP,0.94873046875,0.2109375,0.0,0.0,0.0,0.0,1.0,0.0,0.0
3,70,0,task1_initial,ChevronSlow,0.94482421875,0.23388671875,0.94482421875,0.23291015625,0.94775390625,0.2314453125,1.0,0.04795500122709477,0.03887579454936664
3,70,0,task1_initial,IDLGated,0.94970703125,0.2216796875,0.951171875,0.2177734375,0.9423828125,0.23388671875,0.0013095776084810495,0.05832999794029474,0.036132116105764354
3,80,0,task1_initial,MLP,0.94970703125,0.20703125,0.0,0.0,0.0,0.0,1.0,0.0,0.0
3,80,0,task1_initial,ChevronSlow,0.9501953125,0.220703125,0.9501953125,0.220703125,0.9501953125,0.2236328125,1.0,0.06343501690955083,0.037563450116936584
3,80,0,task1_initial,IDLGated,0.9541015625,0.21142578125,0.9560546875,0.20849609375,0.94580078125,0.22900390625,0.0018898904090747237,0.07502979049921604,0.03428551113298305
3,90,0,task1_initial,MLP,0.94921875,0.20263671875,0.0,0.0,0.0,0.0,1.0,0.0,0.0
3,90,0,task1_initial,ChevronSlow,0.9541015625,0.2138671875,0.95458984375,0.212890625,0.95068359375,0.2158203125,1.0,0.07950828758987821,0.036013013047420564
3,90,0,task1_initial,IDLGated,0.95458984375,0.20703125,0.9560546875,0.2060546875,0.94775390625,0.22216796875,0.0027220880147069693,0.09165317344692078,0.03264486403949317
3,100,0,task1_initial,MLP,0.94970703125,0.2001953125,0.0,0.0,0.0,0.0,1.0,0.0,0.0
3,100,0,task1_initial,ChevronSlow,0.9541015625,0.2060546875,0.95458984375,0.2060546875,0.955078125,0.2119140625,1.0,0.09532537938550736,0.033588003894174365
3,100,0,task1_initial,IDLGated,0.9580078125,0.20166015625,0.95849609375,0.19873046875,0.95068359375,0.2138671875,0.003844361985102296,0.10739564934253408,0.03022837525706318
3,110,0,task1_initial,MLP,0.94970703125,0.1953125,0.0,0.0,0.0,0.0,1.0,0.0,0.0
3,110,0,task1_initial,ChevronSlow,0.9560546875,0.205078125,0.95654296875,0.20458984375,0.95556640625,0.2099609375,1.0,0.11058207015061511,0.03155946923088507
3,110,0,task1_initial,IDLGated,0.9560546875,0.201171875,0.95654296875,0.19970703125,0.955078125,0.2109375,0.005300597753375769,0.12206266908665468,0.028125517039433296
3,120,0,task1_initial,MLP,0.94677734375,0.18798828125,0.0,0.0,0.0,0.0,1.0,0.0,0.0
3,120,0,task1_initial,ChevronSlow,0.95654296875,0.2001953125,0.9560546875,0.197265625,0.95458984375,0.2060546875,1.0,0.12495884688560666,0.02895663951855116
3,120,0,task1_initial,IDLGated,0.95849609375,0.19384765625,0.95703125,0.18994140625,0.95654296875,0.20458984375,0.007103302516043186,0.13545151495504118,0.025967716057597838
3,130,0,task1_initial,MLP,0.94775390625,0.18701171875,0.0,0.0,0.0,0.0,1.0,0.0,0.0
3,130,0,task1_initial,ChevronSlow,0.95263671875,0.19482421875,0.95263671875,0.1923828125,0.955078125,0.20458984375,1.0,0.13788689435874996,0.02612804470563763
3,130,0,task1_initial,IDLGated,0.95458984375,0.1923828125,0.95556640625,0.18994140625,0.95703125,0.2021484375,0.009165563620626926,0.14713208166219544,0.02348097970559487
3,140,0,task1_initial,MLP,0.94970703125,0.205078125,0.0,0.0,0.0,0.0,1.0,0.0,0.0
3,140,0,task1_initial,ChevronSlow,0.94970703125,0.21630859375,0.94921875,0.216796875,0.95068359375,0.212890625,1.0,0.14910826638747238,0.022724153668571695
3,140,0,task1_initial,IDLGated,0.9501953125,0.2119140625,0.9501953125,0.21240234375,0.95068359375,0.21044921875,0.011350980028510094,0.1569529448089836,0.020008793510263648
3,150,0,task1_initial,MLP,0.9541015625,0.20263671875,0.0,0.0,0.0,0.0,1.0,0.0,0.0
3,150,0,task1_initial,ChevronSlow,0.95556640625,0.19580078125,0.95556640625,0.1943359375,0.95556640625,0.2041015625,1.0,0.15822688058701834,0.020701816787449222
3,150,0,task1_initial,IDLGated,0.958984375,0.19189453125,0.9580078125,0.1904296875,0.9580078125,0.20166015625,0.013383980840444565,0.1645353546608463,0.018340349847805623
3,160,0,task1_initial,MLP,0.95068359375,0.18115234375,0.0,0.0,0.0,0.0,1.0,0.0,0.0
3,160,0,task1_initial,ChevronSlow,0.955078125,0.18017578125,0.95654296875,0.1748046875,0.95654296875,0.1923828125,1.0,0.16530223280571762,0.019490850853365372
3,160,0,task1_initial,IDLGated,0.95849609375,0.17626953125,0.958984375,0.17431640625,0.958984375,0.1923828125,0.015087961219251156,0.17006113861522987,0.0177853506314131
3,170,0,task1_initial,MLP,0.95458984375,0.1767578125,0.0,0.0,0.0,0.0,1.0,0.0,0.0
3,170,0,task1_initial,ChevronSlow,0.9541015625,0.19189453125,0.95458984375,0.19091796875,0.95556640625,0.1953125,1.0,0.17067530812636356,0.01850586374661575
3,170,0,task1_initial,IDLGated,0.958984375,0.1865234375,0.958984375,0.1865234375,0.958984375,0.19287109375,0.016423393040895462,0.17397778878835474,0.016924964412539698
3,180,0,task1_initial,MLP,0.95654296875,0.1796875,0.0,0.0,0.0,0.0,1.0,0.0,0.0
3,180,0,task1_initial,ChevronSlow,0.95703125,0.1865234375,0.95751953125,0.18603515625,0.955078125,0.1923828125,1.0,0.17462440475988023,0.016712161165602115
3,180,0,task1_initial,IDLGated,0.9609375,0.18505859375,0.96142578125,0.18359375,0.958984375,0.18994140625,0.017384132370352745,0.17660634007827286,0.015435474665304507
3,190,0,task1_initial,MLP,0.95458984375,0.17724609375,0.0,0.0,0.0,0.0,1.0,0.0,0.0
3,190,0,task1_initial,ChevronSlow,0.95654296875,0.18310546875,0.9580078125,0.18359375,0.95654296875,0.19140625,1.0,0.17715458086073918,0.014167754724504347
3,190,0,task1_initial,IDLGated,0.9599609375,0.18212890625,0.9609375,0.18017578125,0.96044921875,0.1865234375,0.017892802134156227,0.17794081631150252,0.013165340391495809
3,200,0,task1_initial,MLP,0.95947265625,0.19189453125,0.0,0.0,0.0,0.0,1.0,0.0,0.0
3,200,0,task1_initial,ChevronSlow,0.95947265625,0.203125,0.958984375,0.203125,0.9580078125,0.19873046875,1.0,0.17803953341952097,0.012324792246755992
3,200,0,task1_initial,IDLGated,0.96240234375,0.19921875,0.96240234375,0.20068359375,0.96142578125,0.19482421875,0.017801204696297646,0.17770329378140054,0.011234379102245132
3,210,0,task1_initial,MLP,0.958984375,0.1875,0.0,0.0,0.0,0.0,1.0,0.0,0.0
3,210,0,task1_initial,ChevronSlow,0.95751953125,0.1806640625,0.9560546875,0.17919921875,0.95849609375,0.18603515625,1.0,0.1772600463739169,0.011646095655989246
3,210,0,task1_initial,IDLGated,0.9599609375,0.1796875,0.95849609375,0.177734375,0.9609375,0.18505859375,0.01710289530456066,0.17585197320381304,0.011186638843070295
3,220,0,task1_initial,MLP,0.958984375,0.17822265625,0.0,0.0,0.0,0.0,1.0,0.0,0.0
3,220,0,task1_initial,ChevronSlow,0.9619140625,0.17626953125,0.96240234375,0.17529296875,0.9580078125,0.18359375,1.0,0.17530360757851363,0.011325048931817353
3,220,0,task1_initial,IDLGated,0.96533203125,0.17431640625,0.96533203125,0.17333984375,0.9609375,0.1806640625,0.016056418418884277,0.1729336325006547,0.01086890573726988
3,230,0,task1_initial,MLP,0.9619140625,0.1845703125,0.0,0.0,0.0,0.0,1.0,0.0,0.0
3,230,0,task1_initial,ChevronSlow,0.96142578125,0.1943359375,0.9619140625,0.19384765625,0.9609375,0.19140625,1.0,0.17242865524605572,0.010878043198008829
3,230,0,task1_initial,IDLGated,0.96435546875,0.19189453125,0.96337890625,0.193359375,0.96044921875,0.18798828125,0.014830694533884525,0.16926752563822592,0.010521319718796536
3,240,0,task1_initial,MLP,0.96484375,0.19287109375,0.0,0.0,0.0,0.0,1.0,0.0,0.0
3,240,0,task1_initial,ChevronSlow,0.96240234375,0.19580078125,0.962890625,0.1962890625,0.96142578125,0.193359375,1.0,0.16901751306129545,0.009898313347230714
3,240,0,task1_initial,IDLGated,0.96630859375,0.18994140625,0.96875,0.1904296875,0.9638671875,0.189453125,0.01357970293611288,0.1652042585178838,0.009595872749604736
3,250,0,task1_initial,MLP,0.96435546875,0.18994140625,0.0,0.0,0.0,0.0,1.0,0.0,0.0
3,250,0,task1_initial,ChevronSlow,0.96337890625,0.189453125,0.96337890625,0.18896484375,0.96240234375,0.19091796875,1.0,0.16492990837190236,0.00899839529702136
3,250,0,task1_initial,IDLGated,0.96630859375,0.18603515625,0.9677734375,0.18603515625,0.9638671875,0.1865234375,0.012272628024220467,0.16054384121654708,0.009022998082032142
3,260,0,task1_initial,MLP,0.966796875,0.1875,0.0,0.0,0.0,0.0,1.0,0.0,0.0
3,260,0,task1_initial,ChevronSlow,0.9638671875,0.1875,0.9638671875,0.185546875,0.962890625,0.1884765625,1.0,0.1600766353626845,0.00876188358822935
3,260,0,task1_initial,IDLGated,0.96875,0.18408203125,0.96923828125,0.1845703125,0.9638671875,0.18603515625,0.010922002606093884,0.155182108286107,0.008862496386219332
3,270,0,task1_initial,MLP,0.96533203125,0.1796875,0.0,0.0,0.0,0.0,1.0,0.0,0.0
3,270,0,task1_initial,ChevronSlow,0.96337890625,0.18115234375,0.96240234375,0.18115234375,0.9638671875,0.1845703125,1.0,0.15478458863224107,0.00884143364031845
3,270,0,task1_initial,IDLGated,0.96533203125,0.18017578125,0.96484375,0.1796875,0.9658203125,0.18359375,0.009644394740462303,0.14946876261938455,0.009119523452452802
3,280,0,task1_initial,MLP,0.9697265625,0.1845703125,0.0,0.0,0.0,0.0,1.0,0.0,0.0
3,280,0,task1_initial,ChevronSlow,0.96630859375,0.19140625,0.96533203125,0.1923828125,0.96533203125,0.18798828125,1.0,0.1493266709857266,0.008631683189472482
3,280,0,task1_initial,IDLGated,0.96826171875,0.18701171875,0.97021484375,0.18896484375,0.96728515625,0.1865234375,0.008503765799105167,0.14369517610143967,0.008662452097377949
3,290,0,task1_initial,MLP,0.9697265625,0.19140625,0.0,0.0,0.0,0.0,1.0,0.0,0.0
3,290,0,task1_initial,ChevronSlow,0.96337890625,0.19970703125,0.962890625,0.2001953125,0.96484375,0.19189453125,1.0,0.14361604441072495,0.007777038152544794
3,290,0,task1_initial,IDLGated,0.96435546875,0.1953125,0.96337890625,0.19775390625,0.9658203125,0.19140625,0.00746223283931613,0.13770861883185842,0.007959357058689174
3,300,0,task1_initial,MLP,0.9736328125,0.1884765625,0.0,0.0,0.0,0.0,1.0,0.0,0.0
3,300,0,task1_initial,ChevronSlow,0.96875,0.18701171875,0.96923828125,0.18505859375,0.9658203125,0.1875,1.0,0.1376474065512205,0.007064930472288353
3,300,0,task1_initial,IDLGated,0.97216796875,0.18359375,0.97119140625,0.18310546875,0.97021484375,0.1865234375,0.006512927357107401,0.13148035458272248,0.007482237018776045
3,310,0,task1_initial,MLP,0.9716796875,0.17431640625,0.0,0.0,0.0,0.0,1.0,0.0,0.0
3,310,0,task1_initial,ChevronSlow,0.966796875,0.169921875,0.96630859375,0.1669921875,0.966796875,0.177734375,1.0,0.1313801948148422,0.008475254545692125
3,310,0,task1_initial,IDLGated,0.96875,0.16845703125,0.96875,0.1669921875,0.97119140625,0.17822265625,0.0056649367325007915,0.1251009858384526,0.009162526154466711
3,320,0,task1_initial,MLP,0.97314453125,0.177734375,0.0,0.0,0.0,0.0,1.0,0.0,0.0
3,320,0,task1_initial,ChevronSlow,0.9677734375,0.18310546875,0.96826171875,0.18359375,0.96875,0.18212890625,1.0,0.1253549831972185,0.00712118973693204
3,320,0,task1_initial,IDLGated,0.97265625,0.18212890625,0.97265625,0.1826171875,0.970703125,0.18310546875,0.004977251403033733,0.11918692469983395,0.007674208183417034
3,330,0,task1_initial,MLP,0.97314453125,0.18701171875,0.0,0.0,0.0,0.0,1.0,0.0,0.0
3,330,0,task1_initial,ChevronSlow,0.9658203125,0.193359375,0.96484375,0.19384765625,0.96728515625,0.1875,1.0,0.11954974538066232,0.007961323794385964
3,330,0,task1_initial,IDLGated,0.9677734375,0.19140625,0.9677734375,0.19287109375,0.970703125,0.1875,0.004399530123919249,0.11355234086347042,0.008168997675949837
3,340,0,task1_initial,MLP,0.97705078125,0.18505859375,0.0,0.0,0.0,0.0,1.0,0.0,0.0
3,340,0,task1_initial,ChevronSlow,0.97119140625,0.181640625,0.97216796875,0.18115234375,0.96826171875,0.1845703125,1.0,0.11436076505443324,0.007633783170853265
3,340,0,task1_initial,IDLGated,0.97412109375,0.18212890625,0.97509765625,0.18115234375,0.97412109375,0.1826171875,0.003939461428672075,0.10851072003659286,0.007843801235177826
3,350,0,task1_initial,MLP,0.97900390625,0.18017578125,0.0,0.0,0.0,0.0,1.0,0.0,0.0
3,350,0,task1_initial,ChevronSlow,0.9716796875,0.18017578125,0.97119140625,0.1796875,0.97021484375,0.18310546875,1.0,0.10946311323871544,0.0075748836226707805
3,350,0,task1_initial,IDLGated,0.974609375,0.17919921875,0.974609375,0.17919921875,0.97412109375,0.18115234375,0.00355421076528728,0.10381538288605115,0.00783213059316223
3,360,0,task1_initial,MLP,0.97802734375,0.18505859375,0.0,0.0,0.0,0.0,1.0,0.0,0.0
3,360,0,task1_initial,ChevronSlow,0.97314453125,0.18798828125,0.97216796875,0.19091796875,0.9716796875,0.18505859375,1.0,0.10468770724557273,0.007133164353317173
3,360,0,task1_initial,IDLGated,0.97509765625,0.18798828125,0.9755859375,0.18798828125,0.97509765625,0.185546875,0.0032185534946620464,0.09929092518325344,0.00725858394874428
3,370,0,task1_initial,MLP,0.97900390625,0.18701171875,0.0,0.0,0.0,0.0,1.0,0.0,0.0
3,370,0,task1_initial,ChevronSlow,0.9716796875,0.1923828125,0.97216796875,0.1943359375,0.97119140625,0.1884765625,1.0,0.09994851204539913,0.007174231905279139
3,370,0,task1_initial,IDLGated,0.97509765625,0.19140625,0.9736328125,0.19189453125,0.97314453125,0.1875,0.0029117518570274115,0.09472343985490557,0.007320155719177337
3,380,0,task1_initial,MLP,0.978515625,0.18408203125,0.0,0.0,0.0,0.0,1.0,0.0,0.0
3,380,0,task1_initial,ChevronSlow,0.97216796875,0.18310546875,0.97119140625,0.18310546875,0.9736328125,0.18408203125,1.0,0.09516310476776153,0.006753306526129905
3,380,0,task1_initial,IDLGated,0.97509765625,0.18408203125,0.97509765625,0.1845703125,0.9755859375,0.18505859375,0.0026296896394342184,0.0900792546817441,0.007297631571309813
3,390,0,task1_initial,MLP,0.98095703125,0.18212890625,0.0,0.0,0.0,0.0,1.0,0.0,0.0
3,390,0,task1_initial,ChevronSlow,0.974609375,0.181640625,0.97509765625,0.181640625,0.974609375,0.18359375,1.0,0.09032916965934946,0.0067838452132197215
3,390,0,task1_initial,IDLGated,0.9775390625,0.18212890625,0.9775390625,0.181640625,0.9755859375,0.18408203125,0.0023738399613648653,0.08541500885872459,0.007310162200897222
3,400,0,task1_initial,MLP,0.98095703125,0.1845703125,0.0,0.0,0.0,0.0,1.0,0.0,0.0
3,400,0,task1_initial,ChevronSlow,0.97314453125,0.19384765625,0.9716796875,0.19580078125,0.9736328125,0.1875,1.0,0.08545952446913277,0.007054922440621474
3,400,0,task1_initial,IDLGated,0.9765625,0.19140625,0.97509765625,0.19189453125,0.97607421875,0.18798828125,0.0021420298144221306,0.08073377395404979,0.007220362753030714
3,410,0,task1_initial,MLP,0.97998046875,0.18603515625,0.0,0.0,0.0,0.0,1.0,0.0,0.0
3,410,0,task1_initial,ChevronSlow,0.9755859375,0.185546875,0.9765625,0.185546875,0.97509765625,0.18505859375,1.0,0.08059785608066176,0.0062275297844674
3,410,0,task1_initial,IDLGated,0.978515625,0.1845703125,0.978515625,0.18408203125,0.97705078125,0.18603515625,0.0019342353334650397,0.07608604916859488,0.006712140072459439
3,420,0,task1_initial,MLP,0.9814453125,0.18505859375,0.0,0.0,0.0,0.0,1.0,0.0,0.0
3,420,0,task1_initial,ChevronSlow,0.9765625,0.1865234375,0.9765625,0.18701171875,0.9755859375,0.1865234375,1.0,0.07589048592460688,0.0068865577772686095
3,420,0,task1_initial,IDLGated,0.9765625,0.18603515625,0.97705078125,0.1865234375,0.97705078125,0.1865234375,0.0017544013680890203,0.07164219402696535,0.007258457946183209
3,430,0,task1_initial,MLP,0.98291015625,0.17919921875,0.0,0.0,0.0,0.0,1.0,0.0,0.0
3,430,0,task1_initial,ChevronSlow,0.97900390625,0.1826171875,0.9794921875,0.1806640625,0.9765625,0.18310546875,1.0,0.07145805278131748,0.007657138837433987
3,430,0,task1_initial,IDLGated,0.9794921875,0.17919921875,0.9794921875,0.17822265625,0.9794921875,0.18359375,0.0016003577038645744,0.06745788513245436,0.00784965609917382
3,440,0,task1_initial,MLP,0.98388671875,0.1845703125,0.0,0.0,0.0,0.0,1.0,0.0,0.0
3,440,0,task1_initial,ChevronSlow,0.97802734375,0.19189453125,0.9775390625,0.19140625,0.97607421875,0.18603515625,1.0,0.06728449877591168,0.008211531463722558
3,440,0,task1_initial,IDLGated,0.978515625,0.1875,0.9794921875,0.18701171875,0.97900390625,0.1865234375,0.0014676781138405204,0.0635179635178485,0.008064279780353347
3,450,0,task1_initial,MLP,0.98583984375,0.18212890625,0.0,0.0,0.0,0.0,1.0,0.0,0.0
3,450,0,task1_initial,ChevronSlow,0.9765625,0.18212890625,0.97705078125,0.181640625,0.97705078125,0.1826171875,1.0,0.06363028059864326,0.008126775163141498
3,450,0,task1_initial,IDLGated,0.98193359375,0.181640625,0.98095703125,0.18359375,0.9794921875,0.18310546875,0.0013614770723506808,0.06009897558887597,0.008041075616371868
3,460,0,task1_initial,MLP,0.986328125,0.18603515625,0.0,0.0,0.0,0.0,1.0,0.0,0.0
3,460,0,task1_initial,ChevronSlow,0.978515625,0.18701171875,0.9775390625,0.18701171875,0.97607421875,0.18603515625,1.0,0.060624504797284075,0.006675552744596277
3,460,0,task1_initial,IDLGated,0.9794921875,0.1875,0.97998046875,0.1875,0.97998046875,0.18603515625,0.0012816289672628045,0.057348136243832906,0.006987932857026653
3,470,0,task1_initial,MLP,0.98291015625,0.18212890625,0.0,0.0,0.0,0.0,1.0,0.0,0.0
3,470,0,task1_initial,ChevronSlow,0.9775390625,0.1826171875,0.9775390625,0.1826171875,0.97802734375,0.1845703125,1.0,0.05765734314400442,0.006756177997259498
3,470,0,task1_initial,IDLGated,0.97802734375,0.18408203125,0.97900390625,0.18359375,0.9794921875,0.18408203125,0.001206975313834846,0.05461681938121435,0.00722809079994387
3,480,0,task1_initial,MLP,0.98876953125,0.18017578125,0.0,0.0,0.0,0.0,1.0,0.0,0.0
3,480,0,task1_initial,ChevronSlow,0.97900390625,0.18359375,0.97607421875,0.185546875,0.978515625,0.18212890625,1.0,0.0547148485654522,0.00776420516437773
3,480,0,task1_initial,IDLGated,0.98388671875,0.1826171875,0.982421875,0.18115234375,0.98046875,0.18115234375,0.0011373086599633098,0.05191123293600573,0.007792784890334624
3,490,0,task1_initial,MLP,0.98876953125,0.18212890625,0.0,0.0,0.0,0.0,1.0,0.0,0.0
3,490,0,task1_initial,ChevronSlow,0.98095703125,0.18505859375,0.9814453125,0.18505859375,0.97900390625,0.18359375,1.0,0.05189932425663869,0.0064707286815570845
3,490,0,task1_initial,IDLGated,0.98193359375,0.185546875,0.9814453125,0.18603515625,0.982421875,0.18310546875,0.0010765099432319403,0.04941117599734827,0.006546869938067644
3,500,0,task1_initial,MLP,0.9921875,0.1748046875,0.0,0.0,0.0,0.0,1.0,0.0,0.0
3,500,0,task1_initial,ChevronSlow,0.9794921875,0.173828125,0.9794921875,0.1728515625,0.9794921875,0.177734375,1.0,0.0488819562791297,0.007104489330224686
3,500,0,task1_initial,IDLGated,0.984375,0.17529296875,0.9873046875,0.1728515625,0.98193359375,0.1796875,0.0010112932650372386,0.046567559425824884,0.007229954607208564
3,510,0,task1_initial,MLP,0.990234375,0.1728515625,0.0,0.0,0.0,0.0,1.0,0.0,0.0
3,510,0,task1_initial,ChevronSlow,0.98095703125,0.17626953125,0.9814453125,0.17431640625,0.98095703125,0.177734375,1.0,0.04602697385965114,0.006356955706256125
3,510,0,task1_initial,IDLGated,0.98681640625,0.17626953125,0.98779296875,0.17529296875,0.98291015625,0.177734375,0.0009526123176328838,0.04384775085843502,0.00646542672132802
3,520,0,task1_initial,MLP,0.98876953125,0.17236328125,0.0,0.0,0.0,0.0,1.0,0.0,0.0
3,520,0,task1_initial,ChevronSlow,0.98193359375,0.1748046875,0.98046875,0.17333984375,0.98046875,0.17724609375,1.0,0.04333873854352063,0.0062683569345466615
3,520,0,task1_initial,IDLGated,0.9833984375,0.1748046875,0.98486328125,0.17431640625,0.98291015625,0.1767578125,0.0009004719904623926,0.041286794477727394,0.0064825094687121455
3,530,0,task1_initial,MLP,0.98876953125,0.1875,0.0,0.0,0.0,0.0,1.0,0.0,0.0
3,530,0,task1_initial,ChevronSlow,0.978515625,0.19287109375,0.97802734375,0.19580078125,0.97998046875,0.18359375,1.0,0.04080751135781659,0.007070131500539224
3,530,0,task1_initial,IDLGated,0.98291015625,0.189453125,0.982421875,0.193359375,0.9833984375,0.18310546875,0.0008539863047190011,0.038875412418518315,0.007176197257297171
3,540,0,task1_initial,MLP,0.9853515625,0.189453125,0.0,0.0,0.0,0.0,1.0,0.0,0.0
3,540,0,task1_initial,ChevronSlow,0.98046875,0.1904296875,0.9814453125,0.19091796875,0.97998046875,0.18505859375,1.0,0.03842412214065916,0.006209791739096819
3,540,0,task1_initial,IDLGated,0.982421875,0.189453125,0.9814453125,0.19091796875,0.98193359375,0.1865234375,0.0008124099695123732,0.03660486869536877,0.006539576816645886
3,550,0,task1_initial,MLP,0.982421875,0.185546875,0.0,0.0,0.0,0.0,1.0,0.0,0.0
3,550,0,task1_initial,ChevronSlow,0.9775390625,0.18603515625,0.9755859375,0.1845703125,0.97998046875,0.18359375,1.0,0.036179936319431796,0.0060124119937046095
3,550,0,task1_initial,IDLGated,0.9814453125,0.18701171875,0.9775390625,0.18603515625,0.9814453125,0.18505859375,0.0007751121884211898,0.03446693755374587,0.006428246946117239
3,560,0,task1_initial,MLP,0.98779296875,0.17626953125,0.0,0.0,0.0,0.0,1.0,0.0,0.0
3,560,0,task1_initial,ChevronSlow,0.982421875,0.1787109375,0.98388671875,0.17822265625,0.9814453125,0.181640625,1.0,0.034066823629342234,0.005534166450642517
3,560,0,task1_initial,IDLGated,0.98681640625,0.17822265625,0.98779296875,0.17822265625,0.98388671875,0.18017578125,0.0007415584987029433,0.03245387366965529,0.0057318214876975835
3,570,0,task1_initial,MLP,0.98876953125,0.18798828125,0.0,0.0,0.0,0.0,1.0,0.0,0.0
3,570,0,task1_initial,ChevronSlow,0.9814453125,0.193359375,0.97900390625,0.197265625,0.97998046875,0.1875,1.0,0.0320771286589964,0.006765489634473917
3,570,0,task1_initial,IDLGated,0.98388671875,0.1904296875,0.98291015625,0.19140625,0.984375,0.1865234375,0.0007112923194654286,0.03055838408978339,0.0065981781236419
3,580,0,task1_initial,MLP,0.98876953125,0.1884765625,0.0,0.0,0.0,0.0,1.0,0.0,0.0
3,580,0,task1_initial,ChevronSlow,0.98388671875,0.18701171875,0.98486328125,0.18701171875,0.98095703125,0.1875,1.0,0.030203643116277094,0.006082372229954955
3,580,0,task1_initial,IDLGated,0.98681640625,0.1865234375,0.9873046875,0.18701171875,0.9853515625,0.18603515625,0.0006839233101345599,0.02877360181049367,0.006273150433999485
3,590,0,task1_initial,MLP,0.98486328125,0.18310546875,0.0,0.0,0.0,0.0,1.0,0.0,0.0
3,590,0,task1_initial,ChevronSlow,0.9814453125,0.18359375,0.97998046875,0.1826171875,0.9814453125,0.18505859375,1.0,0.028439579714052077,0.006006782561935522
3,590,0,task1_initial,IDLGated,0.9833984375,0.18310546875,0.98291015625,0.1826171875,0.9833984375,0.18408203125,0.0006591153214685619,0.027093060899959175,0.006361950395332346
3,600,0,task1_initial,MLP,0.9853515625,0.177734375,0.0,0.0,0.0,0.0,1.0,0.0,0.0
3,600,0,task1_initial,ChevronSlow,0.984375,0.1806640625,0.98388671875,0.1796875,0.98193359375,0.18310546875,1.0,0.0267785475811044,0.005798034948489391
3,600,0,task1_initial,IDLGated,0.98388671875,0.181640625,0.98291015625,0.1796875,0.9833984375,0.18359375,0.0006365790613926947,0.02551067307330276,0.006114468369589118
3,610,0,task1_initial,MLP,0.9931640625,0.17626953125,0.0,0.0,0.0,0.0,1.0,0.0,0.0
3,610,0,task1_initial,ChevronSlow,0.98681640625,0.17919921875,0.9873046875,0.1787109375,0.984375,0.17919921875,1.0,0.02521452910920325,0.006287778931781403
3,610,0,task1_initial,IDLGated,0.98876953125,0.1787109375,0.9892578125,0.177734375,0.9853515625,0.1806640625,0.0006160634220577776,0.024020705635881674,0.006422983430919636
3,620,0,task1_initial,MLP,0.9931640625,0.181640625,0.0,0.0,0.0,0.0,1.0,0.0,0.0
3,620,0,task1_initial,ChevronSlow,0.9853515625,0.1826171875,0.9853515625,0.1826171875,0.98388671875,0.18212890625,1.0,0.023741858152436714,0.005787007546608818
3,620,0,task1_initial,IDLGated,0.9873046875,0.18408203125,0.98681640625,0.1845703125,0.986328125,0.18408203125,0.0005973504157736897,0.02261776071480879,0.0058266269613157584
3,630,0,task1_initial,MLP,0.990234375,0.1826171875,0.0,0.0,0.0,0.0,1.0,0.0,0.0
3,630,0,task1_initial,ChevronSlow,0.98486328125,0.18310546875,0.98583984375,0.18310546875,0.9833984375,0.18310546875,1.0,0.022355199499826676,0.005413835397225384
3,630,0,task1_initial,IDLGated,0.98828125,0.18359375,0.98828125,0.1845703125,0.98583984375,0.18408203125,0.0005802498781122267,0.021296755703470442,0.00548347469687842
3,640,0,task1_initial,MLP,0.98828125,0.17333984375,0.0,0.0,0.0,0.0,1.0,0.0,0.0
3,640,0,task1_initial,ChevronSlow,0.9814453125,0.17626953125,0.98046875,0.17578125,0.98681640625,0.1796875,1.0,0.02104952954685896,0.007156284888390225
3,640,0,task1_initial,IDLGated,0.984375,0.17626953125,0.97998046875,0.17431640625,0.98876953125,0.17919921875,0.0005645956262014806,0.020052904848194886,0.007287490082720051
3,650,0,task1_initial,MLP,0.99365234375,0.17578125,0.0,0.0,0.0,0.0,1.0,0.0,0.0
3,650,0,task1_initial,ChevronSlow,0.98779296875,0.177734375,0.98828125,0.1787109375,0.9873046875,0.17822265625,1.0,0.019820118095905323,0.005985828533864666
3,650,0,task1_initial,IDLGated,0.98876953125,0.18017578125,0.98828125,0.17919921875,0.9873046875,0.18115234375,0.0005502417916432023,0.018881701910363282,0.00658466220622707
3,660,0,task1_initial,MLP,0.986328125,0.1796875,0.0,0.0,0.0,0.0,1.0,0.0,0.0
3,660,0,task1_initial,ChevronSlow,0.98388671875,0.18212890625,0.98388671875,0.181640625,0.98486328125,0.18017578125,1.0,0.01866251121960364,0.00622645628036731
3,660,0,task1_initial,IDLGated,0.986328125,0.181640625,0.9853515625,0.18212890625,0.98828125,0.1806640625,0.0005371652659960091,0.017787839256261064,0.007124942266469639
3,670,0,task1_initial,MLP,0.99365234375,0.18017578125,0.0,0.0,0.0,0.0,1.0,0.0,0.0
3,670,0,task1_initial,ChevronSlow,0.986328125,0.18017578125,0.98681640625,0.1806640625,0.98779296875,0.18017578125,1.0,0.01757251512511349,0.006292579496907639
3,670,0,task1_initial,IDLGated,0.98779296875,0.1806640625,0.9873046875,0.18017578125,0.98828125,0.1826171875,0.0005252332775853574,0.016766251248203558,0.006764247027993676
3,680,0,task1_initial,MLP,0.99072265625,0.181640625,0.0,0.0,0.0,0.0,1.0,0.0,0.0
3,680,0,task1_initial,ChevronSlow,0.986328125,0.1826171875,0.98681640625,0.18310546875,0.9853515625,0.18212890625,1.0,0.01654618096079036,0.00584543559899297
3,680,0,task1_initial,IDLGated,0.986328125,0.18310546875,0.98583984375,0.18359375,0.9892578125,0.18212890625,0.0005140449502505362,0.015787007449513387,0.006356666199766896
3,690,0,task1_initial,MLP,0.98486328125,0.18798828125,0.0,0.0,0.0,0.0,1.0,0.0,0.0
3,690,0,task1_initial,ChevronSlow,0.9833984375,0.19140625,0.982421875,0.193359375,0.98681640625,0.18505859375,1.0,0.015579790510235983,0.006951852041705523
3,690,0,task1_initial,IDLGated,0.98486328125,0.18896484375,0.9833984375,0.19189453125,0.98779296875,0.18408203125,0.000503727700561285,0.014864957021188336,0.006814956010280407
3,700,0,task1_initial,MLP,0.99267578125,0.181640625,0.0,0.0,0.0,0.0,1.0,0.0,0.0
3,700,0,task1_initial,ChevronSlow,0.98779296875,0.1826171875,0.98779296875,0.1826171875,0.9873046875,0.1826171875,1.0,0.014669842721896881,0.005892999758605114
3,700,0,task1_initial,IDLGated,0.98779296875,0.18359375,0.98828125,0.18212890625,0.98828125,0.18505859375,0.0004942021914757788,0.013996759547268563,0.005850386879947084
3,710,0,task1_initial,MLP,0.99072265625,0.18017578125,0.0,0.0,0.0,0.0,1.0,0.0,0.0
3,710,0,task1_initial,ChevronSlow,0.98583984375,0.18115234375,0.9853515625,0.1806640625,0.98583984375,0.18212890625,1.0,0.013813041025410503,0.005158000333550942
3,710,0,task1_initial,IDLGated,0.986328125,0.18212890625,0.98583984375,0.181640625,0.98974609375,0.18212890625,0.0004853979917243123,0.013179269710958926,0.00522548983287867
3,720,0,task1_initial,MLP,0.9892578125,0.18505859375,0.0,0.0,0.0,0.0,1.0,0.0,0.0
3,720,0,task1_initial,ChevronSlow,0.98486328125,0.189453125,0.98388671875,0.19091796875,0.9873046875,0.185546875,1.0,0.013006281388748406,0.005667296389677506
3,720,0,task1_initial,IDLGated,0.986328125,0.189453125,0.98583984375,0.18994140625,0.98876953125,0.185546875,0.00047725116019137204,0.0124095258997355,0.005363571570088761
3,730,0,task1_initial,MLP,0.99072265625,0.1845703125,0.0,0.0,0.0,0.0,1.0,0.0,0.0
3,730,0,task1_initial,ChevronSlow,0.98779296875,0.1875,0.98779296875,0.18798828125,0.98828125,0.18505859375,1.0,0.012246641072889732,0.004725268187003957
3,730,0,task1_initial,IDLGated,0.98876953125,0.18701171875,0.98876953125,0.18798828125,0.9892578125,0.1865234375,0.0004697050608228892,0.011684739475978248,0.004587899465865008
3,740,0,task1_initial,MLP,0.9873046875,0.18115234375,0.0,0.0,0.0,0.0,1.0,0.0,0.0
3,740,0,task1_initial,ChevronSlow,0.98388671875,0.181640625,0.9833984375,0.1806640625,0.98681640625,0.18310546875,1.0,0.011531368043285303,0.004713985930539986
3,740,0,task1_initial,IDLGated,0.986328125,0.18212890625,0.9853515625,0.181640625,0.98974609375,0.1826171875,0.000462708791019395,0.011002284674259353,0.004902672875391734
3,750,0,task1_initial,MLP,0.9873046875,0.181640625,0.0,0.0,0.0,0.0,1.0,0.0,0.0
3,750,0,task1_initial,ChevronSlow,0.9873046875,0.18505859375,0.9873046875,0.18505859375,0.98828125,0.1845703125,1.0,0.010857870999752033,0.004464224583839777
3,750,0,task1_initial,IDLGated,0.9892578125,0.1845703125,0.98828125,0.1845703125,0.9892578125,0.18408203125,0.00045621651224792004,0.010359689088687014,0.0048402501647018025
3,760,0,task1_initial,MLP,0.9921875,0.17919921875,0.0,0.0,0.0,0.0,1.0,0.0,0.0
3,760,0,task1_initial,ChevronSlow,0.98828125,0.177734375,0.98876953125,0.17724609375,0.98876953125,0.18115234375,1.0,0.010223709988677823,0.0052218621375746035
3,760,0,task1_initial,IDLGated,0.98974609375,0.1796875,0.98876953125,0.17724609375,0.98974609375,0.18359375,0.0004501866060309112,0.009754624715842075,0.005324700490534081
3,770,0,task1_initial,MLP,0.98779296875,0.17431640625,0.0,0.0,0.0,0.0,1.0,0.0,0.0
3,770,0,task1_initial,ChevronSlow,0.98193359375,0.177734375,0.97607421875,0.17578125,0.990234375,0.17919921875,1.0,0.009626587563526752,0.007077573671597176
3,770,0,task1_initial,IDLGated,0.98193359375,0.17626953125,0.9775390625,0.17626953125,0.98828125,0.1806640625,0.00044458164484240115,0.009184899520857796,0.007020526978388243
3,780,0,task1_initial,MLP,0.994140625,0.1796875,0.0,0.0,0.0,0.0,1.0,0.0,0.0
3,780,0,task1_initial,ChevronSlow,0.9892578125,0.181640625,0.98974609375,0.181640625,0.98828125,0.18212890625,1.0,0.009168077993725621,0.0048860057888921535
3,780,0,task1_initial,IDLGated,0.99072265625,0.18359375,0.990234375,0.18359375,0.990234375,0.18359375,0.0004399058234412223,0.00870409032427901,0.005782926880834488
3,790,0,task1_initial,MLP,0.99072265625,0.185546875,0.0,0.0,0.0,0.0,1.0,0.0,0.0
3,790,0,task1_initial,ChevronSlow,0.98779296875,0.1884765625,0.98779296875,0.1884765625,0.98828125,0.18505859375,1.0,0.008632610441178624,0.005316842420880247
3,790,0,task1_initial,IDLGated,0.98876953125,0.1875,0.9873046875,0.18896484375,0.9892578125,0.18603515625,0.0004350153321865946,0.008195722273060488,0.006048073600110179
3,800,0,task1_initial,MLP,0.99365234375,0.18212890625,0.0,0.0,0.0,0.0,1.0,0.0,0.0
3,800,0,task1_initial,ChevronSlow,0.98876953125,0.18115234375,0.98876953125,0.18115234375,0.98876953125,0.18310546875,1.0,0.00812841721897948,0.005126873900801492
3,800,0,task1_initial,IDLGated,0.98876953125,0.18212890625,0.98828125,0.18212890625,0.98828125,0.18359375,0.0004304602334741503,0.007717045788205755,0.0057987623745043605
3,810,0,task1_initial,MLP,0.9931640625,0.177734375,0.0,0.0,0.0,0.0,1.0,0.0,0.0
3,810,0,task1_initial,ChevronSlow,0.98876953125,0.1767578125,0.98974609375,0.1767578125,0.98974609375,0.181640625,1.0,0.007653671729542484,0.0050371903706071235
3,810,0,task1_initial,IDLGated,0.9892578125,0.1787109375,0.98876953125,0.1787109375,0.990234375,0.181640625,0.00042621474131010473,0.007266326714488051,0.005735735306604862
3,820,0,task1_initial,MLP,0.98876953125,0.17626953125,0.0,0.0,0.0,0.0,1.0,0.0,0.0
3,820,0,task1_initial,ChevronSlow,0.98291015625,0.17822265625,0.98046875,0.17822265625,0.98828125,0.17919921875,1.0,0.007206654058900825,0.0050026961405571484
3,820,0,task1_initial,IDLGated,0.98388671875,0.17919921875,0.98095703125,0.1796875,0.9892578125,0.18115234375,0.00042225560173392296,0.006841932181143483,0.0057257451062541044
3,830,0,task1_initial,MLP,0.99365234375,0.17919921875,0.0,0.0,0.0,0.0,1.0,0.0,0.0
3,830,0,task1_initial,ChevronSlow,0.98974609375,0.18212890625,0.98876953125,0.18212890625,0.9892578125,0.181640625,1.0,0.006785744745780511,0.004469034182183046
3,830,0,task1_initial,IDLGated,0.99072265625,0.18212890625,0.9892578125,0.18115234375,0.98974609375,0.18212890625,0.00041856119059957564,0.006442324686286139,0.004894177313026048
3,840,0,task1_initial,MLP,0.9921875,0.18310546875,0.0,0.0,0.0,0.0,1.0,0.0,0.0
3,840,0,task1_initial,ChevronSlow,0.98876953125,0.18603515625,0.98779296875,0.18701171875,0.9892578125,0.18310546875,1.0,0.006389418914595562,0.004543684416557794
3,840,0,task1_initial,IDLGated,0.9892578125,0.185546875,0.98876953125,0.1865234375,0.9892578125,0.18505859375,0.00041511209565214813,0.006066056526826806,0.004781341189582251
3,850,0,task1_initial,MLP,0.98583984375,0.18212890625,0.0,0.0,0.0,0.0,1.0,0.0,0.0
3,850,0,task1_initial,ChevronSlow,0.984375,0.1806640625,0.982421875,0.18115234375,0.98681640625,0.18115234375,1.0,0.006016240751109446,0.004919905075091943
3,850,0,task1_initial,IDLGated,0.98388671875,0.181640625,0.982421875,0.181640625,0.990234375,0.1826171875,0.00041189047624357045,0.005711764553715903,0.005433800172518141
3,860,0,task1_initial,MLP,0.9951171875,0.17919921875,0.0,0.0,0.0,0.0,1.0,0.0,0.0
3,860,0,task1_initial,ChevronSlow,0.990234375,0.17919921875,0.99072265625,0.17822265625,0.990234375,0.181640625,1.0,0.005664858300749099,0.004986980532246313
3,860,0,task1_initial,IDLGated,0.98974609375,0.18017578125,0.98974609375,0.17919921875,0.98974609375,0.1806640625,0.0004088797140866518,0.0053781652335098485,0.00506628582053262
3,870,0,task1_initial,MLP,0.99169921875,0.1826171875,0.0,0.0,0.0,0.0,1.0,0.0,0.0
3,870,0,task1_initial,ChevronSlow,0.98974609375,0.18701171875,0.98779296875,0.18701171875,0.99072265625,0.1845703125,1.0,0.005333998570726775,0.004938653946843843
3,870,0,task1_initial,IDLGated,0.98779296875,0.18603515625,0.9873046875,0.1875,0.99072265625,0.18408203125,0.00040606511174701154,0.005064049998369861,0.005213862625433032
3,880,0,task1_initial,MLP,0.986328125,0.1826171875,0.0,0.0,0.0,0.0,1.0,0.0,0.0
3,880,0,task1_initial,ChevronSlow,0.984375,0.18212890625,0.98388671875,0.18212890625,0.98779296875,0.181640625,1.0,0.005022462918225678,0.00445760653572068
3,880,0,task1_initial,IDLGated,0.984375,0.1826171875,0.98291015625,0.18310546875,0.990234375,0.18408203125,0.0004034325247630477,0.0047682808676470945,0.004852260059403895
3,890,0,task1_initial,MLP,0.99267578125,0.17822265625,0.0,0.0,0.0,0.0,1.0,0.0,0.0
3,890,0,task1_initial,ChevronSlow,0.99072265625,0.17529296875,0.9912109375,0.1728515625,0.9892578125,0.1796875,1.0,0.004729122707941593,0.0051328898252040725
3,890,0,task1_initial,IDLGated,0.9912109375,0.17578125,0.98974609375,0.17529296875,0.990234375,0.1806640625,0.0004009692929685116,0.004489786325191954,0.00525640628860999
3,900,0,task1_initial,MLP,0.99365234375,0.17919921875,0.0,0.0,0.0,0.0,1.0,0.0,0.0
3,900,0,task1_initial,ChevronSlow,0.98876953125,0.18115234375,0.98876953125,0.18115234375,0.990234375,0.181640625,1.0,0.004452915223248622,0.004456425785420134
3,900,0,task1_initial,IDLGated,0.98974609375,0.181640625,0.98974609375,0.18212890625,0.990234375,0.1826171875,0.0003986635711044073,0.004227557437451815,0.00440375628194445
3,910,0,task1_initial,MLP,0.9873046875,0.18115234375,0.0,0.0,0.0,0.0,1.0,0.0,0.0
3,910,0,task1_initial,ChevronSlow,0.9833984375,0.18505859375,0.98193359375,0.1865234375,0.98828125,0.18212890625,1.0,0.004192839816175949,0.0054343203174602416
3,910,0,task1_initial,IDLGated,0.98291015625,0.185546875,0.98193359375,0.18701171875,0.990234375,0.18408203125,0.0003965049108956009,0.003980644198293791,0.005819291761153907
3,920,0,task1_initial,MLP,0.99365234375,0.181640625,0.0,0.0,0.0,0.0,1.0,0.0,0.0
3,920,0,task1_initial,ChevronSlow,0.9892578125,0.18212890625,0.9892578125,0.18212890625,0.990234375,0.18359375,1.0,0.003947954282247698,0.0054221774008056094
3,920,0,task1_initial,IDLGated,0.98828125,0.1826171875,0.98828125,0.1826171875,0.9912109375,0.18408203125,0.0003944827476516366,0.003748152087310494,0.0058650400563732335
3,930,0,task1_initial,MLP,0.9912109375,0.17529296875,0.0,0.0,0.0,0.0,1.0,0.0,0.0
3,930,0,task1_initial,ChevronSlow,0.98876953125,0.171875,0.9873046875,0.17138671875,0.9892578125,0.17724609375,1.0,0.003801036715614779,0.006358990067890855
3,930,0,task1_initial,IDLGated,0.98779296875,0.17333984375,0.98779296875,0.17236328125,0.9892578125,0.17822265625,0.00039391755126416683,0.003682960465241685,0.006410471568614249
3,940,0,task1_initial,MLP,0.9931640625,0.181640625,0.0,0.0,0.0,0.0,1.0,0.0,0.0
3,940,0,task1_initial,ChevronSlow,0.98681640625,0.189453125,0.9853515625,0.1923828125,0.990234375,0.18603515625,1.0,0.003918384752699292,0.006170672245494678
3,940,0,task1_initial,IDLGated,0.9873046875,0.1884765625,0.986328125,0.1904296875,0.99072265625,0.18603515625,0.00039614105480723083,0.003938900449040352,0.006319958447411631
3,950,0,task1_initial,MLP,0.9853515625,0.1865234375,0.0,0.0,0.0,0.0,1.0,0.0,0.0
3,950,0,task1_initial,ChevronSlow,0.984375,0.18701171875,0.982421875,0.18896484375,0.99072265625,0.1845703125,1.0,0.004163546087784256,0.005548505254762488
3,950,0,task1_initial,IDLGated,0.98388671875,0.18701171875,0.98291015625,0.18896484375,0.990234375,0.18505859375,0.0003986561787314713,0.004226697269966722,0.006065811378400859
3,960,0,task1_initial,MLP,0.98681640625,0.18115234375,0.0,0.0,0.0,0.0,1.0,0.0,0.0
3,960,0,task1_initial,ChevronSlow,0.9853515625,0.18017578125,0.984375,0.18017578125,0.98876953125,0.1826171875,1.0,0.0045301440723462694,0.004665544178876171
3,960,0,task1_initial,IDLGated,0.98828125,0.18115234375,0.9873046875,0.18115234375,0.98974609375,0.18359375,0.00040196397458203137,0.004602453595405762,0.004965330646111002
3,970,0,task1_initial,MLP,0.9921875,0.18359375,0.0,0.0,0.0,0.0,1.0,0.0,0.0
3,970,0,task1_initial,ChevronSlow,0.9873046875,0.18798828125,0.9833984375,0.18798828125,0.990234375,0.185546875,1.0,0.004519802718952871,0.005742152701083144
3,970,0,task1_initial,IDLGated,0.98681640625,0.1875,0.98388671875,0.18701171875,0.98876953125,0.18603515625,0.00040192026062868536,0.004597503771848193,0.005862190930332162
3,980,0,task1_initial,MLP,0.99462890625,0.18115234375,0.0,0.0,0.0,0.0,1.0,0.0,0.0
3,980,0,task1_initial,ChevronSlow,0.99072265625,0.1806640625,0.990234375,0.1796875,0.99072265625,0.1845703125,1.0,0.004469227681893181,0.004653880285470518
3,980,0,task1_initial,IDLGated,0.99072265625,0.18212890625,0.9912109375,0.18212890625,0.99072265625,0.18408203125,0.00040135611197911203,0.0045336355037059045,0.004897336621108355
3,990,0,task1_initial,MLP,0.9912109375,0.18017578125,0.0,0.0,0.0,0.0,1.0,0.0,0.0
3,990,0,task1_initial,ChevronSlow,0.98974609375,0.18212890625,0.9892578125,0.18212890625,0.99072265625,0.18310546875,1.0,0.0042081995350737025,0.004776510393064324
3,990,0,task1_initial,IDLGated,0.98974609375,0.18310546875,0.98974609375,0.1826171875,0.99072265625,0.18408203125,0.0003990257391706109,0.004268845576201909,0.004824827057632823
3,1000,0,task1_initial,MLP,0.994140625,0.181640625,0.0,0.0,0.0,0.0,1.0,0.0,0.0
3,1000,0,task1_initial,ChevronSlow,0.990234375,0.1826171875,0.990234375,0.1826171875,0.9912109375,0.18408203125,1.0,0.003962416906782642,0.00516915588864079
3,1000,0,task1_initial,IDLGated,0.9912109375,0.18359375,0.99072265625,0.18359375,0.99072265625,0.18359375,0.0003968438832089305,0.004019520876471575,0.004961405952647697
3,1010,0,task1_initial,MLP,0.9921875,0.17578125,0.0,0.0,0.0,0.0,1.0,0.0,0.0
3,1010,0,task1_initial,ChevronSlow,0.9912109375,0.173828125,0.98876953125,0.1728515625,0.99072265625,0.1787109375,1.0,0.003730989372603961,0.006320990486368684
3,1010,0,task1_initial,IDLGated,0.990234375,0.1748046875,0.98876953125,0.173828125,0.98974609375,0.17919921875,0.0003948004450649023,0.003784758147837636,0.006012922430895807
3,1020,0,task1_initial,MLP,0.994140625,0.1767578125,0.0,0.0,0.0,0.0,1.0,0.0,0.0
3,1020,0,task1_initial,ChevronSlow,0.99169921875,0.17822265625,0.9921875,0.17822265625,0.9912109375,0.17919921875,1.0,0.0035130785139382338,0.005251798156235684
3,1020,0,task1_initial,IDLGated,0.98974609375,0.17822265625,0.990234375,0.17822265625,0.98974609375,0.1806640625,0.0003928858495783061,0.003563706888915984,0.00507194370383393
3,1030,0,task1_initial,MLP,0.9921875,0.1796875,0.0,0.0,0.0,0.0,1.0,0.0,0.0
3,1030,0,task1_initial,ChevronSlow,0.9912109375,0.181640625,0.9912109375,0.18212890625,0.99072265625,0.1806640625,1.0,0.003307894880569129,0.004932157841003763
3,1030,0,task1_initial,IDLGated,0.99072265625,0.18359375,0.99072265625,0.18408203125,0.9912109375,0.18115234375,0.00039109159843064845,0.003355566272408503,0.005056291855997653
3,1040,0,task1_initial,MLP,0.99169921875,0.18212890625,0.0,0.0,0.0,0.0,1.0,0.0,0.0
3,1040,0,task1_initial,ChevronSlow,0.9912109375,0.18408203125,0.99072265625,0.1845703125,0.99169921875,0.18115234375,1.0,0.0031146951306331764,0.005578741431026969
3,1040,0,task1_initial,IDLGated,0.990234375,0.18408203125,0.990234375,0.18505859375,0.990234375,0.18310546875,0.0003894096880685538,0.0031595822438557877,0.005536808010723913
3,1050,0,task1_initial,MLP,0.99169921875,0.18359375,0.0,0.0,0.0,0.0,1.0,0.0,0.0
3,1050,0,task1_initial,ChevronSlow,0.98828125,0.18798828125,0.98681640625,0.18994140625,0.9912109375,0.18505859375,1.0,0.002932779337631458,0.006338817956970042
3,1050,0,task1_initial,IDLGated,0.98681640625,0.1884765625,0.986328125,0.1904296875,0.990234375,0.185546875,0.0003878325514961034,0.0029750447898391147,0.006666834904751023
3,1060,0,task1_initial,MLP,0.990234375,0.18359375,0.0,0.0,0.0,0.0,1.0,0.0,0.0
3,1060,0,task1_initial,ChevronSlow,0.98681640625,0.1875,0.98583984375,0.1875,0.9892578125,0.18310546875,1.0,0.0027614884547270293,0.007294352456662185
3,1060,0,task1_initial,IDLGated,0.984375,0.1875,0.98388671875,0.18798828125,0.98876953125,0.18505859375,0.0003863533493131399,0.002801285365734839,0.008011394795345215
3,1070,0,task1_initial,MLP,0.9921875,0.1806640625,0.0,0.0,0.0,0.0,1.0,0.0,0.0
3,1070,0,task1_initial,ChevronSlow,0.9912109375,0.18017578125,0.99169921875,0.18017578125,0.9912109375,0.1826171875,1.0,0.0026002019271417,0.006060938549226122
3,1070,0,task1_initial,IDLGated,0.99072265625,0.1826171875,0.99072265625,0.1826171875,0.990234375,0.1845703125,0.0003853864618577063,0.002687334709636377,0.0067770235516068245
3,1080,0,task1_initial,MLP,0.9931640625,0.1796875,0.0,0.0,0.0,0.0,1.0,0.0,0.0
3,1080,0,task1_initial,ChevronSlow,0.9912109375,0.18115234375,0.9912109375,0.1806640625,0.9912109375,0.18212890625,1.0,0.002448335444002331,0.005739145724307788
3,1080,0,task1_initial,IDLGated,0.99072265625,0.1826171875,0.99072265625,0.1826171875,0.99072265625,0.18408203125,0.000385155261028558,0.0026600503569730134,0.00660590323951374
3,1090,0,task1_initial,MLP,0.9921875,0.18115234375,0.0,0.0,0.0,0.0,1.0,0.0,0.0
3,1090,0,task1_initial,ChevronSlow,0.99072265625,0.18505859375,0.990234375,0.18408203125,0.99072265625,0.18505859375,1.0,0.002305338821492006,0.00532706887661587
3,1090,0,task1_initial,IDLGated,0.990234375,0.18603515625,0.98828125,0.18603515625,0.99072265625,0.18505859375,0.0003844529273919761,0.002577070231971734,0.006227204110760436
3,1100,0,task1_initial,MLP,0.990234375,0.18505859375,0.0,0.0,0.0,0.0,1.0,0.0,0.0
3,1100,0,task1_initial,ChevronSlow,0.98681640625,0.189453125,0.986328125,0.18994140625,0.98974609375,0.185546875,1.0,0.002170694009637142,0.005130421292407167
3,1100,0,task1_initial,IDLGated,0.986328125,0.1904296875,0.986328125,0.19091796875,0.98828125,0.18701171875,0.0003831825451925397,0.002426554770519506,0.005495342128244611
3,1110,0,task1_initial,MLP,0.9912109375,0.18115234375,0.0,0.0,0.0,0.0,1.0,0.0,0.0
3,1110,0,task1_initial,ChevronSlow,0.99072265625,0.177734375,0.990234375,0.17529296875,0.99072265625,0.181640625,1.0,0.002043913215509485,0.006151161543156829
3,1110,0,task1_initial,IDLGated,0.98974609375,0.1796875,0.98828125,0.17724609375,0.98974609375,0.18212890625,0.0003819901030510664,0.002284830262396805,0.006412692163226841
3,1120,0,task1_initial,MLP,0.9931640625,0.17724609375,0.0,0.0,0.0,0.0,1.0,0.0,0.0
3,1120,0,task1_initial,ChevronSlow,0.98974609375,0.17822265625,0.990234375,0.17724609375,0.99072265625,0.1806640625,1.0,0.0019245371360437189,0.005674700960030319
3,1120,0,task1_initial,IDLGated,0.98974609375,0.17822265625,0.98974609375,0.17724609375,0.9912109375,0.18115234375,0.00038087068242020905,0.002151383266262149,0.006491908683917674
3,1130,0,task1_initial,MLP,0.9931640625,0.1806640625,0.0,0.0,0.0,0.0,1.0,0.0,0.0
3,1130,0,task1_initial,ChevronSlow,0.9912109375,0.1845703125,0.9912109375,0.185546875,0.99169921875,0.18212890625,1.0,0.0018121332940685079,0.005020083974259599
3,1130,0,task1_initial,IDLGated,0.99072265625,0.185546875,0.99072265625,0.185546875,0.99072265625,0.18359375,0.0003800060658250004,0.0020480442661859667,0.005699865992148634
3,1140,0,task1_initial,MLP,0.9873046875,0.1884765625,0.0,0.0,0.0,0.0,1.0,0.0,0.0
3,1140,0,task1_initial,ChevronSlow,0.9833984375,0.19091796875,0.98046875,0.1923828125,0.986328125,0.18701171875,1.0,0.001706294471522728,0.005844584532975238
3,1140,0,task1_initial,IDLGated,0.98193359375,0.19091796875,0.9794921875,0.1923828125,0.9873046875,0.18896484375,0.0003790078917518258,0.0019284269100211255,0.006185038497117789
3,1150,0,task1_initial,MLP,0.990234375,0.18359375,0.0,0.0,0.0,0.0,1.0,0.0,0.0
3,1150,0,task1_initial,ChevronSlow,0.99072265625,0.1845703125,0.9892578125,0.18359375,0.99072265625,0.1845703125,1.0,0.0016066372341807206,0.0049237246685184255
3,1150,0,task1_initial,IDLGated,0.99072265625,0.18505859375,0.990234375,0.18408203125,0.990234375,0.1865234375,0.0003780701954383403,0.001815795883269229,0.0053163644552690495
3,1160,0,task1_initial,MLP,0.98583984375,0.17822265625,0.0,0.0,0.0,0.0,1.0,0.0,0.0
3,1160,0,task1_initial,ChevronSlow,0.984375,0.1796875,0.982421875,0.1806640625,0.990234375,0.18212890625,1.0,0.0015128005425419277,0.005323486657484383
3,1160,0,task1_initial,IDLGated,0.986328125,0.18017578125,0.982421875,0.18017578125,0.990234375,0.18359375,0.0003771894262172282,0.0017097431448212684,0.005567405225792843
3,1170,0,task1_initial,MLP,0.98681640625,0.17919921875,0.0,0.0,0.0,0.0,1.0,0.0,0.0
3,1170,0,task1_initial,ChevronSlow,0.9892578125,0.1826171875,0.9873046875,0.18310546875,0.99072265625,0.1845703125,1.0,0.001424444443852423,0.0044511866295658155
3,1170,0,task1_initial,IDLGated,0.9892578125,0.18359375,0.98779296875,0.18359375,0.990234375,0.1845703125,0.00037636206252500415,0.0016098844854743471,0.004584261123244511
3,1180,0,task1_initial,MLP,0.9921875,0.18408203125,0.0,0.0,0.0,0.0,1.0,0.0,0.0
3,1180,0,task1_initial,ChevronSlow,0.990234375,0.18505859375,0.98974609375,0.185546875,0.99169921875,0.18505859375,1.0,0.0013412488405197694,0.004568821991843451
3,1180,0,task1_initial,IDLGated,0.99072265625,0.1845703125,0.98974609375,0.185546875,0.99072265625,0.18505859375,0.0003755846410058439,0.00151585813601372,0.004580145254503993
3,1190,0,task1_initial,MLP,0.994140625,0.17919921875,0.0,0.0,0.0,0.0,1.0,0.0,0.0
3,1190,0,task1_initial,ChevronSlow,0.99169921875,0.177734375,0.99169921875,0.17724609375,0.9921875,0.18017578125,1.0,0.0012629123304594126,0.005528070704667595
3,1190,0,task1_initial,IDLGated,0.9892578125,0.1787109375,0.99072265625,0.17822265625,0.990234375,0.1806640625,0.00037485401844605803,0.0014273234565907024,0.005496075455741995
3,1200,0,task1_initial,MLP,0.99072265625,0.17822265625,0.0,0.0,0.0,0.0,1.0,0.0,0.0
3,1200,0,task1_initial,ChevronSlow,0.9853515625,0.17626953125,0.98388671875,0.17578125,0.9892578125,0.1787109375,1.0,0.0011891511151713953,0.005740812287869794
3,1200,0,task1_initial,IDLGated,0.986328125,0.1787109375,0.98486328125,0.17822265625,0.990234375,0.18017578125,0.0003741674590855837,0.0013439597026483163,0.005793077429430095
3,1210,0,task1_initial,MLP,0.9951171875,0.181640625,0.0,0.0,0.0,0.0,1.0,0.0,0.0
3,1210,0,task1_initial,ChevronSlow,0.990234375,0.181640625,0.990234375,0.181640625,0.99267578125,0.18115234375,1.0,0.0011196979715915592,0.0050084304994138145
3,1210,0,task1_initial,IDLGated,0.99072265625,0.18359375,0.990234375,0.18408203125,0.990234375,0.18310546875,0.0003735220234375447,0.0012654648629238513,0.004907342357070313
3,1220,0,task1_initial,MLP,0.99462890625,0.17919921875,0.0,0.0,0.0,0.0,1.0,0.0,0.0
3,1220,0,task1_initial,ChevronSlow,0.9931640625,0.17724609375,0.9921875,0.1767578125,0.9912109375,0.17919921875,1.0,0.0010543012839924466,0.00586880643745944
3,1220,0,task1_initial,IDLGated,0.9892578125,0.1796875,0.98974609375,0.17822265625,0.99169921875,0.1796875,0.000372915412299335,0.0011915545653186392,0.005710256974191685
3,1230,0,task1_initial,MLP,0.99072265625,0.181640625,0.0,0.0,0.0,0.0,1.0,0.0,0.0
3,1230,0,task1_initial,ChevronSlow,0.990234375,0.185546875,0.990234375,0.1865234375,0.9912109375,0.18310546875,1.0,0.00099272413242666,0.0062858723474600075
3,1230,0,task1_initial,IDLGated,0.990234375,0.18603515625,0.98876953125,0.1865234375,0.99072265625,0.1845703125,0.00037234509363770485,0.0011219610466712158,0.0066601298044522495
3,1240,0,task1_initial,MLP,0.99267578125,0.18115234375,0.0,0.0,0.0,0.0,1.0,0.0,0.0
3,1240,0,task1_initial,ChevronSlow,0.9912109375,0.18359375,0.9912109375,0.1845703125,0.9912109375,0.1826171875,1.0,0.0009347434344102776,0.005151699269917945
3,1240,0,task1_initial,IDLGated,0.99072265625,0.18359375,0.99072265625,0.18359375,0.9912109375,0.18310546875,0.0003718089428730309,0.001056432182701553,0.005116801730874963
3,1250,0,task1_initial,MLP,0.9931640625,0.1806640625,0.0,0.0,0.0,0.0,1.0,0.0,0.0
3,1250,0,task1_initial,ChevronSlow,0.9912109375,0.18310546875,0.98876953125,0.18359375,0.9921875,0.1826171875,1.0,0.0008801491367368073,0.005847859631126845
3,1250,0,task1_initial,IDLGated,0.9892578125,0.18212890625,0.98779296875,0.18359375,0.990234375,0.18212890625,0.000371304719010368,0.0009947305746120252,0.005638547895220256
3,1260,0,task1_initial,MLP,0.994140625,0.1806640625,0.0,0.0,0.0,0.0,1.0,0.0,0.0
3,1260,0,task1_initial,ChevronSlow,0.9912109375,0.17919921875,0.99072265625,0.1787109375,0.99267578125,0.1796875,1.0,0.0008287434544937733,0.005162383600298096
3,1260,0,task1_initial,IDLGated,0.990234375,0.18115234375,0.990234375,0.1806640625,0.99072265625,0.181640625,0.0003708306758198887,0.0009366326890360407,0.005034940935489714
3,1270,0,task1_initial,MLP,0.98876953125,0.17724609375,0.0,0.0,0.0,0.0,1.0,0.0,0.0
3,1270,0,task1_initial,ChevronSlow,0.9873046875,0.1767578125,0.986328125,0.17529296875,0.990234375,0.1796875,1.0,0.0007803401545250309,0.005481590859523156
3,1270,0,task1_initial,IDLGated,0.98779296875,0.177734375,0.98583984375,0.1767578125,0.99072265625,0.1796875,0.000370384834241122,0.0008819280482185346,0.005461578865438818
3,1280,0,task1_initial,MLP,0.994140625,0.1806640625,0.0,0.0,0.0,0.0,1.0,0.0,0.0
3,1280,0,task1_initial,ChevronSlow,0.990234375,0.18310546875,0.98974609375,0.18310546875,0.99267578125,0.1806640625,1.0,0.000734763880742933,0.005568458730954368
3,1280,0,task1_initial,IDLGated,0.99169921875,0.18310546875,0.990234375,0.18359375,0.99072265625,0.1806640625,0.00036996541894041,0.0008304184674944918,0.0055421294487557815
3,1290,0,task1_initial,MLP,0.994140625,0.181640625,0.0,0.0,0.0,0.0,1.0,0.0,0.0
3,1290,0,task1_initial,ChevronSlow,0.99267578125,0.1806640625,0.99267578125,0.1806640625,0.99267578125,0.18017578125,1.0,0.0006918495188460759,0.005440022398079005
3,1290,0,task1_initial,IDLGated,0.98974609375,0.1806640625,0.98974609375,0.18115234375,0.990234375,0.1806640625,0.0003695711202453822,0.000781917337303036,0.0055764342644617024
3,1300,0,task1_initial,MLP,0.9951171875,0.181640625,0.0,0.0,0.0,0.0,1.0,0.0,0.0
3,1300,0,task1_initial,ChevronSlow,0.9921875,0.18017578125,0.99169921875,0.1806640625,0.99267578125,0.1796875,1.0,0.0006514415981411187,0.00521742711886183
3,1300,0,task1_initial,IDLGated,0.99072265625,0.1826171875,0.990234375,0.18310546875,0.98974609375,0.18115234375,0.0003692001337185502,0.0007362489471359514,0.005253892828670423
3,1310,0,task1_initial,MLP,0.99462890625,0.1806640625,0.0,0.0,0.0,0.0,1.0,0.0,0.0
3,1310,0,task1_initial,ChevronSlow,0.990234375,0.181640625,0.990234375,0.181640625,0.99169921875,0.1806640625,1.0,0.0006133937283015887,0.004996105639503395
3,1310,0,task1_initial,IDLGated,0.990234375,0.18212890625,0.990234375,0.18212890625,0.9912109375,0.1826171875,0.00036885117879137397,0.0006932478489714288,0.004796002644103854
3,1320,0,task1_initial,MLP,0.994140625,0.17919921875,0.0,0.0,0.0,0.0,1.0,0.0,0.0
3,1320,0,task1_initial,ChevronSlow,0.99169921875,0.1806640625,0.99169921875,0.1806640625,0.9921875,0.1806640625,1.0,0.0005775680690231538,0.005650373712356092
3,1320,0,task1_initial,IDLGated,0.990234375,0.181640625,0.990234375,0.181640625,0.99072265625,0.1806640625,0.000368522887583822,0.0006527582578868797,0.0056172474645322205
3,1330,0,task1_initial,MLP,0.9931640625,0.18310546875,0.0,0.0,0.0,0.0,1.0,0.0,0.0
3,1330,0,task1_initial,ChevronSlow,0.98828125,0.18505859375,0.98779296875,0.1875,0.99072265625,0.1826171875,1.0,0.0005438348306540236,0.005771758212055447
3,1330,0,task1_initial,IDLGated,0.9873046875,0.18603515625,0.98681640625,0.1884765625,0.98974609375,0.18408203125,0.00036821403773501515,0.0006146334876793468,0.006153431005206088
3,1340,0,task1_initial,MLP,0.98681640625,0.1884765625,0.0,0.0,0.0,0.0,1.0,0.0,0.0
3,1340,0,task1_initial,ChevronSlow,0.98828125,0.1875,0.9873046875,0.1884765625,0.9912109375,0.1845703125,1.0,0.0005120718039913561,0.0056587978505275435
3,1340,0,task1_initial,IDLGated,0.9873046875,0.189453125,0.98583984375,0.1904296875,0.99072265625,0.18701171875,0.0003679232904687524,0.0005787354194488712,0.00636669036289219
3,1350,0,task1_initial,MLP,0.98828125,0.18603515625,0.0,0.0,0.0,0.0,1.0,0.0,0.0
3,1350,0,task1_initial,ChevronSlow,0.98828125,0.18505859375,0.986328125,0.18359375,0.99072265625,0.18505859375,1.0,0.00048216391754021213,0.005199601130509071
3,1350,0,task1_initial,IDLGated,0.98828125,0.185546875,0.98779296875,0.18701171875,0.99072265625,0.18603515625,0.00036765000550076365,0.0005449340012195945,0.005398072549890173
3,1360,0,task1_initial,MLP,0.9912109375,0.18115234375,0.0,0.0,0.0,0.0,1.0,0.0,0.0
3,1360,0,task1_initial,ChevronSlow,0.990234375,0.18505859375,0.99072265625,0.18505859375,0.99072265625,0.18505859375,1.0,0.00045400282063108637,0.005073645865590923
3,1360,0,task1_initial,IDLGated,0.98974609375,0.1845703125,0.98974609375,0.1845703125,0.99072265625,0.1845703125,0.0003674033214338124,0.0005144227712482755,0.005286610327253177
3,1370,0,task1_initial,MLP,0.99365234375,0.1787109375,0.0,0.0,0.0,0.0,1.0,0.0,0.0
3,1370,0,task1_initial,ChevronSlow,0.9921875,0.18017578125,0.99267578125,0.1796875,0.9912109375,0.18212890625,1.0,0.0004346478080272861,0.0048336952664624
3,1370,0,task1_initial,IDLGated,0.9892578125,0.18115234375,0.98974609375,0.1806640625,0.9912109375,0.1826171875,0.0003682314127217978,0.0006167809833870917,0.004906590749796775
3,1380,0,task1_initial,MLP,0.994140625,0.1796875,0.0,0.0,0.0,0.0,1.0,0.0,0.0
3,1380,0,task1_initial,ChevronSlow,0.99169921875,0.1796875,0.9892578125,0.17822265625,0.99169921875,0.181640625,1.0,0.0004534744074189235,0.00530257901540842
3,1380,0,task1_initial,IDLGated,0.98974609375,0.1806640625,0.98974609375,0.1806640625,0.9912109375,0.18212890625,0.0003696282219607383,0.0007889382481150347,0.005005330913977604
3,1390,0,task1_initial,MLP,0.98974609375,0.18017578125,0.0,0.0,0.0,0.0,1.0,0.0,0.0
3,1390,0,task1_initial,ChevronSlow,0.98828125,0.18212890625,0.9873046875,0.18212890625,0.99072265625,0.181640625,1.0,0.00047646543645842433,0.004525367045722566
3,1390,0,task1_initial,IDLGated,0.98779296875,0.1826171875,0.9853515625,0.18310546875,0.990234375,0.18310546875,0.00037009804509580135,0.0008467155706989687,0.004821244515439807
3,1400,0,task1_initial,MLP,0.99365234375,0.1796875,0.0,0.0,0.0,0.0,1.0,0.0,0.0
3,1400,0,task1_initial,ChevronSlow,0.98974609375,0.1826171875,0.9892578125,0.181640625,0.99072265625,0.18212890625,1.0,0.00044863716303969524,0.004181174968320686
3,1400,0,task1_initial,IDLGated,0.98974609375,0.18310546875,0.98974609375,0.18310546875,0.990234375,0.18212890625,0.0003696958883665502,0.0007972625976051644,0.004055752350753393
3,1410,0,task1_initial,MLP,0.9951171875,0.1806640625,0.0,0.0,0.0,0.0,1.0,0.0,0.0
3,1410,0,task1_initial,ChevronSlow,0.990234375,0.1826171875,0.990234375,0.1826171875,0.9921875,0.181640625,1.0,0.00042243421801251485,0.0042495165836806065
3,1410,0,task1_initial,IDLGated,0.98974609375,0.18359375,0.98974609375,0.18310546875,0.990234375,0.18310546875,0.00036931736394762993,0.0007506979575389406,0.0041231312984090236
3,1420,0,task1_initial,MLP,0.9912109375,0.18505859375,0.0,0.0,0.0,0.0,1.0,0.0,0.0
3,1420,0,task1_initial,ChevronSlow,0.986328125,0.18994140625,0.986328125,0.19091796875,0.9892578125,0.185546875,1.0,0.000397761673016053,0.00516211136440868
3,1420,0,task1_initial,IDLGated,0.98681640625,0.19091796875,0.98583984375,0.1923828125,0.98876953125,0.18603515625,0.0003689614241011441,0.0007068529555330123,0.004935468921460809
3,1430,0,task1_initial,MLP,0.994140625,0.18359375,0.0,0.0,0.0,0.0,1.0,0.0,0.0
3,1430,0,task1_initial,ChevronSlow,0.98974609375,0.185546875,0.98974609375,0.18603515625,0.98974609375,0.185546875,1.0,0.0003745301440420773,0.004465526285594211
3,1430,0,task1_initial,IDLGated,0.98876953125,0.1865234375,0.98876953125,0.18701171875,0.98876953125,0.18603515625,0.0003686267009470612,0.0006655687493592748,0.004292143686463754
3,1440,0,task1_initial,MLP,0.98486328125,0.17724609375,0.0,0.0,0.0,0.0,1.0,0.0,0.0
3,1440,0,task1_initial,ChevronSlow,0.98095703125,0.1806640625,0.978515625,0.17822265625,0.98876953125,0.18310546875,1.0,0.00035265546761343696,0.006156162857705413
3,1440,0,task1_initial,IDLGated,0.98046875,0.18017578125,0.978515625,0.17919921875,0.9892578125,0.18359375,0.0003683115937747061,0.00062669577407317,0.006287503092374768
3,1450,0,task1_initial,MLP,0.98876953125,0.1767578125,0.0,0.0,0.0,0.0,1.0,0.0,0.0
3,1450,0,task1_initial,ChevronSlow,0.98828125,0.177734375,0.98779296875,0.17626953125,0.990234375,0.1806640625,1.0,0.0004950821326810374,0.005008764160821936
3,1450,0,task1_initial,IDLGated,0.98876953125,0.17822265625,0.98876953125,0.1767578125,0.990234375,0.18115234375,0.0003691964375320822,0.000735796907335804,0.004754773625435431
3,1460,0,task1_initial,MLP,0.994140625,0.18212890625,0.0,0.0,0.0,0.0,1.0,0.0,0.0
3,1460,0,task1_initial,ChevronSlow,0.99169921875,0.18310546875,0.990234375,0.1826171875,0.99169921875,0.181640625,1.0,0.0005504348411228295,0.005029096344912572
3,1460,0,task1_initial,IDLGated,0.98974609375,0.18359375,0.9892578125,0.18359375,0.9912109375,0.1826171875,0.00036925787571817636,0.0007433558868365418,0.004759694441030773
3,1470,0,task1_initial,MLP,0.99072265625,0.1796875,0.0,0.0,0.0,0.0,1.0,0.0,0.0
3,1470,0,task1_initial,ChevronSlow,0.9912109375,0.1787109375,0.98876953125,0.1787109375,0.9912109375,0.18115234375,1.0,0.0005254898986241857,0.005858343506944198
3,1470,0,task1_initial,IDLGated,0.9892578125,0.1796875,0.9873046875,0.18115234375,0.990234375,0.1806640625,0.00036891200579702854,0.000700753143152021,0.005543576921733242
3,1480,0,task1_initial,MLP,0.99462890625,0.18212890625,0.0,0.0,0.0,0.0,1.0,0.0,0.0
3,1480,0,task1_initial,ChevronSlow,0.99072265625,0.1826171875,0.990234375,0.18212890625,0.99267578125,0.181640625,1.0,0.0005200732381169133,0.004969517646742115
3,1480,0,task1_initial,IDLGated,0.990234375,0.18310546875,0.98974609375,0.18359375,0.9912109375,0.18212890625,0.00036869823816232383,0.0006743950760041758,0.004492915164999209
3,1490,0,task1_initial,MLP,0.990234375,0.1875,0.0,0.0,0.0,0.0,1.0,0.0,0.0
3,1490,0,task1_initial,ChevronSlow,0.98876953125,0.1875,0.98779296875,0.1904296875,0.9912109375,0.1845703125,1.0,0.0004896980227064161,0.005707314620487994
3,1490,0,task1_initial,IDLGated,0.9873046875,0.18896484375,0.9873046875,0.19091796875,0.99072265625,0.18505859375,0.00036837905645370483,0.0006350065933751185,0.005484151479307749
3,1500,0,task1_initial,MLP,0.9873046875,0.18701171875,0.0,0.0,0.0,0.0,1.0,0.0,0.0
3,1500,0,task1_initial,ChevronSlow,0.98486328125,0.18359375,0.982421875,0.185546875,0.9912109375,0.185546875,1.0,0.0004610968914894736,0.00533889574383098
3,1500,0,task1_initial,IDLGated,0.9853515625,0.18603515625,0.982421875,0.185546875,0.990234375,0.185546875,0.0003680787340272218,0.0005979186206682451,0.005138857468856701
3,1510,0,task1_initial,MLP,0.98779296875,0.1767578125,0.0,0.0,0.0,0.0,1.0,0.0,0.0
3,1510,0,task1_initial,ChevronSlow,0.98681640625,0.177734375,0.98291015625,0.1767578125,0.98974609375,0.1806640625,1.0,0.00044095710426386383,0.005171083627098889
3,1510,0,task1_initial,IDLGated,0.98779296875,0.17822265625,0.98583984375,0.17724609375,0.990234375,0.181640625,0.0003677960194181651,0.0005629967951067024,0.004755483556177072
3,1520,0,task1_initial,MLP,0.99072265625,0.1748046875,0.0,0.0,0.0,0.0,1.0,0.0,0.0
3,1520,0,task1_initial,ChevronSlow,0.99072265625,0.1806640625,0.98876953125,0.17822265625,0.99267578125,0.18017578125,1.0,0.0005275200950087156,0.005747608579991017
3,1520,0,task1_initial,IDLGated,0.98974609375,0.18017578125,0.98779296875,0.17919921875,0.99072265625,0.1806640625,0.0003684436669573188,0.0006429898325089252,0.005414385270035304
3,1530,0,task1_initial,MLP,0.9931640625,0.18212890625,0.0,0.0,0.0,0.0,1.0,0.0,0.0
3,1530,0,task1_initial,ChevronSlow,0.9912109375,0.18310546875,0.99072265625,0.18310546875,0.9921875,0.181640625,1.0,0.0010582875630754272,0.004699609727131788
3,1530,0,task1_initial,IDLGated,0.99072265625,0.1845703125,0.98974609375,0.18408203125,0.990234375,0.1826171875,0.0003726671857293695,0.0011612751654746709,0.004114618289918243
3,1540,0,task1_initial,MLP,0.99365234375,0.18359375,0.0,0.0,0.0,0.0,1.0,0.0,0.0
3,1540,0,task1_initial,ChevronSlow,0.98974609375,0.18603515625,0.990234375,0.18603515625,0.99267578125,0.18359375,1.0,0.0015670051520644901,0.005129401944927417
3,1540,0,task1_initial,IDLGated,0.98828125,0.18603515625,0.98779296875,0.18603515625,0.9892578125,0.18359375,0.00037584861274808645,0.0015478120317751894,0.004717032034631557
3,1550,0,task1_initial,MLP,0.994140625,0.18017578125,0.0,0.0,0.0,0.0,1.0,0.0,0.0
3,1550,0,task1_initial,ChevronSlow,0.99267578125,0.18115234375,0.99267578125,0.18115234375,0.99169921875,0.18212890625,1.0,0.002019748893602895,0.0045389729643331754
3,1550,0,task1_initial,IDLGated,0.99169921875,0.18212890625,0.9921875,0.181640625,0.9912109375,0.181640625,0.00037858737050555646,0.0018779519818513963,0.004279570351973341
3,1560,0,task1_initial,MLP,0.98974609375,0.17578125,0.0,0.0,0.0,0.0,1.0,0.0,0.0
3,1560,0,task1_initial,ChevronSlow,0.98583984375,0.1767578125,0.98291015625,0.17626953125,0.9921875,0.17919921875,1.0,0.0022297684198498684,0.005629857046049789
3,1560,0,task1_initial,IDLGated,0.9873046875,0.17822265625,0.9833984375,0.1767578125,0.99169921875,0.17919921875,0.000379394885385409,0.001974848635812508,0.005464733813385589
3,1570,0,task1_initial,MLP,0.98779296875,0.1748046875,0.0,0.0,0.0,0.0,1.0,0.0,0.0
3,1570,0,task1_initial,ChevronSlow,0.98388671875,0.177734375,0.9833984375,0.1767578125,0.990234375,0.17822265625,1.0,0.002393478470879216,0.0055035592385835365
3,1570,0,task1_initial,IDLGated,0.9853515625,0.177734375,0.9833984375,0.17724609375,0.990234375,0.17822265625,0.00037962949136272073,0.0020029553958258264,0.00527196401643436
3,1580,0,task1_initial,MLP,0.99365234375,0.1806640625,0.0,0.0,0.0,0.0,1.0,0.0,0.0
3,1580,0,task1_initial,ChevronSlow,0.99169921875,0.17919921875,0.99169921875,0.1787109375,0.99267578125,0.1787109375,1.0,0.0023088990591929896,0.004932408472731833
3,1580,0,task1_initial,IDLGated,0.9921875,0.1806640625,0.99169921875,0.18017578125,0.99169921875,0.17919921875,0.0003786759916692972,0.0018885965766474529,0.004703292035068811
3,1590,0,task1_initial,MLP,0.994140625,0.18115234375,0.0,0.0,0.0,0.0,1.0,0.0,0.0
3,1590,0,task1_initial,ChevronSlow,0.99365234375,0.17724609375,0.9931640625,0.17724609375,0.9921875,0.177734375,1.0,0.002239720283774479,0.005542261433976833
3,1590,0,task1_initial,IDLGated,0.99267578125,0.17822265625,0.99169921875,0.177734375,0.990234375,0.17919921875,0.0003785805020015687,0.0018771344840676997,0.005345074554165159
3,1600,0,task1_initial,MLP,0.99072265625,0.17529296875,0.0,0.0,0.0,0.0,1.0,0.0,0.0
3,1600,0,task1_initial,ChevronSlow,0.990234375,0.1748046875,0.98974609375,0.173828125,0.99169921875,0.1767578125,1.0,0.0024974613020927925,0.005547536592444373
3,1600,0,task1_initial,IDLGated,0.990234375,0.17529296875,0.98828125,0.17529296875,0.99072265625,0.177734375,0.0003817607357632369,0.002257527312916593,0.005416599989863136
3,1610,0,task1_initial,MLP,0.9873046875,0.1787109375,0.0,0.0,0.0,0.0,1.0,0.0,0.0
3,1610,0,task1_initial,ChevronSlow,0.9873046875,0.1826171875,0.98681640625,0.181640625,0.99072265625,0.17919921875,1.0,0.0029407603015006835,0.005254311733708632
3,1610,0,task1_initial,IDLGated,0.98779296875,0.1826171875,0.98779296875,0.18310546875,0.990234375,0.1796875,0.0003863760211970657,0.002803956430396797,0.005130844481344675
3,1620,0,task1_initial,MLP,0.99365234375,0.18212890625,0.0,0.0,0.0,0.0,1.0,0.0,0.0
3,1620,0,task1_initial,ChevronSlow,0.98876953125,0.1845703125,0.98779296875,0.1875,0.9931640625,0.18017578125,1.0,0.003015852508672073,0.005866566291329583
3,1620,0,task1_initial,IDLGated,0.98876953125,0.18505859375,0.986328125,0.1884765625,0.9921875,0.181640625,0.0003874188696499914,0.002926523660803576,0.005596528980238979
3,1630,0,task1_initial,MLP,0.99365234375,0.1806640625,0.0,0.0,0.0,0.0,1.0,0.0,0.0
3,1630,0,task1_initial,ChevronSlow,0.99169921875,0.18212890625,0.9912109375,0.18212890625,0.9931640625,0.18017578125,1.0,0.0032127372907397754,0.005838937515982848
3,1630,0,task1_initial,IDLGated,0.99169921875,0.18212890625,0.99169921875,0.18212890625,0.9912109375,0.181640625,0.0003895368135999888,0.003174422753020066,0.005598397716706866
3,1640,0,task1_initial,MLP,0.9921875,0.181640625,0.0,0.0,0.0,0.0,1.0,0.0,0.0
3,1640,0,task1_initial,ChevronSlow,0.99072265625,0.18310546875,0.99072265625,0.18310546875,0.99169921875,0.18115234375,1.0,0.0040629876661998155,0.00635607925069364
3,1640,0,task1_initial,IDLGated,0.990234375,0.1845703125,0.9892578125,0.1845703125,0.99072265625,0.1826171875,0.00039811970782466233,0.004165465444040692,0.0063104218340794
3,1650,0,task1_initial,MLP,0.98583984375,0.18701171875,0.0,0.0,0.0,0.0,1.0,0.0,0.0
3,1650,0,task1_initial,ChevronSlow,0.98828125,0.1884765625,0.98779296875,0.18896484375,0.99072265625,0.18408203125,1.0,0.005550730310237354,0.006225587430473585
3,1650,0,task1_initial,IDLGated,0.98779296875,0.18896484375,0.98779296875,0.189453125,0.99072265625,0.185546875,0.0004129545413888991,0.00582908510542287,0.00607750227937671
3,1660,0,task1_initial,MLP,0.99462890625,0.18212890625,0.0,0.0,0.0,0.0,1.0,0.0,0.0
3,1660,0,task1_initial,ChevronSlow,0.9912109375,0.181640625,0.9912109375,0.181640625,0.9912109375,0.18212890625,1.0,0.007188795029954931,0.004272784201012639
3,1660,0,task1_initial,IDLGated,0.990234375,0.18212890625,0.99072265625,0.18115234375,0.99072265625,0.1826171875,0.0004288002965040505,0.007541354224666057,0.0037270706220244834
3,1670,0,task1_initial,MLP,0.99462890625,0.177734375,0.0,0.0,0.0,0.0,1.0,0.0,0.0
3,1670,0,task1_initial,ChevronSlow,0.99169921875,0.1767578125,0.9921875,0.17529296875,0.99169921875,0.1796875,1.0,0.008260057129076966,0.005017239649770274
3,1670,0,task1_initial,IDLGated,0.990234375,0.17724609375,0.9912109375,0.1767578125,0.99169921875,0.18017578125,0.00043931009713560343,0.00864248195901413,0.004695421367074392
3,1680,0,task1_initial,MLP,0.99267578125,0.18408203125,0.0,0.0,0.0,0.0,1.0,0.0,0.0
3,1680,0,task1_initial,ChevronSlow,0.9873046875,0.1875,0.98681640625,0.19091796875,0.99072265625,0.18505859375,1.0,0.009045574306825038,0.0056622253894986815
3,1680,0,task1_initial,IDLGated,0.9873046875,0.1884765625,0.986328125,0.19091796875,0.9912109375,0.185546875,0.0004465996753424406,0.009390857201878903,0.005887639458621846
3,1690,0,task1_initial,MLP,0.9912109375,0.185546875,0.0,0.0,0.0,0.0,1.0,0.0,0.0
3,1690,0,task1_initial,ChevronSlow,0.99072265625,0.1865234375,0.98974609375,0.18701171875,0.9912109375,0.18408203125,1.0,0.009671559706502915,0.004621062751820897
3,1690,0,task1_initial,IDLGated,0.990234375,0.18701171875,0.98876953125,0.1875,0.99072265625,0.185546875,0.0004517882189247757,0.009916129675581935,0.004395523940549933
3,1700,0,task1_initial,MLP,0.9951171875,0.18115234375,0.0,0.0,0.0,0.0,1.0,0.0,0.0
3,1700,0,task1_initial,ChevronSlow,0.99267578125,0.1806640625,0.99267578125,0.18017578125,0.9921875,0.1826171875,1.0,0.009976459765209477,0.004835917225376431
3,1700,0,task1_initial,IDLGated,0.9912109375,0.18115234375,0.99072265625,0.18017578125,0.9912109375,0.18408203125,0.0004542282549664378,0.010161067680384672,0.004271930958661859
3,1710,0,task1_initial,MLP,0.99267578125,0.1845703125,0.0,0.0,0.0,0.0,1.0,0.0,0.0
3,1710,0,task1_initial,ChevronSlow,0.9873046875,0.18798828125,0.9873046875,0.18994140625,0.99072265625,0.185546875,1.0,0.009923993211397728,0.005304518542056341
3,1710,0,task1_initial,IDLGated,0.98681640625,0.1904296875,0.986328125,0.19091796875,0.98828125,0.185546875,0.00045323692029342055,0.010061722718192499,0.0048000017768040195
3,1720,0,task1_initial,MLP,0.99169921875,0.18310546875,0.0,0.0,0.0,0.0,1.0,0.0,0.0
3,1720,0,task1_initial,ChevronSlow,0.98876953125,0.1845703125,0.98681640625,0.18310546875,0.9912109375,0.18408203125,1.0,0.009707836843830262,0.006338601526750122
3,1720,0,task1_initial,IDLGated,0.98681640625,0.18408203125,0.9853515625,0.18359375,0.99072265625,0.185546875,0.0004496042092796415,0.009695758805395105,0.0058229622720813645
3,1730,0,task1_initial,MLP,0.99267578125,0.1787109375,0.0,0.0,0.0,0.0,1.0,0.0,0.0
3,1730,0,task1_initial,ChevronSlow,0.99267578125,0.17919921875,0.9912109375,0.17822265625,0.9921875,0.1826171875,1.0,0.0096038225439677,0.006143108485310908
3,1730,0,task1_initial,IDLGated,0.9912109375,0.17919921875,0.990234375,0.17822265625,0.9912109375,0.1826171875,0.0004469590785447508,0.0094274437093493,0.005247883313632403
3,1740,0,task1_initial,MLP,0.98583984375,0.17333984375,0.0,0.0,0.0,0.0,1.0,0.0,0.0
3,1740,0,task1_initial,ChevronSlow,0.986328125,0.1767578125,0.984375,0.1748046875,0.9921875,0.18017578125,1.0,0.009183050285783503,0.00735800482783388
3,1740,0,task1_initial,IDLGated,0.986328125,0.1767578125,0.982421875,0.17578125,0.9912109375,0.1796875,0.0004416916344780475,0.008888338665738583,0.006651795865118602
3,1750,0,task1_initial,MLP,0.9931640625,0.17724609375,0.0,0.0,0.0,0.0,1.0,0.0,0.0
3,1750,0,task1_initial,ChevronSlow,0.9912109375,0.17724609375,0.9921875,0.1767578125,0.9931640625,0.18017578125,1.0,0.008908816868058745,0.004991687338569007
3,1750,0,task1_initial,IDLGated,0.99072265625,0.1787109375,0.98974609375,0.1787109375,0.9912109375,0.1806640625,0.0004377072909846902,0.008476261041746943,0.004369486689056169
3,1760,0,task1_initial,MLP,0.9931640625,0.18017578125,0.0,0.0,0.0,0.0,1.0,0.0,0.0
3,1760,0,task1_initial,ChevronSlow,0.99169921875,0.181640625,0.99169921875,0.181640625,0.99267578125,0.18115234375,1.0,0.008430927018031295,0.004053753251704536
3,1760,0,task1_initial,IDLGated,0.990234375,0.18115234375,0.990234375,0.18115234375,0.99169921875,0.181640625,0.00043296811054460704,0.007981199507815851,0.0035758065557347186
3,1770,0,task1_initial,MLP,0.99462890625,0.1826171875,0.0,0.0,0.0,0.0,1.0,0.0,0.0
3,1770,0,task1_initial,ChevronSlow,0.9931640625,0.18017578125,0.99365234375,0.1806640625,0.9931640625,0.18017578125,1.0,0.007938513247212899,0.003885847861183225
3,1770,0,task1_initial,IDLGated,0.9912109375,0.18115234375,0.99169921875,0.1806640625,0.99267578125,0.18115234375,0.0004285524773877114,0.007515052364459933,0.003710730343813458
3,1780,0,task1_initial,MLP,0.994140625,0.18408203125,0.0,0.0,0.0,0.0,1.0,0.0,0.0
3,1780,0,task1_initial,ChevronSlow,0.9912109375,0.1826171875,0.9912109375,0.18310546875,0.9921875,0.181640625,1.0,0.0074748592226445915,0.0043197520697477445
3,1780,0,task1_initial,IDLGated,0.9912109375,0.18408203125,0.99072265625,0.1845703125,0.9912109375,0.1826171875,0.00042443585698492825,0.007076130847909369,0.004369369693196833
3,1790,0,task1_initial,MLP,0.99267578125,0.18310546875,0.0,0.0,0.0,0.0,1.0,0.0,0.0
3,1790,0,task1_initial,ChevronSlow,0.990234375,0.18408203125,0.990234375,0.1845703125,0.9921875,0.1826171875,1.0,0.007038285212658845,0.004315097889377142
3,1790,0,task1_initial,IDLGated,0.990234375,0.18505859375,0.990234375,0.18505859375,0.9912109375,0.1826171875,0.0004205958393868059,0.00666284482773966,0.003952381894539406
3,1800,0,task1_initial,MLP,0.98828125,0.18505859375,0.0,0.0,0.0,0.0,1.0,0.0,0.0
3,1800,0,task1_initial,ChevronSlow,0.98974609375,0.18701171875,0.98876953125,0.1865234375,0.99072265625,0.1845703125,1.0,0.006627209591407651,0.0045793269546412
3,1800,0,task1_initial,IDLGated,0.98974609375,0.1865234375,0.98876953125,0.1865234375,0.9912109375,0.18408203125,0.00041736388811841607,0.006312061945761919,0.003856621952814541
3,1810,0,task1_initial,MLP,0.9921875,0.1767578125,0.0,0.0,0.0,0.0,1.0,0.0,0.0
3,1810,0,task1_initial,ChevronSlow,0.99267578125,0.1767578125,0.9921875,0.17578125,0.9931640625,0.18017578125,1.0,0.006240143108928373,0.005269060033328321
3,1810,0,task1_initial,IDLGated,0.99169921875,0.177734375,0.9921875,0.17529296875,0.9921875,0.18017578125,0.0004139939555898309,0.005943401866306302,0.00486019037462654
3,1820,0,task1_initial,MLP,0.9921875,0.17724609375,0.0,0.0,0.0,0.0,1.0,0.0,0.0
3,1820,0,task1_initial,ChevronSlow,0.9912109375,0.177734375,0.99169921875,0.17724609375,0.9921875,0.17919921875,1.0,0.0058785422743574695,0.0047275279346244365
3,1820,0,task1_initial,IDLGated,0.990234375,0.1787109375,0.990234375,0.1787109375,0.9912109375,0.1806640625,0.00041154035716317594,0.005673090925873129,0.004042398302403647
3,1830,0,task1_initial,MLP,0.98876953125,0.18408203125,0.0,0.0,0.0,0.0,1.0,0.0,0.0
3,1830,0,task1_initial,ChevronSlow,0.98681640625,0.18798828125,0.98583984375,0.18896484375,0.99072265625,0.18408203125,1.0,0.0055396426614648065,0.0055571022186009615
3,1830,0,task1_initial,IDLGated,0.98681640625,0.18896484375,0.98583984375,0.18896484375,0.98974609375,0.18505859375,0.0004099098441656679,0.005492567084019382,0.005146317270668739
3,1840,0,task1_initial,MLP,0.9921875,0.18408203125,0.0,0.0,0.0,0.0,1.0,0.0,0.0
3,1840,0,task1_initial,ChevronSlow,0.99267578125,0.18310546875,0.99267578125,0.18359375,0.99169921875,0.18359375,1.0,0.005220931335557821,0.0043024834043341766
3,1840,0,task1_initial,IDLGated,0.9912109375,0.18359375,0.99072265625,0.18408203125,0.9912109375,0.18359375,0.0004076393670402467,0.005240003510847135,0.0039465817511080605
3,1850,0,task1_initial,MLP,0.99462890625,0.1767578125,0.0,0.0,0.0,0.0,1.0,0.0,0.0
3,1850,0,task1_initial,ChevronSlow,0.9921875,0.17431640625,0.9912109375,0.17333984375,0.99365234375,0.1787109375,1.0,0.004915999448396701,0.005410130239725836
3,1850,0,task1_initial,IDLGated,0.99169921875,0.17529296875,0.990234375,0.17333984375,0.99169921875,0.1796875,0.00040490509127266705,0.004933957700895338,0.005031661323570695
3,1860,0,task1_initial,MLP,0.990234375,0.18115234375,0.0,0.0,0.0,0.0,1.0,0.0,0.0
3,1860,0,task1_initial,ChevronSlow,0.98828125,0.1845703125,0.98681640625,0.18408203125,0.9892578125,0.18212890625,1.0,0.0046288773062468525,0.004485742732437026
3,1860,0,task1_initial,IDLGated,0.98681640625,0.18408203125,0.984375,0.18408203125,0.98974609375,0.18212890625,0.00040234712650999427,0.004645786695339218,0.004592150270913785
3,1870,0,task1_initial,MLP,0.99267578125,0.18505859375,0.0,0.0,0.0,0.0,1.0,0.0,0.0
3,1870,0,task1_initial,ChevronSlow,0.99072265625,0.18603515625,0.98974609375,0.18603515625,0.9921875,0.18359375,1.0,0.0043585247193783025,0.004304309114944303
3,1870,0,task1_initial,IDLGated,0.9892578125,0.1865234375,0.98828125,0.18701171875,0.9912109375,0.18408203125,0.00040094598080031574,0.004487133798317342,0.004072610705206941
3,1880,0,task1_initial,MLP,0.994140625,0.17578125,0.0,0.0,0.0,0.0,1.0,0.0,0.0
3,1880,0,task1_initial,ChevronSlow,0.99267578125,0.17626953125,0.99169921875,0.1748046875,0.99267578125,0.17919921875,1.0,0.0041039622510181594,0.005034867832293253
3,1880,0,task1_initial,IDLGated,0.9921875,0.1767578125,0.9921875,0.17529296875,0.99169921875,0.17919921875,0.00040049292147159576,0.004435722631923362,0.004603332157915836
3,1890,0,task1_initial,MLP,0.9892578125,0.17529296875,0.0,0.0,0.0,0.0,1.0,0.0,0.0
3,1890,0,task1_initial,ChevronSlow,0.98974609375,0.177734375,0.98876953125,0.17724609375,0.9912109375,0.17919921875,1.0,0.0038988537294101177,0.004433928224350333
3,1890,0,task1_initial,IDLGated,0.98974609375,0.1787109375,0.98779296875,0.1787109375,0.9912109375,0.1796875,0.00039981392910704017,0.004358577887183363,0.00406626344038948
3,1900,0,task1_initial,MLP,0.9951171875,0.1806640625,0.0,0.0,0.0,0.0,1.0,0.0,0.0
3,1900,0,task1_initial,ChevronSlow,0.9921875,0.181640625,0.9921875,0.181640625,0.9921875,0.181640625,1.0,0.003794266405103101,0.0036780619671528125
3,1900,0,task1_initial,IDLGated,0.9921875,0.181640625,0.9921875,0.181640625,0.99169921875,0.18115234375,0.00039969480712898076,0.00434501703519966,0.0032867621704368946
3,1910,0,task1_initial,MLP,0.9951171875,0.1787109375,0.0,0.0,0.0,0.0,1.0,0.0,0.0
3,1910,0,task1_initial,ChevronSlow,0.994140625,0.1787109375,0.99365234375,0.17822265625,0.99267578125,0.17919921875,1.0,0.0035752311380316208,0.003653130275253043
3,1910,0,task1_initial,IDLGated,0.9921875,0.17919921875,0.99267578125,0.1787109375,0.99169921875,0.17919921875,0.0003977693850174546,0.00412545074047986,0.003147624892210161
3,1920,0,task1_initial,MLP,0.99267578125,0.177734375,0.0,0.0,0.0,0.0,1.0,0.0,0.0
3,1920,0,task1_initial,ChevronSlow,0.9931640625,0.17724609375,0.9921875,0.1767578125,0.9921875,0.1787109375,1.0,0.003366417440266201,0.004215490887567287
3,1920,0,task1_initial,IDLGated,0.99072265625,0.17724609375,0.99072265625,0.17724609375,0.99169921875,0.1787109375,0.0003956673899665475,0.0038845011093063724,0.0034627163475785976
3,1930,0,task1_initial,MLP,0.99267578125,0.18505859375,0.0,0.0,0.0,0.0,1.0,0.0,0.0
3,1930,0,task1_initial,ChevronSlow,0.98779296875,0.18798828125,0.98583984375,0.1904296875,0.99267578125,0.1845703125,1.0,0.0031697996422037794,0.006907146303670986
3,1930,0,task1_initial,IDLGated,0.9873046875,0.1875,0.9853515625,0.1923828125,0.99072265625,0.1845703125,0.00039369810838252306,0.0036576242979081824,0.00639709926783239
3,1940,0,task1_initial,MLP,0.99267578125,0.18408203125,0.0,0.0,0.0,0.0,1.0,0.0,0.0
3,1940,0,task1_initial,ChevronSlow,0.9892578125,0.18603515625,0.98876953125,0.18798828125,0.9921875,0.18408203125,1.0,0.0034713378445049843,0.006061782852526108
3,1940,0,task1_initial,IDLGated,0.98876953125,0.18603515625,0.98779296875,0.1884765625,0.99169921875,0.18408203125,0.0003951523103751242,0.003825279022701543,0.005469821887974153
3,1950,0,task1_initial,MLP,0.99365234375,0.1845703125,0.0,0.0,0.0,0.0,1.0,0.0,0.0
3,1950,0,task1_initial,ChevronSlow,0.99169921875,0.18505859375,0.99072265625,0.18603515625,0.99267578125,0.18310546875,1.0,0.004632067731604185,0.006715082298466753
3,1950,0,task1_initial,IDLGated,0.99072265625,0.18603515625,0.9892578125,0.18701171875,0.99169921875,0.18408203125,0.00040398401324637234,0.00483040113874756,0.006044246389618998
3,1960,0,task1_initial,MLP,0.98681640625,0.18115234375,0.0,0.0,0.0,0.0,1.0,0.0,0.0
3,1960,0,task1_initial,ChevronSlow,0.98583984375,0.18359375,0.9833984375,0.18310546875,0.99072265625,0.18310546875,1.0,0.00646564161329918,0.005659890671678535
3,1960,0,task1_initial,IDLGated,0.98486328125,0.185546875,0.98193359375,0.1845703125,0.990234375,0.18505859375,0.0004194650973659009,0.00654043109485666,0.005120478445706701
3,1970,0,task1_initial,MLP,0.99267578125,0.1806640625,0.0,0.0,0.0,0.0,1.0,0.0,0.0
3,1970,0,task1_initial,ChevronSlow,0.9921875,0.1796875,0.9921875,0.1796875,0.99169921875,0.181640625,1.0,0.007949175184007723,0.004263070400001978
3,1970,0,task1_initial,IDLGated,0.99169921875,0.18017578125,0.9921875,0.17919921875,0.9912109375,0.18212890625,0.00043276409269310534,0.007959775455071455,0.003859195264477442
3,1980,0,task1_initial,MLP,0.99365234375,0.1826171875,0.0,0.0,0.0,0.0,1.0,0.0,0.0
3,1980,0,task1_initial,ChevronSlow,0.99169921875,0.1826171875,0.98974609375,0.1826171875,0.99267578125,0.181640625,1.0,0.008676009207639583,0.005407027318181765
3,1980,0,task1_initial,IDLGated,0.9921875,0.1826171875,0.99072265625,0.18115234375,0.99072265625,0.181640625,0.00043951431871391833,0.008663611611637883,0.004808366628891028
3,1990,0,task1_initial,MLP,0.9931640625,0.18115234375,0.0,0.0,0.0,0.0,1.0,0.0,0.0
3,1990,0,task1_initial,ChevronSlow,0.9931640625,0.181640625,0.9931640625,0.181640625,0.9931640625,0.18115234375,1.0,0.009232883539215754,0.004670106845145488
3,1990,0,task1_initial,IDLGated,0.9921875,0.181640625,0.9921875,0.181640625,0.99072265625,0.181640625,0.00044371854164637625,0.00909652762238054,0.003457993088017302
3,2000,0,task1_initial,MLP,0.99462890625,0.1826171875,0.0,0.0,0.0,0.0,1.0,0.0,0.0
3,2000,0,task1_initial,ChevronSlow,0.9912109375,0.18310546875,0.99169921875,0.18310546875,0.9921875,0.18212890625,1.0,0.009261311951750194,0.004213509781556828
3,2000,0,task1_initial,IDLGated,0.990234375,0.18310546875,0.990234375,0.18408203125,0.99072265625,0.18212890625,0.0004415489383973181,0.008873624965073056,0.003295569742935664
3,2010,0,task1_initial,MLP,0.994140625,0.17822265625,0.0,0.0,0.0,0.0,1.0,0.0,0.0
3,2010,0,task1_initial,ChevronSlow,0.99267578125,0.17724609375,0.9921875,0.17626953125,0.994140625,0.1806640625,1.0,0.008745353583282219,0.004496020499523574
3,2010,0,task1_initial,IDLGated,0.99072265625,0.177734375,0.99169921875,0.17724609375,0.99169921875,0.1796875,0.00043654508772306144,0.00835535513299708,0.003907267072607732
3,2020,0,task1_initial,MLP,0.99560546875,0.17919921875,0.0,0.0,0.0,0.0,1.0,0.0,0.0
3,2020,0,task1_initial,ChevronSlow,0.9931640625,0.1796875,0.9931640625,0.1796875,0.99365234375,0.18115234375,1.0,0.00823457552460917,0.0034160720244091787
3,2020,0,task1_initial,IDLGated,0.9921875,0.1806640625,0.99169921875,0.18017578125,0.99169921875,0.18115234375,0.000431885477155447,0.007867355187229948,0.003020407791343853
3,2030,0,task1_initial,MLP,0.9912109375,0.18359375,0.0,0.0,0.0,0.0,1.0,0.0,0.0
3,2030,0,task1_initial,ChevronSlow,0.9912109375,0.18408203125,0.990234375,0.18505859375,0.9921875,0.18212890625,1.0,0.007753629790351292,0.004412646718256944
3,2030,0,task1_initial,IDLGated,0.990234375,0.185546875,0.9892578125,0.1865234375,0.9921875,0.18359375,0.00042754338937811553,0.007407857195392725,0.0041275508987451345
3,2040,0,task1_initial,MLP,0.99169921875,0.181640625,0.0,0.0,0.0,0.0,1.0,0.0,0.0
3,2040,0,task1_initial,ChevronSlow,0.99169921875,0.1796875,0.9912109375,0.1796875,0.99267578125,0.18017578125,1.0,0.007300774004216368,0.004333132099870428
3,2040,0,task1_initial,IDLGated,0.99169921875,0.18017578125,0.9912109375,0.18017578125,0.9921875,0.18115234375,0.00042349478462710977,0.006975196482345856,0.0036227905449810896
3,2050,0,task1_initial,MLP,0.98974609375,0.1787109375,0.0,0.0,0.0,0.0,1.0,0.0,0.0
3,2050,0,task1_initial,ChevronSlow,0.98583984375,0.18115234375,0.984375,0.18115234375,0.990234375,0.181640625,1.0,0.00687436755453172,0.005108461770772423
3,2050,0,task1_initial,IDLGated,0.98583984375,0.1826171875,0.984375,0.18212890625,0.98974609375,0.1826171875,0.0004197177186142653,0.0065678055993830045,0.0046497206973184204
3,2060,0,task1_initial,MLP,0.99365234375,0.181640625,0.0,0.0,0.0,0.0,1.0,0.0,0.0
3,2060,0,task1_initial,ChevronSlow,0.9912109375,0.1845703125,0.990234375,0.1845703125,0.99169921875,0.18359375,1.0,0.006472865650615462,0.004947834180013499
3,2060,0,task1_initial,IDLGated,0.99072265625,0.185546875,0.9892578125,0.18603515625,0.99072265625,0.18359375,0.0004161920805927366,0.006184208645658034,0.004269779474438792
3,2070,0,task1_initial,MLP,0.994140625,0.18115234375,0.0,0.0,0.0,0.0,1.0,0.0,0.0
3,2070,0,task1_initial,ChevronSlow,0.99072265625,0.181640625,0.990234375,0.181640625,0.9912109375,0.1826171875,1.0,0.0060948137262892685,0.004544909166739249
3,2070,0,task1_initial,IDLGated,0.990234375,0.1826171875,0.98974609375,0.18212890625,0.990234375,0.18359375,0.0004128994478378445,0.005823015921272754,0.004144383179078369
3,2080,0,task1_initial,MLP,0.98876953125,0.1748046875,0.0,0.0,0.0,0.0,1.0,0.0,0.0
3,2080,0,task1_initial,ChevronSlow,0.98388671875,0.17724609375,0.98291015625,0.17578125,0.98974609375,0.17919921875,1.0,0.005738842170257626,0.004849577196427202
3,2080,0,task1_initial,IDLGated,0.9833984375,0.17724609375,0.98193359375,0.17578125,0.98779296875,0.18017578125,0.00040982270729728043,0.005482918892654539,0.004758509541871556
3,2090,0,task1_initial,MLP,0.994140625,0.18115234375,0.0,0.0,0.0,0.0,1.0,0.0,0.0
3,2090,0,task1_initial,ChevronSlow,0.9931640625,0.1826171875,0.9921875,0.18310546875,0.9931640625,0.1806640625,1.0,0.0054601340313786256,0.004314493440129246
3,2090,0,task1_initial,IDLGated,0.99169921875,0.1826171875,0.99072265625,0.18310546875,0.99169921875,0.181640625,0.000407447456382215,0.005218588838743174,0.00405941858669347
3,2100,0,task1_initial,MLP,0.9951171875,0.18017578125,0.0,0.0,0.0,0.0,1.0,0.0,0.0
3,2100,0,task1_initial,ChevronSlow,0.9931640625,0.17822265625,0.9931640625,0.177734375,0.9921875,0.18017578125,1.0,0.005417026510448326,0.003662210007513935
3,2100,0,task1_initial,IDLGated,0.99169921875,0.177734375,0.99169921875,0.17724609375,0.9921875,0.1796875,0.00040732783963903785,0.005205239141015257,0.0033891925162645594
3,2110,0,task1_initial,MLP,0.9912109375,0.17626953125,0.0,0.0,0.0,0.0,1.0,0.0,0.0
3,2110,0,task1_initial,ChevronSlow,0.99072265625,0.1767578125,0.98828125,0.17626953125,0.9912109375,0.17822265625,1.0,0.005169189702013271,0.003965884605300753
3,2110,0,task1_initial,IDLGated,0.98974609375,0.17724609375,0.990234375,0.1767578125,0.9912109375,0.177734375,0.00040512726991437376,0.0049589123064581585,0.00358582793633868
3,2120,0,task1_initial,MLP,0.99462890625,0.18408203125,0.0,0.0,0.0,0.0,1.0,0.0,0.0
3,2120,0,task1_initial,ChevronSlow,0.99072265625,0.18359375,0.98974609375,0.18408203125,0.99267578125,0.18115234375,1.0,0.004881952400098906,0.003926303020196755
3,2120,0,task1_initial,IDLGated,0.990234375,0.185546875,0.98974609375,0.18603515625,0.99267578125,0.181640625,0.00040257119690068066,0.004671095367617429,0.0038282419073269788
3,2130,0,task1_initial,MLP,0.994140625,0.18505859375,0.0,0.0,0.0,0.0,1.0,0.0,0.0
3,2130,0,task1_initial,ChevronSlow,0.99267578125,0.181640625,0.9921875,0.181640625,0.99267578125,0.18115234375,1.0,0.004596818797928316,0.004272653897868833
3,2130,0,task1_initial,IDLGated,0.9921875,0.18310546875,0.9921875,0.18359375,0.9921875,0.181640625,0.00040016320417635143,0.004398277007441666,0.0035156614737819353
3,2140,0,task1_initial,MLP,0.9912109375,0.17626953125,0.0,0.0,0.0,0.0,1.0,0.0,0.0
3,2140,0,task1_initial,ChevronSlow,0.99267578125,0.1767578125,0.9912109375,0.17626953125,0.9931640625,0.17919921875,1.0,0.004346454526620842,0.005489073393717003
3,2140,0,task1_initial,IDLGated,0.9921875,0.1767578125,0.99072265625,0.1767578125,0.9921875,0.17822265625,0.0003980481706093997,0.004157308360029945,0.004261188631326658
3,2150,0,task1_initial,MLP,0.99267578125,0.1767578125,0.0,0.0,0.0,0.0,1.0,0.0,0.0
3,2150,0,task1_initial,ChevronSlow,0.98974609375,0.17919921875,0.98876953125,0.17919921875,0.9912109375,0.1796875,1.0,0.004278931440550467,0.004954546860724162
3,2150,0,task1_initial,IDLGated,0.9892578125,0.18017578125,0.98828125,0.1796875,0.9912109375,0.18017578125,0.0003970843681599945,0.004047062525106907,0.00395988806766295
3,2160,0,task1_initial,MLP,0.99462890625,0.18115234375,0.0,0.0,0.0,0.0,1.0,0.0,0.0
3,2160,0,task1_initial,ChevronSlow,0.9921875,0.18310546875,0.9912109375,0.18359375,0.9921875,0.1806640625,1.0,0.004046262806355503,0.005085769477091567
3,2160,0,task1_initial,IDLGated,0.9912109375,0.18310546875,0.9912109375,0.1845703125,0.99169921875,0.181640625,0.00039502556319348514,0.0038106912085881387,0.004513339463464558
3,2170,0,task1_initial,MLP,0.99609375,0.1826171875,0.0,0.0,0.0,0.0,1.0,0.0,0.0
3,2170,0,task1_initial,ChevronSlow,0.9921875,0.18212890625,0.99169921875,0.18212890625,0.9921875,0.1806640625,1.0,0.003809938197930059,0.003649170480246466
3,2170,0,task1_initial,IDLGated,0.99169921875,0.18212890625,0.9912109375,0.18310546875,0.9912109375,0.181640625,0.0003930969687644392,0.003588125312402317,0.0031975196203140356
3,2180,0,task1_initial,MLP,0.99462890625,0.18408203125,0.0,0.0,0.0,0.0,1.0,0.0,0.0
3,2180,0,task1_initial,ChevronSlow,0.990234375,0.18408203125,0.98974609375,0.18408203125,0.9931640625,0.18115234375,1.0,0.003587416281821021,0.003849684299845054
3,2180,0,task1_initial,IDLGated,0.9892578125,0.1845703125,0.9892578125,0.1845703125,0.9921875,0.18212890625,0.0003912894462700933,0.0033785585220042743,0.003287415491922084
3,2190,0,task1_initial,MLP,0.99365234375,0.185546875,0.0,0.0,0.0,0.0,1.0,0.0,0.0
3,2190,0,task1_initial,ChevronSlow,0.99169921875,0.18505859375,0.9912109375,0.18603515625,0.9912109375,0.18310546875,1.0,0.0033778909028147996,0.0038337642174019375
3,2190,0,task1_initial,IDLGated,0.990234375,0.18603515625,0.990234375,0.18603515625,0.99169921875,0.18408203125,0.0003895951376762241,0.0031812316161737896,0.0035442325094611877
3,2200,0,end_task1,MLP,0.99462890625,0.1826171875,0.0,0.0,0.0,0.0,1.0,0.0,0.0
3,2200,0,end_task1,ChevronSlow,0.99365234375,0.1806640625,0.994140625,0.18115234375,0.9931640625,0.18115234375,1.0,0.0031806029897168886,0.0034257216478114317
3,2200,0,end_task1,IDLGated,0.9921875,0.181640625,0.9921875,0.1806640625,0.9921875,0.181640625,0.000388006359571591,0.002995429716499343,0.002987656771364791
3,2210,0,task2,MLP,0.93505859375,0.23486328125,0.0,0.0,0.0,0.0,1.0,0.0,0.0
3,2210,0,task2,ChevronSlow,0.8720703125,0.29052734375,0.8134765625,0.36572265625,0.96533203125,0.208984375,1.0,0.005634844722544531,0.06162592245294501
3,2210,0,task2,IDLGated,0.90869140625,0.24658203125,0.841796875,0.32421875,0.99169921875,0.181640625,0.00042180882883258164,0.006793799704461412,0.08458298309896702
3,2220,0,task2,MLP,0.06982421875,0.81591796875,0.0,0.0,0.0,0.0,1.0,0.0,0.0
3,2220,0,task2,ChevronSlow,0.06982421875,0.796875,0.05517578125,0.7978515625,0.9228515625,0.25244140625,1.0,0.029631724800143214,0.11520334012535553
3,2220,0,task2,IDLGated,0.0908203125,0.775390625,0.05224609375,0.80224609375,0.9921875,0.1806640625,0.0008951723575592041,0.04101824872811641,0.1680799211179526
3,2230,0,task2,MLP,0.06591796875,0.814453125,0.0,0.0,0.0,0.0,1.0,0.0,0.0
3,2230,0,task2,ChevronSlow,0.0595703125,0.8232421875,0.0517578125,0.8193359375,0.87451171875,0.298828125,1.0,0.08324195915750046,0.13348542112979395
3,2230,0,task2,IDLGated,0.0771484375,0.8251953125,0.044921875,0.83642578125,0.9921875,0.1806640625,0.005058052018284798,0.1199225895190529,0.2054344218457863
3,2240,0,task2,MLP,0.0654296875,0.8310546875,0.0,0.0,0.0,0.0,1.0,0.0,0.0
3,2240,0,task2,ChevronSlow,0.12646484375,0.83447265625,0.087890625,0.837890625,0.84765625,0.32080078125,1.0,0.15613172815703133,0.13917398310263504
3,2240,0,task2,IDLGated,0.1591796875,0.84375,0.11767578125,0.8525390625,0.99267578125,0.18115234375,0.057860903441905975,0.2331767701439517,0.2212167780876618
3,2250,0,task2,MLP,0.0869140625,0.83349609375,0.0,0.0,0.0,0.0,1.0,0.0,0.0
3,2250,0,task2,ChevronSlow,0.1728515625,0.84619140625,0.119140625,0.84326171875,0.84228515625,0.33251953125,1.0,0.2349339417588994,0.14542519547652988
3,2250,0,task2,IDLGated,0.18896484375,0.85205078125,0.14111328125,0.85595703125,0.99072265625,0.18310546875,0.5255748629570007,0.364654037579423,0.22545444451970667
3,2260,0,task2,MLP,0.125,0.837890625,0.0,0.0,0.0,0.0,1.0,0.0,0.0
3,2260,0,task2,ChevronSlow,0.1669921875,0.84716796875,0.1103515625,0.8447265625,0.8369140625,0.34326171875,1.0,0.3120001743123574,0.15380793627138648
3,2260,0,task2,IDLGated,0.1669921875,0.861328125,0.12353515625,0.86572265625,0.9833984375,0.19140625,0.958922803401947,0.5031980943688037,0.22405037004536865
3,2270,0,task2,MLP,0.1240234375,0.8486328125,0.0,0.0,0.0,0.0,1.0,0.0,0.0
3,2270,0,task2,ChevronSlow,0.1552734375,0.861328125,0.07421875,0.8447265625,0.8310546875,0.35595703125,1.0,0.3862133959415577,0.16092992385937163
3,2270,0,task2,IDLGated,0.14990234375,0.8759765625,0.09814453125,0.86865234375,0.97314453125,0.2021484375,0.9980006814002991,0.642405632231967,0.22264608472249695
3,2280,0,task2,MLP,0.091796875,0.85205078125,0.0,0.0,0.0,0.0,1.0,0.0,0.0
3,2280,0,task2,ChevronSlow,0.13720703125,0.86962890625,0.05078125,0.84521484375,0.814453125,0.36767578125,1.0,0.4572250544136655,0.1643743756811919
3,2280,0,task2,IDLGated,0.140625,0.876953125,0.09765625,0.8662109375,0.966796875,0.20849609375,0.9998964071273804,0.7770272985087384,0.2200184450704577
3,2290,0,task2,MLP,0.10009765625,0.865234375,0.0,0.0,0.0,0.0,1.0,0.0,0.0
3,2290,0,task2,ChevronSlow,0.14990234375,0.8779296875,0.0576171875,0.85107421875,0.7939453125,0.38720703125,1.0,0.5251542484998108,0.16748713321050113
3,2290,0,task2,IDLGated,0.154296875,0.89453125,0.10107421875,0.8818359375,0.953125,0.22412109375,0.9999935626983643,0.9034336072714869,0.22136935004742714
3,2300,0,task2,MLP,0.1103515625,0.876953125,0.0,0.0,0.0,0.0,1.0,0.0,0.0
3,2300,0,task2,ChevronSlow,0.1640625,0.8916015625,0.06689453125,0.85986328125,0.77587890625,0.4072265625,1.0,0.5883221575011338,0.17093152659421784
3,2300,0,task2,IDLGated,0.15478515625,0.9072265625,0.10595703125,0.89111328125,0.9404296875,0.24072265625,0.9999995231628418,1.0181822099605071,0.22248956293375804
3,2310,0,task2,MLP,0.1103515625,0.8876953125,0.0,0.0,0.0,0.0,1.0,0.0,0.0
3,2310,0,task2,ChevronSlow,0.15869140625,0.8984375,0.064453125,0.8642578125,0.7470703125,0.42724609375,1.0,0.6462296090218782,0.17340865563377936
3,2310,0,task2,IDLGated,0.14501953125,0.92041015625,0.0986328125,0.888671875,0.9267578125,0.2548828125,1.0,1.1215178640727645,0.2225694754110939
3,2320,0,task2,MLP,0.119140625,0.892578125,0.0,0.0,0.0,0.0,1.0,0.0,0.0
3,2320,0,task2,ChevronSlow,0.1650390625,0.9140625,0.0703125,0.865234375,0.70849609375,0.4677734375,1.0,0.6993926157631405,0.17462922894578087
3,2320,0,task2,IDLGated,0.15771484375,0.92431640625,0.11376953125,0.89404296875,0.9208984375,0.26220703125,1.0,1.214253547841961,0.22294268755008284
3,2330,0,task2,MLP,0.12109375,0.8984375,0.0,0.0,0.0,0.0,1.0,0.0,0.0
3,2330,0,task2,ChevronSlow,0.16845703125,0.92041015625,0.07666015625,0.86865234375,0.58837890625,0.587890625,1.0,0.7486081937684627,0.17656043734401947
3,2330,0,task2,IDLGated,0.16259765625,0.93408203125,0.1181640625,0.8994140625,0.9150390625,0.26953125,1.0,1.2982416621334665,0.2228453728937083
3,2340,0,task2,MLP,0.1220703125,0.900390625,0.0,0.0,0.0,0.0,1.0,0.0,0.0
3,2340,0,task2,ChevronSlow,0.16943359375,0.9267578125,0.07568359375,0.87744140625,0.544921875,0.62109375,1.0,0.7934548469052752,0.1782678765742858
3,2340,0,task2,IDLGated,0.154296875,0.9384765625,0.11767578125,0.90283203125,0.91259765625,0.275390625,1.0,1.3734339745747695,0.22179466634161837
3,2350,0,task2,MLP,0.13427734375,0.9130859375,0.0,0.0,0.0,0.0,1.0,0.0,0.0
3,2350,0,task2,ChevronSlow,0.1796875,0.93603515625,0.0869140625,0.8916015625,0.5234375,0.64208984375,1.0,0.8339588801471917,0.18058456397943703
3,2350,0,task2,IDLGated,0.16748046875,0.94482421875,0.1298828125,0.92529296875,0.90966796875,0.279296875,1.0,1.4389955574816955,0.22332417485371797
3,2360,0,task2,MLP,0.150390625,0.92626953125,0.0,0.0,0.0,0.0,1.0,0.0,0.0
3,2360,0,task2,ChevronSlow,0.193359375,0.9423828125,0.1103515625,0.90234375,0.51318359375,0.65478515625,1.0,0.8702886228902571,0.18042613707066033
3,2360,0,task2,IDLGated,0.1796875,0.9501953125,0.138671875,0.93017578125,0.90966796875,0.28076171875,1.0,1.4957951800233333,0.22245527782562338
3,2370,0,task2,MLP,0.1416015625,0.927734375,0.0,0.0,0.0,0.0,1.0,0.0,0.0
3,2370,0,task2,ChevronSlow,0.1875,0.9482421875,0.10986328125,0.90576171875,0.4931640625,0.681640625,1.0,0.9019894250161883,0.18035364226249398
3,2370,0,task2,IDLGated,0.1748046875,0.9560546875,0.1396484375,0.93408203125,0.9091796875,0.283203125,1.0,1.5442681311334423,0.2207526435989443
3,2380,0,task2,MLP,0.13916015625,0.92724609375,0.0,0.0,0.0,0.0,1.0,0.0,0.0
3,2380,0,task2,ChevronSlow,0.1748046875,0.94677734375,0.1044921875,0.90283203125,0.4365234375,0.73388671875,1.0,0.9292158662101239,0.18037395852038632
3,2380,0,task2,IDLGated,0.1640625,0.95166015625,0.13525390625,0.9365234375,0.904296875,0.287109375,1.0,1.583808114714609,0.2190525474291391
3,2390,0,task2,MLP,0.15234375,0.93359375,0.0,0.0,0.0,0.0,1.0,0.0,0.0
3,2390,0,task2,ChevronSlow,0.17822265625,0.95068359375,0.11767578125,0.91064453125,0.4140625,0.7548828125,1.0,0.9525762687708034,0.18010421483927466
3,2390,0,task2,IDLGated,0.169921875,0.95947265625,0.1474609375,0.939453125,0.89990234375,0.2939453125,1.0,1.6144251806744643,0.21834227518516144
3,2400,0,task2,MLP,0.16455078125,0.9375,0.0,0.0,0.0,0.0,1.0,0.0,0.0
3,2400,0,task2,ChevronSlow,0.18359375,0.9521484375,0.1279296875,0.9189453125,0.40625,0.7646484375,1.0,0.9716185886222286,0.17955904878897597
3,2400,0,task2,IDLGated,0.173828125,0.9521484375,0.14990234375,0.9384765625,0.89111328125,0.3017578125,1.0,1.6376527193443362,0.21674783147855328
3,2410,0,task2,MLP,0.1669921875,0.94482421875,0.0,0.0,0.0,0.0,1.0,0.0,0.0
3,2410,0,task2,ChevronSlow,0.18017578125,0.958984375,0.130859375,0.9296875,0.3857421875,0.78173828125,1.0,0.9857505572829304,0.1810361975007365
3,2410,0,task2,IDLGated,0.177734375,0.9599609375,0.15625,0.94775390625,0.87646484375,0.32568359375,1.0,1.6537458872299438,0.2162180864827161
3,2420,0,end_task2,MLP,0.16259765625,0.95166015625,0.0,0.0,0.0,0.0,1.0,0.0,0.0
3,2420,0,end_task2,ChevronSlow,0.17333984375,0.96337890625,0.1298828125,0.93115234375,0.37158203125,0.79736328125,1.0,0.997040896487157,0.1832982666058881
3,2420,0,end_task2,IDLGated,0.1708984375,0.96435546875,0.150390625,0.9521484375,0.78271484375,0.404296875,1.0,1.6640088908145871,0.21630860585016445
3,2430,10,task1_return,MLP,0.4638671875,0.71142578125,0.0,0.0,0.0,0.0,1.0,0.0,0.0
3,2430,10,task1_return,ChevronSlow,0.3837890625,0.798828125,0.34326171875,0.86083984375,0.5302734375,0.63330078125,1.0,1.0021157117054513,0.12055256563448023
3,2430,10,task1_return,IDLGated,0.55615234375,0.619140625,0.443359375,0.74169921875,0.9306640625,0.2587890625,1.0,1.6648828529182058,0.136539380071095
3,2440,20,task1_return,MLP,0.95361328125,0.22265625,0.0,0.0,0.0,0.0,1.0,0.0,0.0
3,2440,20,task1_return,ChevronSlow,0.85791015625,0.3388671875,0.875,0.32080078125,0.72607421875,0.44921875,1.0,0.9923592016239952,0.1003106725986482
3,2440,20,task1_return,IDLGated,0.96533203125,0.2060546875,0.9658203125,0.20849609375,0.94287109375,0.20556640625,1.0,1.6424014708208365,0.09499458378499213
3,2450,30,task1_return,MLP,0.98681640625,0.18408203125,0.0,0.0,0.0,0.0,1.0,0.0,0.0
3,2450,30,task1_return,ChevronSlow,0.958984375,0.19677734375,0.94677734375,0.18505859375,0.91015625,0.27392578125,1.0,0.9710475615750717,0.08837641583569068
3,2450,30,task1_return,IDLGated,0.97265625,0.1806640625,0.97705078125,0.1787109375,0.9619140625,0.18505859375,1.0,1.5925496195904818,0.06832403265193618
3,2460,40,task1_return,MLP,0.96875,0.1630859375,0.0,0.0,0.0,0.0,1.0,0.0,0.0
3,2460,40,task1_return,ChevronSlow,0.9755859375,0.17822265625,0.9658203125,0.16796875,0.9423828125,0.2294921875,1.0,0.9456335414835271,0.06762161805038577
3,2460,40,task1_return,IDLGated,0.98974609375,0.177734375,0.98828125,0.17724609375,0.9814453125,0.181640625,1.0,1.5236933998452058,0.046521642397109576
3,2470,50,task1_return,MLP,0.98681640625,0.17041015625,0.0,0.0,0.0,0.0,1.0,0.0,0.0
3,2470,50,task1_return,ChevronSlow,0.984375,0.1845703125,0.98388671875,0.17919921875,0.95751953125,0.2158203125,1.0,0.9155182917649596,0.04759353160949408
3,2470,50,task1_return,IDLGated,0.99072265625,0.18310546875,0.9892578125,0.1845703125,0.98876953125,0.181640625,1.0,1.443315926404046,0.029685360823122047
3,2480,60,task1_return,MLP,0.9912109375,0.18115234375,0.0,0.0,0.0,0.0,1.0,0.0,0.0
3,2480,60,task1_return,ChevronSlow,0.984375,0.18701171875,0.98583984375,0.1826171875,0.96630859375,0.20654296875,1.0,0.8798406760251917,0.0342655249430021
3,2480,60,task1_return,IDLGated,0.990234375,0.18408203125,0.98974609375,0.1845703125,0.990234375,0.18115234375,1.0,1.3592390410151896,0.018631913967136215
3,2490,70,task1_return,MLP,0.99169921875,0.18701171875,0.0,0.0,0.0,0.0,1.0,0.0,0.0
3,2490,70,task1_return,ChevronSlow,0.9853515625,0.1875,0.986328125,0.18359375,0.97265625,0.20166015625,1.0,0.8393887426722604,0.0252965998645446
3,2490,70,task1_return,IDLGated,0.99072265625,0.18408203125,0.99169921875,0.1845703125,0.98828125,0.18310546875,1.0,1.2798518016050495,0.01177486719305636
3,2500,80,task1_return,MLP,0.98583984375,0.18408203125,0.0,0.0,0.0,0.0,1.0,0.0,0.0
3,2500,80,task1_return,ChevronSlow,0.97900390625,0.189453125,0.9775390625,0.1884765625,0.982421875,0.19482421875,1.0,0.7956807687439962,0.020535451427408126
3,2500,80,task1_return,IDLGated,0.98291015625,0.1865234375,0.9794921875,0.18701171875,0.98828125,0.1826171875,1.0,1.205101225497676,0.009137513783610524
3,2510,90,task1_return,MLP,0.99267578125,0.181640625,0.0,0.0,0.0,0.0,1.0,0.0,0.0
3,2510,90,task1_return,ChevronSlow,0.9873046875,0.1884765625,0.98583984375,0.18701171875,0.9833984375,0.19189453125,1.0,0.7506268899810129,0.016120987712104958
3,2510,90,task1_return,IDLGated,0.98876953125,0.185546875,0.98876953125,0.185546875,0.99072265625,0.18408203125,1.0,1.1347165053600148,0.006557101437233724
3,2520,100,task1_return,MLP,0.99267578125,0.18408203125,0.0,0.0,0.0,0.0,1.0,0.0,0.0
3,2520,100,task1_return,ChevronSlow,0.98828125,0.1845703125,0.98828125,0.18310546875,0.98291015625,0.1904296875,1.0,0.7067860387219842,0.013402970206069186
3,2520,100,task1_return,IDLGated,0.98974609375,0.18408203125,0.99072265625,0.1845703125,0.98974609375,0.18408203125,0.9999998807907104,1.0684426505372662,0.0056364174178454365
3,2530,110,task1_return,MLP,0.99267578125,0.18017578125,0.0,0.0,0.0,0.0,1.0,0.0,0.0
3,2530,110,task1_return,ChevronSlow,0.98974609375,0.18017578125,0.99169921875,0.17919921875,0.98583984375,0.18603515625,1.0,0.6655057408680766,0.012439020305242838
3,2530,110,task1_return,IDLGated,0.9892578125,0.1806640625,0.9892578125,0.1787109375,0.9892578125,0.18310546875,0.9999992847442627,1.0060395632695138,0.006056440874562465
3,2540,120,task1_return,MLP,0.99267578125,0.177734375,0.0,0.0,0.0,0.0,1.0,0.0,0.0
3,2540,120,task1_return,ChevronSlow,0.99072265625,0.17822265625,0.98876953125,0.17626953125,0.98681640625,0.1826171875,1.0,0.6266364456338422,0.012500236441418561
3,2540,120,task1_return,IDLGated,0.9912109375,0.177734375,0.98974609375,0.177734375,0.98974609375,0.181640625,0.9999974966049194,0.9472811688625237,0.006543225103725957
3,2550,130,task1_return,MLP,0.98974609375,0.17822265625,0.0,0.0,0.0,0.0,1.0,0.0,0.0
3,2550,130,task1_return,ChevronSlow,0.986328125,0.1806640625,0.98583984375,0.1796875,0.98876953125,0.181640625,1.0,0.5900373368446348,0.010497127114261337
3,2550,130,task1_return,IDLGated,0.986328125,0.181640625,0.98583984375,0.181640625,0.98974609375,0.18115234375,0.999991774559021,0.8919545966614781,0.00558310069550909
3,2560,140,task1_return,MLP,0.9912109375,0.18310546875,0.0,0.0,0.0,0.0,1.0,0.0,0.0
3,2560,140,task1_return,ChevronSlow,0.98828125,0.1865234375,0.98828125,0.1865234375,0.98876953125,0.18603515625,1.0,0.5555758227859879,0.009098745976929093
3,2560,140,task1_return,IDLGated,0.98876953125,0.18603515625,0.98828125,0.1875,0.99072265625,0.18408203125,0.9999740123748779,0.8398594088604765,0.004993969470845326
3,2570,150,task1_return,MLP,0.9912109375,0.1787109375,0.0,0.0,0.0,0.0,1.0,0.0,0.0
3,2570,150,task1_return,ChevronSlow,0.98681640625,0.17919921875,0.98681640625,0.17822265625,0.98974609375,0.18212890625,1.0,0.5231270558486765,0.008760108472056091
3,2570,150,task1_return,IDLGated,0.98828125,0.17919921875,0.98779296875,0.177734375,0.9892578125,0.1806640625,0.9999234676361084,0.7908068743539134,0.005751484829803281
3,2580,160,task1_return,MLP,0.99169921875,0.1767578125,0.0,0.0,0.0,0.0,1.0,0.0,0.0
3,2580,160,task1_return,ChevronSlow,0.98876953125,0.177734375,0.98828125,0.17724609375,0.98974609375,0.18017578125,1.0,0.492573480229216,0.008197458937449163
3,2580,160,task1_return,IDLGated,0.9892578125,0.177734375,0.98974609375,0.17724609375,0.98974609375,0.1806640625,0.9997885823249817,0.744619284999042,0.004893380566779764
3,2590,170,task1_return,MLP,0.994140625,0.18017578125,0.0,0.0,0.0,0.0,1.0,0.0,0.0
3,2590,170,task1_return,ChevronSlow,0.990234375,0.18212890625,0.98974609375,0.1826171875,0.98974609375,0.18212890625,1.0,0.46380440604721157,0.007248722244541992
3,2590,170,task1_return,IDLGated,0.9912109375,0.18408203125,0.99169921875,0.18408203125,0.990234375,0.18212890625,0.9994499087333679,0.7011293118126657,0.0037497786090048596
3,2600,180,task1_return,MLP,0.9912109375,0.185546875,0.0,0.0,0.0,0.0,1.0,0.0,0.0
3,2600,180,task1_return,ChevronSlow,0.98779296875,0.1865234375,0.98779296875,0.1884765625,0.98974609375,0.18359375,1.0,0.4367156083366576,0.007340908008095366
3,2600,180,task1_return,IDLGated,0.98779296875,0.1875,0.9873046875,0.1875,0.99169921875,0.18505859375,0.9986467957496643,0.6601793987695802,0.004347869251745277
3,2610,190,task1_return,MLP,0.9921875,0.18505859375,0.0,0.0,0.0,0.0,1.0,0.0,0.0
3,2610,190,task1_return,ChevronSlow,0.99169921875,0.18408203125,0.99072265625,0.18359375,0.990234375,0.18359375,1.0,0.4112089494584127,0.006034035918341983
3,2610,190,task1_return,IDLGated,0.99169921875,0.1845703125,0.99072265625,0.1845703125,0.99169921875,0.18408203125,0.9968452453613281,0.6216211920066115,0.0030900299745528245
3,2620,200,task1_return,MLP,0.99365234375,0.1826171875,0.0,0.0,0.0,0.0,1.0,0.0,0.0
3,2620,200,task1_return,ChevronSlow,0.99267578125,0.18017578125,0.99365234375,0.17919921875,0.99169921875,0.181640625,1.0,0.38719202356591803,0.005986698955454682
3,2620,200,task1_return,IDLGated,0.99169921875,0.1806640625,0.99169921875,0.1806640625,0.990234375,0.18310546875,0.9930145740509033,0.5853150023643626,0.0036546477585051285
3,2630,210,task1_return,MLP,0.994140625,0.17724609375,0.0,0.0,0.0,0.0,1.0,0.0,0.0
3,2630,210,task1_return,ChevronSlow,0.99072265625,0.17626953125,0.99072265625,0.17578125,0.99169921875,0.18017578125,1.0,0.36457782183612775,0.0064649307335574654
3,2630,210,task1_return,IDLGated,0.99072265625,0.17724609375,0.99072265625,0.1767578125,0.990234375,0.18115234375,0.9852963089942932,0.5511292993195608,0.004080063584519099
3,2640,220,task1_return,MLP,0.9912109375,0.18603515625,0.0,0.0,0.0,0.0,1.0,0.0,0.0
3,2640,220,task1_return,ChevronSlow,0.98974609375,0.18603515625,0.9892578125,0.18798828125,0.99169921875,0.18310546875,1.0,0.34328441725284303,0.0050902835998099475
3,2640,220,task1_return,IDLGated,0.9873046875,0.19091796875,0.98681640625,0.19091796875,0.99169921875,0.18505859375,0.9705933332443237,0.5189402344746115,0.0038267387343612408
3,2650,230,task1_return,MLP,0.994140625,0.18212890625,0.0,0.0,0.0,0.0,1.0,0.0,0.0
3,2650,230,task1_return,ChevronSlow,0.9931640625,0.18115234375,0.9931640625,0.18017578125,0.99267578125,0.1806640625,1.0,0.32323466780048205,0.0044646520035379385
3,2650,230,task1_return,IDLGated,0.9921875,0.1806640625,0.9912109375,0.18017578125,0.990234375,0.1826171875,0.944269597530365,0.48863119287805684,0.003368431505975711
3,2660,240,task1_return,MLP,0.99462890625,0.17724609375,0.0,0.0,0.0,0.0,1.0,0.0,0.0
3,2660,240,task1_return,ChevronSlow,0.9931640625,0.17919921875,0.9931640625,0.1787109375,0.9931640625,0.1806640625,1.0,0.3043559369930087,0.0042532972650265975
3,2660,240,task1_return,IDLGated,0.9921875,0.1787109375,0.99169921875,0.177734375,0.99072265625,0.18017578125,0.9004318714141846,0.46009237055045477,0.003334322279015093
3,2670,250,task1_return,MLP,0.99365234375,0.177734375,0.0,0.0,0.0,0.0,1.0,0.0,0.0
3,2670,250,task1_return,ChevronSlow,0.9931640625,0.177734375,0.99267578125,0.17724609375,0.9921875,0.18017578125,1.0,0.2865798307255524,0.0042021954625396625
3,2670,250,task1_return,IDLGated,0.99169921875,0.177734375,0.9921875,0.17724609375,0.99072265625,0.1796875,0.8335291147232056,0.43322037668513164,0.0034119127061235225
3,2680,260,end_return,MLP,0.9931640625,0.181640625,0.0,0.0,0.0,0.0,1.0,0.0,0.0
3,2680,260,end_return,ChevronSlow,0.9931640625,0.18017578125,0.9931640625,0.18017578125,0.9931640625,0.1806640625,1.0,0.26984194949537904,0.004122752113359533
3,2680,260,end_return,IDLGated,0.9912109375,0.18212890625,0.990234375,0.1826171875,0.99169921875,0.18115234375,0.7415792346000671,0.40791785908265993,0.003204577310438995
4,0,0,task1_initial,MLP,0.2958984375,0.5830078125,0.0,0.0,0.0,0.0,1.0,0.0,0.0
4,0,0,task1_initial,ChevronSlow,0.5009765625,0.587890625,0.5009765625,0.587890625,0.5009765625,0.587890625,1.0,0.0,0.0
4,0,0,task1_initial,IDLGated,0.3486328125,0.78564453125,0.3486328125,0.78564453125,0.3486328125,0.78564453125,1.0,0.0,0.0
4,10,0,task1_initial,MLP,0.7998046875,0.25390625,0.0,0.0,0.0,0.0,1.0,0.0,0.0
4,10,0,task1_initial,ChevronSlow,0.81103515625,0.17041015625,0.8134765625,0.166015625,0.7490234375,0.2822265625,1.0,0.0005433633825410967,0.017343378782788417
4,10,0,task1_initial,IDLGated,0.92724609375,0.2626953125,0.9267578125,0.24951171875,0.779296875,0.3642578125,0.0003668437129817903,0.00044509708664080725,0.01787482475133195
4,20,0,task1_initial,MLP,0.86083984375,0.21484375,0.0,0.0,0.0,0.0,1.0,0.0,0.0
4,20,0,task1_initial,ChevronSlow,0.826171875,0.15478515625,0.830078125,0.1552734375,0.8076171875,0.17529296875,1.0,0.003308462822412887,0.02639733026483199
4,20,0,task1_initial,IDLGated,0.92431640625,0.2392578125,0.92431640625,0.236328125,0.92529296875,0.26904296875,0.0003881417796947062,0.0030112785234179223,0.02826103114590905
4,30,0,task1_initial,MLP,0.9208984375,0.208984375,0.0,0.0,0.0,0.0,1.0,0.0,0.0
4,30,0,task1_initial,ChevronSlow,0.869140625,0.1728515625,0.87255859375,0.173828125,0.8369140625,0.1796875,1.0,0.00905556684583066,0.031430756255450894
4,30,0,task1_initial,IDLGated,0.93017578125,0.2333984375,0.9306640625,0.23193359375,0.92626953125,0.25244140625,0.00044123167754150927,0.00884095830922345,0.03475192919112335
4,40,0,task1_initial,MLP,0.9384765625,0.212890625,0.0,0.0,0.0,0.0,1.0,0.0,0.0
4,40,0,task1_initial,ChevronSlow,0.8974609375,0.18017578125,0.90185546875,0.18017578125,0.86572265625,0.17431640625,1.0,0.0177763913490382,0.0345765726533865
4,40,0,task1_initial,IDLGated,0.93017578125,0.234375,0.9306640625,0.2333984375,0.92822265625,0.2490234375,0.000541722634807229,0.018172055100438962,0.03827720613583043
4,50,0,task1_initial,MLP,0.923828125,0.2177734375,0.0,0.0,0.0,0.0,1.0,0.0,0.0
4,50,0,task1_initial,ChevronSlow,0.8916015625,0.1865234375,0.89501953125,0.189453125,0.8662109375,0.17236328125,1.0,0.029296882492939977,0.03591554324042369
4,50,0,task1_initial,IDLGated,0.92431640625,0.2275390625,0.92431640625,0.224609375,0.92578125,0.2451171875,0.0007138592773117125,0.030722244925256166,0.03896268170954547
4,60,0,task1_initial,MLP,0.93701171875,0.21533203125,0.0,0.0,0.0,0.0,1.0,0.0,0.0
4,60,0,task1_initial,ChevronSlow,0.91259765625,0.19091796875,0.91552734375,0.19384765625,0.89111328125,0.1806640625,1.0,0.04308526025354143,0.03570439133234242
4,60,0,task1_initial,IDLGated,0.93359375,0.21923828125,0.9326171875,0.2177734375,0.92919921875,0.2421875,0.0009918436408042908,0.04568396500930945,0.03797405969434865
4,70,0,task1_initial,MLP,0.943359375,0.216796875,0.0,0.0,0.0,0.0,1.0,0.0,0.0
4,70,0,task1_initial,ChevronSlow,0.923828125,0.19873046875,0.92431640625,0.2001953125,0.90673828125,0.1865234375,1.0,0.0583141421685959,0.0346629632003987
4,70,0,task1_initial,IDLGated,0.93359375,0.22509765625,0.93408203125,0.22314453125,0.93212890625,0.2353515625,0.0014207134954631329,0.06203752992413927,0.03586277892744644
4,80,0,task1_initial,MLP,0.9375,0.20751953125,0.0,0.0,0.0,0.0,1.0,0.0,0.0
4,80,0,task1_initial,ChevronSlow,0.91748046875,0.2001953125,0.91845703125,0.20166015625,0.90576171875,0.18798828125,1.0,0.07409970403788023,0.03339348705234851
4,80,0,task1_initial,IDLGated,0.9296875,0.2138671875,0.9306640625,0.212890625,0.93212890625,0.23046875,0.0020481483079493046,0.07869232037320845,0.033385562642623635
4,90,0,task1_initial,MLP,0.93994140625,0.21142578125,0.0,0.0,0.0,0.0,1.0,0.0,0.0
4,90,0,task1_initial,ChevronSlow,0.927734375,0.20556640625,0.927734375,0.20751953125,0.9130859375,0.19384765625,1.0,0.08995009975900237,0.031959580984995115
4,90,0,task1_initial,IDLGated,0.93505859375,0.22119140625,0.935546875,0.21826171875,0.93310546875,0.22998046875,0.0029284704942256212,0.09498443186577443,0.031115422982254656
4,100,0,task1_initial,MLP,0.94189453125,0.2158203125,0.0,0.0,0.0,0.0,1.0,0.0,0.0
4,100,0,task1_initial,ChevronSlow,0.92626953125,0.20849609375,0.9267578125,0.2119140625,0.919921875,0.1962890625,1.0,0.10543602557522257,0.03008250877899787
4,100,0,task1_initial,IDLGated,0.93408203125,0.2236328125,0.93408203125,0.22119140625,0.9326171875,0.23046875,0.0041090319864451885,0.1104340761771775,0.02855340537145425
4,110,0,task1_initial,MLP,0.93994140625,0.205078125,0.0,0.0,0.0,0.0,1.0,0.0,0.0
4,110,0,task1_initial,ChevronSlow,0.92626953125,0.2041015625,0.92578125,0.2041015625,0.919921875,0.19677734375,1.0,0.11995281035702147,0.027518126190469866
4,110,0,task1_initial,IDLGated,0.9326171875,0.21240234375,0.93212890625,0.21044921875,0.9326171875,0.21923828125,0.0055910623632371426,0.12450094691187555,0.02572283771835527
4,120,0,task1_initial,MLP,0.9423828125,0.205078125,0.0,0.0,0.0,0.0,1.0,0.0,0.0
4,120,0,task1_initial,ChevronSlow,0.92822265625,0.20068359375,0.92919921875,0.20166015625,0.92578125,0.1982421875,1.0,0.1331444240172809,0.025063392601884702
4,120,0,task1_initial,IDLGated,0.93408203125,0.21044921875,0.93408203125,0.208984375,0.93408203125,0.2158203125,0.0073203593492507935,0.13682961751429742,0.02326623188660092
4,130,0,task1_initial,MLP,0.9462890625,0.2021484375,0.0,0.0,0.0,0.0,1.0,0.0,0.0
4,130,0,task1_initial,ChevronSlow,0.93017578125,0.203125,0.9306640625,0.205078125,0.9287109375,0.19970703125,1.0,0.14473488839691268,0.02307233262282062
4,130,0,task1_initial,IDLGated,0.9345703125,0.21044921875,0.9345703125,0.208984375,0.935546875,0.2138671875,0.00918841827660799,0.14724633178910448,0.021195432631567562
4,140,0,task1_initial,MLP,0.94091796875,0.20556640625,0.0,0.0,0.0,0.0,1.0,0.0,0.0
4,140,0,task1_initial,ChevronSlow,0.9189453125,0.20947265625,0.91943359375,0.20947265625,0.923828125,0.2041015625,1.0,0.15450179643147882,0.021154952542464977
4,140,0,task1_initial,IDLGated,0.9296875,0.2099609375,0.9287109375,0.21044921875,0.93115234375,0.2138671875,0.011033350601792336,0.1556482625616797,0.018989594787876013
4,150,0,task1_initial,MLP,0.94580078125,0.2197265625,0.0,0.0,0.0,0.0,1.0,0.0,0.0
4,150,0,task1_initial,ChevronSlow,0.9296875,0.2158203125,0.93017578125,0.21728515625,0.92578125,0.20947265625,1.0,0.1624369806177138,0.018774367771480886
4,150,0,task1_initial,IDLGated,0.93359375,0.22021484375,0.93408203125,0.220703125,0.9326171875,0.21826171875,0.012683046981692314,0.16205796941432446,0.016940213848697573
4,160,0,task1_initial,MLP,0.95703125,0.20703125,0.0,0.0,0.0,0.0,1.0,0.0,0.0
4,160,0,task1_initial,ChevronSlow,0.93212890625,0.208984375,0.93359375,0.21044921875,0.93017578125,0.20947265625,1.0,0.16854767913033,0.017077380689267774
4,160,0,task1_initial,IDLGated,0.93505859375,0.21337890625,0.9365234375,0.21142578125,0.93701171875,0.21337890625,0.014003876596689224,0.1666218954334007,0.01552498812181894
4,170,0,task1_initial,MLP,0.9521484375,0.19482421875,0.0,0.0,0.0,0.0,1.0,0.0,0.0
4,170,0,task1_initial,ChevronSlow,0.9296875,0.2021484375,0.92919921875,0.20068359375,0.93017578125,0.2041015625,1.0,0.17286426952191264,0.01583934289931635
4,170,0,task1_initial,IDLGated,0.9365234375,0.2041015625,0.93603515625,0.203125,0.935546875,0.21044921875,0.014892492443323135,0.16945938664058996,0.014550901706632709
4,180,0,task1_initial,MLP,0.953125,0.19580078125,0.0,0.0,0.0,0.0,1.0,0.0,0.0
4,180,0,task1_initial,ChevronSlow,0.93310546875,0.205078125,0.93310546875,0.205078125,0.93115234375,0.205078125,1.0,0.17559959378683054,0.014745642298671235
4,180,0,task1_initial,IDLGated,0.93701171875,0.20751953125,0.93798828125,0.20751953125,0.93505859375,0.21044921875,0.015331421047449112,0.1707999664759012,0.013638768223374486
4,190,0,task1_initial,MLP,0.9560546875,0.19775390625,0.0,0.0,0.0,0.0,1.0,0.0,0.0
4,190,0,task1_initial,ChevronSlow,0.9306640625,0.20458984375,0.9306640625,0.20458984375,0.93115234375,0.205078125,1.0,0.17694226692387213,0.01401462317308485
4,190,0,task1_initial,IDLGated,0.93505859375,0.2041015625,0.935546875,0.203125,0.9345703125,0.20947265625,0.015361136756837368,0.1708893535892913,0.01299573760342874
4,200,0,task1_initial,MLP,0.95361328125,0.21044921875,0.0,0.0,0.0,0.0,1.0,0.0,0.0
4,200,0,task1_initial,ChevronSlow,0.927734375,0.21435546875,0.92626953125,0.21435546875,0.93017578125,0.20947265625,1.0,0.17724684342976488,0.013155956943828744
4,200,0,task1_initial,IDLGated,0.93408203125,0.21142578125,0.93212890625,0.20947265625,0.9345703125,0.20947265625,0.015082032419741154,0.17004297853555567,0.012022326158835805
4,210,0,task1_initial,MLP,0.96142578125,0.20068359375,0.0,0.0,0.0,0.0,1.0,0.0,0.0
4,210,0,task1_initial,ChevronSlow,0.9365234375,0.20654296875,0.9345703125,0.20556640625,0.93212890625,0.20751953125,1.0,0.1765951153822217,0.012225943589337774
4,210,0,task1_initial,IDLGated,0.93701171875,0.20849609375,0.93896484375,0.2080078125,0.93505859375,0.21044921875,0.014534663408994675,0.16833739355350497,0.01149515441512487
4,220,0,task1_initial,MLP,0.95849609375,0.1904296875,0.0,0.0,0.0,0.0,1.0,0.0,0.0
4,220,0,task1_initial,ChevronSlow,0.9306640625,0.2021484375,0.9296875,0.20166015625,0.931640625,0.20458984375,1.0,0.17499041912071664,0.010893686659756706
4,220,0,task1_initial,IDLGated,0.93408203125,0.2001953125,0.93505859375,0.1982421875,0.93408203125,0.20458984375,0.013763897120952606,0.1658251536428107,0.010206351746160587
4,230,0,task1_initial,MLP,0.962890625,0.20556640625,0.0,0.0,0.0,0.0,1.0,0.0,0.0
4,230,0,task1_initial,ChevronSlow,0.92822265625,0.20703125,0.9287109375,0.20751953125,0.931640625,0.20654296875,1.0,0.1724309650944283,0.009532674138370376
4,230,0,task1_initial,IDLGated,0.9365234375,0.20751953125,0.935546875,0.20654296875,0.93505859375,0.20654296875,0.012812617234885693,0.16252593295364212,0.009029985257953687
4,240,0,task1_initial,MLP,0.96240234375,0.2109375,0.0,0.0,0.0,0.0,1.0,0.0,0.0
4,240,0,task1_initial,ChevronSlow,0.93115234375,0.20947265625,0.93017578125,0.20947265625,0.93212890625,0.208984375,1.0,0.1688848919589802,0.007949266802539608
4,240,0,task1_initial,IDLGated,0.9365234375,0.2099609375,0.93603515625,0.21142578125,0.93505859375,0.20849609375,0.011706335470080376,0.1583704642021566,0.008039805418982271
4,250,0,task1_initial,MLP,0.96484375,0.20947265625,0.0,0.0,0.0,0.0,1.0,0.0,0.0
4,250,0,task1_initial,ChevronSlow,0.93359375,0.2119140625,0.93408203125,0.21337890625,0.93115234375,0.21044921875,1.0,0.16423139951143986,0.007557787950403565
4,250,0,task1_initial,IDLGated,0.93505859375,0.212890625,0.935546875,0.212890625,0.935546875,0.21044921875,0.010482516139745712,0.15329505694120726,0.00789084667541934
4,260,0,task1_initial,MLP,0.97119140625,0.197265625,0.0,0.0,0.0,0.0,1.0,0.0,0.0
4,260,0,task1_initial,ChevronSlow,0.939453125,0.203125,0.93994140625,0.20166015625,0.9345703125,0.20654296875,1.0,0.15878123986547044,0.008391007408713666
4,260,0,task1_initial,IDLGated,0.94384765625,0.2060546875,0.9443359375,0.20263671875,0.9365234375,0.20751953125,0.0092576639726758,0.14759079444544454,0.00863036077207921
4,270,0,task1_initial,MLP,0.97607421875,0.19140625,0.0,0.0,0.0,0.0,1.0,0.0,0.0
4,270,0,task1_initial,ChevronSlow,0.93408203125,0.20166015625,0.935546875,0.20068359375,0.9345703125,0.20458984375,1.0,0.15316569037681668,0.007666033879577994
4,270,0,task1_initial,IDLGated,0.94189453125,0.20068359375,0.9423828125,0.19970703125,0.93994140625,0.20458984375,0.00817042961716652,0.14186228391779154,0.008231845682660376
4,280,0,task1_initial,MLP,0.97021484375,0.20458984375,0.0,0.0,0.0,0.0,1.0,0.0,0.0
4,280,0,task1_initial,ChevronSlow,0.93115234375,0.2099609375,0.93017578125,0.2138671875,0.9326171875,0.20947265625,1.0,0.14726129015131462,0.008042434833630622
4,280,0,task1_initial,IDLGated,0.9365234375,0.20849609375,0.9375,0.2099609375,0.9375,0.20654296875,0.007188769523054361,0.13599907369936953,0.008188015383666494
4,290,0,task1_initial,MLP,0.9716796875,0.208984375,0.0,0.0,0.0,0.0,1.0,0.0,0.0
4,290,0,task1_initial,ChevronSlow,0.9375,0.2158203125,0.93701171875,0.21728515625,0.93505859375,0.212890625,1.0,0.14143924077565925,0.00800426581595386
4,290,0,task1_initial,IDLGated,0.93994140625,0.2177734375,0.94091796875,0.2197265625,0.93994140625,0.2119140625,0.00633419631049037,0.13020735360857705,0.008670442969897028
4,300,0,task1_initial,MLP,0.9736328125,0.19873046875,0.0,0.0,0.0,0.0,1.0,0.0,0.0
4,300,0,task1_initial,ChevronSlow,0.9326171875,0.208984375,0.9306640625,0.2119140625,0.93408203125,0.21142578125,1.0,0.13576225383200052,0.007738643255231029
4,300,0,task1_initial,IDLGated,0.93798828125,0.2099609375,0.9375,0.2109375,0.93701171875,0.208984375,0.0056135887280106544,0.12468473645976802,0.008222552852951828
4,310,0,task1_initial,MLP,0.97607421875,0.19384765625,0.0,0.0,0.0,0.0,1.0,0.0,0.0
4,310,0,task1_initial,ChevronSlow,0.9365234375,0.20361328125,0.935546875,0.20166015625,0.93505859375,0.20703125,1.0,0.13019238376310246,0.007464192534864494
4,310,0,task1_initial,IDLGated,0.9384765625,0.203125,0.9384765625,0.2021484375,0.93798828125,0.20556640625,0.004993515554815531,0.11933595946042641,0.007874159611164442
4,320,0,task1_initial,MLP,0.9716796875,0.2099609375,0.0,0.0,0.0,0.0,1.0,0.0,0.0
4,320,0,task1_initial,ChevronSlow,0.93896484375,0.2177734375,0.93798828125,0.22021484375,0.9375,0.21337890625,1.0,0.12458328404598118,0.0073690513100188116
4,320,0,task1_initial,IDLGated,0.9443359375,0.2197265625,0.943359375,0.2216796875,0.93994140625,0.21484375,0.004445333499461412,0.11402522405474541,0.008561102973567464
4,330,0,task1_initial,MLP,0.97802734375,0.20263671875,0.0,0.0,0.0,0.0,1.0,0.0,0.0
4,330,0,task1_initial,ChevronSlow,0.93798828125,0.21435546875,0.9384765625,0.21435546875,0.93603515625,0.2119140625,1.0,0.11894544628679266,0.006843146761314344
4,330,0,task1_initial,IDLGated,0.94091796875,0.212890625,0.94189453125,0.21533203125,0.9404296875,0.21240234375,0.003969018813222647,0.10885183338938843,0.007664413640737732
4,340,0,task1_initial,MLP,0.9794921875,0.1982421875,0.0,0.0,0.0,0.0,1.0,0.0,0.0
4,340,0,task1_initial,ChevronSlow,0.9384765625,0.212890625,0.93896484375,0.212890625,0.9365234375,0.212890625,1.0,0.11314450670576792,0.007038837578720147
4,340,0,task1_initial,IDLGated,0.9404296875,0.212890625,0.94140625,0.21337890625,0.9404296875,0.2119140625,0.003529420355334878,0.10349609116311552,0.007702113029728892
4,350,0,task1_initial,MLP,0.9755859375,0.2041015625,0.0,0.0,0.0,0.0,1.0,0.0,0.0
4,350,0,task1_initial,ChevronSlow,0.94287109375,0.21435546875,0.9423828125,0.2138671875,0.9384765625,0.21337890625,1.0,0.10749697386822497,0.007147762233861706
4,350,0,task1_initial,IDLGated,0.94775390625,0.21240234375,0.947265625,0.2119140625,0.943359375,0.21435546875,0.0031481976620852947,0.09828310228700655,0.00793582127996297
4,360,0,task1_initial,MLP,0.98583984375,0.19873046875,0.0,0.0,0.0,0.0,1.0,0.0,0.0
4,360,0,task1_initial,ChevronSlow,0.9365234375,0.20556640625,0.93701171875,0.2041015625,0.9384765625,0.20947265625,1.0,0.10197370864816953,0.007064070279351428
4,360,0,task1_initial,IDLGated,0.94189453125,0.20458984375,0.9423828125,0.203125,0.9404296875,0.208984375,0.002817023079842329,0.09321573677565702,0.007885835235362248
4,370,0,task1_initial,MLP,0.98291015625,0.1953125,0.0,0.0,0.0,0.0,1.0,0.0,0.0
4,370,0,task1_initial,ChevronSlow,0.9375,0.20166015625,0.9375,0.20068359375,0.93798828125,0.20751953125,1.0,0.09631711375409543,0.0072771834942404875
4,370,0,task1_initial,IDLGated,0.94287109375,0.20263671875,0.94384765625,0.20068359375,0.94189453125,0.20654296875,0.0025124060921370983,0.08800006614820412,0.007828595471453275
4,380,0,task1_initial,MLP,0.98388671875,0.1953125,0.0,0.0,0.0,0.0,1.0,0.0,0.0
4,380,0,task1_initial,ChevronSlow,0.9384765625,0.2041015625,0.93798828125,0.20361328125,0.93701171875,0.20654296875,1.0,0.09079253217167513,0.007207004638336831
4,380,0,task1_initial,IDLGated,0.9443359375,0.20458984375,0.94482421875,0.203125,0.94091796875,0.20556640625,0.0022449882235378027,0.08287239702278747,0.007724388583357123
4,390,0,task1_initial,MLP,0.98486328125,0.20068359375,0.0,0.0,0.0,0.0,1.0,0.0,0.0
4,390,0,task1_initial,ChevronSlow,0.9404296875,0.2080078125,0.94189453125,0.20849609375,0.93896484375,0.20947265625,1.0,0.08552494694355507,0.007518734321002113
4,390,0,task1_initial,IDLGated,0.947265625,0.2080078125,0.94921875,0.2080078125,0.943359375,0.2080078125,0.002018677769228816,0.07803218082503427,0.008062443298787135
4,400,0,task1_initial,MLP,0.982421875,0.2001953125,0.0,0.0,0.0,0.0,1.0,0.0,0.0
4,400,0,task1_initial,ChevronSlow,0.9443359375,0.20654296875,0.9443359375,0.20556640625,0.9384765625,0.20849609375,1.0,0.08078099037729482,0.007828201526206075
4,400,0,task1_initial,IDLGated,0.951171875,0.20361328125,0.95263671875,0.203125,0.94580078125,0.20654296875,0.0018326418939977884,0.07362899311071303,0.008269512335885998
4,410,0,task1_initial,MLP,0.9814453125,0.2041015625,0.0,0.0,0.0,0.0,1.0,0.0,0.0
4,410,0,task1_initial,ChevronSlow,0.9453125,0.212890625,0.9453125,0.21484375,0.94091796875,0.2138671875,1.0,0.07657438685124891,0.007732889922736265
4,410,0,task1_initial,IDLGated,0.95263671875,0.212890625,0.9541015625,0.2119140625,0.95068359375,0.2119140625,0.001683442504145205,0.06976229798496886,0.008510148797593929
4,420,0,task1_initial,MLP,0.984375,0.2001953125,0.0,0.0,0.0,0.0,1.0,0.0,0.0
4,420,0,task1_initial,ChevronSlow,0.94140625,0.2216796875,0.94091796875,0.22509765625,0.9404296875,0.216796875,1.0,0.0726008565744982,0.007123204171656622
4,420,0,task1_initial,IDLGated,0.94482421875,0.21923828125,0.94580078125,0.2197265625,0.9453125,0.21533203125,0.0015572047559544444,0.06621343860154473,0.007956717945645394
4,430,0,task1_initial,MLP,0.98583984375,0.1962890625,0.0,0.0,0.0,0.0,1.0,0.0,0.0
4,430,0,task1_initial,ChevronSlow,0.94091796875,0.20703125,0.94189453125,0.20654296875,0.94140625,0.21044921875,1.0,0.0686928305404237,0.006598082897058461
4,430,0,task1_initial,IDLGated,0.94580078125,0.20849609375,0.9462890625,0.2080078125,0.943359375,0.21142578125,0.0014417368220165372,0.06270617760920488,0.0073222883044646685
4,440,0,task1_initial,MLP,0.986328125,0.19775390625,0.0,0.0,0.0,0.0,1.0,0.0,0.0
4,440,0,task1_initial,ChevronSlow,0.9423828125,0.201171875,0.94384765625,0.2001953125,0.94140625,0.20703125,1.0,0.06468261793010668,0.007390145489298336
4,440,0,task1_initial,IDLGated,0.94873046875,0.20068359375,0.95166015625,0.19921875,0.947265625,0.20654296875,0.001330718514509499,0.059058888046088096,0.007656557137261106
4,450,0,task1_initial,MLP,0.98828125,0.1962890625,0.0,0.0,0.0,0.0,1.0,0.0,0.0
4,450,0,task1_initial,ChevronSlow,0.94287109375,0.1962890625,0.9453125,0.19482421875,0.94091796875,0.20361328125,1.0,0.06090478759979423,0.007557856819399949
4,450,0,task1_initial,IDLGated,0.95068359375,0.1953125,0.9521484375,0.19384765625,0.94921875,0.20263671875,0.0012335916981101036,0.05560951531389399,0.007740142523240706
4,460,0,task1_initial,MLP,0.98828125,0.19677734375,0.0,0.0,0.0,0.0,1.0,0.0,0.0
4,460,0,task1_initial,ChevronSlow,0.94482421875,0.19921875,0.9453125,0.19677734375,0.9423828125,0.203125,1.0,0.05734760390471924,0.007257329972166001
4,460,0,task1_initial,IDLGated,0.95458984375,0.1962890625,0.95703125,0.1943359375,0.94970703125,0.201171875,0.0011486203875392675,0.05236160543749086,0.007519851760012205
4,470,0,task1_initial,MLP,0.9794921875,0.205078125,0.0,0.0,0.0,0.0,1.0,0.0,0.0
4,470,0,task1_initial,ChevronSlow,0.94970703125,0.20751953125,0.95068359375,0.20703125,0.94580078125,0.20751953125,1.0,0.05399817983477674,0.00638604733525433
4,470,0,task1_initial,IDLGated,0.96044921875,0.20556640625,0.96142578125,0.2080078125,0.95458984375,0.203125,0.0010739630088210106,0.049303391847877714,0.006923294933704456
4,480,0,task1_initial,MLP,0.9833984375,0.2041015625,0.0,0.0,0.0,0.0,1.0,0.0,0.0
4,480,0,task1_initial,ChevronSlow,0.94873046875,0.21240234375,0.94970703125,0.21142578125,0.94873046875,0.21044921875,1.0,0.05084438105406079,0.006287187029989353
4,480,0,task1_initial,IDLGated,0.9599609375,0.21044921875,0.95947265625,0.2109375,0.95654296875,0.20654296875,0.0010081029031425714,0.04642379521016189,0.006579551227524023
4,490,0,task1_initial,MLP,0.984375,0.19677734375,0.0,0.0,0.0,0.0,1.0,0.0,0.0
4,490,0,task1_initial,ChevronSlow,0.947265625,0.21435546875,0.94677734375,0.2138671875,0.94677734375,0.21044921875,1.0,0.047874781940438794,0.00594679622026023
4,490,0,task1_initial,IDLGated,0.95361328125,0.208984375,0.9521484375,0.2099609375,0.95263671875,0.20703125,0.0009497820283286273,0.04371238328520435,0.00624394424429172
4,500,0,task1_initial,MLP,0.982421875,0.1904296875,0.0,0.0,0.0,0.0,1.0,0.0,0.0
4,500,0,task1_initial,ChevronSlow,0.94384765625,0.1884765625,0.94482421875,0.1845703125,0.9453125,0.20068359375,1.0,0.045078624192663064,0.008565217154526893
4,500,0,task1_initial,IDLGated,0.95654296875,0.1865234375,0.95556640625,0.1826171875,0.9521484375,0.1962890625,0.000897952588275075,0.04115933313557173,0.008492932565271408
4,510,0,task1_initial,MLP,0.98486328125,0.203125,0.0,0.0,0.0,0.0,1.0,0.0,0.0
4,510,0,task1_initial,ChevronSlow,0.94970703125,0.201171875,0.9501953125,0.201171875,0.94677734375,0.203125,1.0,0.04244577785506092,0.006377335121757211
4,510,0,task1_initial,IDLGated,0.9599609375,0.20263671875,0.9609375,0.20361328125,0.95556640625,0.20068359375,0.0008517364040017128,0.03875539553887431,0.006875352811508196
4,520,0,task1_initial,MLP,0.9833984375,0.20458984375,0.0,0.0,0.0,0.0,1.0,0.0,0.0
4,520,0,task1_initial,ChevronSlow,0.9453125,0.21142578125,0.9443359375,0.2119140625,0.94677734375,0.2060546875,1.0,0.039966704618603105,0.00600567455220003
4,520,0,task1_initial,IDLGated,0.95654296875,0.20849609375,0.9580078125,0.208984375,0.9541015625,0.205078125,0.0008103943546302617,0.036491861479566116,0.006635995014237755
4,530,0,task1_initial,MLP,0.98388671875,0.197265625,0.0,0.0,0.0,0.0,1.0,0.0,0.0
4,530,0,task1_initial,ChevronSlow,0.94580078125,0.208984375,0.94580078125,0.20849609375,0.9443359375,0.2080078125,1.0,0.03763242326539708,0.006334575985355676
4,530,0,task1_initial,IDLGated,0.9541015625,0.20654296875,0.95263671875,0.2060546875,0.9541015625,0.20556640625,0.0007733012898825109,0.03436053059781313,0.006744200782810091
4,540,0,task1_initial,MLP,0.9873046875,0.193359375,0.0,0.0,0.0,0.0,1.0,0.0,0.0
4,540,0,task1_initial,ChevronSlow,0.95068359375,0.19873046875,0.953125,0.19677734375,0.94873046875,0.20361328125,1.0,0.03543447713141723,0.007313813961726603
4,540,0,task1_initial,IDLGated,0.96044921875,0.19580078125,0.9609375,0.19482421875,0.9580078125,0.19970703125,0.000739926821552217,0.03235368148112597,0.007261527995748256
4,550,0,task1_initial,MLP,0.98828125,0.19677734375,0.0,0.0,0.0,0.0,1.0,0.0,0.0
4,550,0,task1_initial,ChevronSlow,0.94970703125,0.2001953125,0.95068359375,0.1982421875,0.9462890625,0.203125,1.0,0.033364903469595426,0.0068134845207428515
4,550,0,task1_initial,IDLGated,0.96142578125,0.1982421875,0.96142578125,0.197265625,0.95947265625,0.19873046875,0.0007098185014910996,0.03046404369112898,0.006981368399595312
4,560,0,task1_initial,MLP,0.98486328125,0.19970703125,0.0,0.0,0.0,0.0,1.0,0.0,0.0
4,560,0,task1_initial,ChevronSlow,0.94970703125,0.20947265625,0.94970703125,0.2099609375,0.9482421875,0.20703125,1.0,0.03141620460228016,0.0070379984964173406
4,560,0,task1_initial,IDLGated,0.962890625,0.20458984375,0.96240234375,0.20556640625,0.9599609375,0.203125,0.0006825887248851359,0.028684771424124105,0.007312765957712264
4,570,0,task1_initial,MLP,0.9892578125,0.19921875,0.0,0.0,0.0,0.0,1.0,0.0,0.0
4,570,0,task1_initial,ChevronSlow,0.95751953125,0.203125,0.9599609375,0.2021484375,0.95263671875,0.20361328125,1.0,0.029581320758555064,0.007568856735643349
4,570,0,task1_initial,IDLGated,0.96435546875,0.205078125,0.96533203125,0.2041015625,0.9609375,0.20458984375,0.000657904427498579,0.0270094187100266,0.007653771113016193
4,580,0,task1_initial,MLP,0.98876953125,0.19677734375,0.0,0.0,0.0,0.0,1.0,0.0,0.0
4,580,0,task1_initial,ChevronSlow,0.95068359375,0.20556640625,0.951171875,0.20556640625,0.94921875,0.20556640625,1.0,0.027853604498011515,0.007165606592902576
4,580,0,task1_initial,IDLGated,0.96337890625,0.201171875,0.96435546875,0.2001953125,0.9609375,0.2021484375,0.0006354776560328901,0.02543191605982304,0.0073443068142051236
4,590,0,task1_initial,MLP,0.986328125,0.197265625,0.0,0.0,0.0,0.0,1.0,0.0,0.0
4,590,0,task1_initial,ChevronSlow,0.95263671875,0.205078125,0.953125,0.2041015625,0.95068359375,0.20703125,1.0,0.026226796628317395,0.007197247893165768
4,590,0,task1_initial,IDLGated,0.96484375,0.20166015625,0.9658203125,0.20166015625,0.9609375,0.201171875,0.0006150596309453249,0.023946548476949738,0.007253593907111015
4,600,0,task1_initial,MLP,0.98583984375,0.2021484375,0.0,0.0,0.0,0.0,1.0,0.0,0.0
4,600,0,task1_initial,ChevronSlow,0.95458984375,0.2060546875,0.95556640625,0.20654296875,0.9521484375,0.20751953125,1.0,0.024695003529335898,0.007252589489081996
4,600,0,task1_initial,IDLGated,0.96533203125,0.20556640625,0.9658203125,0.20458984375,0.96240234375,0.20361328125,0.0005964339361526072,0.02254793475293083,0.007240993881939735
4,610,0,task1_initial,MLP,0.9814453125,0.20654296875,0.0,0.0,0.0,0.0,1.0,0.0,0.0
4,610,0,task1_initial,ChevronSlow,0.958984375,0.21044921875,0.96142578125,0.21337890625,0.95458984375,0.2099609375,1.0,0.023252675801643932,0.007466519507016887
4,610,0,task1_initial,IDLGated,0.96630859375,0.21044921875,0.966796875,0.2109375,0.96435546875,0.2080078125,0.00057941151317209,0.02123100797226817,0.007541857431119915
4,620,0,task1_initial,MLP,0.98193359375,0.2001953125,0.0,0.0,0.0,0.0,1.0,0.0,0.0
4,620,0,task1_initial,ChevronSlow,0.9501953125,0.20947265625,0.95166015625,0.20947265625,0.9501953125,0.2099609375,1.0,0.02189458816209764,0.0074889864718147795
4,620,0,task1_initial,IDLGated,0.9619140625,0.20458984375,0.96044921875,0.20361328125,0.96337890625,0.20654296875,0.0005638276925310493,0.019990997155955682,0.007464358397657719
4,630,0,task1_initial,MLP,0.98291015625,0.197265625,0.0,0.0,0.0,0.0,1.0,0.0,0.0
4,630,0,task1_initial,ChevronSlow,0.953125,0.20751953125,0.9541015625,0.20654296875,0.951171875,0.208984375,1.0,0.02061582051361054,0.006956187387893906
4,630,0,task1_initial,IDLGated,0.966796875,0.203125,0.9677734375,0.20166015625,0.96435546875,0.20458984375,0.0005495367804542184,0.018823409977116293,0.006886574513257176
4,640,0,task1_initial,MLP,0.986328125,0.19091796875,0.0,0.0,0.0,0.0,1.0,0.0,0.0
4,640,0,task1_initial,ChevronSlow,0.95947265625,0.19921875,0.9599609375,0.197265625,0.9560546875,0.2021484375,1.0,0.01941174012056348,0.006989841819147267
4,640,0,task1_initial,IDLGated,0.96826171875,0.19921875,0.97119140625,0.197265625,0.9658203125,0.2021484375,0.0005364118842408061,0.017724016486143235,0.007147945061596091
4,650,0,task1_initial,MLP,0.98095703125,0.20654296875,0.0,0.0,0.0,0.0,1.0,0.0,0.0
4,650,0,task1_initial,ChevronSlow,0.958984375,0.2138671875,0.96044921875,0.21435546875,0.955078125,0.2099609375,1.0,0.018277984825271477,0.006425788726227411
4,650,0,task1_initial,IDLGated,0.9677734375,0.2080078125,0.96826171875,0.21044921875,0.96630859375,0.20703125,0.0005243401392363012,0.01668883378638513,0.006974886248186918
4,660,0,task1_initial,MLP,0.98388671875,0.20458984375,0.0,0.0,0.0,0.0,1.0,0.0,0.0
4,660,0,task1_initial,ChevronSlow,0.96142578125,0.20751953125,0.96337890625,0.20703125,0.95556640625,0.20654296875,1.0,0.017210447244703615,0.006416478360480921
4,660,0,task1_initial,IDLGated,0.97021484375,0.20556640625,0.97119140625,0.205078125,0.96728515625,0.20458984375,0.000513221719302237,0.015714111604857542,0.0066152114338528896
4,670,0,task1_initial,MLP,0.9873046875,0.1982421875,0.0,0.0,0.0,0.0,1.0,0.0,0.0
4,670,0,task1_initial,ChevronSlow,0.9609375,0.20166015625,0.9619140625,0.201171875,0.95654296875,0.20458984375,1.0,0.016205259890203837,0.006380461165258926
4,670,0,task1_initial,IDLGated,0.97021484375,0.201171875,0.970703125,0.20068359375,0.96728515625,0.203125,0.0005029679741710424,0.014796318705706593,0.006495495026756641
4,680,0,task1_initial,MLP,0.98681640625,0.1962890625,0.0,0.0,0.0,0.0,1.0,0.0,0.0
4,680,0,task1_initial,ChevronSlow,0.95947265625,0.19970703125,0.9599609375,0.19970703125,0.9580078125,0.203125,1.0,0.015258781156304097,0.006450989844518615
4,680,0,task1_initial,IDLGated,0.970703125,0.1982421875,0.97119140625,0.19677734375,0.96923828125,0.20068359375,0.0004935005563311279,0.013932130097203009,0.0066210035639669915
4,690,0,task1_initial,MLP,0.9892578125,0.19873046875,0.0,0.0,0.0,0.0,1.0,0.0,0.0
4,690,0,task1_initial,ChevronSlow,0.96337890625,0.205078125,0.9638671875,0.20361328125,0.9599609375,0.2041015625,1.0,0.014367582127869986,0.0067680832042278745
4,690,0,task1_initial,IDLGated,0.9716796875,0.203125,0.97216796875,0.2021484375,0.97021484375,0.20361328125,0.0004847488016821444,0.013118414985920009,0.0063586366303898904
4,700,0,task1_initial,MLP,0.9833984375,0.201171875,0.0,0.0,0.0,0.0,1.0,0.0,0.0
4,700,0,task1_initial,ChevronSlow,0.9638671875,0.20654296875,0.96484375,0.20654296875,0.962890625,0.20703125,1.0,0.0135284341577836,0.0068524707039479636
4,700,0,task1_initial,IDLGated,0.970703125,0.205078125,0.97119140625,0.205078125,0.9697265625,0.20458984375,0.00047665013698861003,0.01235222543445526,0.0063852395038576015
4,710,0,task1_initial,MLP,0.97900390625,0.20263671875,0.0,0.0,0.0,0.0,1.0,0.0,0.0
4,710,0,task1_initial,ChevronSlow,0.95654296875,0.2109375,0.9541015625,0.208984375,0.958984375,0.20849609375,1.0,0.012738297170159887,0.0073243385452351735
4,710,0,task1_initial,IDLGated,0.96484375,0.2041015625,0.9609375,0.205078125,0.9697265625,0.2041015625,0.00046914818813093007,0.011630785681605957,0.007195678394091457
4,720,0,task1_initial,MLP,0.982421875,0.20947265625,0.0,0.0,0.0,0.0,1.0,0.0,0.0
4,720,0,task1_initial,ChevronSlow,0.966796875,0.2138671875,0.966796875,0.21484375,0.9638671875,0.2119140625,1.0,0.012023557189508885,0.006797202997675457
4,720,0,task1_initial,IDLGated,0.96875,0.21240234375,0.97119140625,0.21240234375,0.9697265625,0.20751953125,0.0004627336747944355,0.011004715988891679,0.006663602736536098
4,730,0,task1_initial,MLP,0.98828125,0.20068359375,0.0,0.0,0.0,0.0,1.0,0.0,0.0
4,730,0,task1_initial,ChevronSlow,0.966796875,0.2041015625,0.966796875,0.203125,0.9619140625,0.205078125,1.0,0.0113332151661704,0.006609691538923539
4,730,0,task1_initial,IDLGated,0.9716796875,0.19921875,0.97216796875,0.1982421875,0.97021484375,0.2041015625,0.00045665338984690607,0.010403226783286217,0.006435252010756538
4,740,0,task1_initial,MLP,0.98095703125,0.19384765625,0.0,0.0,0.0,0.0,1.0,0.0,0.0
4,740,0,task1_initial,ChevronSlow,0.962890625,0.2001953125,0.96240234375,0.19921875,0.96240234375,0.20654296875,1.0,0.01067129137018274,0.006923174911704627
4,740,0,task1_initial,IDLGated,0.9716796875,0.197265625,0.96923828125,0.19580078125,0.9716796875,0.2001953125,0.00045059251715429127,0.009795619563097862,0.006963522558021891
4,750,0,task1_initial,MLP,0.98974609375,0.197265625,0.0,0.0,0.0,0.0,1.0,0.0,0.0
4,750,0,task1_initial,ChevronSlow,0.966796875,0.20361328125,0.96826171875,0.20263671875,0.96484375,0.20458984375,1.0,0.010048027663611061,0.007060349376563603
4,750,0,task1_initial,IDLGated,0.97802734375,0.2021484375,0.97900390625,0.20263671875,0.974609375,0.20263671875,0.0004449591797310859,0.009223500037421572,0.0069172786520293955
4,760,0,task1_initial,MLP,0.9775390625,0.20556640625,0.0,0.0,0.0,0.0,1.0,0.0,0.0
4,760,0,task1_initial,ChevronSlow,0.96875,0.20947265625,0.9697265625,0.208984375,0.966796875,0.20654296875,1.0,0.009461166078812094,0.0067484337353979264
4,760,0,task1_initial,IDLGated,0.9736328125,0.20703125,0.97314453125,0.2080078125,0.9755859375,0.2060546875,0.0004398059973027557,0.008693770789356443,0.00680541841952814
4,770,0,task1_initial,MLP,0.9873046875,0.203125,0.0,0.0,0.0,0.0,1.0,0.0,0.0
4,770,0,task1_initial,ChevronSlow,0.96337890625,0.20751953125,0.96435546875,0.208984375,0.966796875,0.20751953125,1.0,0.008908580526209974,0.006739915802195469
4,770,0,task1_initial,IDLGated,0.9736328125,0.20166015625,0.9736328125,0.2041015625,0.97314453125,0.2021484375,0.0004351988900452852,0.008214903031706003,0.007236659619501994
4,780,0,task1_initial,MLP,0.98291015625,0.19677734375,0.0,0.0,0.0,0.0,1.0,0.0,0.0
4,780,0,task1_initial,ChevronSlow,0.97119140625,0.19921875,0.9736328125,0.1982421875,0.9677734375,0.2021484375,1.0,0.00838826909187203,0.007044949006997809
4,780,0,task1_initial,IDLGated,0.9765625,0.19873046875,0.97705078125,0.1982421875,0.974609375,0.2001953125,0.00043098925380036235,0.0077729000098967025,0.0071391752455085816
4,790,0,task1_initial,MLP,0.9892578125,0.19677734375,0.0,0.0,0.0,0.0,1.0,0.0,0.0
4,790,0,task1_initial,ChevronSlow,0.97021484375,0.2021484375,0.97119140625,0.20068359375,0.970703125,0.20458984375,1.0,0.00789834678494965,0.007630779574644224
4,790,0,task1_initial,IDLGated,0.97998046875,0.20166015625,0.97802734375,0.20263671875,0.978515625,0.20166015625,0.0004267080803401768,0.007318918734067637,0.00729781828617236
4,800,0,task1_initial,MLP,0.98046875,0.19384765625,0.0,0.0,0.0,0.0,1.0,0.0,0.0
4,800,0,task1_initial,ChevronSlow,0.97021484375,0.2001953125,0.970703125,0.2001953125,0.9697265625,0.20263671875,1.0,0.007591917532411276,0.007568942941498141
4,800,0,task1_initial,IDLGated,0.97802734375,0.20068359375,0.9765625,0.20166015625,0.9814453125,0.20166015625,0.00042568042408674955,0.0072092707719732625,0.007127549787619866
4,810,0,task1_initial,MLP,0.9873046875,0.19775390625,0.0,0.0,0.0,0.0,1.0,0.0,0.0
4,810,0,task1_initial,ChevronSlow,0.970703125,0.20263671875,0.97216796875,0.2021484375,0.9716796875,0.2021484375,1.0,0.007377620589885028,0.006672359624666176
4,810,0,task1_initial,IDLGated,0.9765625,0.19921875,0.97802734375,0.19873046875,0.97705078125,0.19970703125,0.0004263100272510201,0.0072764804513510035,0.0069532840901940325
4,820,0,task1_initial,MLP,0.986328125,0.20654296875,0.0,0.0,0.0,0.0,1.0,0.0,0.0
4,820,0,task1_initial,ChevronSlow,0.96923828125,0.20947265625,0.97021484375,0.21240234375,0.97021484375,0.20654296875,1.0,0.006946725865430275,0.00690167781888961
4,820,0,task1_initial,IDLGated,0.9775390625,0.208984375,0.974609375,0.2109375,0.97705078125,0.20361328125,0.0004246995667926967,0.007104371841713462,0.007426687866767908
4,830,0,task1_initial,MLP,0.97802734375,0.201171875,0.0,0.0,0.0,0.0,1.0,0.0,0.0
4,830,0,task1_initial,ChevronSlow,0.97119140625,0.20654296875,0.97119140625,0.20849609375,0.970703125,0.2060546875,1.0,0.006540997827348293,0.007047661561971206
4,830,0,task1_initial,IDLGated,0.97216796875,0.20703125,0.97119140625,0.20703125,0.9794921875,0.205078125,0.00042281809146516025,0.0069024773128455,0.007481955524853979
4,840,0,task1_initial,MLP,0.9833984375,0.20068359375,0.0,0.0,0.0,0.0,1.0,0.0,0.0
4,840,0,task1_initial,ChevronSlow,0.970703125,0.20556640625,0.97021484375,0.205078125,0.9716796875,0.20556640625,1.0,0.006158966598968425,0.006447160193295113
4,840,0,task1_initial,IDLGated,0.97900390625,0.20458984375,0.97900390625,0.205078125,0.98046875,0.2041015625,0.00042014362406916916,0.006613917848775654,0.006729966935432407
4,850,0,task1_initial,MLP,0.9873046875,0.2041015625,0.0,0.0,0.0,0.0,1.0,0.0,0.0
4,850,0,task1_initial,ChevronSlow,0.97119140625,0.20703125,0.970703125,0.20751953125,0.9697265625,0.2060546875,1.0,0.0057992481527220745,0.006321404254607559
4,850,0,task1_initial,IDLGated,0.9794921875,0.205078125,0.97900390625,0.2041015625,0.97998046875,0.20458984375,0.00041658958070911467,0.006227627679161637,0.00673432035527477
4,860,0,task1_initial,MLP,0.98095703125,0.2119140625,0.0,0.0,0.0,0.0,1.0,0.0,0.0
4,860,0,task1_initial,ChevronSlow,0.97021484375,0.21240234375,0.96875,0.2138671875,0.96923828125,0.20751953125,1.0,0.005460539296070115,0.0065554342551189995
4,860,0,task1_initial,IDLGated,0.97509765625,0.21044921875,0.97412109375,0.2119140625,0.97802734375,0.20703125,0.00041327078361064196,0.005863899037911334,0.007305097206793301
4,870,0,task1_initial,MLP,0.9892578125,0.19873046875,0.0,0.0,0.0,0.0,1.0,0.0,0.0
4,870,0,task1_initial,ChevronSlow,0.9765625,0.1982421875,0.97607421875,0.197265625,0.97607421875,0.2041015625,1.0,0.005141612950280469,0.006999774795650859
4,870,0,task1_initial,IDLGated,0.98388671875,0.1962890625,0.98291015625,0.19482421875,0.98046875,0.201171875,0.0004101699742022902,0.0055214142043004105,0.007833754822890285
4,880,0,task1_initial,MLP,0.98486328125,0.18603515625,0.0,0.0,0.0,0.0,1.0,0.0,0.0
4,880,0,task1_initial,ChevronSlow,0.9775390625,0.193359375,0.978515625,0.1904296875,0.97607421875,0.19970703125,1.0,0.0048413137049517505,0.00708893862082854
4,880,0,task1_initial,IDLGated,0.98291015625,0.193359375,0.98046875,0.1904296875,0.98193359375,0.1982421875,0.00040727134910412133,0.00519893241993968,0.007800092381150365
4,890,0,task1_initial,MLP,0.99169921875,0.19384765625,0.0,0.0,0.0,0.0,1.0,0.0,0.0
4,890,0,task1_initial,ChevronSlow,0.97607421875,0.20166015625,0.9755859375,0.20263671875,0.97607421875,0.20263671875,1.0,0.004558553632177839,0.005638589434989129
4,890,0,task1_initial,IDLGated,0.98291015625,0.201171875,0.982421875,0.201171875,0.9814453125,0.20068359375,0.0004045609384775162,0.00489528539373991,0.006010323727554249
4,900,0,task1_initial,MLP,0.98583984375,0.2041015625,0.0,0.0,0.0,0.0,1.0,0.0,0.0
4,900,0,task1_initial,ChevronSlow,0.97509765625,0.2060546875,0.97412109375,0.20654296875,0.97607421875,0.20458984375,1.0,0.004292308345188896,0.005654252511721666
4,900,0,task1_initial,IDLGated,0.97900390625,0.2021484375,0.97802734375,0.20361328125,0.97998046875,0.20166015625,0.0004020250926259905,0.004609373069412073,0.006544797973878982
4,910,0,task1_initial,MLP,0.97705078125,0.205078125,0.0,0.0,0.0,0.0,1.0,0.0,0.0
4,910,0,task1_initial,ChevronSlow,0.97265625,0.20263671875,0.9736328125,0.203125,0.97265625,0.20263671875,1.0,0.00404161328719001,0.0059618887552277495
4,910,0,task1_initial,IDLGated,0.974609375,0.20263671875,0.97216796875,0.203125,0.97802734375,0.19970703125,0.0003996521409135312,0.0043401596401695134,0.0064836738982948314
4,920,0,task1_initial,MLP,0.98876953125,0.19970703125,0.0,0.0,0.0,0.0,1.0,0.0,0.0
4,920,0,task1_initial,ChevronSlow,0.97998046875,0.2001953125,0.97998046875,0.19921875,0.9775390625,0.2001953125,1.0,0.0038055602369526367,0.005929256389158171
4,920,0,task1_initial,IDLGated,0.982421875,0.19873046875,0.982421875,0.1982421875,0.9814453125,0.19970703125,0.0003974303253926337,0.004086669796194001,0.0059974301739445105
4,930,0,task1_initial,MLP,0.98828125,0.18798828125,0.0,0.0,0.0,0.0,1.0,0.0,0.0
4,930,0,task1_initial,ChevronSlow,0.98046875,0.1953125,0.98095703125,0.19384765625,0.9775390625,0.19873046875,1.0,0.0035832940184992394,0.006317333326690103
4,930,0,task1_initial,IDLGated,0.982421875,0.1943359375,0.982421875,0.193359375,0.98291015625,0.1962890625,0.0003953497507609427,0.0038479851912709907,0.006163345966723416
4,940,0,task1_initial,MLP,0.98681640625,0.19677734375,0.0,0.0,0.0,0.0,1.0,0.0,0.0
4,940,0,task1_initial,ChevronSlow,0.9775390625,0.19970703125,0.97802734375,0.19970703125,0.9775390625,0.2001953125,1.0,0.0033740094029609314,0.005836296698030612
4,940,0,task1_initial,IDLGated,0.98193359375,0.197265625,0.98193359375,0.197265625,0.98193359375,0.197265625,0.00039340057992376387,0.0036232411157933273,0.0054732748790170685
4,950,0,task1_initial,MLP,0.986328125,0.2001953125,0.0,0.0,0.0,0.0,1.0,0.0,0.0
4,950,0,task1_initial,ChevronSlow,0.97802734375,0.203125,0.97900390625,0.2041015625,0.9765625,0.2021484375,1.0,0.003176948191384144,0.006014223525105817
4,950,0,task1_initial,IDLGated,0.9814453125,0.20166015625,0.98095703125,0.203125,0.98193359375,0.19873046875,0.00039157396531663835,0.003411623364080342,0.006053843042360484
4,960,0,task1_initial,MLP,0.98876953125,0.19873046875,0.0,0.0,0.0,0.0,1.0,0.0,0.0
4,960,0,task1_initial,ChevronSlow,0.9814453125,0.19970703125,0.9814453125,0.20068359375,0.97998046875,0.19970703125,1.0,0.0029913964679178615,0.00623837266744113
4,960,0,task1_initial,IDLGated,0.982421875,0.19970703125,0.9833984375,0.19970703125,0.982421875,0.19970703125,0.00038986190338619053,0.003212365284663208,0.006190110040552653
4,970,0,task1_initial,MLP,0.9873046875,0.19921875,0.0,0.0,0.0,0.0,1.0,0.0,0.0
4,970,0,task1_initial,ChevronSlow,0.98046875,0.20263671875,0.98046875,0.203125,0.9794921875,0.20166015625,1.0,0.0028166820134302426,0.006100652940878021
4,970,0,task1_initial,IDLGated,0.98291015625,0.20166015625,0.9833984375,0.20166015625,0.98193359375,0.20068359375,0.0003882566816173494,0.003024745002850297,0.006081582137044103
4,980,0,task1_initial,MLP,0.990234375,0.1953125,0.0,0.0,0.0,0.0,1.0,0.0,0.0
4,980,0,task1_initial,ChevronSlow,0.982421875,0.19970703125,0.982421875,0.19921875,0.98095703125,0.19970703125,1.0,0.0026521718701846414,0.006148001151616722
4,980,0,task1_initial,IDLGated,0.986328125,0.197265625,0.98583984375,0.197265625,0.9833984375,0.19970703125,0.000386751169571653,0.002848082805510412,0.005808205181401525
4,990,0,task1_initial,MLP,0.98779296875,0.2001953125,0.0,0.0,0.0,0.0,1.0,0.0,0.0
4,990,0,task1_initial,ChevronSlow,0.978515625,0.201171875,0.9765625,0.20263671875,0.978515625,0.20166015625,1.0,0.0024972700487523106,0.006289731339613505
4,990,0,task1_initial,IDLGated,0.98095703125,0.2001953125,0.9794921875,0.20166015625,0.9853515625,0.19873046875,0.00038533887709490955,0.0026817386785994543,0.006181916173247966
4,1000,0,task1_initial,MLP,0.98876953125,0.19970703125,0.0,0.0,0.0,0.0,1.0,0.0,0.0
4,1000,0,task1_initial,ChevronSlow,0.9814453125,0.20263671875,0.98193359375,0.203125,0.97998046875,0.20166015625,1.0,0.0023514153688543567,0.006535715168031368
4,1000,0,task1_initial,IDLGated,0.984375,0.20263671875,0.98388671875,0.20263671875,0.98291015625,0.201171875,0.0003840139543171972,0.002525109988509446,0.006552846447759551
4,1010,0,task1_initial,MLP,0.9853515625,0.1962890625,0.0,0.0,0.0,0.0,1.0,0.0,0.0
4,1010,0,task1_initial,ChevronSlow,0.982421875,0.1962890625,0.98046875,0.1962890625,0.98095703125,0.19970703125,1.0,0.0022140794263107236,0.006554480822007065
4,1010,0,task1_initial,IDLGated,0.984375,0.1962890625,0.98291015625,0.1962890625,0.98583984375,0.19775390625,0.00038277055136859417,0.0023776292988398687,0.006534867523596727
4,1020,0,task1_initial,MLP,0.98779296875,0.19677734375,0.0,0.0,0.0,0.0,1.0,0.0,0.0
4,1020,0,task1_initial,ChevronSlow,0.9833984375,0.19921875,0.98388671875,0.19970703125,0.982421875,0.19921875,1.0,0.0020847646787308448,0.006191224075631329
4,1020,0,task1_initial,IDLGated,0.98681640625,0.19873046875,0.98681640625,0.1982421875,0.98681640625,0.19873046875,0.0003816033713519573,0.0022387623146818882,0.005792335489555312
4,1030,0,task1_initial,MLP,0.98193359375,0.2041015625,0.0,0.0,0.0,0.0,1.0,0.0,0.0
4,1030,0,task1_initial,ChevronSlow,0.978515625,0.20751953125,0.97607421875,0.20947265625,0.98095703125,0.20263671875,1.0,0.0019630026430107715,0.006423830501675072
4,1030,0,task1_initial,IDLGated,0.98046875,0.205078125,0.97705078125,0.20703125,0.9833984375,0.2021484375,0.0003805076121352613,0.0021080059469680036,0.005813573811776787
4,1040,0,task1_initial,MLP,0.98974609375,0.197265625,0.0,0.0,0.0,0.0,1.0,0.0,0.0
4,1040,0,task1_initial,ChevronSlow,0.986328125,0.1953125,0.9853515625,0.19384765625,0.98291015625,0.19921875,1.0,0.0018483521981066567,0.005699509189003195
4,1040,0,task1_initial,IDLGated,0.98388671875,0.19580078125,0.98291015625,0.1953125,0.98681640625,0.19873046875,0.00037947879172861576,0.001984886489874601,0.005440422187796707
4,1050,0,task1_initial,MLP,0.9892578125,0.1953125,0.0,0.0,0.0,0.0,1.0,0.0,0.0
4,1050,0,task1_initial,ChevronSlow,0.986328125,0.197265625,0.98681640625,0.19677734375,0.984375,0.1982421875,1.0,0.0017403979869358547,0.005431298984288916
4,1050,0,task1_initial,IDLGated,0.98828125,0.19775390625,0.98779296875,0.19677734375,0.98583984375,0.19873046875,0.00037851251545362175,0.0018689579046745038,0.00496043469343893
4,1060,0,task1_initial,MLP,0.98681640625,0.19921875,0.0,0.0,0.0,0.0,1.0,0.0,0.0
4,1060,0,task1_initial,ChevronSlow,0.98388671875,0.1953125,0.98388671875,0.19482421875,0.98486328125,0.1982421875,1.0,0.0016387489116160274,0.005658611586739544
4,1060,0,task1_initial,IDLGated,0.984375,0.1962890625,0.984375,0.19677734375,0.9873046875,0.197265625,0.0003776049998123199,0.0017598002038222292,0.005500956287948039
4,1070,0,task1_initial,MLP,0.986328125,0.19921875,0.0,0.0,0.0,0.0,1.0,0.0,0.0
4,1070,0,task1_initial,ChevronSlow,0.9794921875,0.1982421875,0.9794921875,0.1982421875,0.984375,0.19775390625,1.0,0.0015430367165907859,0.0055802661868216185
4,1070,0,task1_initial,IDLGated,0.98095703125,0.19677734375,0.978515625,0.1962890625,0.98388671875,0.19677734375,0.0003767524613067508,0.001657017929417791,0.0055652615427827686
4,1080,0,task1_initial,MLP,0.9892578125,0.197265625,0.0,0.0,0.0,0.0,1.0,0.0,0.0
4,1080,0,task1_initial,ChevronSlow,0.982421875,0.20166015625,0.98193359375,0.2021484375,0.98388671875,0.19970703125,1.0,0.0014529146545088005,0.004855305941095253
4,1080,0,task1_initial,IDLGated,0.98681640625,0.19970703125,0.98583984375,0.19970703125,0.98681640625,0.19775390625,0.00037595126195810735,0.0015602387205368158,0.004861790217840208
4,1090,0,task1_initial,MLP,0.99072265625,0.19677734375,0.0,0.0,0.0,0.0,1.0,0.0,0.0
4,1090,0,task1_initial,ChevronSlow,0.98193359375,0.201171875,0.9814453125,0.201171875,0.98486328125,0.19970703125,1.0,0.0013680562300231092,0.005128016097439929
4,1090,0,task1_initial,IDLGated,0.9833984375,0.19921875,0.98291015625,0.19970703125,0.98583984375,0.19970703125,0.0003751986660063267,0.001469111964236676,0.0055496594877626785
4,1100,0,task1_initial,MLP,0.98974609375,0.19287109375,0.0,0.0,0.0,0.0,1.0,0.0,0.0
4,1100,0,task1_initial,ChevronSlow,0.98583984375,0.197265625,0.9853515625,0.197265625,0.9853515625,0.1982421875,1.0,0.0012881540169596421,0.005411404506546114
4,1100,0,task1_initial,IDLGated,0.98583984375,0.19677734375,0.986328125,0.19677734375,0.98681640625,0.19921875,0.0003744913265109062,0.0013833075253514811,0.00593284852830584
4,1110,0,task1_initial,MLP,0.9892578125,0.19189453125,0.0,0.0,0.0,0.0,1.0,0.0,0.0
4,1110,0,task1_initial,ChevronSlow,0.98583984375,0.19775390625,0.98583984375,0.19580078125,0.98486328125,0.19873046875,1.0,0.001212918544569789,0.005185613371911894
4,1110,0,task1_initial,IDLGated,0.98583984375,0.1962890625,0.9853515625,0.19580078125,0.986328125,0.197265625,0.0003738266241271049,0.0013025145504742244,0.005533061900749678
4,1120,0,task1_initial,MLP,0.986328125,0.20068359375,0.0,0.0,0.0,0.0,1.0,0.0,0.0
4,1120,0,task1_initial,ChevronSlow,0.98095703125,0.205078125,0.9775390625,0.2080078125,0.98291015625,0.2021484375,1.0,0.0011420772488321069,0.00602172567827082
4,1120,0,task1_initial,IDLGated,0.982421875,0.20458984375,0.98046875,0.20556640625,0.9833984375,0.20068359375,0.0003732017066795379,0.0012264403417931238,0.006150960269653433
4,1130,0,task1_initial,MLP,0.986328125,0.203125,0.0,0.0,0.0,0.0,1.0,0.0,0.0
4,1130,0,task1_initial,ChevronSlow,0.97900390625,0.203125,0.978515625,0.2041015625,0.98291015625,0.20263671875,1.0,0.0010753734850039345,0.00622553159301778
4,1130,0,task1_initial,IDLGated,0.98095703125,0.20361328125,0.97998046875,0.203125,0.98388671875,0.201171875,0.0003726142458617687,0.0011548092967022868,0.006521841216793251
4,1140,0,task1_initial,MLP,0.986328125,0.20361328125,0.0,0.0,0.0,0.0,1.0,0.0,0.0
4,1140,0,task1_initial,ChevronSlow,0.98193359375,0.2021484375,0.98193359375,0.20263671875,0.9833984375,0.20166015625,1.0,0.0010741553074493336,0.005848591348917064
4,1140,0,task1_initial,IDLGated,0.98388671875,0.2021484375,0.98388671875,0.203125,0.9853515625,0.201171875,0.0003720619424711913,0.0010873619093451018,0.0057902908121983164
4,1150,0,task1_initial,MLP,0.98291015625,0.2021484375,0.0,0.0,0.0,0.0,1.0,0.0,0.0
4,1150,0,task1_initial,ChevronSlow,0.978515625,0.20361328125,0.97802734375,0.2041015625,0.98193359375,0.2021484375,1.0,0.001275010394508648,0.006342046230396659
4,1150,0,task1_initial,IDLGated,0.978515625,0.20263671875,0.9775390625,0.20263671875,0.98193359375,0.201171875,0.0003718739899341017,0.0010643825763082006,0.006311688992216673
4,1160,0,task1_initial,MLP,0.98779296875,0.20068359375,0.0,0.0,0.0,0.0,1.0,0.0,0.0
4,1160,0,task1_initial,ChevronSlow,0.9873046875,0.19921875,0.98779296875,0.1982421875,0.98486328125,0.2001953125,1.0,0.0015356443036660871,0.005575348257690988
4,1160,0,task1_initial,IDLGated,0.986328125,0.19873046875,0.9873046875,0.19921875,0.98583984375,0.19921875,0.00037194028845988214,0.0010724946275783365,0.005542634229129948
4,1170,0,task1_initial,MLP,0.98291015625,0.197265625,0.0,0.0,0.0,0.0,1.0,0.0,0.0
4,1170,0,task1_initial,ChevronSlow,0.978515625,0.20361328125,0.97509765625,0.20458984375,0.98291015625,0.20361328125,1.0,0.00156498935889732,0.0061870975384646105
4,1170,0,task1_initial,IDLGated,0.9794921875,0.20166015625,0.97705078125,0.20263671875,0.98583984375,0.20166015625,0.0003718075167853385,0.001056253488799663,0.005913963963359148
4,1180,0,task1_initial,MLP,0.98828125,0.20068359375,0.0,0.0,0.0,0.0,1.0,0.0,0.0
4,1180,0,task1_initial,ChevronSlow,0.98291015625,0.20361328125,0.982421875,0.20458984375,0.98388671875,0.203125,1.0,0.0016407409377623152,0.004878189464348307
4,1180,0,task1_initial,IDLGated,0.9833984375,0.20263671875,0.98291015625,0.203125,0.98388671875,0.20166015625,0.0003726886643562466,0.0011638811115519336,0.004690445407957348
4,1190,0,task1_initial,MLP,0.98974609375,0.19873046875,0.0,0.0,0.0,0.0,1.0,0.0,0.0
4,1190,0,task1_initial,ChevronSlow,0.9814453125,0.2001953125,0.98095703125,0.19970703125,0.982421875,0.20166015625,1.0,0.0015449123971556014,0.005261934288623125
4,1190,0,task1_initial,IDLGated,0.98388671875,0.19775390625,0.98193359375,0.19677734375,0.984375,0.201171875,0.00037213179166428745,0.0010959038789536825,0.0053156587917855495
4,1200,0,task1_initial,MLP,0.9892578125,0.19775390625,0.0,0.0,0.0,0.0,1.0,0.0,0.0
4,1200,0,task1_initial,ChevronSlow,0.986328125,0.1982421875,0.98779296875,0.19677734375,0.9853515625,0.201171875,1.0,0.0014546807847314299,0.004697552816237625
4,1200,0,task1_initial,IDLGated,0.98583984375,0.19677734375,0.984375,0.1962890625,0.98681640625,0.19873046875,0.0003716083592735231,0.001031896900796244,0.004772712227298619
4,1210,0,task1_initial,MLP,0.9892578125,0.19384765625,0.0,0.0,0.0,0.0,1.0,0.0,0.0
4,1210,0,task1_initial,ChevronSlow,0.9833984375,0.2001953125,0.98291015625,0.201171875,0.98486328125,0.20166015625,1.0,0.0013697192082624723,0.004785671103098249
4,1210,0,task1_initial,IDLGated,0.984375,0.19921875,0.984375,0.19873046875,0.98486328125,0.20068359375,0.00037111627170816064,0.000971628291789171,0.004844220635766448
4,1220,0,task1_initial,MLP,0.9833984375,0.19873046875,0.0,0.0,0.0,0.0,1.0,0.0,0.0
4,1220,0,task1_initial,ChevronSlow,0.97998046875,0.2001953125,0.9794921875,0.2001953125,0.9833984375,0.20166015625,1.0,0.001289719867874349,0.005481059090651352
4,1220,0,task1_initial,IDLGated,0.98193359375,0.2001953125,0.98193359375,0.19970703125,0.9833984375,0.20068359375,0.0003706532879732549,0.0009148797100530829,0.0054827793528048575
4,1230,0,task1_initial,MLP,0.98388671875,0.20947265625,0.0,0.0,0.0,0.0,1.0,0.0,0.0
4,1230,0,task1_initial,ChevronSlow,0.98095703125,0.2099609375,0.97900390625,0.21240234375,0.98193359375,0.205078125,1.0,0.001214392940944348,0.007400735088421181
4,1230,0,task1_initial,IDLGated,0.98046875,0.20849609375,0.97900390625,0.20947265625,0.98291015625,0.20361328125,0.00037025348865427077,0.0008657961552453167,0.00791941184200917
4,1240,0,task1_initial,MLP,0.98779296875,0.2021484375,0.0,0.0,0.0,0.0,1.0,0.0,0.0
4,1240,0,task1_initial,ChevronSlow,0.98193359375,0.2060546875,0.98193359375,0.2060546875,0.98291015625,0.2041015625,1.0,0.0012548329725333898,0.005509998231393681
4,1240,0,task1_initial,IDLGated,0.982421875,0.20458984375,0.98193359375,0.205078125,0.98486328125,0.20263671875,0.0003741656837519258,0.0013437462052619301,0.005644861066547471
4,1250,0,task1_initial,MLP,0.98681640625,0.197265625,0.0,0.0,0.0,0.0,1.0,0.0,0.0
4,1250,0,task1_initial,ChevronSlow,0.98779296875,0.2001953125,0.9873046875,0.2001953125,0.98583984375,0.20166015625,1.0,0.0012356505996092637,0.00501813434675279
4,1250,0,task1_initial,IDLGated,0.986328125,0.19921875,0.9873046875,0.19873046875,0.9853515625,0.20068359375,0.00037687423173338175,0.0016717331417410199,0.005098876055101738
4,1260,0,task1_initial,MLP,0.99169921875,0.1923828125,0.0,0.0,0.0,0.0,1.0,0.0,0.0
4,1260,0,task1_initial,ChevronSlow,0.98779296875,0.1953125,0.9873046875,0.1943359375,0.9873046875,0.19970703125,1.0,0.0011634816234259437,0.005457964190076813
4,1260,0,task1_initial,IDLGated,0.9853515625,0.1953125,0.986328125,0.193359375,0.98681640625,0.19873046875,0.00037612876622006297,0.0015816969526044865,0.005424603977929809
4,1270,0,task1_initial,MLP,0.9892578125,0.1923828125,0.0,0.0,0.0,0.0,1.0,0.0,0.0
4,1270,0,task1_initial,ChevronSlow,0.98681640625,0.19873046875,0.98681640625,0.1982421875,0.98583984375,0.20068359375,1.0,0.0010955277231912744,0.005533793253001824
4,1270,0,task1_initial,IDLGated,0.98681640625,0.19775390625,0.9873046875,0.197265625,0.9873046875,0.19921875,0.0003753654018510133,0.0014893169143170943,0.00558074969710352
4,1280,0,task1_initial,MLP,0.98974609375,0.1953125,0.0,0.0,0.0,0.0,1.0,0.0,0.0
4,1280,0,task1_initial,ChevronSlow,0.98681640625,0.19384765625,0.984375,0.1923828125,0.9873046875,0.19775390625,1.0,0.0010315427146555614,0.006305526658530867
4,1280,0,task1_initial,IDLGated,0.9853515625,0.193359375,0.984375,0.1923828125,0.98828125,0.19677734375,0.0003746480797417462,0.001402332392193483,0.006602395170547722
4,1290,0,task1_initial,MLP,0.98681640625,0.197265625,0.0,0.0,0.0,0.0,1.0,0.0,0.0
4,1290,0,task1_initial,ChevronSlow,0.98828125,0.19775390625,0.98876953125,0.19775390625,0.98779296875,0.19970703125,1.0,0.0010894535529072922,0.00636780123854824
4,1290,0,task1_initial,IDLGated,0.986328125,0.197265625,0.986328125,0.19677734375,0.98876953125,0.197265625,0.00037698165397159755,0.0016846737309910524,0.006699872716352278
4,1300,0,task1_initial,MLP,0.9853515625,0.2001953125,0.0,0.0,0.0,0.0,1.0,0.0,0.0
4,1300,0,task1_initial,ChevronSlow,0.98291015625,0.20068359375,0.9833984375,0.20166015625,0.98681640625,0.19921875,1.0,0.001542761299391626,0.005904553024744349
4,1300,0,task1_initial,IDLGated,0.982421875,0.201171875,0.9814453125,0.20263671875,0.9853515625,0.19873046875,0.00038417725590988994,0.002544436365931967,0.006064404871347815
4,1310,0,task1_initial,MLP,0.98681640625,0.19921875,0.0,0.0,0.0,0.0,1.0,0.0,0.0
4,1310,0,task1_initial,ChevronSlow,0.98779296875,0.1982421875,0.986328125,0.1982421875,0.98828125,0.19873046875,1.0,0.0018451887445687682,0.005183295832750974
4,1310,0,task1_initial,IDLGated,0.98486328125,0.19775390625,0.98486328125,0.197265625,0.9853515625,0.19775390625,0.00038982045953162014,0.0032075212390490775,0.005156976704802734
4,1320,0,task1_initial,MLP,0.9912109375,0.18994140625,0.0,0.0,0.0,0.0,1.0,0.0,0.0
4,1320,0,task1_initial,ChevronSlow,0.98681640625,0.19140625,0.986328125,0.19140625,0.98779296875,0.19580078125,1.0,0.0018276871784968197,0.00650480460606352
4,1320,0,task1_initial,IDLGated,0.98583984375,0.19140625,0.98388671875,0.189453125,0.98681640625,0.1953125,0.00039204160566441715,0.003465878781388671,0.006882987492973141
4,1330,0,task1_initial,MLP,0.98291015625,0.1943359375,0.0,0.0,0.0,0.0,1.0,0.0,0.0
4,1330,0,task1_initial,ChevronSlow,0.9775390625,0.197265625,0.9755859375,0.197265625,0.98583984375,0.1962890625,1.0,0.002206362740185287,0.0062260233634456475
4,1330,0,task1_initial,IDLGated,0.9775390625,0.1943359375,0.97509765625,0.19482421875,0.9833984375,0.1962890625,0.0003971161786466837,0.0040507054796650645,0.006542077240868443
4,1340,0,task1_initial,MLP,0.9892578125,0.1962890625,0.0,0.0,0.0,0.0,1.0,0.0,0.0
4,1340,0,task1_initial,ChevronSlow,0.98779296875,0.1953125,0.9873046875,0.19482421875,0.98876953125,0.19677734375,1.0,0.002600648248489066,0.005890912709148882
4,1340,0,task1_initial,IDLGated,0.98876953125,0.19482421875,0.98779296875,0.19384765625,0.98681640625,0.19580078125,0.0004014479636680335,0.0045440360008373835,0.006184462311598432
4,1350,0,task1_initial,MLP,0.990234375,0.19873046875,0.0,0.0,0.0,0.0,1.0,0.0,0.0
4,1350,0,task1_initial,ChevronSlow,0.98681640625,0.2001953125,0.98583984375,0.201171875,0.98828125,0.19921875,1.0,0.0028601012731010772,0.005427717400517396
4,1350,0,task1_initial,IDLGated,0.98974609375,0.19873046875,0.98828125,0.19970703125,0.98828125,0.19775390625,0.00040384309249930084,0.00481454252618748,0.0053121241690981666
4,1360,0,task1_initial,MLP,0.990234375,0.1982421875,0.0,0.0,0.0,0.0,1.0,0.0,0.0
4,1360,0,task1_initial,ChevronSlow,0.98876953125,0.19873046875,0.98828125,0.19921875,0.98974609375,0.19873046875,1.0,0.002739159481630828,0.005124568067187794
4,1360,0,task1_initial,IDLGated,0.98583984375,0.19775390625,0.98583984375,0.19775390625,0.98681640625,0.19775390625,0.0004023630463052541,0.004647577374826046,0.0052360651305592976
4,1370,0,task1_initial,MLP,0.9853515625,0.19921875,0.0,0.0,0.0,0.0,1.0,0.0,0.0
4,1370,0,task1_initial,ChevronSlow,0.98193359375,0.19921875,0.98193359375,0.19970703125,0.9873046875,0.19921875,1.0,0.002579177092228321,0.005205983118976184
4,1370,0,task1_initial,IDLGated,0.98193359375,0.19921875,0.9814453125,0.19970703125,0.98388671875,0.19775390625,0.0003999682958237827,0.004376132598301014,0.005463520469694162
4,1380,0,task1_initial,MLP,0.97998046875,0.1943359375,0.0,0.0,0.0,0.0,1.0,0.0,0.0
4,1380,0,task1_initial,ChevronSlow,0.9814453125,0.19482421875,0.978515625,0.19287109375,0.98681640625,0.19677734375,1.0,0.0024285385782337895,0.004769337849737137
4,1380,0,task1_initial,IDLGated,0.98046875,0.193359375,0.9794921875,0.19287109375,0.98388671875,0.1962890625,0.0003977265441790223,0.004120541730330971,0.004946548725359927
4,1390,0,task1_initial,MLP,0.98681640625,0.19482421875,0.0,0.0,0.0,0.0,1.0,0.0,0.0
4,1390,0,task1_initial,ChevronSlow,0.9833984375,0.201171875,0.97998046875,0.20068359375,0.98779296875,0.19970703125,1.0,0.0022866982045324767,0.005116621168247082
4,1390,0,task1_initial,IDLGated,0.98388671875,0.1982421875,0.982421875,0.19873046875,0.98974609375,0.19775390625,0.00039562705205753446,0.0038798788130850526,0.005395136696990478
4,1400,0,task1_initial,MLP,0.98779296875,0.20263671875,0.0,0.0,0.0,0.0,1.0,0.0,0.0
4,1400,0,task1_initial,ChevronSlow,0.9853515625,0.20263671875,0.98388671875,0.2041015625,0.9873046875,0.201171875,1.0,0.002153142110023616,0.00448583928844212
4,1400,0,task1_initial,IDLGated,0.9853515625,0.20068359375,0.98583984375,0.20263671875,0.9873046875,0.19970703125,0.0003936604189220816,0.0036532719699011893,0.004533559197139535
4,1410,0,task1_initial,MLP,0.990234375,0.19775390625,0.0,0.0,0.0,0.0,1.0,0.0,0.0
4,1410,0,task1_initial,ChevronSlow,0.98974609375,0.1962890625,0.98876953125,0.1953125,0.98974609375,0.19873046875,1.0,0.0020273864459979325,0.0048397668060450195
4,1410,0,task1_initial,IDLGated,0.9892578125,0.1962890625,0.9892578125,0.1953125,0.98974609375,0.197265625,0.0003918176225852221,0.0034399002466402916,0.004873620211180418
4,1420,0,task1_initial,MLP,0.990234375,0.193359375,0.0,0.0,0.0,0.0,1.0,0.0,0.0
4,1420,0,task1_initial,ChevronSlow,0.98681640625,0.197265625,0.98779296875,0.19677734375,0.9873046875,0.2001953125,1.0,0.0019273683913920312,0.004312973541743781
4,1420,0,task1_initial,IDLGated,0.98974609375,0.1953125,0.98974609375,0.19482421875,0.98974609375,0.1982421875,0.00039126782212406397,0.0033760502406200254,0.004212085182630281
4,1430,0,task1_initial,MLP,0.990234375,0.2001953125,0.0,0.0,0.0,0.0,1.0,0.0,0.0
4,1430,0,task1_initial,ChevronSlow,0.986328125,0.201171875,0.98583984375,0.2021484375,0.98779296875,0.20166015625,1.0,0.0018191209684304535,0.004247781106030312
4,1430,0,task1_initial,IDLGated,0.98681640625,0.2001953125,0.98583984375,0.20068359375,0.98828125,0.19970703125,0.00039008271414786577,0.0032381066917624513,0.004204720860416423
4,1440,0,task1_initial,MLP,0.9892578125,0.201171875,0.0,0.0,0.0,0.0,1.0,0.0,0.0
4,1440,0,task1_initial,ChevronSlow,0.9853515625,0.20361328125,0.98583984375,0.20361328125,0.9873046875,0.20166015625,1.0,0.0017128740262230446,0.0038246336642240976
4,1440,0,task1_initial,IDLGated,0.98681640625,0.2021484375,0.986328125,0.2021484375,0.98779296875,0.201171875,0.0003884636680595577,0.0030489829663414053,0.003879335185725966
4,1450,0,task1_initial,MLP,0.9921875,0.18994140625,0.0,0.0,0.0,0.0,1.0,0.0,0.0
4,1450,0,task1_initial,ChevronSlow,0.98876953125,0.19482421875,0.98876953125,0.1943359375,0.9892578125,0.19921875,1.0,0.001612832505713438,0.004489833352654424
4,1450,0,task1_initial,IDLGated,0.98974609375,0.193359375,0.98779296875,0.18994140625,0.98828125,0.197265625,0.0003869453212246299,0.00287090513499424,0.004643053961900807
4,1460,0,task1_initial,MLP,0.9921875,0.1923828125,0.0,0.0,0.0,0.0,1.0,0.0,0.0
4,1460,0,task1_initial,ChevronSlow,0.98583984375,0.197265625,0.986328125,0.197265625,0.98681640625,0.2001953125,1.0,0.0015186339752151531,0.004692436900182453
4,1460,0,task1_initial,IDLGated,0.98974609375,0.1962890625,0.990234375,0.1962890625,0.9892578125,0.19775390625,0.0003855211252812296,0.002703228055100063,0.0045394310206572815
4,1470,0,task1_initial,MLP,0.986328125,0.197265625,0.0,0.0,0.0,0.0,1.0,0.0,0.0
4,1470,0,task1_initial,ChevronSlow,0.986328125,0.1982421875,0.984375,0.1982421875,0.9892578125,0.1982421875,1.0,0.0014299371710998635,0.0045984841435939795
4,1470,0,task1_initial,IDLGated,0.984375,0.197265625,0.98193359375,0.197265625,0.98681640625,0.19775390625,0.0003841849393211305,0.0025453442640119596,0.004520467904078905
4,1480,0,task1_initial,MLP,0.98681640625,0.197265625,0.0,0.0,0.0,0.0,1.0,0.0,0.0
4,1480,0,task1_initial,ChevronSlow,0.9873046875,0.1982421875,0.98583984375,0.1982421875,0.98974609375,0.19775390625,1.0,0.0013464207614632049,0.004211887019973705
4,1480,0,task1_initial,IDLGated,0.98486328125,0.19677734375,0.98486328125,0.197265625,0.986328125,0.19775390625,0.0003829309716820717,0.0023966817783336323,0.004144082869752993
4,1490,0,task1_initial,MLP,0.98779296875,0.201171875,0.0,0.0,0.0,0.0,1.0,0.0,0.0
4,1490,0,task1_initial,ChevronSlow,0.98583984375,0.2021484375,0.98388671875,0.203125,0.98828125,0.19970703125,1.0,0.0012677821819994854,0.004270339974536279
4,1490,0,task1_initial,IDLGated,0.98583984375,0.2021484375,0.98486328125,0.20263671875,0.98828125,0.19970703125,0.00038175383815541863,0.0022567020217307125,0.004435585422107123
4,1500,0,task1_initial,MLP,0.986328125,0.1982421875,0.0,0.0,0.0,0.0,1.0,0.0,0.0
4,1500,0,task1_initial,ChevronSlow,0.9794921875,0.203125,0.97900390625,0.20361328125,0.9853515625,0.20166015625,1.0,0.0011937365398678906,0.004864317688723782
4,1500,0,task1_initial,IDLGated,0.9814453125,0.20068359375,0.97998046875,0.19970703125,0.986328125,0.2001953125,0.00038064891123212874,0.002124897873769602,0.004914898251521357
4,1510,0,task1_initial,MLP,0.99072265625,0.1904296875,0.0,0.0,0.0,0.0,1.0,0.0,0.0
4,1510,0,task1_initial,ChevronSlow,0.98779296875,0.193359375,0.98681640625,0.19189453125,0.98828125,0.19775390625,1.0,0.0011240155815790936,0.0042714000436595385
4,1510,0,task1_initial,IDLGated,0.98974609375,0.18896484375,0.98828125,0.1884765625,0.98876953125,0.197265625,0.0003796114178840071,0.00200079183271515,0.004667089262492186
4,1520,0,task1_initial,MLP,0.98388671875,0.1943359375,0.0,0.0,0.0,0.0,1.0,0.0,0.0
4,1520,0,task1_initial,ChevronSlow,0.986328125,0.1982421875,0.984375,0.197265625,0.9892578125,0.19775390625,1.0,0.0010583667211631206,0.004410711388655485
4,1520,0,task1_initial,IDLGated,0.98388671875,0.197265625,0.9833984375,0.19677734375,0.98876953125,0.19677734375,0.00037863716715946794,0.0018839342856313208,0.004693202405201346
4,1530,0,task1_initial,MLP,0.98779296875,0.19921875,0.0,0.0,0.0,0.0,1.0,0.0,0.0
4,1530,0,task1_initial,ChevronSlow,0.9873046875,0.201171875,0.9873046875,0.20068359375,0.9892578125,0.19970703125,1.0,0.0009965521250977015,0.004315203433128204
4,1530,0,task1_initial,IDLGated,0.98681640625,0.19970703125,0.98681640625,0.19970703125,0.98828125,0.19921875,0.00037772199721075594,0.0017739018795177638,0.004532573360855379
4,1540,0,task1_initial,MLP,0.98876953125,0.2001953125,0.0,0.0,0.0,0.0,1.0,0.0,0.0
4,1540,0,task1_initial,ChevronSlow,0.98779296875,0.2001953125,0.98681640625,0.2001953125,0.9892578125,0.19921875,1.0,0.0009383478506819763,0.004274805239981387
4,1540,0,task1_initial,IDLGated,0.990234375,0.1982421875,0.98974609375,0.19873046875,0.98974609375,0.1982421875,0.00037686238647438586,0.0016702959875812028,0.004496548871112302
4,1550,0,task1_initial,MLP,0.9873046875,0.18896484375,0.0,0.0,0.0,0.0,1.0,0.0,0.0
4,1550,0,task1_initial,ChevronSlow,0.9873046875,0.18701171875,0.9833984375,0.18603515625,0.9892578125,0.1953125,1.0,0.0008835430347340445,0.005746922552044919
4,1550,0,task1_initial,IDLGated,0.98681640625,0.18798828125,0.98388671875,0.18798828125,0.99072265625,0.1943359375,0.00037605472607538104,0.0015727412650852475,0.006215718219868483
4,1560,0,task1_initial,MLP,0.98583984375,0.18798828125,0.0,0.0,0.0,0.0,1.0,0.0,0.0
4,1560,0,task1_initial,ChevronSlow,0.98974609375,0.19384765625,0.9892578125,0.19384765625,0.9892578125,0.1953125,1.0,0.0008319391296731616,0.004532345940146899
4,1560,0,task1_initial,IDLGated,0.98828125,0.193359375,0.9873046875,0.19140625,0.9892578125,0.1943359375,0.00037529581459239125,0.0014808842895467306,0.004756938074951633
4,1570,0,task1_initial,MLP,0.9912109375,0.19775390625,0.0,0.0,0.0,0.0,1.0,0.0,0.0
4,1570,0,task1_initial,ChevronSlow,0.9873046875,0.20068359375,0.9873046875,0.20068359375,0.98974609375,0.19921875,1.0,0.0007833491842190502,0.005441928311125346
4,1570,0,task1_initial,IDLGated,0.9873046875,0.19873046875,0.9873046875,0.19921875,0.9892578125,0.197265625,0.0003745827416423708,0.0013943922803522656,0.0052970244731711255
4,1580,0,task1_initial,MLP,0.9873046875,0.1953125,0.0,0.0,0.0,0.0,1.0,0.0,0.0
4,1580,0,task1_initial,ChevronSlow,0.984375,0.1953125,0.98193359375,0.19482421875,0.98779296875,0.19677734375,1.0,0.0007375971661024365,0.005516258182802798
4,1580,0,task1_initial,IDLGated,0.98388671875,0.19580078125,0.98193359375,0.19482421875,0.9873046875,0.19580078125,0.00037391233490779996,0.0013129518931564276,0.0053261484183911205
4,1590,0,task1_initial,MLP,0.99169921875,0.19482421875,0.0,0.0,0.0,0.0,1.0,0.0,0.0
4,1590,0,task1_initial,ChevronSlow,0.98779296875,0.19775390625,0.98779296875,0.197265625,0.98828125,0.19775390625,1.0,0.0006945173243331176,0.0051840510695380536
4,1590,0,task1_initial,IDLGated,0.9892578125,0.19677734375,0.9892578125,0.19677734375,0.9873046875,0.1962890625,0.0003732822951860726,0.0012362680846938943,0.005171810095370395
4,1600,0,task1_initial,MLP,0.98876953125,0.20068359375,0.0,0.0,0.0,0.0,1.0,0.0,0.0
4,1600,0,task1_initial,ChevronSlow,0.9873046875,0.201171875,0.986328125,0.20166015625,0.98876953125,0.19921875,1.0,0.000653953588715177,0.005493529191935121
4,1600,0,task1_initial,IDLGated,0.98828125,0.19970703125,0.98828125,0.2001953125,0.9892578125,0.19775390625,0.00037269009044393897,0.001164063043892971,0.00535289951367632
4,1610,0,task1_initial,MLP,0.9921875,0.19873046875,0.0,0.0,0.0,0.0,1.0,0.0,0.0
4,1610,0,task1_initial,ChevronSlow,0.98681640625,0.2001953125,0.9873046875,0.19873046875,0.98828125,0.19970703125,1.0,0.0006157590044339036,0.004874440208905349
4,1610,0,task1_initial,IDLGated,0.98974609375,0.19775390625,0.990234375,0.19775390625,0.990234375,0.19775390625,0.00037213321775197983,0.0010960751854181237,0.004728018639470641
4,1620,0,task1_initial,MLP,0.9892578125,0.19873046875,0.0,0.0,0.0,0.0,1.0,0.0,0.0
4,1620,0,task1_initial,ChevronSlow,0.9873046875,0.20166015625,0.9873046875,0.20166015625,0.98876953125,0.2001953125,1.0,0.0005797951996660286,0.004427429898697931
4,1620,0,task1_initial,IDLGated,0.9873046875,0.19921875,0.9873046875,0.19921875,0.98828125,0.19970703125,0.00037160978536121547,0.001032058201995316,0.00423952454203558
4,1630,0,task1_initial,MLP,0.9921875,0.19775390625,0.0,0.0,0.0,0.0,1.0,0.0,0.0
4,1630,0,task1_initial,ChevronSlow,0.9873046875,0.2001953125,0.9873046875,0.2001953125,0.98876953125,0.2001953125,1.0,0.0005459318842845345,0.004122174702194088
4,1630,0,task1_initial,IDLGated,0.98828125,0.20068359375,0.9873046875,0.20068359375,0.98974609375,0.19873046875,0.0003711175231728703,0.0009717801720868995,0.004258457072807702
4,1640,0,task1_initial,MLP,0.9912109375,0.193359375,0.0,0.0,0.0,0.0,1.0,0.0,0.0
4,1640,0,task1_initial,ChevronSlow,0.9873046875,0.1953125,0.986328125,0.19287109375,0.98681640625,0.19970703125,1.0,0.000514046377841933,0.004388015461388931
4,1640,0,task1_initial,IDLGated,0.98876953125,0.19091796875,0.98779296875,0.19091796875,0.98974609375,0.19775390625,0.0003706545103341341,0.0009150227196833324,0.004582685071348135
4,1650,0,task1_initial,MLP,0.9892578125,0.19482421875,0.0,0.0,0.0,0.0,1.0,0.0,0.0
4,1650,0,task1_initial,ChevronSlow,0.98291015625,0.2021484375,0.9814453125,0.20263671875,0.9873046875,0.201171875,1.0,0.0004840231651219881,0.004277071764031269
4,1650,0,task1_initial,IDLGated,0.986328125,0.2001953125,0.98486328125,0.201171875,0.98828125,0.19873046875,0.0003702190879266709,0.0008615802231678087,0.004110142043367765
4,1660,0,task1_initial,MLP,0.99072265625,0.19921875,0.0,0.0,0.0,0.0,1.0,0.0,0.0
4,1660,0,task1_initial,ChevronSlow,0.9873046875,0.201171875,0.9873046875,0.201171875,0.98779296875,0.2001953125,1.0,0.00045575347764972857,0.004283709873704187
4,1660,0,task1_initial,IDLGated,0.9873046875,0.2001953125,0.9873046875,0.2001953125,0.98876953125,0.20068359375,0.0003698095679283142,0.0008112590703876624,0.004032646527548326
4,1670,0,task1_initial,MLP,0.990234375,0.19677734375,0.0,0.0,0.0,0.0,1.0,0.0,0.0
4,1670,0,task1_initial,ChevronSlow,0.986328125,0.2001953125,0.98486328125,0.20068359375,0.98779296875,0.20166015625,1.0,0.0004291348996436407,0.004499458763503057
4,1670,0,task1_initial,IDLGated,0.9873046875,0.19873046875,0.98681640625,0.19921875,0.98828125,0.19921875,0.00036942443693988025,0.0007638769572338117,0.0043201638777865675
4,1680,0,task1_initial,MLP,0.9892578125,0.197265625,0.0,0.0,0.0,0.0,1.0,0.0,0.0
4,1680,0,task1_initial,ChevronSlow,0.9853515625,0.19970703125,0.98486328125,0.19921875,0.98681640625,0.20068359375,1.0,0.00040407099698247853,0.0039079628118780015
4,1680,0,task1_initial,IDLGated,0.98828125,0.19921875,0.98779296875,0.19970703125,0.98828125,0.19970703125,0.0003694899205584079,0.0007719232600224683,0.0034732776152736067
4,1690,0,task1_initial,MLP,0.9873046875,0.20361328125,0.0,0.0,0.0,0.0,1.0,0.0,0.0
4,1690,0,task1_initial,ChevronSlow,0.9853515625,0.20703125,0.984375,0.20751953125,0.98486328125,0.2021484375,1.0,0.0003804709678425094,0.005437989508311338
4,1690,0,task1_initial,IDLGated,0.9853515625,0.20458984375,0.984375,0.2041015625,0.986328125,0.201171875,0.00036912376526743174,0.0007268385804330047,0.005162714873286039
4,1700,0,task1_initial,MLP,0.98876953125,0.20263671875,0.0,0.0,0.0,0.0,1.0,0.0,0.0
4,1700,0,task1_initial,ChevronSlow,0.984375,0.205078125,0.98388671875,0.20556640625,0.98681640625,0.20361328125,1.0,0.00038534795064336396,0.005667355431087569
4,1700,0,task1_initial,IDLGated,0.9853515625,0.203125,0.98388671875,0.20458984375,0.98681640625,0.20166015625,0.0003692603495437652,0.0007436621698328704,0.005206796651180712
4,1710,0,task1_initial,MLP,0.990234375,0.1953125,0.0,0.0,0.0,0.0,1.0,0.0,0.0
4,1710,0,task1_initial,ChevronSlow,0.9892578125,0.19775390625,0.98779296875,0.1943359375,0.98876953125,0.19970703125,1.0,0.00045377458518119413,0.004505495095712243
4,1710,0,task1_initial,IDLGated,0.98876953125,0.1953125,0.98828125,0.19482421875,0.9892578125,0.1982421875,0.00036985467886552215,0.0008167932966375215,0.004553220280139606
4,1720,0,task1_initial,MLP,0.98583984375,0.1875,0.0,0.0,0.0,0.0,1.0,0.0,0.0
4,1720,0,task1_initial,ChevronSlow,0.98486328125,0.19189453125,0.984375,0.1904296875,0.98974609375,0.19775390625,1.0,0.0005478564302315788,0.005538799932905079
4,1720,0,task1_initial,IDLGated,0.98583984375,0.19140625,0.98291015625,0.1884765625,0.98828125,0.19580078125,0.0003706122806761414,0.000909835108150022,0.005896695950153859
4,1730,0,task1_initial,MLP,0.98828125,0.1982421875,0.0,0.0,0.0,0.0,1.0,0.0,0.0
4,1730,0,task1_initial,ChevronSlow,0.98486328125,0.19970703125,0.98486328125,0.2001953125,0.9873046875,0.19921875,1.0,0.0013522523330585033,0.005615142673206123
4,1730,0,task1_initial,IDLGated,0.98583984375,0.19970703125,0.9853515625,0.19970703125,0.98486328125,0.1982421875,0.00037746498128399253,0.0017429478037643378,0.005626165292471601
4,1740,0,task1_initial,MLP,0.986328125,0.2060546875,0.0,0.0,0.0,0.0,1.0,0.0,0.0
4,1740,0,task1_initial,ChevronSlow,0.9853515625,0.20556640625,0.98291015625,0.2060546875,0.98681640625,0.201171875,1.0,0.0025158253257306393,0.005255354251852374
4,1740,0,task1_initial,IDLGated,0.9853515625,0.2041015625,0.984375,0.20458984375,0.98828125,0.2001953125,0.00038702390156686306,0.0028801426860242648,0.00538746297123252
4,1750,0,task1_initial,MLP,0.986328125,0.2001953125,0.0,0.0,0.0,0.0,1.0,0.0,0.0
4,1750,0,task1_initial,ChevronSlow,0.9814453125,0.205078125,0.98046875,0.20556640625,0.9853515625,0.2021484375,1.0,0.0033132397783281926,0.004405503735975278
4,1750,0,task1_initial,IDLGated,0.98291015625,0.20263671875,0.98291015625,0.20361328125,0.98681640625,0.201171875,0.00039254347211681306,0.003524054854348664,0.004482133445085867
4,1760,0,task1_initial,MLP,0.99072265625,0.19677734375,0.0,0.0,0.0,0.0,1.0,0.0,0.0
4,1760,0,task1_initial,ChevronSlow,0.98828125,0.19970703125,0.98828125,0.19873046875,0.98779296875,0.20068359375,1.0,0.0034783332586765868,0.003897670477178034
4,1760,0,task1_initial,IDLGated,0.98876953125,0.19873046875,0.98876953125,0.19775390625,0.98779296875,0.19921875,0.00039264713996089995,0.003536067729803662,0.003746020727552734
4,1770,0,task1_initial,MLP,0.9873046875,0.20361328125,0.0,0.0,0.0,0.0,1.0,0.0,0.0
4,1770,0,task1_initial,ChevronSlow,0.98486328125,0.2060546875,0.9833984375,0.20654296875,0.98583984375,0.2021484375,1.0,0.003325868560494029,0.004847354787920927
4,1770,0,task1_initial,IDLGated,0.98583984375,0.2041015625,0.9853515625,0.20556640625,0.98779296875,0.20263671875,0.00039095533429645,0.0033397288280232686,0.004728614848099437
4,1780,0,task1_initial,MLP,0.98583984375,0.19921875,0.0,0.0,0.0,0.0,1.0,0.0,0.0
4,1780,0,task1_initial,ChevronSlow,0.986328125,0.19921875,0.98583984375,0.19873046875,0.9873046875,0.2001953125,1.0,0.003532743883508478,0.004566494292543127
4,1780,0,task1_initial,IDLGated,0.98583984375,0.19873046875,0.986328125,0.1982421875,0.98828125,0.19873046875,0.0003922343021258712,0.003488236232905312,0.004528753475881593
4,1790,0,task1_initial,MLP,0.9931640625,0.19140625,0.0,0.0,0.0,0.0,1.0,0.0,0.0
4,1790,0,task1_initial,ChevronSlow,0.9892578125,0.19482421875,0.990234375,0.193359375,0.98828125,0.19970703125,1.0,0.004087346364374571,0.004823965100967209
4,1790,0,task1_initial,IDLGated,0.98974609375,0.19140625,0.9892578125,0.189453125,0.990234375,0.1982421875,0.0003969723475165665,0.00403422650447095,0.004842008437937728
4,1800,0,task1_initial,MLP,0.98974609375,0.1943359375,0.0,0.0,0.0,0.0,1.0,0.0,0.0
4,1800,0,task1_initial,ChevronSlow,0.986328125,0.197265625,0.9873046875,0.19677734375,0.98828125,0.19873046875,1.0,0.004898876108204915,0.003991567274944408
4,1800,0,task1_initial,IDLGated,0.99169921875,0.1962890625,0.9912109375,0.193359375,0.99072265625,0.1982421875,0.0004039146879222244,0.004822586795807109,0.003701231758626847
4,1810,0,task1_initial,MLP,0.98388671875,0.203125,0.0,0.0,0.0,0.0,1.0,0.0,0.0
4,1810,0,task1_initial,ChevronSlow,0.98193359375,0.2080078125,0.97998046875,0.2109375,0.9873046875,0.20361328125,1.0,0.005257782232886427,0.006646637782671526
4,1810,0,task1_initial,IDLGated,0.9814453125,0.20556640625,0.97998046875,0.20654296875,0.9873046875,0.201171875,0.00040720554534345865,0.0051915876047775806,0.007004157977165998
4,1820,0,task1_initial,MLP,0.98583984375,0.20458984375,0.0,0.0,0.0,0.0,1.0,0.0,0.0
4,1820,0,task1_initial,ChevronSlow,0.9814453125,0.20849609375,0.98095703125,0.21044921875,0.9853515625,0.205078125,1.0,0.0055859730153511745,0.004207590246797085
4,1820,0,task1_initial,IDLGated,0.984375,0.20654296875,0.984375,0.20703125,0.98779296875,0.20361328125,0.00041196137317456305,0.005719594658578555,0.004150647483187996
4,1830,0,task1_initial,MLP,0.98876953125,0.2021484375,0.0,0.0,0.0,0.0,1.0,0.0,0.0
4,1830,0,task1_initial,ChevronSlow,0.98291015625,0.20458984375,0.9833984375,0.205078125,0.9853515625,0.203125,1.0,0.005503216878151663,0.0033978468722848792
4,1830,0,task1_initial,IDLGated,0.98583984375,0.203125,0.9853515625,0.203125,0.98779296875,0.20263671875,0.000413676374591887,0.005908513221175511,0.003525496064228021
4,1840,0,task1_initial,MLP,0.98828125,0.20166015625,0.0,0.0,0.0,0.0,1.0,0.0,0.0
4,1840,0,task1_initial,ChevronSlow,0.984375,0.20458984375,0.98388671875,0.2041015625,0.9853515625,0.2041015625,1.0,0.005181797920449089,0.003698371746225916
4,1840,0,task1_initial,IDLGated,0.98486328125,0.2021484375,0.98486328125,0.20263671875,0.986328125,0.20263671875,0.00041065530967898667,0.005575200424547415,0.004015888191857807
4,1850,0,task1_initial,MLP,0.99072265625,0.1943359375,0.0,0.0,0.0,0.0,1.0,0.0,0.0
4,1850,0,task1_initial,ChevronSlow,0.98828125,0.19677734375,0.986328125,0.1962890625,0.98779296875,0.2001953125,1.0,0.0048791516458258875,0.004208791338563865
4,1850,0,task1_initial,IDLGated,0.9873046875,0.19580078125,0.9873046875,0.1943359375,0.98828125,0.1982421875,0.000407725281547755,0.005249577221043422,0.004927312869494334
4,1860,0,task1_initial,MLP,0.9921875,0.197265625,0.0,0.0,0.0,0.0,1.0,0.0,0.0
4,1860,0,task1_initial,ChevronSlow,0.98974609375,0.19677734375,0.98876953125,0.1962890625,0.98828125,0.19921875,1.0,0.0045941816235285145,0.0037363398401146623
4,1860,0,task1_initial,IDLGated,0.9892578125,0.1953125,0.98828125,0.19482421875,0.98876953125,0.19775390625,0.0004050343995913863,0.004948486807381479,0.004414939951843334
4,1870,0,task1_initial,MLP,0.9912109375,0.19580078125,0.0,0.0,0.0,0.0,1.0,0.0,0.0
4,1870,0,task1_initial,ChevronSlow,0.9873046875,0.19775390625,0.98681640625,0.19677734375,0.98828125,0.20068359375,1.0,0.00432585546055403,0.0038059715632293187
4,1870,0,task1_initial,IDLGated,0.99072265625,0.197265625,0.9892578125,0.1953125,0.98974609375,0.19970703125,0.00040286409785039723,0.004704171679114912,0.003987671309079879
4,1880,0,task1_initial,MLP,0.9912109375,0.1904296875,0.0,0.0,0.0,0.0,1.0,0.0,0.0
4,1880,0,task1_initial,ChevronSlow,0.98974609375,0.19384765625,0.98876953125,0.19140625,0.9892578125,0.19775390625,1.0,0.00407320106148367,0.0042165321221088094
4,1880,0,task1_initial,IDLGated,0.98974609375,0.1904296875,0.98828125,0.18798828125,0.99169921875,0.19775390625,0.0004017848405055702,0.004582188834566236,0.004537674511454018
4,1890,0,task1_initial,MLP,0.990234375,0.19921875,0.0,0.0,0.0,0.0,1.0,0.0,0.0
4,1890,0,task1_initial,ChevronSlow,0.9873046875,0.201171875,0.9873046875,0.20263671875,0.98779296875,0.2001953125,1.0,0.0038724409337697733,0.004227940638634869
4,1890,0,task1_initial,IDLGated,0.9873046875,0.19970703125,0.9873046875,0.2001953125,0.98828125,0.19775390625,0.00040138824260793626,0.00453727578704836,0.0040570703322028384
4,1900,0,task1_initial,MLP,0.98583984375,0.2041015625,0.0,0.0,0.0,0.0,1.0,0.0,0.0
4,1900,0,task1_initial,ChevronSlow,0.9853515625,0.2060546875,0.98388671875,0.20654296875,0.98681640625,0.20166015625,1.0,0.0036462685047603774,0.0049860097809423945
4,1900,0,task1_initial,IDLGated,0.984375,0.2041015625,0.9833984375,0.20458984375,0.986328125,0.2001953125,0.00039906223537400365,0.0042729934800208634,0.004956362290268588
4,1910,0,task1_initial,MLP,0.98828125,0.2021484375,0.0,0.0,0.0,0.0,1.0,0.0,0.0
4,1910,0,task1_initial,ChevronSlow,0.986328125,0.19970703125,0.9853515625,0.19921875,0.9873046875,0.20068359375,1.0,0.0034333058234318095,0.004020614327685147
4,1910,0,task1_initial,IDLGated,0.98583984375,0.19873046875,0.98583984375,0.19921875,0.98779296875,0.19873046875,0.00039687796379439533,0.004023426519272719,0.004114476652542336
4,1920,0,task1_initial,MLP,0.98876953125,0.19873046875,0.0,0.0,0.0,0.0,1.0,0.0,0.0
4,1920,0,task1_initial,ChevronSlow,0.98583984375,0.2021484375,0.986328125,0.2021484375,0.98681640625,0.201171875,1.0,0.003232781365887212,0.003719266526534523
4,1920,0,task1_initial,IDLGated,0.98681640625,0.20068359375,0.98681640625,0.201171875,0.986328125,0.19970703125,0.00039483243017457426,0.0037884356790331315,0.003607082590828284
4,1930,0,task1_initial,MLP,0.99169921875,0.19921875,0.0,0.0,0.0,0.0,1.0,0.0,0.0
4,1930,0,task1_initial,ChevronSlow,0.98291015625,0.203125,0.98193359375,0.20361328125,0.98486328125,0.2021484375,1.0,0.003043968669584252,0.0036777344472435965
4,1930,0,task1_initial,IDLGated,0.986328125,0.20166015625,0.98583984375,0.20166015625,0.9873046875,0.20068359375,0.0003929158265236765,0.003567169631512385,0.003467132402198696
4,1940,0,task1_initial,MLP,0.99267578125,0.193359375,0.0,0.0,0.0,0.0,1.0,0.0,0.0
4,1940,0,task1_initial,ChevronSlow,0.9892578125,0.19580078125,0.9892578125,0.193359375,0.98828125,0.2001953125,1.0,0.0028661837014974274,0.004622571832506825
4,1940,0,task1_initial,IDLGated,0.99072265625,0.1923828125,0.98974609375,0.18994140625,0.99072265625,0.1982421875,0.0003911197418347001,0.003358826771273507,0.005102160373010749
4,1950,0,task1_initial,MLP,0.98583984375,0.19287109375,0.0,0.0,0.0,0.0,1.0,0.0,0.0
4,1950,0,task1_initial,ChevronSlow,0.982421875,0.193359375,0.98095703125,0.193359375,0.9853515625,0.19921875,1.0,0.0027766428242684995,0.004753091808133721
4,1950,0,task1_initial,IDLGated,0.984375,0.19189453125,0.98046875,0.193359375,0.98974609375,0.197265625,0.0003915006236638874,0.0034030990930002335,0.005212904526423444
4,1960,0,task1_initial,MLP,0.9892578125,0.19287109375,0.0,0.0,0.0,0.0,1.0,0.0,0.0
4,1960,0,task1_initial,ChevronSlow,0.98583984375,0.1953125,0.98486328125,0.193359375,0.98876953125,0.19775390625,1.0,0.0028428922177953842,0.004185938085779735
4,1960,0,task1_initial,IDLGated,0.9873046875,0.19384765625,0.984375,0.19287109375,0.990234375,0.1962890625,0.0003932007821276784,0.003600146178977236,0.004503250247038095
4,1970,0,task1_initial,MLP,0.99072265625,0.1962890625,0.0,0.0,0.0,0.0,1.0,0.0,0.0
4,1970,0,task1_initial,ChevronSlow,0.98779296875,0.20068359375,0.9873046875,0.2001953125,0.9892578125,0.19970703125,1.0,0.002711219733666828,0.004277197803761762
4,1970,0,task1_initial,IDLGated,0.98779296875,0.19775390625,0.9873046875,0.197265625,0.990234375,0.1982421875,0.0003922006580978632,0.0034843377112261584,0.004047949340071728
4,1980,0,task1_initial,MLP,0.9873046875,0.20166015625,0.0,0.0,0.0,0.0,1.0,0.0,0.0
4,1980,0,task1_initial,ChevronSlow,0.9853515625,0.20458984375,0.984375,0.20556640625,0.9873046875,0.201171875,1.0,0.0025528691833991216,0.00558706013699407
4,1980,0,task1_initial,IDLGated,0.98486328125,0.20166015625,0.984375,0.20361328125,0.9873046875,0.19921875,0.0003904493642039597,0.0032808327031149326,0.005531341145163252
4,1990,0,task1_initial,MLP,0.990234375,0.2001953125,0.0,0.0,0.0,0.0,1.0,0.0,0.0
4,1990,0,task1_initial,ChevronSlow,0.986328125,0.2021484375,0.98583984375,0.20263671875,0.98779296875,0.2001953125,1.0,0.002403767199914371,0.0047393445643244105
4,1990,0,task1_initial,IDLGated,0.986328125,0.20166015625,0.98486328125,0.20166015625,0.9873046875,0.19921875,0.00038884024252183735,0.003093039692790583,0.00456591803481598
4,2000,0,task1_initial,MLP,0.990234375,0.20068359375,0.0,0.0,0.0,0.0,1.0,0.0,0.0
4,2000,0,task1_initial,ChevronSlow,0.98291015625,0.2041015625,0.98291015625,0.20458984375,0.98583984375,0.20263671875,1.0,0.0024962342769438563,0.004487188161571377
4,2000,0,task1_initial,IDLGated,0.9833984375,0.2021484375,0.984375,0.2041015625,0.98583984375,0.201171875,0.00038990500615909696,0.0032173892584558333,0.004059858404098032
4,2010,0,task1_initial,MLP,0.99169921875,0.20068359375,0.0,0.0,0.0,0.0,1.0,0.0,0.0
4,2010,0,task1_initial,ChevronSlow,0.98876953125,0.19873046875,0.98876953125,0.19873046875,0.98779296875,0.2001953125,1.0,0.0026998521986064936,0.003215621226593128
4,2010,0,task1_initial,IDLGated,0.9892578125,0.19921875,0.98974609375,0.19873046875,0.9873046875,0.19921875,0.0003915840352419764,0.0034127755534794917,0.0029850377066793442
4,2020,0,task1_initial,MLP,0.99267578125,0.1943359375,0.0,0.0,0.0,0.0,1.0,0.0,0.0
4,2020,0,task1_initial,ChevronSlow,0.9892578125,0.19482421875,0.9892578125,0.193359375,0.9892578125,0.19970703125,1.0,0.002549191103872107,0.004271154799572786
4,2020,0,task1_initial,IDLGated,0.990234375,0.19287109375,0.98974609375,0.18994140625,0.99072265625,0.197265625,0.0003899039002135396,0.003217252039124324,0.004559208877550589
4,2030,0,task1_initial,MLP,0.99267578125,0.1953125,0.0,0.0,0.0,0.0,1.0,0.0,0.0
4,2030,0,task1_initial,ChevronSlow,0.98681640625,0.1982421875,0.986328125,0.1982421875,0.98828125,0.2001953125,1.0,0.00240030394101211,0.0034849693667066014
4,2030,0,task1_initial,IDLGated,0.990234375,0.197265625,0.98876953125,0.1962890625,0.98974609375,0.19970703125,0.00038913896423764527,0.003127952395073084,0.003543466928355405
4,2040,0,task1_initial,MLP,0.99169921875,0.197265625,0.0,0.0,0.0,0.0,1.0,0.0,0.0
4,2040,0,task1_initial,ChevronSlow,0.98828125,0.19970703125,0.98828125,0.19921875,0.98876953125,0.20068359375,1.0,0.002260112629644309,0.003349370159102409
4,2040,0,task1_initial,IDLGated,0.98876953125,0.19775390625,0.98779296875,0.19775390625,0.9892578125,0.19873046875,0.00038764718919992447,0.0029533056399338666,0.003249055125477494
4,2050,0,task1_initial,MLP,0.9912109375,0.19677734375,0.0,0.0,0.0,0.0,1.0,0.0,0.0
4,2050,0,task1_initial,ChevronSlow,0.98828125,0.19970703125,0.98828125,0.19921875,0.98876953125,0.2001953125,1.0,0.0021281092829118268,0.0038795540482502847
4,2050,0,task1_initial,IDLGated,0.98876953125,0.19873046875,0.98876953125,0.1982421875,0.9892578125,0.19873046875,0.00038617957034148276,0.002780815905005684,0.003697182322975686
4,2060,0,task1_initial,MLP,0.98828125,0.19482421875,0.0,0.0,0.0,0.0,1.0,0.0,0.0
4,2060,0,task1_initial,ChevronSlow,0.9873046875,0.1962890625,0.98779296875,0.19580078125,0.98779296875,0.19970703125,1.0,0.002003815677419682,0.00417380977590941
4,2060,0,task1_initial,IDLGated,0.98779296875,0.193359375,0.986328125,0.19189453125,0.9912109375,0.1982421875,0.00038480255170725286,0.0026184005451280494,0.004627262643147646
4,2070,0,task1_initial,MLP,0.99267578125,0.19384765625,0.0,0.0,0.0,0.0,1.0,0.0,0.0
4,2070,0,task1_initial,ChevronSlow,0.9873046875,0.19677734375,0.9873046875,0.1962890625,0.9873046875,0.1982421875,1.0,0.0018867815207210211,0.003984276389355556
4,2070,0,task1_initial,IDLGated,0.9912109375,0.1962890625,0.99072265625,0.1953125,0.99267578125,0.19677734375,0.0003835105453617871,0.002465471159879911,0.003982266850038391
4,2080,0,task1_initial,MLP,0.98828125,0.1962890625,0.0,0.0,0.0,0.0,1.0,0.0,0.0
4,2080,0,task1_initial,ChevronSlow,0.98486328125,0.19580078125,0.98486328125,0.1953125,0.98974609375,0.197265625,1.0,0.001776582819991946,0.004308548048827979
4,2080,0,task1_initial,IDLGated,0.9853515625,0.19677734375,0.98388671875,0.19580078125,0.98779296875,0.1962890625,0.00038229810888879,0.0023214737147491432,0.004405545087437182
4,2090,0,task1_initial,MLP,0.98974609375,0.2001953125,0.0,0.0,0.0,0.0,1.0,0.0,0.0
4,2090,0,task1_initial,ChevronSlow,0.9873046875,0.201171875,0.98681640625,0.20166015625,0.98876953125,0.20068359375,1.0,0.0016728203459849425,0.004122394538314011
4,2090,0,task1_initial,IDLGated,0.9873046875,0.201171875,0.9873046875,0.2021484375,0.98974609375,0.19873046875,0.00038115979987196624,0.0021858865339693064,0.0038587964063636713
4,2100,0,task1_initial,MLP,0.9921875,0.2001953125,0.0,0.0,0.0,0.0,1.0,0.0,0.0
4,2100,0,task1_initial,ChevronSlow,0.98828125,0.201171875,0.98828125,0.201171875,0.98876953125,0.19970703125,1.0,0.0015751181866961142,0.0037302741756719514
4,2100,0,task1_initial,IDLGated,0.98828125,0.2001953125,0.98779296875,0.2001953125,0.990234375,0.19873046875,0.00038009119452908635,0.002058218410586082,0.0034378835071866686
4,2110,0,task1_initial,MLP,0.99072265625,0.1962890625,0.0,0.0,0.0,0.0,1.0,0.0,0.0
4,2110,0,task1_initial,ChevronSlow,0.9892578125,0.197265625,0.9892578125,0.197265625,0.98974609375,0.19873046875,1.0,0.0014831223855064153,0.00345041412740479
4,2110,0,task1_initial,IDLGated,0.98828125,0.19482421875,0.98828125,0.19482421875,0.990234375,0.197265625,0.0003790877526625991,0.0019380068269064976,0.00343341670358031
4,2120,0,task1_initial,MLP,0.99169921875,0.19287109375,0.0,0.0,0.0,0.0,1.0,0.0,0.0
4,2120,0,task1_initial,ChevronSlow,0.98876953125,0.19677734375,0.98876953125,0.19580078125,0.990234375,0.19873046875,1.0,0.001396499658863133,0.0032640095945719845
4,2120,0,task1_initial,IDLGated,0.9931640625,0.1962890625,0.99169921875,0.1953125,0.9912109375,0.19775390625,0.00037814516690559685,0.0018248162788839786,0.0033929992077858383
4,2130,0,task1_initial,MLP,0.98876953125,0.19775390625,0.0,0.0,0.0,0.0,1.0,0.0,0.0
4,2130,0,task1_initial,ChevronSlow,0.98388671875,0.19775390625,0.9833984375,0.1962890625,0.98779296875,0.1982421875,1.0,0.0013149361888560147,0.003934699995642818
4,2130,0,task1_initial,IDLGated,0.98388671875,0.19677734375,0.98388671875,0.197265625,0.986328125,0.19677734375,0.0003772599156945944,0.001718236698368777,0.004185920988334541
4,2140,0,task1_initial,MLP,0.99365234375,0.1982421875,0.0,0.0,0.0,0.0,1.0,0.0,0.0
4,2140,0,task1_initial,ChevronSlow,0.98876953125,0.197265625,0.98828125,0.197265625,0.9892578125,0.19775390625,1.0,0.0012381364863137717,0.0034585523885688916
4,2140,0,task1_initial,IDLGated,0.9921875,0.19775390625,0.99169921875,0.19677734375,0.990234375,0.197265625,0.0003764282737392932,0.001617881967507889,0.0035270605554547276
4,2150,0,task1_initial,MLP,0.990234375,0.1953125,0.0,0.0,0.0,0.0,1.0,0.0,0.0
4,2150,0,task1_initial,ChevronSlow,0.98193359375,0.201171875,0.9814453125,0.20068359375,0.98828125,0.19921875,1.0,0.001165822320302171,0.00437852780115008
4,2150,0,task1_initial,IDLGated,0.9853515625,0.19677734375,0.98388671875,0.197265625,0.9912109375,0.2001953125,0.00037564674858003855,0.0015233885199124103,0.004251838123219616
4,2160,0,task1_initial,MLP,0.99365234375,0.1982421875,0.0,0.0,0.0,0.0,1.0,0.0,0.0
4,2160,0,task1_initial,ChevronSlow,0.9892578125,0.2001953125,0.98828125,0.19970703125,0.98876953125,0.19970703125,1.0,0.0010977317101454845,0.003097593067014111
4,2160,0,task1_initial,IDLGated,0.98974609375,0.1982421875,0.9892578125,0.197265625,0.99072265625,0.1982421875,0.00037491245893761516,0.0014344140235246227,0.003230244506191759
4,2170,0,task1_initial,MLP,0.9912109375,0.1923828125,0.0,0.0,0.0,0.0,1.0,0.0,0.0
4,2170,0,task1_initial,ChevronSlow,0.986328125,0.1923828125,0.984375,0.19140625,0.9892578125,0.19580078125,1.0,0.0010336179763195824,0.004182320309117987
4,2170,0,task1_initial,IDLGated,0.98779296875,0.19140625,0.986328125,0.189453125,0.99169921875,0.19482421875,0.000374222407117486,0.0013506361404130832,0.004396643039196854
4,2180,0,task1_initial,MLP,0.99169921875,0.1923828125,0.0,0.0,0.0,0.0,1.0,0.0,0.0
4,2180,0,task1_initial,ChevronSlow,0.98876953125,0.19580078125,0.98876953125,0.1953125,0.98828125,0.19580078125,1.0,0.0009868036394427094,0.004083244113599271
4,2180,0,task1_initial,IDLGated,0.9921875,0.193359375,0.99169921875,0.19287109375,0.99267578125,0.1953125,0.0003740660031326115,0.0013316326136789956,0.004165075439310266
4,2190,0,task1_initial,MLP,0.98974609375,0.20166015625,0.0,0.0,0.0,0.0,1.0,0.0,0.0
4,2190,0,task1_initial,ChevronSlow,0.97998046875,0.20556640625,0.978515625,0.20556640625,0.986328125,0.20166015625,1.0,0.0014154807133318146,0.0056768183796638005
4,2190,0,task1_initial,IDLGated,0.98291015625,0.2041015625,0.98193359375,0.205078125,0.98876953125,0.20068359375,0.00037846362101845443,0.0018630869868185647,0.005332213359616633
4,2200,0,end_task1,MLP,0.98583984375,0.2060546875,0.0,0.0,0.0,0.0,1.0,0.0,0.0
4,2200,0,end_task1,ChevronSlow,0.98583984375,0.20654296875,0.98486328125,0.20703125,0.98681640625,0.20166015625,1.0,0.002399611319914549,0.005716067218000992
4,2200,0,end_task1,IDLGated,0.986328125,0.20458984375,0.98291015625,0.20556640625,0.98779296875,0.20068359375,0.0003866729966830462,0.002838893433721627,0.005569924058727273
4,2210,0,task2,MLP,0.9326171875,0.26513671875,0.0,0.0,0.0,0.0,1.0,0.0,0.0
4,2210,0,task2,ChevronSlow,0.93896484375,0.2529296875,0.9072265625,0.29736328125,0.96923828125,0.21435546875,1.0,0.0067370025109767155,0.047684113397520746
4,2210,0,task2,IDLGated,0.9462890625,0.244140625,0.26123046875,0.73779296875,0.98681640625,0.19970703125,0.0004424929793458432,0.008970760748761842,0.07023936597009935
4,2220,0,task2,MLP,0.1005859375,0.82470703125,0.0,0.0,0.0,0.0,1.0,0.0,0.0
4,2220,0,task2,ChevronSlow,0.0693359375,0.79248046875,0.046875,0.783203125,0.94091796875,0.24755859375,1.0,0.030325389250388163,0.09017187621493118
4,2220,0,task2,IDLGated,0.10888671875,0.7646484375,0.0693359375,0.77685546875,0.98583984375,0.2001953125,0.000992767745628953,0.0457263456654356,0.12992848671839086
4,2230,0,task2,MLP,0.10498046875,0.8408203125,0.0,0.0,0.0,0.0,1.0,0.0,0.0
4,2230,0,task2,ChevronSlow,0.1552734375,0.85205078125,0.13134765625,0.861328125,0.9169921875,0.2900390625,1.0,0.08064898548397369,0.11064300962133802
4,2230,0,task2,IDLGated,0.1376953125,0.8154296875,0.10498046875,0.8291015625,0.98486328125,0.19970703125,0.005631821695715189,0.12483296783366472,0.15188715917750828
4,2240,0,task2,MLP,0.123046875,0.853515625,0.0,0.0,0.0,0.0,1.0,0.0,0.0
4,2240,0,task2,ChevronSlow,0.21435546875,0.876953125,0.19287109375,0.88671875,0.9052734375,0.30810546875,1.0,0.14731577905653984,0.12262499895509733
4,2240,0,task2,IDLGated,0.19970703125,0.845703125,0.171875,0.8505859375,0.984375,0.19970703125,0.05987786874175072,0.23483168555069134,0.16255176246322148
4,2250,0,task2,MLP,0.142578125,0.86669921875,0.0,0.0,0.0,0.0,1.0,0.0,0.0
4,2250,0,task2,ChevronSlow,0.23974609375,0.880859375,0.2177734375,0.884765625,0.89453125,0.32373046875,1.0,0.2191352155209565,0.12587727525549874
4,2250,0,task2,IDLGated,0.21435546875,0.85546875,0.18603515625,0.86328125,0.9814453125,0.20068359375,0.49633345007896423,0.35933334053682076,0.16639638826868852
4,2260,0,task2,MLP,0.15234375,0.88037109375,0.0,0.0,0.0,0.0,1.0,0.0,0.0
4,2260,0,task2,ChevronSlow,0.23388671875,0.87158203125,0.21240234375,0.88525390625,0.8828125,0.3359375,1.0,0.289725314737303,0.12403754556768508
4,2260,0,task2,IDLGated,0.2216796875,0.85107421875,0.1884765625,0.85986328125,0.9716796875,0.20703125,0.943162739276886,0.4876839669036467,0.16632160664588305
4,2270,0,task2,MLP,0.13623046875,0.89208984375,0.0,0.0,0.0,0.0,1.0,0.0,0.0
4,2270,0,task2,ChevronSlow,0.1953125,0.9072265625,0.1708984375,0.91064453125,0.8701171875,0.34765625,1.0,0.3564367950487573,0.12250017097986746
4,2270,0,task2,IDLGated,0.205078125,0.8662109375,0.18017578125,0.8740234375,0.95361328125,0.2158203125,0.9962052702903748,0.6131974644918436,0.16224742361826436
4,2280,0,task2,MLP,0.1357421875,0.90185546875,0.0,0.0,0.0,0.0,1.0,0.0,0.0
4,2280,0,task2,ChevronSlow,0.19384765625,0.9150390625,0.17041015625,0.92138671875,0.85986328125,0.35888671875,1.0,0.4185590432562418,0.12586038640373434
4,2280,0,task2,IDLGated,0.19677734375,0.87841796875,0.1640625,0.88134765625,0.92919921875,0.21923828125,0.9997162222862244,0.7312259251719934,0.1626121826070672
4,2290,0,task2,MLP,0.13427734375,0.90673828125,0.0,0.0,0.0,0.0,1.0,0.0,0.0
4,2290,0,task2,ChevronSlow,0.1748046875,0.92724609375,0.1572265625,0.9150390625,0.8310546875,0.38232421875,1.0,0.4751226962996283,0.12858103512084926
4,2290,0,task2,IDLGated,0.17236328125,0.89111328125,0.146484375,0.87548828125,0.90625,0.23486328125,0.9999737739562988,0.839420797968461,0.1629344402441163
4,2300,0,task2,MLP,0.14794921875,0.91064453125,0.0,0.0,0.0,0.0,1.0,0.0,0.0
4,2300,0,task2,ChevronSlow,0.1982421875,0.93017578125,0.18310546875,0.92724609375,0.61767578125,0.5927734375,1.0,0.5261976961814232,0.13357068472616326
4,2300,0,task2,IDLGated,0.19384765625,0.9013671875,0.15966796875,0.892578125,0.8974609375,0.2509765625,0.9999969005584717,0.936888958028993,0.16437189163983235
4,2310,0,task2,MLP,0.154296875,0.9130859375,0.0,0.0,0.0,0.0,1.0,0.0,0.0
4,2310,0,task2,ChevronSlow,0.19677734375,0.93994140625,0.1845703125,0.9287109375,0.55224609375,0.6455078125,1.0,0.571702461853294,0.13751520229603026
4,2310,0,task2,IDLGated,0.1982421875,0.9150390625,0.16943359375,0.8955078125,0.8916015625,0.26171875,0.9999995231628418,1.0232480263990735,0.16666429293345034
4,2320,0,task2,MLP,0.17041015625,0.92138671875,0.0,0.0,0.0,0.0,1.0,0.0,0.0
4,2320,0,task2,ChevronSlow,0.20849609375,0.94091796875,0.19677734375,0.94580078125,0.52880859375,0.67626953125,1.0,0.6127122258820678,0.14078910627792757
4,2320,0,task2,IDLGated,0.212890625,0.9267578125,0.1767578125,0.9140625,0.87646484375,0.2666015625,0.9999998807907104,1.0997461752532622,0.17077410401807547
4,2330,0,task2,MLP,0.16259765625,0.92236328125,0.0,0.0,0.0,0.0,1.0,0.0,0.0
4,2330,0,task2,ChevronSlow,0.19189453125,0.95263671875,0.1845703125,0.9423828125,0.44384765625,0.759765625,1.0,0.6479707815254304,0.14161750493140784
4,2330,0,task2,IDLGated,0.19921875,0.9365234375,0.1650390625,0.91748046875,0.86572265625,0.2802734375,1.0,1.1651109937385995,0.1699280586406686
4,2340,0,task2,MLP,0.16455078125,0.92431640625,0.0,0.0,0.0,0.0,1.0,0.0,0.0
4,2340,0,task2,ChevronSlow,0.1982421875,0.955078125,0.18994140625,0.94677734375,0.30712890625,0.84130859375,1.0,0.6794819860690511,0.14578186554062708
4,2340,0,task2,IDLGated,0.19482421875,0.94189453125,0.1669921875,0.92041015625,0.85546875,0.28857421875,1.0,1.2212951708053843,0.17229546878613447
4,2350,0,task2,MLP,0.16259765625,0.92919921875,0.0,0.0,0.0,0.0,1.0,0.0,0.0
4,2350,0,task2,ChevronSlow,0.2041015625,0.9599609375,0.197265625,0.95166015625,0.2548828125,0.86669921875,1.0,0.7074249989148897,0.14977688518830065
4,2350,0,task2,IDLGated,0.19970703125,0.94775390625,0.17138671875,0.92822265625,0.84765625,0.2958984375,1.0,1.2690017714770756,0.17436897147603939
4,2360,0,task2,MLP,0.166015625,0.93115234375,0.0,0.0,0.0,0.0,1.0,0.0,0.0
4,2360,0,task2,ChevronSlow,0.2021484375,0.96337890625,0.1943359375,0.95751953125,0.2314453125,0.86767578125,1.0,0.7312925514269779,0.15103340743354304
4,2360,0,task2,IDLGated,0.19677734375,0.95654296875,0.1708984375,0.93359375,0.83935546875,0.30322265625,1.0,1.3081953646179734,0.1742069790711071
4,2370,0,task2,MLP,0.17333984375,0.93505859375,0.0,0.0,0.0,0.0,1.0,0.0,0.0
4,2370,0,task2,ChevronSlow,0.19970703125,0.96533203125,0.1962890625,0.96435546875,0.21826171875,0.873046875,1.0,0.7520652478350375,0.15346941170323572
4,2370,0,task2,IDLGated,0.19873046875,0.9609375,0.173828125,0.94287109375,0.83642578125,0.31005859375,1.0,1.3390282016202766,0.17487168340764886
4,2380,0,task2,MLP,0.17578125,0.9423828125,0.0,0.0,0.0,0.0,1.0,0.0,0.0
4,2380,0,task2,ChevronSlow,0.1962890625,0.96240234375,0.1943359375,0.95556640625,0.20751953125,0.88134765625,1.0,0.7697572143832768,0.1578132504986842
4,2380,0,task2,IDLGated,0.1982421875,0.96337890625,0.17333984375,0.9462890625,0.833984375,0.31494140625,1.0,1.3627227964448418,0.17631844815898104
4,2390,0,task2,MLP,0.16943359375,0.93603515625,0.0,0.0,0.0,0.0,1.0,0.0,0.0
4,2390,0,task2,ChevronSlow,0.19140625,0.95263671875,0.1904296875,0.9453125,0.18994140625,0.8984375,1.0,0.7847304366274884,0.1603113820310846
4,2390,0,task2,IDLGated,0.18994140625,0.95458984375,0.17041015625,0.93701171875,0.83251953125,0.32763671875,1.0,1.3810006412808828,0.17464343713697933
4,2400,0,task2,MLP,0.18115234375,0.947265625,0.0,0.0,0.0,0.0,1.0,0.0,0.0
4,2400,0,task2,ChevronSlow,0.20947265625,0.97119140625,0.208984375,0.96923828125,0.1923828125,0.89111328125,1.0,0.7971257637564043,0.16075549071674258
4,2400,0,task2,IDLGated,0.20068359375,0.96630859375,0.18212890625,0.95556640625,0.8291015625,0.3349609375,1.0,1.3940786101445564,0.17543584882269883
4,2410,0,task2,MLP,0.18603515625,0.94677734375,0.0,0.0,0.0,0.0,1.0,0.0,0.0
4,2410,0,task2,ChevronSlow,0.21240234375,0.9677734375,0.2119140625,0.97216796875,0.1943359375,0.888671875,1.0,0.807352533343979,0.15974170491283793
4,2410,0,task2,IDLGated,0.20947265625,0.9658203125,0.1845703125,0.95947265625,0.8212890625,0.34765625,1.0,1.4024303566109841,0.1743790309661341
4,2420,0,end_task2,MLP,0.1669921875,0.939453125,0.0,0.0,0.0,0.0,1.0,0.0,0.0
4,2420,0,end_task2,ChevronSlow,0.18359375,0.95654296875,0.18359375,0.95361328125,0.17578125,0.9111328125,1.0,0.8152766221915384,0.1603547519822177
4,2420,0,end_task2,IDLGated,0.18505859375,0.9609375,0.16748046875,0.94287109375,0.8056640625,0.365234375,1.0,1.4055450571286143,0.17123348741430552
4,2430,10,task1_return,MLP,0.39501953125,0.810546875,0.0,0.0,0.0,0.0,1.0,0.0,0.0
4,2430,10,task1_return,ChevronSlow,0.43017578125,0.76513671875,0.4521484375,0.74267578125,0.29296875,0.8359375,1.0,0.8186580722639732,0.1118086409938262
4,2430,10,task1_return,IDLGated,0.6533203125,0.546875,0.4716796875,0.7373046875,0.8447265625,0.31591796875,1.0,1.4020292612885832,0.11160670393223054
4,2440,20,task1_return,MLP,0.896484375,0.27197265625,0.0,0.0,0.0,0.0,1.0,0.0,0.0
4,2440,20,task1_return,ChevronSlow,0.85205078125,0.35400390625,0.87744140625,0.328125,0.6298828125,0.57470703125,1.0,0.8100514196607413,0.09667841261867599
4,2440,20,task1_return,IDLGated,0.90869140625,0.26904296875,0.9140625,0.26904296875,0.87841796875,0.27001953125,1.0,1.379477211699633,0.08282893588843102
4,2450,30,task1_return,MLP,0.97412109375,0.2216796875,0.0,0.0,0.0,0.0,1.0,0.0,0.0
4,2450,30,task1_return,ChevronSlow,0.96044921875,0.22998046875,0.97265625,0.21630859375,0.87060546875,0.33349609375,1.0,0.7961233776693348,0.0800199539270278
4,2450,30,task1_return,IDLGated,0.97607421875,0.21044921875,0.98291015625,0.20458984375,0.9150390625,0.24560546875,1.0,1.338596033594166,0.06984905674754817
4,2460,40,task1_return,MLP,0.96630859375,0.1875,0.0,0.0,0.0,0.0,1.0,0.0,0.0
4,2460,40,task1_return,ChevronSlow,0.9794921875,0.2021484375,0.978515625,0.1904296875,0.9111328125,0.283203125,1.0,0.7811111873841706,0.06107024004144362
4,2460,40,task1_return,IDLGated,0.9873046875,0.1943359375,0.97509765625,0.1865234375,0.9375,0.2255859375,1.0,1.288446238875863,0.05352149743416897
4,2470,50,task1_return,MLP,0.98779296875,0.18994140625,0.0,0.0,0.0,0.0,1.0,0.0,0.0
4,2470,50,task1_return,ChevronSlow,0.98046875,0.2060546875,0.9853515625,0.1962890625,0.93359375,0.2587890625,1.0,0.7641413263784325,0.04436266347321163
4,2470,50,task1_return,IDLGated,0.982421875,0.19873046875,0.98583984375,0.197265625,0.94677734375,0.224609375,1.0,1.2320025788890794,0.035467707685163545
4,2480,60,task1_return,MLP,0.9853515625,0.201171875,0.0,0.0,0.0,0.0,1.0,0.0,0.0
4,2480,60,task1_return,ChevronSlow,0.9794921875,0.20849609375,0.9833984375,0.2001953125,0.9482421875,0.24560546875,1.0,0.7432482303049396,0.03359299785361838
4,2480,60,task1_return,IDLGated,0.98095703125,0.2001953125,0.984375,0.20068359375,0.95458984375,0.2177734375,1.0,1.1697697989205338,0.02485288197468761
4,2490,70,task1_return,MLP,0.986328125,0.20458984375,0.0,0.0,0.0,0.0,1.0,0.0,0.0
4,2490,70,task1_return,ChevronSlow,0.97900390625,0.21044921875,0.98095703125,0.2041015625,0.9580078125,0.234375,1.0,0.7180140898532508,0.025709258234984454
4,2490,70,task1_return,IDLGated,0.982421875,0.2041015625,0.9853515625,0.20361328125,0.9677734375,0.21337890625,0.9999998807907104,1.1033769385249868,0.017782544253348374
4,2500,80,task1_return,MLP,0.98828125,0.2001953125,0.0,0.0,0.0,0.0,1.0,0.0,0.0
4,2500,80,task1_return,ChevronSlow,0.98046875,0.2060546875,0.9853515625,0.20166015625,0.96484375,0.2265625,1.0,0.6886589166948593,0.02064322176320993
4,2500,80,task1_return,IDLGated,0.982421875,0.2021484375,0.98583984375,0.201171875,0.9736328125,0.2109375,0.9999996423721313,1.038933491467368,0.013670897088538808
4,2510,90,task1_return,MLP,0.98779296875,0.19482421875,0.0,0.0,0.0,0.0,1.0,0.0,0.0
4,2510,90,task1_return,ChevronSlow,0.98388671875,0.19921875,0.982421875,0.1962890625,0.9697265625,0.21923828125,1.0,0.6561781662435063,0.018592476997082972
4,2510,90,task1_return,IDLGated,0.98388671875,0.197265625,0.98583984375,0.19482421875,0.97705078125,0.20556640625,0.9999988079071045,0.9782539058098433,0.011173578592510553
4,2520,100,task1_return,MLP,0.98779296875,0.19677734375,0.0,0.0,0.0,0.0,1.0,0.0,0.0
4,2520,100,task1_return,ChevronSlow,0.986328125,0.201171875,0.98583984375,0.19775390625,0.9755859375,0.2158203125,1.0,0.6217556534229752,0.016044702880631628
4,2520,100,task1_return,IDLGated,0.9833984375,0.19775390625,0.986328125,0.197265625,0.978515625,0.205078125,0.9999955892562866,0.9211183507816217,0.0084997851010472
4,2530,110,task1_return,MLP,0.98779296875,0.201171875,0.0,0.0,0.0,0.0,1.0,0.0,0.0
4,2530,110,task1_return,ChevronSlow,0.982421875,0.2021484375,0.98291015625,0.20068359375,0.9775390625,0.21142578125,1.0,0.5862810658077763,0.014285128761755058
4,2530,110,task1_return,IDLGated,0.98388671875,0.20166015625,0.986328125,0.20068359375,0.98095703125,0.20361328125,0.9999858140945435,0.8673198349709235,0.008140290756554423
4,2540,120,task1_return,MLP,0.98876953125,0.19482421875,0.0,0.0,0.0,0.0,1.0,0.0,0.0
4,2540,120,task1_return,ChevronSlow,0.98681640625,0.19775390625,0.98583984375,0.1953125,0.98046875,0.2060546875,1.0,0.5520389391998237,0.013462580316321344
4,2540,120,task1_return,IDLGated,0.986328125,0.1953125,0.9873046875,0.193359375,0.98291015625,0.19921875,0.9999566078186035,0.8166634564338752,0.007596276928005012
4,2550,130,task1_return,MLP,0.98974609375,0.19580078125,0.0,0.0,0.0,0.0,1.0,0.0,0.0
4,2550,130,task1_return,ChevronSlow,0.9853515625,0.19921875,0.9853515625,0.19873046875,0.98193359375,0.20556640625,1.0,0.5197967462465928,0.012243157873000612
4,2550,130,task1_return,IDLGated,0.98828125,0.19970703125,0.9873046875,0.1982421875,0.98388671875,0.19921875,0.9998762607574463,0.7689656966012807,0.006616393809824934
4,2560,140,task1_return,MLP,0.9853515625,0.19873046875,0.0,0.0,0.0,0.0,1.0,0.0,0.0
4,2560,140,task1_return,ChevronSlow,0.986328125,0.20068359375,0.984375,0.20068359375,0.98291015625,0.20458984375,1.0,0.489437679523443,0.011402816154407691
4,2560,140,task1_return,IDLGated,0.984375,0.19921875,0.984375,0.19921875,0.982421875,0.19921875,0.999667763710022,0.7240537554252262,0.0058749478007504765
4,2570,150,task1_return,MLP,0.98681640625,0.197265625,0.0,0.0,0.0,0.0,1.0,0.0,0.0
4,2570,150,task1_return,ChevronSlow,0.98681640625,0.19873046875,0.98486328125,0.197265625,0.98486328125,0.2021484375,1.0,0.4608517538192704,0.010097263312497958
4,2570,150,task1_return,IDLGated,0.98681640625,0.1962890625,0.98681640625,0.1943359375,0.986328125,0.19921875,0.9991579055786133,0.6817649253568797,0.006071933806940579
4,2580,160,task1_return,MLP,0.990234375,0.1943359375,0.0,0.0,0.0,0.0,1.0,0.0,0.0
4,2580,160,task1_return,ChevronSlow,0.98193359375,0.197265625,0.982421875,0.197265625,0.9814453125,0.20068359375,1.0,0.4339354076806926,0.009573230207742601
4,2580,160,task1_return,IDLGated,0.986328125,0.197265625,0.984375,0.19580078125,0.98779296875,0.19970703125,0.9979804158210754,0.641946001887525,0.006391869723038407
4,2590,170,task1_return,MLP,0.9873046875,0.1962890625,0.0,0.0,0.0,0.0,1.0,0.0,0.0
4,2590,170,task1_return,ChevronSlow,0.98583984375,0.1982421875,0.986328125,0.197265625,0.986328125,0.2001953125,1.0,0.4085911282283053,0.008654090407115782
4,2590,170,task1_return,IDLGated,0.98486328125,0.1962890625,0.98388671875,0.19580078125,0.9873046875,0.197265625,0.9954040050506592,0.6044527285173279,0.00535921809644293
4,2600,180,task1_return,MLP,0.9873046875,0.1943359375,0.0,0.0,0.0,0.0,1.0,0.0,0.0
4,2600,180,task1_return,ChevronSlow,0.98583984375,0.19677734375,0.9833984375,0.1962890625,0.98681640625,0.19921875,1.0,0.3847270978857887,0.007683759202199829
4,2600,180,task1_return,IDLGated,0.98583984375,0.19677734375,0.9853515625,0.1962890625,0.986328125,0.197265625,0.9900608062744141,0.5691492741410631,0.004524441465211162
4,2610,190,task1_return,MLP,0.98291015625,0.19775390625,0.0,0.0,0.0,0.0,1.0,0.0,0.0
4,2610,190,task1_return,ChevronSlow,0.9794921875,0.20068359375,0.978515625,0.2021484375,0.98388671875,0.2001953125,1.0,0.36225686174202987,0.007501409086011294
4,2610,190,task1_return,IDLGated,0.9833984375,0.201171875,0.98388671875,0.201171875,0.98876953125,0.2001953125,0.9795672297477722,0.5359077409574682,0.0051636873247800875
4,2620,200,task1_return,MLP,0.982421875,0.2060546875,0.0,0.0,0.0,0.0,1.0,0.0,0.0
4,2620,200,task1_return,ChevronSlow,0.978515625,0.20654296875,0.97802734375,0.20654296875,0.98095703125,0.20263671875,1.0,0.3410990143411773,0.007843873517760657
4,2620,200,task1_return,IDLGated,0.9833984375,0.205078125,0.9814453125,0.20556640625,0.984375,0.2021484375,0.9601271748542786,0.50460770111947,0.005265854217857611
4,2630,210,task1_return,MLP,0.98388671875,0.2060546875,0.0,0.0,0.0,0.0,1.0,0.0,0.0
4,2630,210,task1_return,ChevronSlow,0.97802734375,0.20849609375,0.97705078125,0.20947265625,0.9794921875,0.205078125,1.0,0.32117690476592464,0.00763867232516055
4,2630,210,task1_return,IDLGated,0.982421875,0.20556640625,0.98095703125,0.2060546875,0.984375,0.2041015625,0.926422119140625,0.4751357604466563,0.005044611843675037
4,2640,220,task1_return,MLP,0.98583984375,0.19970703125,0.0,0.0,0.0,0.0,1.0,0.0,0.0
4,2640,220,task1_return,ChevronSlow,0.9794921875,0.20263671875,0.97998046875,0.20263671875,0.9794921875,0.2041015625,1.0,0.30241835894559804,0.0063807426001140765
4,2640,220,task1_return,IDLGated,0.984375,0.20263671875,0.98291015625,0.20166015625,0.98486328125,0.203125,0.8724139928817749,0.4473851476194043,0.004340090306612069
4,2650,230,task1_return,MLP,0.98681640625,0.18896484375,0.0,0.0,0.0,0.0,1.0,0.0,0.0
4,2650,230,task1_return,ChevronSlow,0.9853515625,0.19384765625,0.98583984375,0.19189453125,0.98291015625,0.19970703125,1.0,0.28475541818301914,0.007079423013841118
4,2650,230,task1_return,IDLGated,0.98876953125,0.1923828125,0.98779296875,0.1884765625,0.98828125,0.19775390625,0.7937397956848145,0.42125532736639293,0.006042832709808369
4,2660,240,task1_return,MLP,0.9892578125,0.1943359375,0.0,0.0,0.0,0.0,1.0,0.0,0.0
4,2660,240,task1_return,ChevronSlow,0.98583984375,0.19580078125,0.986328125,0.19482421875,0.9853515625,0.19921875,1.0,0.2681240929528771,0.0060013076844693085
4,2660,240,task1_return,IDLGated,0.98583984375,0.193359375,0.9853515625,0.19287109375,0.9873046875,0.1962890625,0.6913281679153442,0.39665163624414895,0.004379396779670509
4,2670,250,task1_return,MLP,0.9853515625,0.19970703125,0.0,0.0,0.0,0.0,1.0,0.0,0.0
4,2670,250,task1_return,ChevronSlow,0.98486328125,0.20166015625,0.98193359375,0.201171875,0.9873046875,0.2001953125,1.0,0.2524641310796668,0.006314927307518437
4,2670,250,task1_return,IDLGated,0.98388671875,0.19873046875,0.98388671875,0.19921875,0.98681640625,0.19921875,0.5736279487609863,0.3734849396891268,0.004600355228317302
4,2680,260,end_return,MLP,0.9873046875,0.2021484375,0.0,0.0,0.0,0.0,1.0,0.0,0.0
4,2680,260,end_return,ChevronSlow,0.9833984375,0.20458984375,0.98095703125,0.20556640625,0.9853515625,0.201171875,1.0,0.23771879945534471,0.0050771876096226964
4,2680,260,end_return,IDLGated,0.98388671875,0.2021484375,0.9833984375,0.20263671875,0.986328125,0.20166015625,0.45431989431381226,0.35167130909988364,0.003591980973384556
5,0,0,task1_initial,MLP,0.3349609375,0.51708984375,0.0,0.0,0.0,0.0,1.0,0.0,0.0
5,0,0,task1_initial,ChevronSlow,0.65673828125,0.21142578125,0.65673828125,0.21142578125,0.65673828125,0.21142578125,1.0,0.0,0.0
5,0,0,task1_initial,IDLGated,0.28955078125,0.5166015625,0.28955078125,0.5166015625,0.28955078125,0.5166015625,1.0,0.0,0.0
5,10,0,task1_initial,MLP,0.8623046875,0.1611328125,0.0,0.0,0.0,0.0,1.0,0.0,0.0
5,10,0,task1_initial,ChevronSlow,0.8486328125,0.15234375,0.8583984375,0.1533203125,0.80224609375,0.15869140625,1.0,0.0004905716375288405,0.01832044302290329
5,10,0,task1_initial,IDLGated,0.8955078125,0.19921875,0.90478515625,0.2158203125,0.81298828125,0.138671875,0.0003662350063677877,0.00036959746602841285,0.017841282967142585
5,20,0,task1_initial,MLP,0.8212890625,0.24072265625,0.0,0.0,0.0,0.0,1.0,0.0,0.0
5,20,0,task1_initial,ChevronSlow,0.85986328125,0.1767578125,0.8623046875,0.1826171875,0.837890625,0.1474609375,1.0,0.003326341221157404,0.0277163150524616
5,20,0,task1_initial,IDLGated,0.88134765625,0.2509765625,0.880859375,0.25634765625,0.8583984375,0.20166015625,0.0003841208526864648,0.00253776581696058,0.027903461454925768
5,30,0,task1_initial,MLP,0.9189453125,0.232421875,0.0,0.0,0.0,0.0,1.0,0.0,0.0
5,30,0,task1_initial,ChevronSlow,0.89697265625,0.1767578125,0.90234375,0.18212890625,0.86572265625,0.1572265625,1.0,0.009664206211584198,0.033213489397811546
5,30,0,task1_initial,IDLGated,0.91015625,0.2490234375,0.91259765625,0.2529296875,0.89892578125,0.23046875,0.0004284801543690264,0.0075073870227788525,0.03477746214062568
5,40,0,task1_initial,MLP,0.9453125,0.24560546875,0.0,0.0,0.0,0.0,1.0,0.0,0.0
5,40,0,task1_initial,ChevronSlow,0.93017578125,0.185546875,0.931640625,0.189453125,0.89697265625,0.169921875,1.0,0.019594631378299032,0.03592110454924083
5,40,0,task1_initial,IDLGated,0.92626953125,0.25390625,0.92578125,0.25537109375,0.9208984375,0.2421875,0.0005148218479007483,0.015855702949621273,0.039682723541566246
5,50,0,task1_initial,MLP,0.94970703125,0.2353515625,0.0,0.0,0.0,0.0,1.0,0.0,0.0
5,50,0,task1_initial,ChevronSlow,0.93212890625,0.19775390625,0.93408203125,0.203125,0.91748046875,0.17919921875,1.0,0.03227692379070064,0.036068582396036414
5,50,0,task1_initial,IDLGated,0.927734375,0.25341796875,0.92724609375,0.25390625,0.923828125,0.24755859375,0.0006634952733293176,0.02739430291720146,0.04156279560950528
5,60,0,task1_initial,MLP,0.94873046875,0.2265625,0.0,0.0,0.0,0.0,1.0,0.0,0.0
5,60,0,task1_initial,ChevronSlow,0.9345703125,0.2041015625,0.935546875,0.208984375,0.9296875,0.18505859375,1.0,0.04723174043643015,0.03527869759373508
5,60,0,task1_initial,IDLGated,0.92822265625,0.2509765625,0.9296875,0.25146484375,0.92724609375,0.25048828125,0.0009131616679951549,0.041923458551548914,0.04143423458556875
5,70,0,task1_initial,MLP,0.94873046875,0.2275390625,0.0,0.0,0.0,0.0,1.0,0.0,0.0
5,70,0,task1_initial,ChevronSlow,0.935546875,0.20849609375,0.9345703125,0.212890625,0.93505859375,0.1953125,1.0,0.06322683369472719,0.03444082090989161
5,70,0,task1_initial,IDLGated,0.93115234375,0.2470703125,0.9306640625,0.24658203125,0.9287109375,0.25,0.0013062161160632968,0.05821300714807156,0.04006717972877058
5,80,0,task1_initial,MLP,0.94921875,0.216796875,0.0,0.0,0.0,0.0,1.0,0.0,0.0
5,80,0,task1_initial,ChevronSlow,0.93603515625,0.20947265625,0.93505859375,0.2138671875,0.935546875,0.20068359375,1.0,0.07975715178882287,0.03313791595214172
5,80,0,task1_initial,IDLGated,0.92919921875,0.24267578125,0.92919921875,0.24267578125,0.9296875,0.248046875,0.0019143660319969058,0.07561578207120953,0.03772170372976133
5,90,0,task1_initial,MLP,0.951171875,0.21875,0.0,0.0,0.0,0.0,1.0,0.0,0.0
5,90,0,task1_initial,ChevronSlow,0.935546875,0.212890625,0.93505859375,0.21435546875,0.93505859375,0.203125,1.0,0.09591951170680894,0.031369439789252156
5,90,0,task1_initial,IDLGated,0.931640625,0.236328125,0.93408203125,0.23583984375,0.9296875,0.24365234375,0.0027997565921396017,0.09293549499124462,0.034577522303345855
5,100,0,task1_initial,MLP,0.94580078125,0.22265625,0.0,0.0,0.0,0.0,1.0,0.0,0.0
5,100,0,task1_initial,ChevronSlow,0.9248046875,0.2255859375,0.92333984375,0.22705078125,0.927734375,0.21533203125,1.0,0.11115338262396258,0.02865348005047603
5,100,0,task1_initial,IDLGated,0.92919921875,0.23486328125,0.92919921875,0.23291015625,0.927734375,0.24072265625,0.004023423884063959,0.10947314946286256,0.03114095954643454
5,110,0,task1_initial,MLP,0.9462890625,0.2119140625,0.0,0.0,0.0,0.0,1.0,0.0,0.0
5,110,0,task1_initial,ChevronSlow,0.93115234375,0.21435546875,0.9306640625,0.21435546875,0.92919921875,0.21337890625,1.0,0.12516590246803888,0.027423695002124236
5,110,0,task1_initial,IDLGated,0.93115234375,0.2216796875,0.931640625,0.2216796875,0.92919921875,0.23193359375,0.005629832856357098,0.12481681947934889,0.02907695754442052
5,120,0,task1_initial,MLP,0.958984375,0.21533203125,0.0,0.0,0.0,0.0,1.0,0.0,0.0
5,120,0,task1_initial,ChevronSlow,0.9384765625,0.2080078125,0.939453125,0.2080078125,0.9365234375,0.20703125,1.0,0.1375991389207066,0.026416263916022427
5,120,0,task1_initial,IDLGated,0.93798828125,0.22412109375,0.93798828125,0.22265625,0.93310546875,0.23095703125,0.007581491954624653,0.13843477034969606,0.02698401384100586
5,130,0,task1_initial,MLP,0.958984375,0.20947265625,0.0,0.0,0.0,0.0,1.0,0.0,0.0
5,130,0,task1_initial,ChevronSlow,0.9384765625,0.21533203125,0.93994140625,0.21630859375,0.935546875,0.208984375,1.0,0.14834521834126532,0.024460118267016658
5,130,0,task1_initial,IDLGated,0.93701171875,0.22998046875,0.93798828125,0.23046875,0.93359375,0.2333984375,0.009794622659683228,0.1501782403645123,0.02452855232620807
5,140,0,task1_initial,MLP,0.9541015625,0.208984375,0.0,0.0,0.0,0.0,1.0,0.0,0.0
5,140,0,task1_initial,ChevronSlow,0.93603515625,0.2138671875,0.93603515625,0.21240234375,0.93701171875,0.21044921875,1.0,0.15740106165753423,0.021590773546485077
5,140,0,task1_initial,IDLGated,0.93603515625,0.2236328125,0.93701171875,0.2216796875,0.93505859375,0.22900390625,0.012136949226260185,0.16003229137236535,0.02151915466340717
5,150,0,task1_initial,MLP,0.958984375,0.2177734375,0.0,0.0,0.0,0.0,1.0,0.0,0.0
5,150,0,task1_initial,ChevronSlow,0.93603515625,0.21533203125,0.93603515625,0.2158203125,0.9375,0.2119140625,1.0,0.16455526599844145,0.018598348657722696
5,150,0,task1_initial,IDLGated,0.9365234375,0.22265625,0.935546875,0.2216796875,0.9345703125,0.22705078125,0.014358419924974442,0.16777470804219963,0.018651564106870806
5,160,0,task1_initial,MLP,0.962890625,0.205078125,0.0,0.0,0.0,0.0,1.0,0.0,0.0
5,160,0,task1_initial,ChevronSlow,0.93896484375,0.20947265625,0.93994140625,0.2099609375,0.93505859375,0.21044921875,1.0,0.16955779442279648,0.016670325609511684
5,160,0,task1_initial,IDLGated,0.94140625,0.21630859375,0.94189453125,0.21533203125,0.9375,0.22265625,0.016154661774635315,0.1732154523856477,0.01675398190728061
5,170,0,task1_initial,MLP,0.96435546875,0.20703125,0.0,0.0,0.0,0.0,1.0,0.0,0.0
5,170,0,task1_initial,ChevronSlow,0.93603515625,0.21435546875,0.93603515625,0.21484375,0.93603515625,0.2138671875,1.0,0.17260840984687023,0.015023224367974522
5,170,0,task1_initial,IDLGated,0.93701171875,0.2236328125,0.93798828125,0.2236328125,0.93603515625,0.22509765625,0.01737377606332302,0.1765787865331827,0.015082130889836927
5,180,0,task1_initial,MLP,0.962890625,0.2216796875,0.0,0.0,0.0,0.0,1.0,0.0,0.0
5,180,0,task1_initial,ChevronSlow,0.9375,0.224609375,0.9375,0.22705078125,0.935546875,0.21923828125,1.0,0.1740025703830381,0.01407735295690258
5,180,0,task1_initial,IDLGated,0.93701171875,0.232421875,0.93701171875,0.232421875,0.93798828125,0.2314453125,0.01798769272863865,0.17818563461949952,0.014210984891663454
5,190,0,task1_initial,MLP,0.9619140625,0.2158203125,0.0,0.0,0.0,0.0,1.0,0.0,0.0
5,190,0,task1_initial,ChevronSlow,0.93408203125,0.22216796875,0.93310546875,0.22412109375,0.93505859375,0.22119140625,1.0,0.17415256358606065,0.012918803118963498
5,190,0,task1_initial,IDLGated,0.93310546875,0.22802734375,0.93359375,0.22705078125,0.93408203125,0.22802734375,0.018110664561390877,0.17850101736509916,0.013182876306818964
5,200,0,task1_initial,MLP,0.9658203125,0.20654296875,0.0,0.0,0.0,0.0,1.0,0.0,0.0
5,200,0,task1_initial,ChevronSlow,0.943359375,0.21826171875,0.94091796875,0.21923828125,0.9365234375,0.22021484375,1.0,0.173230512593147,0.01087454524132949
5,200,0,task1_initial,IDLGated,0.94091796875,0.22314453125,0.94140625,0.22216796875,0.9384765625,0.22705078125,0.017789477482438087,0.17767280434785912,0.011008097961365107
5,210,0,task1_initial,MLP,0.9716796875,0.203125,0.0,0.0,0.0,0.0,1.0,0.0,0.0
5,210,0,task1_initial,ChevronSlow,0.939453125,0.2138671875,0.9404296875,0.21337890625,0.9365234375,0.216796875,1.0,0.17108012970113146,0.010504568949946724
5,210,0,task1_initial,IDLGated,0.94091796875,0.21875,0.94140625,0.21484375,0.939453125,0.22314453125,0.016994038596749306,0.17555670672122603,0.010662840022124724
5,220,0,task1_initial,MLP,0.958984375,0.18896484375,0.0,0.0,0.0,0.0,1.0,0.0,0.0
5,220,0,task1_initial,ChevronSlow,0.9345703125,0.20263671875,0.93115234375,0.201171875,0.9384765625,0.21142578125,1.0,0.16806266559392213,0.011665025659010049
5,220,0,task1_initial,IDLGated,0.9375,0.1982421875,0.935546875,0.19482421875,0.9384765625,0.20947265625,0.01590464450418949,0.1724949254822093,0.01188541156702938
5,230,0,task1_initial,MLP,0.97216796875,0.2099609375,0.0,0.0,0.0,0.0,1.0,0.0,0.0
5,230,0,task1_initial,ChevronSlow,0.93798828125,0.19873046875,0.93994140625,0.19775390625,0.9375,0.208984375,1.0,0.1648436341949028,0.010245779439342
5,230,0,task1_initial,IDLGated,0.93896484375,0.20263671875,0.93896484375,0.19970703125,0.939453125,0.20849609375,0.014787797816097736,0.16913387487422657,0.010093737510072354
5,240,0,task1_initial,MLP,0.966796875,0.212890625,0.0,0.0,0.0,0.0,1.0,0.0,0.0
5,240,0,task1_initial,ChevronSlow,0.94287109375,0.2099609375,0.94384765625,0.208984375,0.93994140625,0.20947265625,1.0,0.1611225781695627,0.008971356997500492
5,240,0,task1_initial,IDLGated,0.9423828125,0.2197265625,0.9423828125,0.2216796875,0.939453125,0.21533203125,0.013574964366853237,0.16518817336139843,0.009068830137437485
5,250,0,task1_initial,MLP,0.96826171875,0.2158203125,0.0,0.0,0.0,0.0,1.0,0.0,0.0
5,250,0,task1_initial,ChevronSlow,0.9345703125,0.22802734375,0.935546875,0.23193359375,0.935546875,0.21923828125,1.0,0.15671057258746376,0.008170903031122355
5,250,0,task1_initial,IDLGated,0.935546875,0.23388671875,0.935546875,0.236328125,0.93505859375,0.22216796875,0.012306639924645424,0.16067120227991316,0.008481253890289276
5,260,0,task1_initial,MLP,0.97509765625,0.2041015625,0.0,0.0,0.0,0.0,1.0,0.0,0.0
5,260,0,task1_initial,ChevronSlow,0.93896484375,0.2158203125,0.93896484375,0.21630859375,0.9384765625,0.2158203125,1.0,0.15163238422690245,0.007549774447245062
5,260,0,task1_initial,IDLGated,0.939453125,0.2158203125,0.939453125,0.21484375,0.93798828125,0.2177734375,0.011011426337063313,0.15555685909776887,0.007781808160026088
5,270,0,task1_initial,MLP,0.9755859375,0.20068359375,0.0,0.0,0.0,0.0,1.0,0.0,0.0
5,270,0,task1_initial,ChevronSlow,0.94384765625,0.201171875,0.94482421875,0.2001953125,0.9404296875,0.20751953125,1.0,0.1459652630824375,0.008195669990559947
5,270,0,task1_initial,IDLGated,0.94384765625,0.2041015625,0.9462890625,0.2021484375,0.9423828125,0.2109375,0.009715869091451168,0.14980766873698906,0.008104036683214393
5,280,0,task1_initial,MLP,0.97314453125,0.2041015625,0.0,0.0,0.0,0.0,1.0,0.0,0.0
5,280,0,task1_initial,ChevronSlow,0.9453125,0.205078125,0.94677734375,0.20361328125,0.94189453125,0.20703125,1.0,0.140176665799257,0.007649252747215877
5,280,0,task1_initial,IDLGated,0.94677734375,0.20703125,0.94873046875,0.20556640625,0.943359375,0.20947265625,0.008532543666660786,0.1438500606836343,0.0073666958210071645
5,290,0,task1_initial,MLP,0.9775390625,0.20751953125,0.0,0.0,0.0,0.0,1.0,0.0,0.0
5,290,0,task1_initial,ChevronSlow,0.93994140625,0.21337890625,0.9384765625,0.21484375,0.94091796875,0.21240234375,1.0,0.1343017785965842,0.00739639892883602
5,290,0,task1_initial,IDLGated,0.939453125,0.21875,0.9384765625,0.21923828125,0.939453125,0.21630859375,0.007468002382665873,0.1377440132829295,0.007496623579508757
5,300,0,task1_initial,MLP,0.9775390625,0.203125,0.0,0.0,0.0,0.0,1.0,0.0,0.0
5,300,0,task1_initial,ChevronSlow,0.9404296875,0.21533203125,0.9404296875,0.2158203125,0.9404296875,0.21435546875,1.0,0.12851176872100012,0.007193013387931426
5,300,0,task1_initial,IDLGated,0.939453125,0.21728515625,0.939453125,0.21728515625,0.9404296875,0.216796875,0.006547156255692244,0.13172019249962344,0.007248890473108865
5,310,0,task1_initial,MLP,0.9716796875,0.20947265625,0.0,0.0,0.0,0.0,1.0,0.0,0.0
5,310,0,task1_initial,ChevronSlow,0.943359375,0.224609375,0.943359375,0.22412109375,0.9404296875,0.21826171875,1.0,0.12275976560980718,0.0076639018641383476
5,310,0,task1_initial,IDLGated,0.94189453125,0.22900390625,0.94287109375,0.22998046875,0.94287109375,0.220703125,0.005750969052314758,0.1257900209658974,0.0076213429008339835
5,320,0,task1_initial,MLP,0.98046875,0.201171875,0.0,0.0,0.0,0.0,1.0,0.0,0.0
5,320,0,task1_initial,ChevronSlow,0.9453125,0.21240234375,0.9453125,0.21142578125,0.9423828125,0.2138671875,1.0,0.11708218817524639,0.007510433621241299
5,320,0,task1_initial,IDLGated,0.94580078125,0.2138671875,0.94580078125,0.2119140625,0.94287109375,0.2158203125,0.0050657945685088634,0.11999247676740854,0.007381695408442152
5,330,0,task1_initial,MLP,0.9794921875,0.19384765625,0.0,0.0,0.0,0.0,1.0,0.0,0.0
5,330,0,task1_initial,ChevronSlow,0.94580078125,0.19970703125,0.947265625,0.197265625,0.94287109375,0.20703125,1.0,0.11144760419623656,0.007875918914790026
5,330,0,task1_initial,IDLGated,0.94775390625,0.19921875,0.94580078125,0.19580078125,0.9443359375,0.2099609375,0.004465869162231684,0.11423565302123444,0.007713787833842216
5,340,0,task1_initial,MLP,0.978515625,0.20654296875,0.0,0.0,0.0,0.0,1.0,0.0,0.0
5,340,0,task1_initial,ChevronSlow,0.9453125,0.20703125,0.94677734375,0.2060546875,0.94287109375,0.208984375,1.0,0.10593591402397266,0.007209621929285559
5,340,0,task1_initial,IDLGated,0.94580078125,0.21484375,0.9462890625,0.21435546875,0.943359375,0.21484375,0.003945719916373491,0.10858317302796444,0.007058526640147718
5,350,0,task1_initial,MLP,0.97900390625,0.212890625,0.0,0.0,0.0,0.0,1.0,0.0,0.0
5,350,0,task1_initial,ChevronSlow,0.9443359375,0.2197265625,0.9443359375,0.220703125,0.94287109375,0.21630859375,1.0,0.10024021760608488,0.006904784813591513
5,350,0,task1_initial,IDLGated,0.9423828125,0.224609375,0.9423828125,0.22998046875,0.9453125,0.21923828125,0.003477351274341345,0.10281813810863374,0.007161762201337645
5,360,0,task1_initial,MLP,0.982421875,0.2021484375,0.0,0.0,0.0,0.0,1.0,0.0,0.0
5,360,0,task1_initial,ChevronSlow,0.947265625,0.2080078125,0.94873046875,0.20654296875,0.9443359375,0.2109375,1.0,0.09444228010468307,0.006653263440110564
5,360,0,task1_initial,IDLGated,0.94873046875,0.2080078125,0.94921875,0.20556640625,0.9462890625,0.21484375,0.003060095477849245,0.09698888226354348,0.006467739103518213
5,370,0,task1_initial,MLP,0.98486328125,0.1982421875,0.0,0.0,0.0,0.0,1.0,0.0,0.0
5,370,0,task1_initial,ChevronSlow,0.95068359375,0.203125,0.95166015625,0.201171875,0.9462890625,0.208984375,1.0,0.08892631736753993,0.007185545387979472
5,370,0,task1_initial,IDLGated,0.94970703125,0.203125,0.9541015625,0.20166015625,0.94775390625,0.2109375,0.0027025099843740463,0.091324183572556,0.006742941571680152
5,380,0,task1_initial,MLP,0.9794921875,0.2119140625,0.0,0.0,0.0,0.0,1.0,0.0,0.0
5,380,0,task1_initial,ChevronSlow,0.9462890625,0.21923828125,0.94580078125,0.2197265625,0.94580078125,0.216796875,1.0,0.08373251801827589,0.006939905830374315
5,380,0,task1_initial,IDLGated,0.9443359375,0.22265625,0.94482421875,0.22607421875,0.9462890625,0.21875,0.0024040043354034424,0.085990335289479,0.007096370498685096
5,390,0,task1_initial,MLP,0.98291015625,0.2060546875,0.0,0.0,0.0,0.0,1.0,0.0,0.0
5,390,0,task1_initial,ChevronSlow,0.9453125,0.21630859375,0.94580078125,0.216796875,0.9462890625,0.21630859375,1.0,0.07884206589488335,0.0067813029026695115
5,390,0,task1_initial,IDLGated,0.947265625,0.21630859375,0.947265625,0.21630859375,0.947265625,0.21728515625,0.0021530729718506336,0.08096801388125527,0.0067028416819279535
5,400,0,task1_initial,MLP,0.97900390625,0.19384765625,0.0,0.0,0.0,0.0,1.0,0.0,0.0
5,400,0,task1_initial,ChevronSlow,0.94970703125,0.20068359375,0.951171875,0.1982421875,0.9482421875,0.21044921875,1.0,0.07423724380552343,0.007579737684637218
5,400,0,task1_initial,IDLGated,0.95068359375,0.19775390625,0.951171875,0.19580078125,0.94970703125,0.20947265625,0.0019407434156164527,0.07623902441833197,0.007560608606150989
5,410,0,task1_initial,MLP,0.9814453125,0.19677734375,0.0,0.0,0.0,0.0,1.0,0.0,0.0
5,410,0,task1_initial,ChevronSlow,0.9462890625,0.2021484375,0.94580078125,0.2001953125,0.9462890625,0.2080078125,1.0,0.06990136934245893,0.007646441695485854
5,410,0,task1_initial,IDLGated,0.94775390625,0.2041015625,0.94873046875,0.20263671875,0.9482421875,0.208984375,0.0017599595012143254,0.07178623465783981,0.007276392079549355
5,420,0,task1_initial,MLP,0.9833984375,0.201171875,0.0,0.0,0.0,0.0,1.0,0.0,0.0
5,420,0,task1_initial,ChevronSlow,0.94921875,0.20654296875,0.94921875,0.20703125,0.9482421875,0.208984375,1.0,0.06581873444481667,0.006813462421425741
5,420,0,task1_initial,IDLGated,0.94921875,0.2138671875,0.94921875,0.2138671875,0.94921875,0.2138671875,0.0016051320126280189,0.0675935129766865,0.006540776275579155
5,430,0,task1_initial,MLP,0.97998046875,0.2119140625,0.0,0.0,0.0,0.0,1.0,0.0,0.0
5,430,0,task1_initial,ChevronSlow,0.94775390625,0.21875,0.94775390625,0.21875,0.94775390625,0.216796875,1.0,0.06197454849122566,0.007510086848019276
5,430,0,task1_initial,IDLGated,0.94775390625,0.2216796875,0.94775390625,0.22607421875,0.94775390625,0.21826171875,0.001471801195293665,0.06364566992970866,0.0073675322874900175
5,440,0,task1_initial,MLP,0.98046875,0.21044921875,0.0,0.0,0.0,0.0,1.0,0.0,0.0
5,440,0,task1_initial,ChevronSlow,0.94580078125,0.22021484375,0.9462890625,0.22216796875,0.94775390625,0.21826171875,1.0,0.05835488471616692,0.007134420872521072
5,440,0,task1_initial,IDLGated,0.94677734375,0.220703125,0.947265625,0.22216796875,0.94775390625,0.21875,0.0013563850661739707,0.05992840322115768,0.006690037411708552
5,450,0,task1_initial,MLP,0.9814453125,0.19873046875,0.0,0.0,0.0,0.0,1.0,0.0,0.0
5,450,0,task1_initial,ChevronSlow,0.94677734375,0.21484375,0.94677734375,0.21533203125,0.9462890625,0.21630859375,1.0,0.05494662975591103,0.006870735409631593
5,450,0,task1_initial,IDLGated,0.94873046875,0.21435546875,0.94921875,0.212890625,0.94775390625,0.2158203125,0.0012559850001707673,0.05642824589016155,0.006592982322284287
5,460,0,task1_initial,MLP,0.97998046875,0.19775390625,0.0,0.0,0.0,0.0,1.0,0.0,0.0
5,460,0,task1_initial,ChevronSlow,0.94873046875,0.201171875,0.94873046875,0.20068359375,0.947265625,0.208984375,1.0,0.05173743614125816,0.007283333567432133
5,460,0,task1_initial,IDLGated,0.951171875,0.2021484375,0.95166015625,0.19970703125,0.94970703125,0.2109375,0.0011682437034323812,0.05313251752244874,0.006778063337398194
5,470,0,task1_initial,MLP,0.98486328125,0.205078125,0.0,0.0,0.0,0.0,1.0,0.0,0.0
5,470,0,task1_initial,ChevronSlow,0.9501953125,0.21435546875,0.95068359375,0.2138671875,0.94921875,0.21435546875,1.0,0.048715677564970326,0.006552999918148006
5,470,0,task1_initial,IDLGated,0.9501953125,0.216796875,0.95166015625,0.21728515625,0.94873046875,0.2158203125,0.00109123217407614,0.05002927831158283,0.006414259366448725
5,480,0,task1_initial,MLP,0.98291015625,0.2119140625,0.0,0.0,0.0,0.0,1.0,0.0,0.0
5,480,0,task1_initial,ChevronSlow,0.947265625,0.22509765625,0.94775390625,0.22607421875,0.94775390625,0.2216796875,1.0,0.04587040676183844,0.007265315759205313
5,480,0,task1_initial,IDLGated,0.9482421875,0.22705078125,0.94775390625,0.22900390625,0.94921875,0.22314453125,0.0010233602952212095,0.047107285803280705,0.00727398281853939
5,490,0,task1_initial,MLP,0.9833984375,0.20361328125,0.0,0.0,0.0,0.0,1.0,0.0,0.0
5,490,0,task1_initial,ChevronSlow,0.94970703125,0.21044921875,0.94970703125,0.208984375,0.9482421875,0.2138671875,1.0,0.04319131584879139,0.006896676438609147
5,490,0,task1_initial,IDLGated,0.95166015625,0.20947265625,0.95166015625,0.20703125,0.95068359375,0.216796875,0.0009633123991079628,0.044355954166106853,0.006946386102639445
5,500,0,task1_initial,MLP,0.98193359375,0.19580078125,0.0,0.0,0.0,0.0,1.0,0.0,0.0
5,500,0,task1_initial,ChevronSlow,0.95166015625,0.1982421875,0.95361328125,0.197265625,0.9501953125,0.20654296875,1.0,0.04066869898136677,0.00790074661284969
5,500,0,task1_initial,IDLGated,0.95751953125,0.20068359375,0.958984375,0.19775390625,0.95166015625,0.2080078125,0.0009099931921809912,0.041765315840989345,0.007439467389531997
5,510,0,task1_initial,MLP,0.986328125,0.2060546875,0.0,0.0,0.0,0.0,1.0,0.0,0.0
5,510,0,task1_initial,ChevronSlow,0.9521484375,0.21533203125,0.95263671875,0.21484375,0.9501953125,0.21142578125,1.0,0.03829341719125477,0.006911787792437648
5,510,0,task1_initial,IDLGated,0.9521484375,0.220703125,0.9521484375,0.22021484375,0.95166015625,0.2177734375,0.0008624865440651774,0.03932598543062065,0.006824105996176753
5,520,0,task1_initial,MLP,0.982421875,0.21044921875,0.0,0.0,0.0,0.0,1.0,0.0,0.0
5,520,0,task1_initial,ChevronSlow,0.95849609375,0.2119140625,0.95849609375,0.212890625,0.951171875,0.21240234375,1.0,0.036056865277528105,0.00797953097590473
5,520,0,task1_initial,IDLGated,0.9580078125,0.2119140625,0.958984375,0.21142578125,0.95166015625,0.21240234375,0.000820022018160671,0.03702912569792152,0.007383601258491837
5,530,0,task1_initial,MLP,0.9775390625,0.19287109375,0.0,0.0,0.0,0.0,1.0,0.0,0.0
5,530,0,task1_initial,ChevronSlow,0.955078125,0.20263671875,0.95703125,0.201171875,0.9521484375,0.2080078125,1.0,0.03395094063161124,0.007717184288435602
5,530,0,task1_initial,IDLGated,0.958984375,0.20166015625,0.9609375,0.2001953125,0.953125,0.20751953125,0.0007819489692337811,0.034866415550386685,0.007479873432905759
5,540,0,task1_initial,MLP,0.9814453125,0.1923828125,0.0,0.0,0.0,0.0,1.0,0.0,0.0
5,540,0,task1_initial,ChevronSlow,0.955078125,0.20361328125,0.9560546875,0.203125,0.95263671875,0.2080078125,1.0,0.03196801388304748,0.007426126664716168
5,540,0,task1_initial,IDLGated,0.958984375,0.203125,0.9599609375,0.203125,0.95361328125,0.20751953125,0.0007477158214896917,0.03283001989432558,0.006845498557429955
5,550,0,task1_initial,MLP,0.986328125,0.21044921875,0.0,0.0,0.0,0.0,1.0,0.0,0.0
5,550,0,task1_initial,ChevronSlow,0.9541015625,0.2158203125,0.955078125,0.2158203125,0.953125,0.21337890625,1.0,0.030100901259719128,0.007343345687580307
5,550,0,task1_initial,IDLGated,0.9560546875,0.21875,0.9560546875,0.21923828125,0.95361328125,0.21533203125,0.0007168523734435439,0.030912561249785833,0.007290382424443876
5,560,0,task1_initial,MLP,0.986328125,0.2109375,0.0,0.0,0.0,0.0,1.0,0.0,0.0
5,560,0,task1_initial,ChevronSlow,0.96044921875,0.21044921875,0.96044921875,0.21044921875,0.955078125,0.20947265625,1.0,0.028342838562386986,0.007804861636675454
5,560,0,task1_initial,IDLGated,0.9599609375,0.2119140625,0.9609375,0.21142578125,0.95703125,0.2109375,0.0006889559444971383,0.029107093023325478,0.007140751696818804
5,570,0,task1_initial,MLP,0.97998046875,0.21044921875,0.0,0.0,0.0,0.0,1.0,0.0,0.0
5,570,0,task1_initial,ChevronSlow,0.9609375,0.21240234375,0.9609375,0.212890625,0.9580078125,0.212890625,1.0,0.026687456659263722,0.008464123837505812
5,570,0,task1_initial,IDLGated,0.96240234375,0.21240234375,0.96240234375,0.2138671875,0.958984375,0.21337890625,0.0006636814796365798,0.027407074341806354,0.007688469817280031
5,580,0,task1_initial,MLP,0.9833984375,0.21240234375,0.0,0.0,0.0,0.0,1.0,0.0,0.0
5,580,0,task1_initial,ChevronSlow,0.9599609375,0.21337890625,0.9599609375,0.21337890625,0.95654296875,0.2119140625,1.0,0.025128758411842627,0.007440436086826678
5,580,0,task1_initial,IDLGated,0.9609375,0.21337890625,0.96142578125,0.212890625,0.958984375,0.2119140625,0.000640730606392026,0.025806346356036135,0.007001683715112486
5,590,0,task1_initial,MLP,0.98388671875,0.212890625,0.0,0.0,0.0,0.0,1.0,0.0,0.0
5,590,0,task1_initial,ChevronSlow,0.95703125,0.2197265625,0.9580078125,0.22119140625,0.95703125,0.21630859375,1.0,0.02366109694838836,0.007482246459694911
5,590,0,task1_initial,IDLGated,0.958984375,0.2197265625,0.9609375,0.22119140625,0.95849609375,0.21630859375,0.0006198460469022393,0.024299109928411524,0.007125057063388672
5,600,0,task1_initial,MLP,0.9892578125,0.2041015625,0.0,0.0,0.0,0.0,1.0,0.0,0.0
5,600,0,task1_initial,ChevronSlow,0.958984375,0.216796875,0.958984375,0.216796875,0.95849609375,0.2158203125,1.0,0.022279155206378572,0.007117417207546587
5,600,0,task1_initial,IDLGated,0.95947265625,0.2138671875,0.96142578125,0.21435546875,0.95849609375,0.21484375,0.0006008031778037548,0.022879904623729165,0.006635729447682274
5,610,0,task1_initial,MLP,0.9853515625,0.19873046875,0.0,0.0,0.0,0.0,1.0,0.0,0.0
5,610,0,task1_initial,ChevronSlow,0.95849609375,0.20556640625,0.96044921875,0.20556640625,0.9560546875,0.2099609375,1.0,0.020977926669782498,0.007686048722918566
5,610,0,task1_initial,IDLGated,0.962890625,0.20458984375,0.96240234375,0.2041015625,0.9609375,0.21240234375,0.0005834074690937996,0.021543588927051893,0.007188357205923559
5,620,0,task1_initial,MLP,0.9814453125,0.21533203125,0.0,0.0,0.0,0.0,1.0,0.0,0.0
5,620,0,task1_initial,ChevronSlow,0.96044921875,0.21435546875,0.96044921875,0.2138671875,0.95947265625,0.21435546875,1.0,0.01975269723139133,0.0073019902321030195
5,620,0,task1_initial,IDLGated,0.9609375,0.21630859375,0.9638671875,0.2177734375,0.95947265625,0.21484375,0.0005674881977029145,0.020285321616963347,0.006682911658781832
5,630,0,task1_initial,MLP,0.9873046875,0.19970703125,0.0,0.0,0.0,0.0,1.0,0.0,0.0
5,630,0,task1_initial,ChevronSlow,0.96337890625,0.205078125,0.96435546875,0.20458984375,0.95947265625,0.21142578125,1.0,0.018599028114490972,0.007215343959436162
5,630,0,task1_initial,IDLGated,0.96728515625,0.20849609375,0.96826171875,0.2080078125,0.9609375,0.2119140625,0.0005528958863578737,0.01910054422672977,0.006666818453639323
5,640,0,task1_initial,MLP,0.98486328125,0.20068359375,0.0,0.0,0.0,0.0,1.0,0.0,0.0
5,640,0,task1_initial,ChevronSlow,0.96533203125,0.20166015625,0.96630859375,0.20068359375,0.962890625,0.20751953125,1.0,0.01751273979200559,0.007636336467225651
5,640,0,task1_initial,IDLGated,0.9658203125,0.20361328125,0.966796875,0.2021484375,0.96337890625,0.2109375,0.0005394986364990473,0.01798496452982904,0.006849653712569648
5,650,0,task1_initial,MLP,0.9873046875,0.2080078125,0.0,0.0,0.0,0.0,1.0,0.0,0.0
5,650,0,task1_initial,ChevronSlow,0.96435546875,0.20947265625,0.96484375,0.20947265625,0.96240234375,0.2099609375,1.0,0.016489896844854024,0.007021507936727726
5,650,0,task1_initial,IDLGated,0.966796875,0.21044921875,0.96728515625,0.20947265625,0.96240234375,0.212890625,0.0005271806148812175,0.016934540990018086,0.006501584524646043
5,660,0,task1_initial,MLP,0.98681640625,0.208984375,0.0,0.0,0.0,0.0,1.0,0.0,0.0
5,660,0,task1_initial,ChevronSlow,0.95703125,0.21875,0.95751953125,0.21923828125,0.958984375,0.21435546875,1.0,0.015526793704663753,0.007699426061940348
5,660,0,task1_initial,IDLGated,0.96044921875,0.21875,0.9599609375,0.2197265625,0.96142578125,0.21484375,0.0005158391431905329,0.015945468119604282,0.0074382204152276575
5,670,0,task1_initial,MLP,0.98583984375,0.20703125,0.0,0.0,0.0,0.0,1.0,0.0,0.0
5,670,0,task1_initial,ChevronSlow,0.95947265625,0.2119140625,0.9609375,0.2119140625,0.958984375,0.2109375,1.0,0.014619941229190879,0.006536818932117999
5,670,0,task1_initial,IDLGated,0.96630859375,0.2099609375,0.9658203125,0.2099609375,0.96337890625,0.2119140625,0.0005053830682300031,0.015014162692876448,0.006416237605743434
5,680,0,task1_initial,MLP,0.986328125,0.20654296875,0.0,0.0,0.0,0.0,1.0,0.0,0.0
5,680,0,task1_initial,ChevronSlow,0.96337890625,0.20751953125,0.96435546875,0.20751953125,0.962890625,0.20849609375,1.0,0.013766054061811478,0.0064030370250272965
5,680,0,task1_initial,IDLGated,0.9677734375,0.2109375,0.96875,0.2109375,0.9638671875,0.2119140625,0.0004957313067279756,0.014137250764749412,0.005886637865536128
5,690,0,task1_initial,MLP,0.98583984375,0.20556640625,0.0,0.0,0.0,0.0,1.0,0.0,0.0
5,690,0,task1_initial,ChevronSlow,0.96484375,0.2099609375,0.96484375,0.2099609375,0.962890625,0.20947265625,1.0,0.01296203872929003,0.006386876020412845
5,690,0,task1_initial,IDLGated,0.96728515625,0.2119140625,0.96630859375,0.2109375,0.9638671875,0.21240234375,0.00048681191401556134,0.013311555447593047,0.005906366164102249
5,700,0,task1_initial,MLP,0.9853515625,0.2080078125,0.0,0.0,0.0,0.0,1.0,0.0,0.0
5,700,0,task1_initial,ChevronSlow,0.96630859375,0.20947265625,0.96533203125,0.208984375,0.96337890625,0.2119140625,1.0,0.012204982434705454,0.007143928015666748
5,700,0,task1_initial,IDLGated,0.966796875,0.21044921875,0.966796875,0.20849609375,0.96630859375,0.212890625,0.000478560192277655,0.012534085401963584,0.006639712950611319
5,710,0,task1_initial,MLP,0.98486328125,0.20947265625,0.0,0.0,0.0,0.0,1.0,0.0,0.0
5,710,0,task1_initial,ChevronSlow,0.96533203125,0.2119140625,0.9658203125,0.21142578125,0.96435546875,0.2138671875,1.0,0.011492142504933536,0.00729579218731202
5,710,0,task1_initial,IDLGated,0.96875,0.2099609375,0.96826171875,0.208984375,0.96533203125,0.21240234375,0.00047091799206100404,0.011802023999541207,0.006613753965841032
5,720,0,task1_initial,MLP,0.986328125,0.2001953125,0.0,0.0,0.0,0.0,1.0,0.0,0.0
5,720,0,task1_initial,ChevronSlow,0.96923828125,0.20166015625,0.97021484375,0.201171875,0.96630859375,0.20751953125,1.0,0.010820936454456054,0.00767745653364648
5,720,0,task1_initial,IDLGated,0.97119140625,0.2041015625,0.97314453125,0.20263671875,0.9677734375,0.208984375,0.0004638339742086828,0.011112719119013332,0.0065507298351160015
5,730,0,task1_initial,MLP,0.9814453125,0.1953125,0.0,0.0,0.0,0.0,1.0,0.0,0.0
5,730,0,task1_initial,ChevronSlow,0.9658203125,0.20361328125,0.96630859375,0.19873046875,0.9677734375,0.2060546875,1.0,0.010188932629499544,0.007606384787323444
5,730,0,task1_initial,IDLGated,0.97021484375,0.203125,0.96875,0.2021484375,0.970703125,0.2080078125,0.0004572607867885381,0.010463673537935963,0.007057170737218238
5,740,0,task1_initial,MLP,0.98486328125,0.21240234375,0.0,0.0,0.0,0.0,1.0,0.0,0.0
5,740,0,task1_initial,ChevronSlow,0.96728515625,0.21142578125,0.96826171875,0.212890625,0.9677734375,0.20947265625,1.0,0.009593841398609249,0.006897522740975698
5,740,0,task1_initial,IDLGated,0.97021484375,0.212890625,0.9697265625,0.2119140625,0.96875,0.2119140625,0.0004511568695306778,0.009852535885764603,0.006625607305212981
5,750,0,task1_initial,MLP,0.98291015625,0.21484375,0.0,0.0,0.0,0.0,1.0,0.0,0.0
5,750,0,task1_initial,ChevronSlow,0.966796875,0.2158203125,0.966796875,0.21630859375,0.9658203125,0.21337890625,1.0,0.009033506857743309,0.006594338952331518
5,750,0,task1_initial,IDLGated,0.96728515625,0.2138671875,0.96728515625,0.21728515625,0.96826171875,0.21337890625,0.00044548395089805126,0.009277092125279319,0.006001154973949419
5,760,0,task1_initial,MLP,0.9873046875,0.20458984375,0.0,0.0,0.0,0.0,1.0,0.0,0.0
5,760,0,task1_initial,ChevronSlow,0.96923828125,0.2080078125,0.96875,0.2080078125,0.96826171875,0.21044921875,1.0,0.008505899019836305,0.0056787755943005416
5,760,0,task1_initial,IDLGated,0.974609375,0.2060546875,0.97509765625,0.2041015625,0.97021484375,0.2099609375,0.0004402074555400759,0.008735257531542657,0.005429763037481074
5,770,0,task1_initial,MLP,0.98486328125,0.20654296875,0.0,0.0,0.0,0.0,1.0,0.0,0.0
5,770,0,task1_initial,ChevronSlow,0.9697265625,0.20703125,0.9697265625,0.20556640625,0.96923828125,0.20849609375,1.0,0.008009106460536448,0.005719049274398544
5,770,0,task1_initial,IDLGated,0.97265625,0.20654296875,0.97314453125,0.20556640625,0.970703125,0.208984375,0.0004352961841505021,0.008225069139331772,0.005335108751419654
5,780,0,task1_initial,MLP,0.98681640625,0.2119140625,0.0,0.0,0.0,0.0,1.0,0.0,0.0
5,780,0,task1_initial,ChevronSlow,0.96826171875,0.21337890625,0.96875,0.21337890625,0.96826171875,0.212890625,1.0,0.007541329393473228,0.0060934978209188145
5,780,0,task1_initial,IDLGated,0.9697265625,0.212890625,0.9697265625,0.2138671875,0.97021484375,0.21240234375,0.0004307219060137868,0.00774467863168317,0.005731751759113007
5,790,0,task1_initial,MLP,0.9873046875,0.20849609375,0.0,0.0,0.0,0.0,1.0,0.0,0.0
5,790,0,task1_initial,ChevronSlow,0.96923828125,0.212890625,0.96923828125,0.212890625,0.96875,0.212890625,1.0,0.007100873149968598,0.005871462077621815
5,790,0,task1_initial,IDLGated,0.97265625,0.21142578125,0.97314453125,0.21142578125,0.97021484375,0.21142578125,0.0004264588060323149,0.0072923456437866295,0.005401885431153524
5,800,0,task1_initial,MLP,0.98779296875,0.19921875,0.0,0.0,0.0,0.0,1.0,0.0,0.0
5,800,0,task1_initial,ChevronSlow,0.9736328125,0.20458984375,0.97412109375,0.203125,0.96923828125,0.20947265625,1.0,0.006686142039569825,0.005498268089532057
5,800,0,task1_initial,IDLGated,0.9755859375,0.2041015625,0.97705078125,0.201171875,0.974609375,0.20849609375,0.00042248310637660325,0.0068664314579695435,0.00506727494333025
5,810,0,task1_initial,MLP,0.9814453125,0.205078125,0.0,0.0,0.0,0.0,1.0,0.0,0.0
5,810,0,task1_initial,ChevronSlow,0.97021484375,0.20361328125,0.9716796875,0.2021484375,0.9697265625,0.20556640625,1.0,0.006295633569161931,0.006226956933645176
5,810,0,task1_initial,IDLGated,0.97119140625,0.20556640625,0.9716796875,0.2060546875,0.97021484375,0.20556640625,0.00041877353214658797,0.006465393066929793,0.005628529522309317
5,820,0,task1_initial,MLP,0.98486328125,0.20166015625,0.0,0.0,0.0,0.0,1.0,0.0,0.0
5,820,0,task1_initial,ChevronSlow,0.97412109375,0.2021484375,0.974609375,0.20068359375,0.9716796875,0.2060546875,1.0,0.0059279329997166275,0.006906307640513531
5,820,0,task1_initial,IDLGated,0.97705078125,0.20166015625,0.9775390625,0.20068359375,0.97412109375,0.205078125,0.00041531043825671077,0.006087777583709369,0.005637645813328157
5,830,0,task1_initial,MLP,0.9853515625,0.20751953125,0.0,0.0,0.0,0.0,1.0,0.0,0.0
5,830,0,task1_initial,ChevronSlow,0.9716796875,0.20947265625,0.97119140625,0.21044921875,0.97314453125,0.20947265625,1.0,0.005581708220957852,0.007789938771237683
5,830,0,task1_initial,IDLGated,0.974609375,0.2109375,0.9755859375,0.2109375,0.97607421875,0.208984375,0.00041207566391676664,0.0057322169781571205,0.006392458620267978
5,840,0,task1_initial,MLP,0.9853515625,0.2080078125,0.0,0.0,0.0,0.0,1.0,0.0,0.0
5,840,0,task1_initial,ChevronSlow,0.974609375,0.20458984375,0.974609375,0.2041015625,0.97216796875,0.20751953125,1.0,0.005255704925375808,0.00698041269200805
5,840,0,task1_initial,IDLGated,0.97607421875,0.20556640625,0.9765625,0.20556640625,0.9755859375,0.2060546875,0.00040905302739702165,0.0053974231208118,0.005780805880009517
5,850,0,task1_initial,MLP,0.98828125,0.2041015625,0.0,0.0,0.0,0.0,1.0,0.0,0.0
5,850,0,task1_initial,ChevronSlow,0.974609375,0.20849609375,0.9755859375,0.20849609375,0.97412109375,0.208984375,1.0,0.004948742064105847,0.006858911353015459
5,850,0,task1_initial,IDLGated,0.9775390625,0.208984375,0.97802734375,0.21044921875,0.9765625,0.20751953125,0.0004062271327711642,0.005082183116250362,0.006065112916321373
5,860,0,task1_initial,MLP,0.9853515625,0.20068359375,0.0,0.0,0.0,0.0,1.0,0.0,0.0
5,860,0,task1_initial,ChevronSlow,0.9755859375,0.20654296875,0.9755859375,0.2060546875,0.97509765625,0.2080078125,1.0,0.00465970756820969,0.006379950705149443
5,860,0,task1_initial,IDLGated,0.97802734375,0.20703125,0.978515625,0.205078125,0.9775390625,0.2080078125,0.00040358409751206636,0.0047853549089950705,0.006016559162421827
5,870,0,task1_initial,MLP,0.986328125,0.20751953125,0.0,0.0,0.0,0.0,1.0,0.0,0.0
5,870,0,task1_initial,ChevronSlow,0.97607421875,0.2080078125,0.9765625,0.20751953125,0.97509765625,0.2080078125,1.0,0.004387554319858011,0.006228369114265278
5,870,0,task1_initial,IDLGated,0.9775390625,0.20654296875,0.9775390625,0.20654296875,0.9775390625,0.2080078125,0.00040111111593432724,0.004505863146060463,0.005992059366349244
5,880,0,task1_initial,MLP,0.986328125,0.20458984375,0.0,0.0,0.0,0.0,1.0,0.0,0.0
5,880,0,task1_initial,ChevronSlow,0.97607421875,0.203125,0.9765625,0.2021484375,0.97509765625,0.20703125,1.0,0.004131296358818713,0.006231707106630089
5,880,0,task1_initial,IDLGated,0.9775390625,0.20361328125,0.97705078125,0.20361328125,0.9775390625,0.20556640625,0.00039879640098661184,0.004242695281150944,0.00601759658922338
5,890,0,task1_initial,MLP,0.98486328125,0.212890625,0.0,0.0,0.0,0.0,1.0,0.0,0.0
5,890,0,task1_initial,ChevronSlow,0.97119140625,0.21240234375,0.97216796875,0.2138671875,0.97265625,0.20947265625,1.0,0.003986499588268501,0.006662468637934886
5,890,0,task1_initial,IDLGated,0.9716796875,0.212890625,0.97216796875,0.21337890625,0.9755859375,0.20849609375,0.000396652496419847,0.003997583681175135,0.006296235091624879
5,900,0,task1_initial,MLP,0.9736328125,0.2109375,0.0,0.0,0.0,0.0,1.0,0.0,0.0
5,900,0,task1_initial,ChevronSlow,0.96875,0.212890625,0.96923828125,0.21435546875,0.97119140625,0.2080078125,1.0,0.0042087372762439025,0.0073651036228040015
5,900,0,task1_initial,IDLGated,0.96923828125,0.212890625,0.9697265625,0.21435546875,0.97216796875,0.20703125,0.000397138501284644,0.0040532656777405385,0.006568871929295382
5,910,0,task1_initial,MLP,0.9833984375,0.203125,0.0,0.0,0.0,0.0,1.0,0.0,0.0
5,910,0,task1_initial,ChevronSlow,0.97802734375,0.20068359375,0.978515625,0.19970703125,0.9755859375,0.20361328125,1.0,0.004898084338621574,0.006160285372506498
5,910,0,task1_initial,IDLGated,0.98046875,0.19775390625,0.9814453125,0.19677734375,0.97802734375,0.203125,0.0004014795122202486,0.0045476084758351385,0.00601976138675356
5,920,0,task1_initial,MLP,0.98779296875,0.20166015625,0.0,0.0,0.0,0.0,1.0,0.0,0.0
5,920,0,task1_initial,ChevronSlow,0.97802734375,0.205078125,0.9775390625,0.2060546875,0.97607421875,0.2041015625,1.0,0.005187750966867899,0.005846405777597566
5,920,0,task1_initial,IDLGated,0.978515625,0.20458984375,0.9794921875,0.20458984375,0.97802734375,0.2041015625,0.0004033348523080349,0.004757279677339699,0.005399155136565951
5,930,0,task1_initial,MLP,0.98779296875,0.20556640625,0.0,0.0,0.0,0.0,1.0,0.0,0.0
5,930,0,task1_initial,ChevronSlow,0.97705078125,0.2041015625,0.9775390625,0.20361328125,0.9755859375,0.2041015625,1.0,0.005000531142400696,0.005509625758478966
5,930,0,task1_initial,IDLGated,0.97802734375,0.20556640625,0.97802734375,0.20556640625,0.97802734375,0.20458984375,0.0004012891440652311,0.004526043878923045,0.005093051545101696
5,940,0,task1_initial,MLP,0.98486328125,0.21044921875,0.0,0.0,0.0,0.0,1.0,0.0,0.0
5,940,0,task1_initial,ChevronSlow,0.978515625,0.2041015625,0.9775390625,0.20361328125,0.97607421875,0.2041015625,1.0,0.004708471871734713,0.005277565364012158
5,940,0,task1_initial,IDLGated,0.978515625,0.20361328125,0.97900390625,0.20361328125,0.978515625,0.20361328125,0.00039896316593512893,0.004261697345197453,0.004805081510445395
5,950,0,task1_initial,MLP,0.97998046875,0.20751953125,0.0,0.0,0.0,0.0,1.0,0.0,0.0
5,950,0,task1_initial,ChevronSlow,0.97705078125,0.205078125,0.9765625,0.2060546875,0.97705078125,0.2041015625,1.0,0.004433470512549109,0.004914145908500236
5,950,0,task1_initial,IDLGated,0.9794921875,0.205078125,0.97900390625,0.205078125,0.97802734375,0.20458984375,0.00039678526809439063,0.004012790142543782,0.004649885209361064
5,960,0,task1_initial,MLP,0.9814453125,0.2060546875,0.0,0.0,0.0,0.0,1.0,0.0,0.0
5,960,0,task1_initial,ChevronSlow,0.97412109375,0.2060546875,0.97314453125,0.20703125,0.9765625,0.205078125,1.0,0.004174530786439814,0.004872433067713133
5,960,0,task1_initial,IDLGated,0.9775390625,0.20654296875,0.9775390625,0.20556640625,0.97802734375,0.20458984375,0.0003947452933061868,0.0037784205267984566,0.004586096058300799
5,970,0,task1_initial,MLP,0.98486328125,0.19384765625,0.0,0.0,0.0,0.0,1.0,0.0,0.0
5,970,0,task1_initial,ChevronSlow,0.97998046875,0.19970703125,0.97900390625,0.19677734375,0.97900390625,0.2021484375,1.0,0.003930714603290323,0.005358964705282533
5,970,0,task1_initial,IDLGated,0.982421875,0.197265625,0.982421875,0.1953125,0.98046875,0.20263671875,0.00039283433579839766,0.0035577394207517202,0.005131803230241359
5,980,0,task1_initial,MLP,0.98486328125,0.19384765625,0.0,0.0,0.0,0.0,1.0,0.0,0.0
5,980,0,task1_initial,ChevronSlow,0.97998046875,0.19775390625,0.97998046875,0.193359375,0.97900390625,0.201171875,1.0,0.0037011386627469438,0.005183630610592609
5,980,0,task1_initial,IDLGated,0.982421875,0.1953125,0.9814453125,0.193359375,0.98046875,0.19970703125,0.0003910433151759207,0.0033499473380999723,0.004960382415414901
5,990,0,task1_initial,MLP,0.982421875,0.20263671875,0.0,0.0,0.0,0.0,1.0,0.0,0.0
5,990,0,task1_initial,ChevronSlow,0.98095703125,0.19921875,0.98046875,0.1982421875,0.97900390625,0.201171875,1.0,0.0034849712541871023,0.0048384568668890455
5,990,0,task1_initial,IDLGated,0.98193359375,0.19775390625,0.9833984375,0.197265625,0.98095703125,0.19921875,0.00038936437340453267,0.0031542914870566732,0.004269625568916025
5,1000,0,task1_initial,MLP,0.98779296875,0.2001953125,0.0,0.0,0.0,0.0,1.0,0.0,0.0
5,1000,0,task1_initial,ChevronSlow,0.97900390625,0.2041015625,0.97802734375,0.20263671875,0.97802734375,0.20263671875,1.0,0.003281429243587573,0.005244928251771114
5,1000,0,task1_initial,IDLGated,0.9794921875,0.20166015625,0.97998046875,0.20361328125,0.9794921875,0.2021484375,0.0003877900599036366,0.0029700630431287326,0.004958251663917897
5,1010,0,task1_initial,MLP,0.98779296875,0.2021484375,0.0,0.0,0.0,0.0,1.0,0.0,0.0
5,1010,0,task1_initial,ChevronSlow,0.978515625,0.20556640625,0.978515625,0.2060546875,0.97802734375,0.203125,1.0,0.003089775236376629,0.005287626789953842
5,1010,0,task1_initial,IDLGated,0.97900390625,0.205078125,0.97900390625,0.2060546875,0.9794921875,0.2021484375,0.000386313593480736,0.0027965945811781645,0.005128403599772446
5,1020,0,task1_initial,MLP,0.98681640625,0.20068359375,0.0,0.0,0.0,0.0,1.0,0.0,0.0
5,1020,0,task1_initial,ChevronSlow,0.9814453125,0.1982421875,0.98095703125,0.1982421875,0.978515625,0.2021484375,1.0,0.0029093149059916568,0.0051574242069419365
5,1020,0,task1_initial,IDLGated,0.9833984375,0.197265625,0.98388671875,0.197265625,0.98095703125,0.2001953125,0.0003849283966701478,0.002633257657465855,0.005045327967906619
5,1030,0,task1_initial,MLP,0.98388671875,0.20361328125,0.0,0.0,0.0,0.0,1.0,0.0,0.0
5,1030,0,task1_initial,ChevronSlow,0.9794921875,0.2021484375,0.978515625,0.2021484375,0.98095703125,0.2001953125,1.0,0.0027393944784640995,0.005497480613974737
5,1030,0,task1_initial,IDLGated,0.9794921875,0.20361328125,0.9775390625,0.2041015625,0.9814453125,0.20068359375,0.0003836286487057805,0.0024794605329176277,0.005273907576259697
5,1040,0,task1_initial,MLP,0.98583984375,0.2119140625,0.0,0.0,0.0,0.0,1.0,0.0,0.0
5,1040,0,task1_initial,ChevronSlow,0.97607421875,0.21484375,0.97509765625,0.21728515625,0.9775390625,0.20654296875,1.0,0.002579398363918847,0.0064540119513930155
5,1040,0,task1_initial,IDLGated,0.97900390625,0.21240234375,0.97705078125,0.21484375,0.97998046875,0.20556640625,0.00038240893627516925,0.0023346460293644402,0.006223972719630641
5,1050,0,task1_initial,MLP,0.98779296875,0.21044921875,0.0,0.0,0.0,0.0,1.0,0.0,0.0
5,1050,0,task1_initial,ChevronSlow,0.978515625,0.21142578125,0.978515625,0.2138671875,0.97802734375,0.20751953125,1.0,0.0024287469264074515,0.005386910867933372
5,1050,0,task1_initial,IDLGated,0.9814453125,0.21142578125,0.9814453125,0.2119140625,0.98095703125,0.20849609375,0.0003812637587543577,0.0021982895109902622,0.0053895995954059755
5,1060,0,task1_initial,MLP,0.986328125,0.20556640625,0.0,0.0,0.0,0.0,1.0,0.0,0.0
5,1060,0,task1_initial,ChevronSlow,0.97900390625,0.2099609375,0.978515625,0.21044921875,0.978515625,0.20849609375,1.0,0.0022868943839956745,0.005582288889577949
5,1060,0,task1_initial,IDLGated,0.982421875,0.20751953125,0.982421875,0.20849609375,0.98095703125,0.2080078125,0.0003801888960879296,0.002069896983674801,0.005737502976401678
5,1070,0,task1_initial,MLP,0.98828125,0.208984375,0.0,0.0,0.0,0.0,1.0,0.0,0.0
5,1070,0,task1_initial,ChevronSlow,0.97900390625,0.21044921875,0.9794921875,0.2119140625,0.97998046875,0.208984375,1.0,0.0021533268314977904,0.0050512305088839145
5,1070,0,task1_initial,IDLGated,0.982421875,0.2109375,0.982421875,0.2109375,0.98095703125,0.20849609375,0.0003791793715208769,0.0019490033053453522,0.005040209324407196
5,1080,0,task1_initial,MLP,0.98876953125,0.20947265625,0.0,0.0,0.0,0.0,1.0,0.0,0.0
5,1080,0,task1_initial,ChevronSlow,0.9814453125,0.208984375,0.98193359375,0.2080078125,0.9814453125,0.20849609375,1.0,0.0020275603786943765,0.004953367478608622
5,1080,0,task1_initial,IDLGated,0.9833984375,0.2109375,0.9833984375,0.2109375,0.98193359375,0.20849609375,0.0003782313142437488,0.0018351705008542124,0.004852589518909782
5,1090,0,task1_initial,MLP,0.98876953125,0.205078125,0.0,0.0,0.0,0.0,1.0,0.0,0.0
5,1090,0,task1_initial,ChevronSlow,0.9794921875,0.2109375,0.9794921875,0.20947265625,0.97900390625,0.2109375,1.0,0.0019091393972887035,0.0050226561461346715
5,1090,0,task1_initial,IDLGated,0.98291015625,0.20849609375,0.98388671875,0.20751953125,0.9814453125,0.2099609375,0.00037734085344709456,0.0017279861752767715,0.004937512935620133
5,1100,0,task1_initial,MLP,0.98779296875,0.2041015625,0.0,0.0,0.0,0.0,1.0,0.0,0.0
5,1100,0,task1_initial,ChevronSlow,0.98095703125,0.2041015625,0.9814453125,0.20263671875,0.98095703125,0.20751953125,1.0,0.001797634870250773,0.004916488988916533
5,1100,0,task1_initial,IDLGated,0.98193359375,0.20458984375,0.982421875,0.20361328125,0.98193359375,0.20703125,0.0003765041474252939,0.0016270620198819614,0.004874862930586402
5,1110,0,task1_initial,MLP,0.98583984375,0.2109375,0.0,0.0,0.0,0.0,1.0,0.0,0.0
5,1110,0,task1_initial,ChevronSlow,0.97998046875,0.212890625,0.9794921875,0.21337890625,0.97900390625,0.21044921875,1.0,0.0016926428375689958,0.00483137667342178
5,1110,0,task1_initial,IDLGated,0.98388671875,0.21142578125,0.98388671875,0.21240234375,0.982421875,0.21044921875,0.0003757182275876403,0.0015320324053624708,0.004802442933602353
5,1120,0,task1_initial,MLP,0.98779296875,0.201171875,0.0,0.0,0.0,0.0,1.0,0.0,0.0
5,1120,0,task1_initial,ChevronSlow,0.98193359375,0.2041015625,0.98193359375,0.20361328125,0.97998046875,0.20849609375,1.0,0.001593782932778748,0.004573495581830128
5,1120,0,task1_initial,IDLGated,0.98291015625,0.20263671875,0.98193359375,0.2021484375,0.9814453125,0.20703125,0.00037497965968213975,0.0014425530572282636,0.004845224782550924
5,1130,0,task1_initial,MLP,0.98681640625,0.20068359375,0.0,0.0,0.0,0.0,1.0,0.0,0.0
5,1130,0,task1_initial,ChevronSlow,0.97998046875,0.2021484375,0.97998046875,0.20166015625,0.97998046875,0.20654296875,1.0,0.0015006970049659316,0.0049629834689069304
5,1130,0,task1_initial,IDLGated,0.982421875,0.20361328125,0.9814453125,0.203125,0.9833984375,0.20654296875,0.0003742855624295771,0.0013582998085646019,0.0051296958479716
5,1140,0,task1_initial,MLP,0.986328125,0.2109375,0.0,0.0,0.0,0.0,1.0,0.0,0.0
5,1140,0,task1_initial,ChevronSlow,0.98095703125,0.2099609375,0.9794921875,0.2109375,0.98193359375,0.208984375,1.0,0.0014130478212533082,0.005110064462696054
5,1140,0,task1_initial,IDLGated,0.9814453125,0.21142578125,0.98046875,0.21240234375,0.982421875,0.20947265625,0.00037363296723924577,0.0012789674256360416,0.005237789196903509
5,1150,0,task1_initial,MLP,0.986328125,0.20458984375,0.0,0.0,0.0,0.0,1.0,0.0,0.0
5,1150,0,task1_initial,ChevronSlow,0.98095703125,0.2041015625,0.9814453125,0.203125,0.9814453125,0.20703125,1.0,0.0013305178450689645,0.004821187065166069
5,1150,0,task1_initial,IDLGated,0.98291015625,0.20166015625,0.98291015625,0.20068359375,0.9833984375,0.205078125,0.00037301977863535285,0.0012042685020817966,0.005201431455937456
5,1160,0,task1_initial,MLP,0.986328125,0.205078125,0.0,0.0,0.0,0.0,1.0,0.0,0.0
5,1160,0,task1_initial,ChevronSlow,0.98095703125,0.2060546875,0.9814453125,0.2060546875,0.9814453125,0.20703125,1.0,0.0012528080857708032,0.0048524437549921015
5,1160,0,task1_initial,IDLGated,0.982421875,0.2060546875,0.98193359375,0.2060546875,0.98388671875,0.20654296875,0.00037244323175400496,0.001133932417696335,0.004858589430704792
5,1170,0,task1_initial,MLP,0.98779296875,0.21044921875,0.0,0.0,0.0,0.0,1.0,0.0,0.0
5,1170,0,task1_initial,ChevronSlow,0.9814453125,0.2099609375,0.98193359375,0.20947265625,0.982421875,0.20751953125,1.0,0.0011796370154594593,0.00503024355941719
5,1170,0,task1_initial,IDLGated,0.982421875,0.208984375,0.98095703125,0.20947265625,0.98388671875,0.20703125,0.0003719011147040874,0.0010677043580230754,0.004982494631823423
5,1180,0,task1_initial,MLP,0.98291015625,0.21337890625,0.0,0.0,0.0,0.0,1.0,0.0,0.0
5,1180,0,task1_initial,ChevronSlow,0.97802734375,0.20947265625,0.9775390625,0.21142578125,0.982421875,0.20849609375,1.0,0.0011107395490554638,0.0057108028816840635
5,1180,0,task1_initial,IDLGated,0.98046875,0.212890625,0.9775390625,0.212890625,0.98291015625,0.20849609375,0.0003713914775289595,0.0010053443912093492,0.0054423791958559285
5,1190,0,task1_initial,MLP,0.98681640625,0.2109375,0.0,0.0,0.0,0.0,1.0,0.0,0.0
5,1190,0,task1_initial,ChevronSlow,0.98095703125,0.21240234375,0.98095703125,0.21337890625,0.982421875,0.2099609375,1.0,0.0010458660839456633,0.005382773813719159
5,1190,0,task1_initial,IDLGated,0.98095703125,0.2109375,0.9814453125,0.21240234375,0.9833984375,0.20849609375,0.000370912195648998,0.0009466265987782488,0.0053539677981063825
5,1200,0,task1_initial,MLP,0.984375,0.1923828125,0.0,0.0,0.0,0.0,1.0,0.0,0.0
5,1200,0,task1_initial,ChevronSlow,0.97998046875,0.19921875,0.97998046875,0.1982421875,0.98193359375,0.2060546875,1.0,0.0009847815957197165,0.005826822210548418
5,1200,0,task1_initial,IDLGated,0.9794921875,0.19677734375,0.97705078125,0.1943359375,0.9853515625,0.203125,0.00037046690704301,0.0008919988836939933,0.006383709147345483
5,1210,0,task1_initial,MLP,0.9892578125,0.21044921875,0.0,0.0,0.0,0.0,1.0,0.0,0.0
5,1210,0,task1_initial,ChevronSlow,0.9833984375,0.21142578125,0.98193359375,0.212890625,0.982421875,0.20947265625,1.0,0.0011125629916659567,0.004842645121717725
5,1210,0,task1_initial,IDLGated,0.98193359375,0.21337890625,0.9814453125,0.21533203125,0.98486328125,0.2109375,0.0003722606343217194,0.0011116266911842644,0.005053005316194617
5,1220,0,task1_initial,MLP,0.98486328125,0.21484375,0.0,0.0,0.0,0.0,1.0,0.0,0.0
5,1220,0,task1_initial,ChevronSlow,0.9794921875,0.2138671875,0.9794921875,0.21630859375,0.98193359375,0.2109375,1.0,0.001355698496282571,0.004208129433188596
5,1220,0,task1_initial,IDLGated,0.98193359375,0.2158203125,0.98095703125,0.21630859375,0.98388671875,0.2119140625,0.00037591904401779175,0.0015563218141743445,0.004229122544439155
5,1230,0,task1_initial,MLP,0.990234375,0.20263671875,0.0,0.0,0.0,0.0,1.0,0.0,0.0
5,1230,0,task1_initial,ChevronSlow,0.984375,0.20556640625,0.984375,0.20458984375,0.982421875,0.2080078125,1.0,0.001372396326266557,0.003864708097382799
5,1230,0,task1_initial,IDLGated,0.9873046875,0.203125,0.98486328125,0.20263671875,0.9853515625,0.2060546875,0.0003776638477575034,0.001766894876994309,0.004231008249805965
5,1240,0,task1_initial,MLP,0.98974609375,0.20703125,0.0,0.0,0.0,0.0,1.0,0.0,0.0
5,1240,0,task1_initial,ChevronSlow,0.982421875,0.2119140625,0.982421875,0.21142578125,0.98291015625,0.21044921875,1.0,0.0012922406270618409,0.003728617715108539
5,1240,0,task1_initial,IDLGated,0.982421875,0.21044921875,0.98291015625,0.2109375,0.98388671875,0.208984375,0.000376807787688449,0.0016636982335932091,0.0038167144254310907
5,1250,0,task1_initial,MLP,0.98583984375,0.2060546875,0.0,0.0,0.0,0.0,1.0,0.0,0.0
5,1250,0,task1_initial,ChevronSlow,0.98193359375,0.20458984375,0.982421875,0.203125,0.98193359375,0.20849609375,1.0,0.0012167664735535312,0.004599753508746191
5,1250,0,task1_initial,IDLGated,0.98291015625,0.2021484375,0.984375,0.201171875,0.98388671875,0.20703125,0.0003760034451261163,0.0015665288572060758,0.004946395207498102
5,1260,0,task1_initial,MLP,0.98779296875,0.2001953125,0.0,0.0,0.0,0.0,1.0,0.0,0.0
5,1260,0,task1_initial,ChevronSlow,0.98291015625,0.201171875,0.98291015625,0.19775390625,0.9814453125,0.20458984375,1.0,0.0011457004370232086,0.00491456218894472
5,1260,0,task1_initial,IDLGated,0.9853515625,0.1982421875,0.9853515625,0.1962890625,0.98486328125,0.2021484375,0.0003752475022338331,0.0014750347213865014,0.005244857189321901
5,1270,0,task1_initial,MLP,0.986328125,0.2060546875,0.0,0.0,0.0,0.0,1.0,0.0,0.0
5,1270,0,task1_initial,ChevronSlow,0.9814453125,0.20556640625,0.9814453125,0.205078125,0.98046875,0.20751953125,1.0,0.0010787850585344241,0.004809140158579912
5,1270,0,task1_initial,IDLGated,0.98193359375,0.205078125,0.98193359375,0.205078125,0.98388671875,0.20556640625,0.00037453736877068877,0.0013888843600214243,0.00505848145126742
5,1280,0,task1_initial,MLP,0.9873046875,0.2099609375,0.0,0.0,0.0,0.0,1.0,0.0,0.0
5,1280,0,task1_initial,ChevronSlow,0.982421875,0.20849609375,0.982421875,0.2080078125,0.98291015625,0.20751953125,1.0,0.0010157779162072067,0.005606598566729865
5,1280,0,task1_initial,IDLGated,0.98388671875,0.20703125,0.984375,0.2080078125,0.9833984375,0.20654296875,0.00037386975600384176,0.0013077656664914994,0.0057426557609339774
5,1290,0,task1_initial,MLP,0.98779296875,0.208984375,0.0,0.0,0.0,0.0,1.0,0.0,0.0
5,1290,0,task1_initial,ChevronSlow,0.982421875,0.2080078125,0.982421875,0.2080078125,0.98291015625,0.2080078125,1.0,0.0009564507469690082,0.005721515156287013
5,1290,0,task1_initial,IDLGated,0.984375,0.20556640625,0.98388671875,0.2060546875,0.984375,0.2060546875,0.0003732422774191946,0.0012313847629672882,0.005854828530677351
5,1300,0,task1_initial,MLP,0.98828125,0.21142578125,0.0,0.0,0.0,0.0,1.0,0.0,0.0
5,1300,0,task1_initial,ChevronSlow,0.982421875,0.2119140625,0.9814453125,0.212890625,0.98291015625,0.208984375,1.0,0.0009005886196003554,0.005578772753266459
5,1300,0,task1_initial,IDLGated,0.9833984375,0.21240234375,0.982421875,0.21484375,0.98388671875,0.2080078125,0.00037265243008732796,0.0011594649357449399,0.005545394782588206
5,1310,0,task1_initial,MLP,0.9892578125,0.2080078125,0.0,0.0,0.0,0.0,1.0,0.0,0.0
5,1310,0,task1_initial,ChevronSlow,0.98291015625,0.20751953125,0.98388671875,0.2080078125,0.982421875,0.2080078125,1.0,0.0008479891560793088,0.004484563794198091
5,1310,0,task1_initial,IDLGated,0.98681640625,0.2060546875,0.98583984375,0.2060546875,0.98486328125,0.2060546875,0.0003720977692864835,0.0010917456327642818,0.004680520910377097
5,1320,0,task1_initial,MLP,0.98828125,0.20068359375,0.0,0.0,0.0,0.0,1.0,0.0,0.0
5,1320,0,task1_initial,ChevronSlow,0.98388671875,0.2021484375,0.98388671875,0.201171875,0.98388671875,0.20654296875,1.0,0.0007984617984038031,0.004828949758430303
5,1320,0,task1_initial,IDLGated,0.98681640625,0.201171875,0.986328125,0.2001953125,0.98583984375,0.20361328125,0.00037157628685235977,0.001027981519677521,0.004911961986145685
5,1330,0,task1_initial,MLP,0.9873046875,0.2021484375,0.0,0.0,0.0,0.0,1.0,0.0,0.0
5,1330,0,task1_initial,ChevronSlow,0.98291015625,0.19873046875,0.98291015625,0.19775390625,0.98388671875,0.20458984375,1.0,0.0007518271182357065,0.005289300662033851
5,1330,0,task1_initial,IDLGated,0.9853515625,0.197265625,0.9853515625,0.197265625,0.986328125,0.20166015625,0.0003710860328283161,0.000967941591048862,0.005488788065604321
5,1340,0,task1_initial,MLP,0.98486328125,0.20654296875,0.0,0.0,0.0,0.0,1.0,0.0,0.0
5,1340,0,task1_initial,ChevronSlow,0.98046875,0.20751953125,0.9794921875,0.2080078125,0.982421875,0.20751953125,1.0,0.0007079161668655663,0.005163437118737381
5,1340,0,task1_initial,IDLGated,0.98193359375,0.20751953125,0.9794921875,0.2080078125,0.98388671875,0.20751953125,0.000370624999050051,0.0009114083334650922,0.005195502232111034
5,1350,0,task1_initial,MLP,0.9853515625,0.21533203125,0.0,0.0,0.0,0.0,1.0,0.0,0.0
5,1350,0,task1_initial,ChevronSlow,0.9833984375,0.212890625,0.98388671875,0.21435546875,0.98388671875,0.2099609375,1.0,0.0006665698631430871,0.0058216695224695605
5,1350,0,task1_initial,IDLGated,0.9853515625,0.212890625,0.984375,0.2138671875,0.9853515625,0.208984375,0.0003701913810800761,0.0008581769375252359,0.005692649594865268
5,1360,0,task1_initial,MLP,0.98779296875,0.21044921875,0.0,0.0,0.0,0.0,1.0,0.0,0.0
5,1360,0,task1_initial,ChevronSlow,0.98291015625,0.21484375,0.98291015625,0.21630859375,0.9833984375,0.2099609375,1.0,0.0006276384171559251,0.005208790936516555
5,1360,0,task1_initial,IDLGated,0.98486328125,0.2119140625,0.984375,0.21337890625,0.98583984375,0.208984375,0.00036978363641537726,0.0008080545558544645,0.00509496794439753
5,1370,0,task1_initial,MLP,0.9873046875,0.19921875,0.0,0.0,0.0,0.0,1.0,0.0,0.0
5,1370,0,task1_initial,ChevronSlow,0.9814453125,0.2001953125,0.98193359375,0.19873046875,0.984375,0.20654296875,1.0,0.0005909807875688992,0.004523688906350862
5,1370,0,task1_initial,IDLGated,0.9833984375,0.19921875,0.98291015625,0.1982421875,0.98583984375,0.20361328125,0.0003693999315146357,0.000760859604454186,0.004793623356985479
5,1380,0,task1_initial,MLP,0.98486328125,0.2080078125,0.0,0.0,0.0,0.0,1.0,0.0,0.0
5,1380,0,task1_initial,ChevronSlow,0.9814453125,0.2080078125,0.98046875,0.20751953125,0.984375,0.2080078125,1.0,0.0005564641706576568,0.0041892199461188336
5,1380,0,task1_initial,IDLGated,0.98291015625,0.20947265625,0.9814453125,0.2080078125,0.98486328125,0.2060546875,0.000369039160432294,0.0007164211048572384,0.0045149450746947255
5,1390,0,task1_initial,MLP,0.9892578125,0.20751953125,0.0,0.0,0.0,0.0,1.0,0.0,0.0
5,1390,0,task1_initial,ChevronSlow,0.98291015625,0.20703125,0.98291015625,0.20703125,0.98291015625,0.20751953125,1.0,0.0005239635191856608,0.004634185362182002
5,1390,0,task1_initial,IDLGated,0.98486328125,0.20458984375,0.984375,0.20458984375,0.9853515625,0.20458984375,0.00036869963514618576,0.0006745780647049337,0.004976400743183879
5,1400,0,task1_initial,MLP,0.98828125,0.20556640625,0.0,0.0,0.0,0.0,1.0,0.0,0.0
5,1400,0,task1_initial,ChevronSlow,0.982421875,0.20751953125,0.9814453125,0.2080078125,0.9833984375,0.2080078125,1.0,0.0004933610893814783,0.0050768117599109715
5,1400,0,task1_initial,IDLGated,0.9833984375,0.20703125,0.9833984375,0.20751953125,0.984375,0.20556640625,0.00036838045343756676,0.0006351788945019045,0.005294138976703382
5,1410,0,task1_initial,MLP,0.9833984375,0.20654296875,0.0,0.0,0.0,0.0,1.0,0.0,0.0
5,1410,0,task1_initial,ChevronSlow,0.9765625,0.2041015625,0.9765625,0.20458984375,0.97998046875,0.20751953125,1.0,0.0004645460143751555,0.005761522998076563
5,1410,0,task1_initial,IDLGated,0.97802734375,0.20556640625,0.9765625,0.2060546875,0.98291015625,0.20703125,0.000368079956388101,0.0005980808584357616,0.00603599186882182
5,1420,0,task1_initial,MLP,0.986328125,0.2060546875,0.0,0.0,0.0,0.0,1.0,0.0,0.0
5,1420,0,task1_initial,ChevronSlow,0.9814453125,0.20458984375,0.98193359375,0.2041015625,0.982421875,0.20654296875,1.0,0.0004792086669409937,0.004987259159629586
5,1420,0,task1_initial,IDLGated,0.98486328125,0.2021484375,0.98486328125,0.20166015625,0.9833984375,0.20556640625,0.00036779724177904427,0.0005631495572719868,0.0050938785517091086
5,1430,0,task1_initial,MLP,0.9873046875,0.19921875,0.0,0.0,0.0,0.0,1.0,0.0,0.0
5,1430,0,task1_initial,ChevronSlow,0.98291015625,0.2001953125,0.98291015625,0.19921875,0.98095703125,0.2041015625,1.0,0.0004656779642261768,0.005005462198440539
5,1430,0,task1_initial,IDLGated,0.98486328125,0.1982421875,0.98583984375,0.197265625,0.98388671875,0.201171875,0.000367531378287822,0.0005302584414506848,0.005100011218074024
5,1440,0,task1_initial,MLP,0.986328125,0.20361328125,0.0,0.0,0.0,0.0,1.0,0.0,0.0
5,1440,0,task1_initial,ChevronSlow,0.98291015625,0.20263671875,0.98388671875,0.20166015625,0.98193359375,0.20458984375,1.0,0.00045401222202326967,0.00510532405992839
5,1440,0,task1_initial,IDLGated,0.9833984375,0.201171875,0.984375,0.20068359375,0.9833984375,0.2021484375,0.000367281143553555,0.0004992883526212374,0.00501426655391511
5,1450,0,task1_initial,MLP,0.98876953125,0.1982421875,0.0,0.0,0.0,0.0,1.0,0.0,0.0
5,1450,0,task1_initial,ChevronSlow,0.98095703125,0.20068359375,0.98095703125,0.19970703125,0.98388671875,0.203125,1.0,0.0004433865787755798,0.005477592341356851
5,1450,0,task1_initial,IDLGated,0.98291015625,0.19873046875,0.98193359375,0.19873046875,0.986328125,0.20068359375,0.00036704575177282095,0.0004701270919539214,0.005493747276670645
5,1460,0,task1_initial,MLP,0.9873046875,0.20068359375,0.0,0.0,0.0,0.0,1.0,0.0,0.0
5,1460,0,task1_initial,ChevronSlow,0.98291015625,0.2001953125,0.98193359375,0.2001953125,0.98291015625,0.20263671875,1.0,0.00042595164091089634,0.005105758067080159
5,1460,0,task1_initial,IDLGated,0.984375,0.19921875,0.98388671875,0.19873046875,0.98486328125,0.20068359375,0.0003668241261038929,0.0004426690136645693,0.004919559341136791
5,1470,0,task1_initial,MLP,0.98828125,0.21044921875,0.0,0.0,0.0,0.0,1.0,0.0,0.0
5,1470,0,task1_initial,ChevronSlow,0.9833984375,0.20703125,0.982421875,0.20751953125,0.9853515625,0.2041015625,1.0,0.00040107365854446907,0.0061386776772099335
5,1470,0,task1_initial,IDLGated,0.9853515625,0.20654296875,0.98486328125,0.2060546875,0.986328125,0.20263671875,0.0003666155971586704,0.00041681464227968565,0.005734188189053349
5,1480,0,task1_initial,MLP,0.9873046875,0.2109375,0.0,0.0,0.0,0.0,1.0,0.0,0.0
5,1480,0,task1_initial,ChevronSlow,0.98486328125,0.20703125,0.98583984375,0.20849609375,0.9853515625,0.20458984375,1.0,0.0006245503425396414,0.006192229237668929
5,1480,0,task1_initial,IDLGated,0.98779296875,0.20751953125,0.986328125,0.2080078125,0.98779296875,0.20361328125,0.0003675893822219223,0.0005374409817255094,0.005741458898239333
5,1490,0,task1_initial,MLP,0.98486328125,0.21484375,0.0,0.0,0.0,0.0,1.0,0.0,0.0
5,1490,0,task1_initial,ChevronSlow,0.98046875,0.2119140625,0.97900390625,0.21533203125,0.9833984375,0.20947265625,1.0,0.0015356921560429298,0.006272495212520375
5,1490,0,task1_initial,IDLGated,0.9814453125,0.21435546875,0.9794921875,0.21533203125,0.98486328125,0.20947265625,0.0003745270078070462,0.0013876263735145562,0.005682237864783389
5,1500,0,task1_initial,MLP,0.98876953125,0.203125,0.0,0.0,0.0,0.0,1.0,0.0,0.0
5,1500,0,task1_initial,ChevronSlow,0.984375,0.20751953125,0.98486328125,0.2060546875,0.98291015625,0.2080078125,1.0,0.002817225108652878,0.00507106033343131
5,1500,0,task1_initial,IDLGated,0.986328125,0.2041015625,0.98583984375,0.20361328125,0.98486328125,0.20556640625,0.0003846864856313914,0.0026046717979685712,0.004820739777876529
5,1510,0,task1_initial,MLP,0.990234375,0.2041015625,0.0,0.0,0.0,0.0,1.0,0.0,0.0
5,1510,0,task1_initial,ChevronSlow,0.984375,0.21142578125,0.98388671875,0.2119140625,0.984375,0.208984375,1.0,0.003533126724828543,0.0048456538891881
5,1510,0,task1_initial,IDLGated,0.986328125,0.208984375,0.986328125,0.2099609375,0.98583984375,0.20654296875,0.00039014892536215484,0.0032458213171347107,0.0045301191161442374
5,1520,0,task1_initial,MLP,0.98681640625,0.21044921875,0.0,0.0,0.0,0.0,1.0,0.0,0.0
5,1520,0,task1_initial,ChevronSlow,0.9814453125,0.21435546875,0.98095703125,0.21484375,0.9833984375,0.2109375,1.0,0.003601942293308984,0.00482404852907474
5,1520,0,task1_initial,IDLGated,0.98193359375,0.21337890625,0.98193359375,0.21435546875,0.984375,0.2109375,0.0003898197319358587,0.003207449205106844,0.00442700728339589
5,1530,0,task1_initial,MLP,0.982421875,0.2109375,0.0,0.0,0.0,0.0,1.0,0.0,0.0
5,1530,0,task1_initial,ChevronSlow,0.98046875,0.21142578125,0.9794921875,0.21240234375,0.98193359375,0.21142578125,1.0,0.003418168375049853,0.005147231063639385
5,1530,0,task1_initial,IDLGated,0.9814453125,0.212890625,0.98046875,0.21435546875,0.984375,0.2109375,0.00038821707130409777,0.0030201160501148404,0.004396156996772041
5,1540,0,task1_initial,MLP,0.9892578125,0.2001953125,0.0,0.0,0.0,0.0,1.0,0.0,0.0
5,1540,0,task1_initial,ChevronSlow,0.98486328125,0.205078125,0.984375,0.205078125,0.9853515625,0.2109375,1.0,0.0034766035035462437,0.006018439250997922
5,1540,0,task1_initial,IDLGated,0.986328125,0.203125,0.986328125,0.20361328125,0.98583984375,0.20703125,0.0003878316201735288,0.002974950982446471,0.005507282549057586
5,1550,0,task1_initial,MLP,0.98779296875,0.1982421875,0.0,0.0,0.0,0.0,1.0,0.0,0.0
5,1550,0,task1_initial,ChevronSlow,0.984375,0.20263671875,0.984375,0.20166015625,0.98388671875,0.20703125,1.0,0.003905843174463198,0.00520966736665675
5,1550,0,task1_initial,IDLGated,0.98681640625,0.2021484375,0.98681640625,0.2001953125,0.98681640625,0.20458984375,0.00039074744563549757,0.0033155222323118685,0.004832095738984429
5,1560,0,task1_initial,MLP,0.9892578125,0.2060546875,0.0,0.0,0.0,0.0,1.0,0.0,0.0
5,1560,0,task1_initial,ChevronSlow,0.9853515625,0.20166015625,0.98388671875,0.201171875,0.98486328125,0.20654296875,1.0,0.0039166754265341905,0.004616949493273318
5,1560,0,task1_initial,IDLGated,0.986328125,0.20068359375,0.9853515625,0.2001953125,0.9873046875,0.20361328125,0.00038999240496195853,0.0032275790549963976,0.0043704482763371215
5,1570,0,task1_initial,MLP,0.98876953125,0.2021484375,0.0,0.0,0.0,0.0,1.0,0.0,0.0
5,1570,0,task1_initial,ChevronSlow,0.98095703125,0.20263671875,0.98046875,0.2041015625,0.9833984375,0.2041015625,1.0,0.0036900302717777526,0.005366323086691474
5,1570,0,task1_initial,IDLGated,0.982421875,0.201171875,0.982421875,0.2021484375,0.98486328125,0.20361328125,0.0003883790341205895,0.003039070203041423,0.005426621842543986
5,1580,0,task1_initial,MLP,0.98779296875,0.20068359375,0.0,0.0,0.0,0.0,1.0,0.0,0.0
5,1580,0,task1_initial,ChevronSlow,0.984375,0.20263671875,0.98291015625,0.2021484375,0.98486328125,0.20263671875,1.0,0.003525847440923681,0.004248675294794991
5,1580,0,task1_initial,IDLGated,0.98583984375,0.20263671875,0.986328125,0.2021484375,0.986328125,0.2021484375,0.00038686583866365254,0.0028615713330760067,0.00409502670387086
5,1590,0,task1_initial,MLP,0.98291015625,0.21142578125,0.0,0.0,0.0,0.0,1.0,0.0,0.0
5,1590,0,task1_initial,ChevronSlow,0.98291015625,0.21337890625,0.9814453125,0.21435546875,0.98486328125,0.20849609375,1.0,0.003319918030076873,0.004593128176672327
5,1590,0,task1_initial,IDLGated,0.98291015625,0.21337890625,0.9814453125,0.21484375,0.9853515625,0.2080078125,0.000385446532163769,0.0026944393999478733,0.004694703541652911
5,1600,0,task1_initial,MLP,0.98828125,0.2060546875,0.0,0.0,0.0,0.0,1.0,0.0,0.0
5,1600,0,task1_initial,ChevronSlow,0.984375,0.2099609375,0.98486328125,0.2099609375,0.98486328125,0.208984375,1.0,0.0031260160602814002,0.0038667251284583083
5,1600,0,task1_initial,IDLGated,0.9873046875,0.2060546875,0.9873046875,0.2060546875,0.98681640625,0.2060546875,0.000384115002816543,0.002537068915974712,0.0037449900182425612
5,1610,0,task1_initial,MLP,0.9873046875,0.2001953125,0.0,0.0,0.0,0.0,1.0,0.0,0.0
5,1610,0,task1_initial,ChevronSlow,0.9833984375,0.20263671875,0.98193359375,0.20166015625,0.9833984375,0.20751953125,1.0,0.0029434390610273524,0.004569166192877525
5,1610,0,task1_initial,IDLGated,0.984375,0.203125,0.984375,0.20263671875,0.98681640625,0.205078125,0.0003828652552329004,0.002388889757375736,0.0043614281361343266
5,1620,0,task1_initial,MLP,0.98681640625,0.2080078125,0.0,0.0,0.0,0.0,1.0,0.0,0.0
5,1620,0,task1_initial,ChevronSlow,0.98486328125,0.21044921875,0.98486328125,0.21142578125,0.98388671875,0.20849609375,1.0,0.0027715255900514065,0.00414205975633345
5,1620,0,task1_initial,IDLGated,0.98681640625,0.21044921875,0.986328125,0.2109375,0.986328125,0.20654296875,0.00038169234176166356,0.0022493650988200382,0.004107383351758293
5,1630,0,task1_initial,MLP,0.990234375,0.20556640625,0.0,0.0,0.0,0.0,1.0,0.0,0.0
5,1630,0,task1_initial,ChevronSlow,0.9833984375,0.2080078125,0.98388671875,0.208984375,0.98486328125,0.20947265625,1.0,0.002609652837055429,0.005347323542957482
5,1630,0,task1_initial,IDLGated,0.986328125,0.20703125,0.98583984375,0.20556640625,0.98779296875,0.20654296875,0.0003805912274401635,0.0021179894686089826,0.004891983146144155
5,1640,0,task1_initial,MLP,0.98876953125,0.2001953125,0.0,0.0,0.0,0.0,1.0,0.0,0.0
5,1640,0,task1_initial,ChevronSlow,0.98291015625,0.20263671875,0.98193359375,0.2021484375,0.986328125,0.20556640625,1.0,0.002457234367381443,0.004903309074808835
5,1640,0,task1_initial,IDLGated,0.9853515625,0.2021484375,0.984375,0.201171875,0.98779296875,0.2041015625,0.0003795571392402053,0.0019942869174469475,0.004772949810746517
5,1650,0,task1_initial,MLP,0.9892578125,0.20166015625,0.0,0.0,0.0,0.0,1.0,0.0,0.0
5,1650,0,task1_initial,ChevronSlow,0.98046875,0.19482421875,0.98046875,0.19287109375,0.98291015625,0.20166015625,1.0,0.0023137179974687307,0.0060832927039351095
5,1650,0,task1_initial,IDLGated,0.98388671875,0.19580078125,0.98388671875,0.1953125,0.98681640625,0.201171875,0.0003785861190408468,0.0018778092941661858,0.006069957894434135
5,1660,0,task1_initial,MLP,0.98681640625,0.20556640625,0.0,0.0,0.0,0.0,1.0,0.0,0.0
5,1660,0,task1_initial,ChevronSlow,0.98291015625,0.20751953125,0.98291015625,0.2060546875,0.98291015625,0.20751953125,1.0,0.002440028804253639,0.005071793065240778
5,1660,0,task1_initial,IDLGated,0.98291015625,0.2060546875,0.98193359375,0.2060546875,0.9853515625,0.2041015625,0.0003779748803935945,0.0018043270587207213,0.005001549855021416
5,1670,0,task1_initial,MLP,0.9873046875,0.2099609375,0.0,0.0,0.0,0.0,1.0,0.0,0.0
5,1670,0,task1_initial,ChevronSlow,0.98046875,0.21533203125,0.97900390625,0.21728515625,0.98486328125,0.2119140625,1.0,0.0024886526644366997,0.007017840754475557
5,1670,0,task1_initial,IDLGated,0.98193359375,0.21484375,0.98046875,0.2158203125,0.98486328125,0.20947265625,0.0003772005729842931,0.0017110813711533185,0.006107512971539384
5,1680,0,task1_initial,MLP,0.98193359375,0.2119140625,0.0,0.0,0.0,0.0,1.0,0.0,0.0
5,1680,0,task1_initial,ChevronSlow,0.97509765625,0.21533203125,0.9736328125,0.2158203125,0.9814453125,0.2119140625,1.0,0.002572986650545645,0.005940867750901959
5,1680,0,task1_initial,IDLGated,0.97705078125,0.2138671875,0.97607421875,0.2158203125,0.98291015625,0.21142578125,0.0003766494046431035,0.0016445846757939257,0.00548599004821739
5,1690,0,task1_initial,MLP,0.986328125,0.20458984375,0.0,0.0,0.0,0.0,1.0,0.0,0.0
5,1690,0,task1_initial,ChevronSlow,0.9833984375,0.197265625,0.98193359375,0.19482421875,0.98193359375,0.20849609375,1.0,0.002690803908519005,0.005799517595574635
5,1690,0,task1_initial,IDLGated,0.9833984375,0.1962890625,0.98193359375,0.193359375,0.984375,0.20556640625,0.0003762908454518765,0.0016012895036533184,0.00618397114394808
5,1700,0,task1_initial,MLP,0.9873046875,0.1953125,0.0,0.0,0.0,0.0,1.0,0.0,0.0
5,1700,0,task1_initial,ChevronSlow,0.98193359375,0.1943359375,0.9814453125,0.1923828125,0.98291015625,0.20556640625,1.0,0.0028906036656591444,0.00566795794631173
5,1700,0,task1_initial,IDLGated,0.982421875,0.19384765625,0.98291015625,0.19287109375,0.98583984375,0.2021484375,0.00037787144538015127,0.0017918901371332698,0.0056172431624137474
5,1710,0,task1_initial,MLP,0.98681640625,0.203125,0.0,0.0,0.0,0.0,1.0,0.0,0.0
5,1710,0,task1_initial,ChevronSlow,0.982421875,0.2080078125,0.982421875,0.2080078125,0.98291015625,0.2080078125,1.0,0.0030867831592842733,0.004919489435690176
5,1710,0,task1_initial,IDLGated,0.98486328125,0.2060546875,0.98486328125,0.2060546875,0.98486328125,0.2060546875,0.00038006965769454837,0.0020556349020895326,0.004268203585184309
5,1720,0,task1_initial,MLP,0.98876953125,0.2099609375,0.0,0.0,0.0,0.0,1.0,0.0,0.0
5,1720,0,task1_initial,ChevronSlow,0.98388671875,0.2109375,0.984375,0.21142578125,0.98388671875,0.2080078125,1.0,0.0029117446098538284,0.005424283558529267
5,1720,0,task1_initial,IDLGated,0.9853515625,0.20947265625,0.9853515625,0.2109375,0.98583984375,0.20751953125,0.00037907256046310067,0.001936196942930105,0.0046807151188009094
5,1730,0,task1_initial,MLP,0.9873046875,0.21142578125,0.0,0.0,0.0,0.0,1.0,0.0,0.0
5,1730,0,task1_initial,ChevronSlow,0.984375,0.21044921875,0.98388671875,0.21044921875,0.98388671875,0.2099609375,1.0,0.002766213206462897,0.004901185181111616
5,1730,0,task1_initial,IDLGated,0.98388671875,0.2099609375,0.984375,0.21044921875,0.98583984375,0.2080078125,0.00037813110975548625,0.0018231121023572713,0.004284538209245156
5,1740,0,task1_initial,MLP,0.98583984375,0.20703125,0.0,0.0,0.0,0.0,1.0,0.0,0.0
5,1740,0,task1_initial,ChevronSlow,0.982421875,0.20849609375,0.9814453125,0.20947265625,0.9833984375,0.208984375,1.0,0.002620185947909093,0.004094145496884257
5,1740,0,task1_initial,IDLGated,0.98486328125,0.20947265625,0.9833984375,0.208984375,0.98583984375,0.20751953125,0.00037724661524407566,0.0017166320553794689,0.0035621796913327193
5,1750,0,task1_initial,MLP,0.98974609375,0.2099609375,0.0,0.0,0.0,0.0,1.0,0.0,0.0
5,1750,0,task1_initial,ChevronSlow,0.98486328125,0.21240234375,0.984375,0.21337890625,0.98486328125,0.2119140625,1.0,0.002467152285051391,0.0044782232143907134
5,1750,0,task1_initial,IDLGated,0.98681640625,0.21142578125,0.98583984375,0.2119140625,0.98583984375,0.20947265625,0.00037641572998836637,0.0016163710447350517,0.0042849603427566356
5,1760,0,task1_initial,MLP,0.9892578125,0.19775390625,0.0,0.0,0.0,0.0,1.0,0.0,0.0
5,1760,0,task1_initial,ChevronSlow,0.9833984375,0.20068359375,0.9833984375,0.19970703125,0.9853515625,0.2060546875,1.0,0.0023230566527126044,0.005134469867102526
5,1760,0,task1_initial,IDLGated,0.98583984375,0.19873046875,0.98486328125,0.19775390625,0.98681640625,0.20458984375,0.0003756351361516863,0.0015219658435659026,0.004847414037248518
5,1770,0,task1_initial,MLP,0.98779296875,0.205078125,0.0,0.0,0.0,0.0,1.0,0.0,0.0
5,1770,0,task1_initial,ChevronSlow,0.9833984375,0.20556640625,0.9814453125,0.20458984375,0.9833984375,0.208984375,1.0,0.0022588552324110485,0.005330111800221876
5,1770,0,task1_initial,IDLGated,0.98291015625,0.20458984375,0.9833984375,0.203125,0.98681640625,0.20703125,0.00037490137037821114,0.0014330744395145735,0.0045807548253479526
5,1780,0,task1_initial,MLP,0.98486328125,0.20703125,0.0,0.0,0.0,0.0,1.0,0.0,0.0
5,1780,0,task1_initial,ChevronSlow,0.97900390625,0.208984375,0.978515625,0.20703125,0.98291015625,0.20849609375,1.0,0.002570111318703655,0.005377901691475024
5,1780,0,task1_initial,IDLGated,0.97900390625,0.20703125,0.9775390625,0.20703125,0.984375,0.20849609375,0.00037528504617512226,0.0014795891905868537,0.00482797649466548
5,1790,0,task1_initial,MLP,0.98779296875,0.20654296875,0.0,0.0,0.0,0.0,1.0,0.0,0.0
5,1790,0,task1_initial,ChevronSlow,0.98095703125,0.21142578125,0.9794921875,0.212890625,0.9833984375,0.2099609375,1.0,0.002813536524453928,0.005472945081441355
5,1790,0,task1_initial,IDLGated,0.9833984375,0.2119140625,0.98291015625,0.21240234375,0.98583984375,0.208984375,0.0003755033831112087,0.0015060209948286247,0.004942585987725613
5,1800,0,task1_initial,MLP,0.98828125,0.2080078125,0.0,0.0,0.0,0.0,1.0,0.0,0.0
5,1800,0,task1_initial,ChevronSlow,0.9833984375,0.21142578125,0.98291015625,0.21142578125,0.9833984375,0.2099609375,1.0,0.0030017919058892752,0.0050903392911788295
5,1800,0,task1_initial,IDLGated,0.9853515625,0.208984375,0.98486328125,0.20947265625,0.9853515625,0.20947265625,0.0003751798940356821,0.0014668448322498965,0.004862432722097451
5,1810,0,task1_initial,MLP,0.98974609375,0.20947265625,0.0,0.0,0.0,0.0,1.0,0.0,0.0
5,1810,0,task1_initial,ChevronSlow,0.98486328125,0.20751953125,0.9853515625,0.20751953125,0.98388671875,0.20947265625,1.0,0.00331594351124684,0.004634434659987038
5,1810,0,task1_initial,IDLGated,0.9853515625,0.20751953125,0.9853515625,0.20751953125,0.9853515625,0.2080078125,0.00037599538336507976,0.001565571170301883,0.004692910280244883
5,1820,0,task1_initial,MLP,0.9892578125,0.20361328125,0.0,0.0,0.0,0.0,1.0,0.0,0.0
5,1820,0,task1_initial,ChevronSlow,0.98291015625,0.1982421875,0.9833984375,0.19580078125,0.9833984375,0.20751953125,1.0,0.003680224653496764,0.004815166993287017
5,1820,0,task1_initial,IDLGated,0.9853515625,0.19580078125,0.9853515625,0.1953125,0.9853515625,0.205078125,0.00037797290133312345,0.0018040973177919548,0.004896794172337746
5,1830,0,task1_initial,MLP,0.9873046875,0.205078125,0.0,0.0,0.0,0.0,1.0,0.0,0.0
5,1830,0,task1_initial,ChevronSlow,0.9833984375,0.20947265625,0.9833984375,0.20947265625,0.9833984375,0.20849609375,1.0,0.0041583621640181884,0.004285470058014578
5,1830,0,task1_initial,IDLGated,0.9853515625,0.20751953125,0.986328125,0.2080078125,0.98583984375,0.20751953125,0.0003815699019469321,0.0022347779651073294,0.00407549966905878
5,1840,0,task1_initial,MLP,0.9873046875,0.205078125,0.0,0.0,0.0,0.0,1.0,0.0,0.0
5,1840,0,task1_initial,ChevronSlow,0.9833984375,0.2080078125,0.98291015625,0.20751953125,0.98291015625,0.208984375,1.0,0.004533400800107988,0.003743347518504183
5,1840,0,task1_initial,IDLGated,0.984375,0.20703125,0.98388671875,0.20751953125,0.98486328125,0.20751953125,0.00038479265640489757,0.0026172314271370968,0.003578570115945921
5,1850,0,task1_initial,MLP,0.9892578125,0.201171875,0.0,0.0,0.0,0.0,1.0,0.0,0.0
5,1850,0,task1_initial,ChevronSlow,0.9853515625,0.20361328125,0.986328125,0.2021484375,0.984375,0.20654296875,1.0,0.004360321324188643,0.0038349873822165637
5,1850,0,task1_initial,IDLGated,0.98681640625,0.20166015625,0.9853515625,0.201171875,0.98681640625,0.2041015625,0.0003840494609903544,0.0025293233091368446,0.003788365409591389
5,1860,0,task1_initial,MLP,0.98876953125,0.20166015625,0.0,0.0,0.0,0.0,1.0,0.0,0.0
5,1860,0,task1_initial,ChevronSlow,0.98388671875,0.2060546875,0.984375,0.20556640625,0.98291015625,0.20703125,1.0,0.004105653923957139,0.0041438850439540825
5,1860,0,task1_initial,IDLGated,0.98681640625,0.201171875,0.986328125,0.201171875,0.98583984375,0.205078125,0.0003828039625659585,0.0023815965377382508,0.003855928399703593
5,1870,0,task1_initial,MLP,0.98876953125,0.205078125,0.0,0.0,0.0,0.0,1.0,0.0,0.0
5,1870,0,task1_initial,ChevronSlow,0.98583984375,0.208984375,0.9853515625,0.2099609375,0.984375,0.20751953125,1.0,0.0038658605387164304,0.004478934023168017
5,1870,0,task1_initial,IDLGated,0.986328125,0.20849609375,0.98681640625,0.208984375,0.98681640625,0.20703125,0.0003816346579696983,0.002242497844414539,0.004011779301455508
5,1880,0,task1_initial,MLP,0.9873046875,0.20947265625,0.0,0.0,0.0,0.0,1.0,0.0,0.0
5,1880,0,task1_initial,ChevronSlow,0.98291015625,0.21630859375,0.98095703125,0.216796875,0.984375,0.2099609375,1.0,0.0036400724419559977,0.006167091127701883
5,1880,0,task1_initial,IDLGated,0.98486328125,0.212890625,0.98388671875,0.2158203125,0.98486328125,0.2099609375,0.00038053697790019214,0.0021115233006593096,0.005602695402719185
5,1890,0,task1_initial,MLP,0.990234375,0.2041015625,0.0,0.0,0.0,0.0,1.0,0.0,0.0
5,1890,0,task1_initial,ChevronSlow,0.984375,0.2021484375,0.98388671875,0.20068359375,0.986328125,0.20556640625,1.0,0.0036128342280404304,0.0043263577783501095
5,1890,0,task1_initial,IDLGated,0.986328125,0.20166015625,0.9853515625,0.20166015625,0.986328125,0.20458984375,0.00038103992119431496,0.0021715733433128348,0.003938258727902019
5,1900,0,task1_initial,MLP,0.98681640625,0.20751953125,0.0,0.0,0.0,0.0,1.0,0.0,0.0
5,1900,0,task1_initial,ChevronSlow,0.9814453125,0.2060546875,0.98095703125,0.205078125,0.98388671875,0.2080078125,1.0,0.004016157829966434,0.004474134443727536
5,1900,0,task1_initial,IDLGated,0.9833984375,0.205078125,0.982421875,0.20556640625,0.986328125,0.20654296875,0.0003845990286208689,0.0025943309833256854,0.004121639831410069
5,1910,0,task1_initial,MLP,0.98779296875,0.1923828125,0.0,0.0,0.0,0.0,1.0,0.0,0.0
5,1910,0,task1_initial,ChevronSlow,0.9814453125,0.1943359375,0.97900390625,0.1923828125,0.9833984375,0.19970703125,1.0,0.0044790625112506345,0.004244636933011805
5,1910,0,task1_initial,IDLGated,0.98193359375,0.19140625,0.97900390625,0.1904296875,0.9853515625,0.19873046875,0.0003881898883264512,0.0030169257884306096,0.004815856827127627
5,1920,0,task1_initial,MLP,0.98828125,0.20556640625,0.0,0.0,0.0,0.0,1.0,0.0,0.0
5,1920,0,task1_initial,ChevronSlow,0.98388671875,0.208984375,0.98388671875,0.20947265625,0.984375,0.2060546875,1.0,0.004399701937897963,0.0035612602015326817
5,1920,0,task1_initial,IDLGated,0.9853515625,0.2099609375,0.9853515625,0.21044921875,0.98681640625,0.205078125,0.0003880833100993186,0.0030044405621102357,0.0034654554337165285
5,1930,0,task1_initial,MLP,0.98779296875,0.20849609375,0.0,0.0,0.0,0.0,1.0,0.0,0.0
5,1930,0,task1_initial,ChevronSlow,0.984375,0.208984375,0.984375,0.208984375,0.98388671875,0.20849609375,1.0,0.004146619020935867,0.004146880577755132
5,1930,0,task1_initial,IDLGated,0.986328125,0.2099609375,0.986328125,0.21044921875,0.986328125,0.20654296875,0.00038684779428876936,0.0028594377869247192,0.003730553482150115
5,1940,0,task1_initial,MLP,0.986328125,0.2080078125,0.0,0.0,0.0,0.0,1.0,0.0,0.0
5,1940,0,task1_initial,ChevronSlow,0.9833984375,0.20947265625,0.98291015625,0.2109375,0.984375,0.20947265625,1.0,0.004138815007173519,0.004222938774842393
5,1940,0,task1_initial,IDLGated,0.984375,0.2099609375,0.98388671875,0.21044921875,0.986328125,0.2080078125,0.0003879122668877244,0.0029843935237791113,0.0039023923527951388
5,1950,0,task1_initial,MLP,0.98681640625,0.2080078125,0.0,0.0,0.0,0.0,1.0,0.0,0.0
5,1950,0,task1_initial,ChevronSlow,0.984375,0.212890625,0.98388671875,0.2138671875,0.984375,0.21044921875,1.0,0.004377904805454235,0.004236790423886895
5,1950,0,task1_initial,IDLGated,0.98583984375,0.21142578125,0.98583984375,0.21240234375,0.986328125,0.2099609375,0.000390887726098299,0.003331856573817203,0.0038519712543826482
5,1960,0,task1_initial,MLP,0.9892578125,0.205078125,0.0,0.0,0.0,0.0,1.0,0.0,0.0
5,1960,0,task1_initial,ChevronSlow,0.98486328125,0.2109375,0.98486328125,0.2099609375,0.98388671875,0.2099609375,1.0,0.0043956422801585465,0.004508164388469172
5,1960,0,task1_initial,IDLGated,0.98681640625,0.2080078125,0.98681640625,0.2080078125,0.98583984375,0.208984375,0.00039205802022479475,0.003467791005955298,0.0043938683445325435
5,1970,0,task1_initial,MLP,0.9892578125,0.20703125,0.0,0.0,0.0,0.0,1.0,0.0,0.0
5,1970,0,task1_initial,ChevronSlow,0.984375,0.2109375,0.984375,0.21142578125,0.984375,0.2109375,1.0,0.004150278375802799,0.005124880383778944
5,1970,0,task1_initial,IDLGated,0.98681640625,0.20947265625,0.986328125,0.208984375,0.986328125,0.2099609375,0.00039070946513675153,0.0033111083574688363,0.004762076822328232
5,1980,0,task1_initial,MLP,0.98974609375,0.20068359375,0.0,0.0,0.0,0.0,1.0,0.0,0.0
5,1980,0,task1_initial,ChevronSlow,0.98486328125,0.20458984375,0.98486328125,0.2021484375,0.98486328125,0.20849609375,1.0,0.003919686156656432,0.005802902700998957
5,1980,0,task1_initial,IDLGated,0.98779296875,0.203125,0.986328125,0.2001953125,0.986328125,0.20654296875,0.0003893398679792881,0.003151425131032498,0.005309523999861041
5,1990,0,task1_initial,MLP,0.98974609375,0.1962890625,0.0,0.0,0.0,0.0,1.0,0.0,0.0
5,1990,0,task1_initial,ChevronSlow,0.98193359375,0.201171875,0.98193359375,0.2001953125,0.98388671875,0.2060546875,1.0,0.003910821409449401,0.005165622502012106
5,1990,0,task1_initial,IDLGated,0.98291015625,0.2001953125,0.98291015625,0.19873046875,0.9853515625,0.20361328125,0.00038940392551012337,0.003158920064079361,0.00509516897583555
5,2000,0,task1_initial,MLP,0.98828125,0.19921875,0.0,0.0,0.0,0.0,1.0,0.0,0.0
5,2000,0,task1_initial,ChevronSlow,0.982421875,0.203125,0.98291015625,0.201171875,0.9833984375,0.20556640625,1.0,0.003919256115226087,0.003990800403781912
5,2000,0,task1_initial,IDLGated,0.9853515625,0.2001953125,0.984375,0.19970703125,0.98486328125,0.20361328125,0.00038889216375537217,0.003099110216325434,0.003985283810942666
5,2010,0,task1_initial,MLP,0.9892578125,0.19775390625,0.0,0.0,0.0,0.0,1.0,0.0,0.0
5,2010,0,task1_initial,ChevronSlow,0.98291015625,0.1962890625,0.9794921875,0.1953125,0.98486328125,0.20263671875,1.0,0.0036965607355989344,0.005260704206381039
5,2010,0,task1_initial,IDLGated,0.984375,0.1953125,0.98193359375,0.19482421875,0.98681640625,0.19921875,0.00038734724512323737,0.002918104670370777,0.005026004696104521
5,2020,0,task1_initial,MLP,0.98779296875,0.20361328125,0.0,0.0,0.0,0.0,1.0,0.0,0.0
5,2020,0,task1_initial,ChevronSlow,0.98486328125,0.205078125,0.9853515625,0.20458984375,0.98486328125,0.20556640625,1.0,0.004038824254268283,0.005950438377173522
5,2020,0,task1_initial,IDLGated,0.98828125,0.2041015625,0.98828125,0.2041015625,0.98828125,0.20361328125,0.00039045122684910893,0.003281045649165689,0.0045007104176863
5,2030,0,task1_initial,MLP,0.986328125,0.2060546875,0.0,0.0,0.0,0.0,1.0,0.0,0.0
5,2030,0,task1_initial,ChevronSlow,0.984375,0.20849609375,0.98291015625,0.2099609375,0.984375,0.208984375,1.0,0.00513142669214238,0.005448645870958048
5,2030,0,task1_initial,IDLGated,0.984375,0.2099609375,0.98388671875,0.2099609375,0.9873046875,0.20703125,0.0003999362525064498,0.004372479539848674,0.004063006709829287
5,2040,0,task1_initial,MLP,0.9892578125,0.19482421875,0.0,0.0,0.0,0.0,1.0,0.0,0.0
5,2040,0,task1_initial,ChevronSlow,0.9833984375,0.19775390625,0.98388671875,0.19677734375,0.9833984375,0.20458984375,1.0,0.005893482310924376,0.0045253547223255445
5,2040,0,task1_initial,IDLGated,0.986328125,0.19384765625,0.98388671875,0.19091796875,0.98681640625,0.20166015625,0.00040666325367055833,0.00513097344932799,0.0043191794751502146
5,2050,0,task1_initial,MLP,0.9892578125,0.20556640625,0.0,0.0,0.0,0.0,1.0,0.0,0.0
5,2050,0,task1_initial,ChevronSlow,0.9853515625,0.20654296875,0.9853515625,0.20703125,0.98486328125,0.20751953125,1.0,0.005993111974116767,0.0038022826638501937
5,2050,0,task1_initial,IDLGated,0.9873046875,0.2080078125,0.9873046875,0.20849609375,0.9873046875,0.2060546875,0.000407772691687569,0.005254871365861621,0.0035557906794420778
5,2060,0,task1_initial,MLP,0.9873046875,0.20849609375,0.0,0.0,0.0,0.0,1.0,0.0,0.0
5,2060,0,task1_initial,ChevronSlow,0.97998046875,0.2060546875,0.978515625,0.205078125,0.9833984375,0.20654296875,1.0,0.005768671816186455,0.004416830289292945
5,2060,0,task1_initial,IDLGated,0.9814453125,0.20556640625,0.97900390625,0.20556640625,0.9833984375,0.20458984375,0.00040577605250291526,0.005031658182873755,0.0043290205135676435
5,2070,0,task1_initial,MLP,0.98583984375,0.21044921875,0.0,0.0,0.0,0.0,1.0,0.0,0.0
5,2070,0,task1_initial,ChevronSlow,0.9814453125,0.21337890625,0.97998046875,0.21484375,0.984375,0.20849609375,1.0,0.006083221576403931,0.004934883954717513
5,2070,0,task1_initial,IDLGated,0.98291015625,0.212890625,0.98291015625,0.21484375,0.984375,0.2099609375,0.0004084539250470698,0.005330785197196349,0.004581385414476749
5,2080,0,task1_initial,MLP,0.990234375,0.19921875,0.0,0.0,0.0,0.0,1.0,0.0,0.0
5,2080,0,task1_initial,ChevronSlow,0.984375,0.2001953125,0.984375,0.19921875,0.984375,0.20751953125,1.0,0.006965481442514187,0.004180055329520851
5,2080,0,task1_initial,IDLGated,0.986328125,0.19921875,0.98486328125,0.2001953125,0.98876953125,0.20556640625,0.00041578951640985906,0.006140196372299131,0.0046234934486169815
5,2090,0,task1_initial,MLP,0.98974609375,0.1982421875,0.0,0.0,0.0,0.0,1.0,0.0,0.0
5,2090,0,task1_initial,ChevronSlow,0.9833984375,0.19775390625,0.9814453125,0.1953125,0.9833984375,0.203125,1.0,0.0077277269258708686,0.004908335673439299
5,2090,0,task1_initial,IDLGated,0.984375,0.19677734375,0.98388671875,0.19677734375,0.986328125,0.20166015625,0.0004225592128932476,0.0068746302716355965,0.0043442451183533645
5,2100,0,task1_initial,MLP,0.98779296875,0.20751953125,0.0,0.0,0.0,0.0,1.0,0.0,0.0
5,2100,0,task1_initial,ChevronSlow,0.98486328125,0.208984375,0.98486328125,0.21044921875,0.98486328125,0.20751953125,1.0,0.008275905152245857,0.004463345257202736
5,2100,0,task1_initial,IDLGated,0.98486328125,0.20947265625,0.98486328125,0.21044921875,0.98583984375,0.20654296875,0.00042612862307578325,0.007257122708026276,0.004094826735097453
5,2110,0,task1_initial,MLP,0.98193359375,0.212890625,0.0,0.0,0.0,0.0,1.0,0.0,0.0
5,2110,0,task1_initial,ChevronSlow,0.9755859375,0.21826171875,0.97314453125,0.21923828125,0.9833984375,0.21240234375,1.0,0.008953346282766958,0.006470079390467609
5,2110,0,task1_initial,IDLGated,0.97607421875,0.21875,0.974609375,0.21826171875,0.9833984375,0.2119140625,0.00043150849523954093,0.007827639660987738,0.005867377734232533
5,2120,0,task1_initial,MLP,0.98681640625,0.20703125,0.0,0.0,0.0,0.0,1.0,0.0,0.0
5,2120,0,task1_initial,ChevronSlow,0.97802734375,0.205078125,0.97900390625,0.2041015625,0.97900390625,0.2080078125,1.0,0.010149206018857515,0.004939957825113575
5,2120,0,task1_initial,IDLGated,0.98193359375,0.2041015625,0.9794921875,0.20361328125,0.98291015625,0.2060546875,0.00044219361734576523,0.008939987538646511,0.004740027000595744
5,2130,0,task1_initial,MLP,0.98388671875,0.18798828125,0.0,0.0,0.0,0.0,1.0,0.0,0.0
5,2130,0,task1_initial,ChevronSlow,0.978515625,0.18798828125,0.97705078125,0.185546875,0.98193359375,0.1982421875,1.0,0.011479151886821427,0.007204774458932371
5,2130,0,task1_initial,IDLGated,0.97998046875,0.185546875,0.97607421875,0.18505859375,0.986328125,0.197265625,0.00045288167893886566,0.010026062397477975,0.0072928484628492244
5,2140,0,task1_initial,MLP,0.990234375,0.201171875,0.0,0.0,0.0,0.0,1.0,0.0,0.0
5,2140,0,task1_initial,ChevronSlow,0.98583984375,0.20947265625,0.98486328125,0.208984375,0.984375,0.2080078125,1.0,0.012570618948899718,0.006293773454228575
5,2140,0,task1_initial,IDLGated,0.9873046875,0.208984375,0.98681640625,0.20849609375,0.986328125,0.205078125,0.00046179071068763733,0.01091196052751042,0.0051887431932990235
5,2150,0,task1_initial,MLP,0.98876953125,0.2138671875,0.0,0.0,0.0,0.0,1.0,0.0,0.0
5,2150,0,task1_initial,ChevronSlow,0.982421875,0.21484375,0.9833984375,0.21533203125,0.984375,0.2109375,1.0,0.013098276031732687,0.006324038561496168
5,2150,0,task1_initial,IDLGated,0.98583984375,0.212890625,0.98388671875,0.2158203125,0.9873046875,0.21044921875,0.00046447175554931164,0.011175215253208902,0.0054975365761368595
5,2160,0,task1_initial,MLP,0.98779296875,0.2080078125,0.0,0.0,0.0,0.0,1.0,0.0,0.0
5,2160,0,task1_initial,ChevronSlow,0.98486328125,0.2109375,0.9833984375,0.21240234375,0.98486328125,0.20947265625,1.0,0.013271607547294152,0.004722511212253406
5,2160,0,task1_initial,IDLGated,0.98681640625,0.21142578125,0.98681640625,0.21142578125,0.9873046875,0.2099609375,0.0004639157559722662,0.011120755066797756,0.0040242409763676535
5,2170,0,task1_initial,MLP,0.98681640625,0.2099609375,0.0,0.0,0.0,0.0,1.0,0.0,0.0
5,2170,0,task1_initial,ChevronSlow,0.9853515625,0.21142578125,0.984375,0.212890625,0.98486328125,0.21044921875,1.0,0.012697184070613385,0.003937637267744406
5,2170,0,task1_initial,IDLGated,0.98583984375,0.2119140625,0.98583984375,0.21240234375,0.9873046875,0.21044921875,0.00045780334039591253,0.010517588631629451,0.0036879835454271225
5,2180,0,task1_initial,MLP,0.98828125,0.205078125,0.0,0.0,0.0,0.0,1.0,0.0,0.0
5,2180,0,task1_initial,ChevronSlow,0.97998046875,0.20556640625,0.98046875,0.2041015625,0.984375,0.20849609375,1.0,0.01195649591243326,0.004988271405845286
5,2180,0,task1_initial,IDLGated,0.9833984375,0.20458984375,0.98388671875,0.20361328125,0.984375,0.2080078125,0.00045166071504354477,0.00990330203337745,0.0043062922640156685
5,2190,0,task1_initial,MLP,0.98828125,0.1982421875,0.0,0.0,0.0,0.0,1.0,0.0,0.0
5,2190,0,task1_initial,ChevronSlow,0.98486328125,0.1982421875,0.984375,0.1962890625,0.9853515625,0.20556640625,1.0,0.01148971831590587,0.00467771689767413
5,2190,0,task1_initial,IDLGated,0.9853515625,0.197265625,0.98486328125,0.1953125,0.9892578125,0.205078125,0.00044645153684541583,0.009375761780890599,0.004716362431025963
5,2200,0,end_task1,MLP,0.99072265625,0.2099609375,0.0,0.0,0.0,0.0,1.0,0.0,0.0
5,2200,0,end_task1,ChevronSlow,0.9853515625,0.21142578125,0.98583984375,0.21240234375,0.9853515625,0.21044921875,1.0,0.01105502067181502,0.00515111215353115
5,2200,0,end_task1,IDLGated,0.9873046875,0.20947265625,0.98681640625,0.21142578125,0.9873046875,0.208984375,0.00044226041063666344,0.008946854108223823,0.004591542617782725
5,2210,0,task2,MLP,0.9423828125,0.263671875,0.0,0.0,0.0,0.0,1.0,0.0,0.0
5,2210,0,task2,ChevronSlow,0.92919921875,0.26806640625,0.8798828125,0.306640625,0.9716796875,0.22412109375,1.0,0.013208498713875404,0.04788499845201984
5,2210,0,task2,IDLGated,0.93798828125,0.26513671875,0.8720703125,0.3291015625,0.986328125,0.20947265625,0.00048075919039547443,0.012742574283115255,0.07223958232850494
5,2220,0,task2,MLP,0.09033203125,0.8544921875,0.0,0.0,0.0,0.0,1.0,0.0,0.0
5,2220,0,task2,ChevronSlow,0.05859375,0.79296875,0.0419921875,0.78564453125,0.9404296875,0.265625,1.0,0.034202371594207755,0.0859397371513495
5,2220,0,task2,IDLGated,0.0927734375,0.75927734375,0.0439453125,0.7802734375,0.98681640625,0.20947265625,0.000972892390564084,0.04480618622295288,0.13524601587448398
5,2230,0,task2,MLP,0.0908203125,0.86669921875,0.0,0.0,0.0,0.0,1.0,0.0,0.0
5,2230,0,task2,ChevronSlow,0.10205078125,0.849609375,0.06982421875,0.845703125,0.89501953125,0.30810546875,1.0,0.08103069172838284,0.1004801599969813
5,2230,0,task2,IDLGated,0.13525390625,0.845703125,0.08349609375,0.8486328125,0.98779296875,0.20947265625,0.004898000042885542,0.11845371605776106,0.1645100318747273
5,2240,0,task2,MLP,0.12646484375,0.8701171875,0.0,0.0,0.0,0.0,1.0,0.0,0.0
5,2240,0,task2,ChevronSlow,0.17529296875,0.85498046875,0.1552734375,0.86474609375,0.87646484375,0.326171875,1.0,0.1430412760355223,0.1096390277692993
5,2240,0,task2,IDLGated,0.19921875,0.85205078125,0.1552734375,0.86279296875,0.9873046875,0.20947265625,0.047904521226882935,0.22411566166281,0.18076414599989982
5,2250,0,task2,MLP,0.1259765625,0.8720703125,0.0,0.0,0.0,0.0,1.0,0.0,0.0
5,2250,0,task2,ChevronSlow,0.2119140625,0.86474609375,0.19482421875,0.875,0.8681640625,0.33349609375,1.0,0.20929045234868773,0.1137751131792176
5,2250,0,task2,IDLGated,0.220703125,0.85888671875,0.1708984375,0.87744140625,0.9873046875,0.2099609375,0.4309244453907013,0.347359976142865,0.18493443291237824
5,2260,0,task2,MLP,0.119140625,0.88623046875,0.0,0.0,0.0,0.0,1.0,0.0,0.0
5,2260,0,task2,ChevronSlow,0.22265625,0.86962890625,0.19970703125,0.88134765625,0.86181640625,0.345703125,1.0,0.2738091683188964,0.1157458205302283
5,2260,0,task2,IDLGated,0.20703125,0.875,0.1552734375,0.88134765625,0.98388671875,0.21630859375,0.9299750924110413,0.47755940474244496,0.1822493252448369
5,2270,0,task2,MLP,0.1259765625,0.89892578125,0.0,0.0,0.0,0.0,1.0,0.0,0.0
5,2270,0,task2,ChevronSlow,0.205078125,0.88134765625,0.19091796875,0.890625,0.8486328125,0.3623046875,1.0,0.3352493987382062,0.11835623126754746
5,2270,0,task2,IDLGated,0.18212890625,0.888671875,0.13525390625,0.88671875,0.9638671875,0.2275390625,0.9957292675971985,0.6078043173103302,0.180134767549499
5,2280,0,task2,MLP,0.134765625,0.908203125,0.0,0.0,0.0,0.0,1.0,0.0,0.0
5,2280,0,task2,ChevronSlow,0.19677734375,0.89404296875,0.169921875,0.900390625,0.833984375,0.38037109375,1.0,0.3929145847996497,0.1222419459877644
5,2280,0,task2,IDLGated,0.1640625,0.90185546875,0.1240234375,0.88916015625,0.94384765625,0.23291015625,0.999722421169281,0.7322339504767547,0.18120553117502683
5,2290,0,task2,MLP,0.134765625,0.91357421875,0.0,0.0,0.0,0.0,1.0,0.0,0.0
5,2290,0,task2,ChevronSlow,0.19970703125,0.9072265625,0.17822265625,0.90380859375,0.81396484375,0.390625,1.0,0.4463167225984599,0.12790854185222883
5,2290,0,task2,IDLGated,0.16357421875,0.91259765625,0.1240234375,0.89013671875,0.92822265625,0.23681640625,0.9999781847000122,0.8478956685183108,0.1864827289211372
5,2300,0,task2,MLP,0.125,0.91259765625,0.0,0.0,0.0,0.0,1.0,0.0,0.0
5,2300,0,task2,ChevronSlow,0.18310546875,0.9150390625,0.169921875,0.9052734375,0.7978515625,0.4130859375,1.0,0.4950698244383642,0.13101010595738588
5,2300,0,task2,IDLGated,0.15234375,0.919921875,0.1181640625,0.88720703125,0.9208984375,0.244140625,0.9999978542327881,0.9535677467968245,0.18714609458093504
5,2310,0,task2,MLP,0.1396484375,0.91162109375,0.0,0.0,0.0,0.0,1.0,0.0,0.0
5,2310,0,task2,ChevronSlow,0.1767578125,0.92236328125,0.1640625,0.91796875,0.7275390625,0.49169921875,1.0,0.5392382989912748,0.1333609063273349
5,2310,0,task2,IDLGated,0.158203125,0.9287109375,0.12890625,0.90673828125,0.9169921875,0.24951171875,0.9999997615814209,1.0483051835897963,0.1863940343868055
5,2320,0,task2,MLP,0.1455078125,0.9208984375,0.0,0.0,0.0,0.0,1.0,0.0,0.0
5,2320,0,task2,ChevronSlow,0.18212890625,0.93310546875,0.16943359375,0.93310546875,0.54345703125,0.67138671875,1.0,0.5784678376593632,0.13560509044567284
5,2320,0,task2,IDLGated,0.17138671875,0.9326171875,0.13720703125,0.91552734375,0.91357421875,0.25341796875,1.0,1.1323570500885871,0.1867104745751267
5,2330,0,task2,MLP,0.1533203125,0.923828125,0.0,0.0,0.0,0.0,1.0,0.0,0.0
5,2330,0,task2,ChevronSlow,0.1865234375,0.93408203125,0.1787109375,0.93212890625,0.3544921875,0.79638671875,1.0,0.6133456482626969,0.13713985840305626
5,2330,0,task2,IDLGated,0.181640625,0.9404296875,0.14892578125,0.92041015625,0.9091796875,0.2568359375,1.0,1.20805787718906,0.18732511749147276
5,2340,0,task2,MLP,0.150390625,0.92919921875,0.0,0.0,0.0,0.0,1.0,0.0,0.0
5,2340,0,task2,ChevronSlow,0.19287109375,0.94091796875,0.1845703125,0.93896484375,0.310546875,0.81689453125,1.0,0.6434592437362764,0.13990399534714398
5,2340,0,task2,IDLGated,0.1826171875,0.9501953125,0.1533203125,0.927734375,0.90380859375,0.26171875,1.0,1.2742103440780537,0.18976088296769314
5,2350,0,task2,MLP,0.150390625,0.9326171875,0.0,0.0,0.0,0.0,1.0,0.0,0.0
5,2350,0,task2,ChevronSlow,0.1923828125,0.95263671875,0.18701171875,0.94921875,0.279296875,0.8388671875,1.0,0.6698150589843124,0.14379529490164059
5,2350,0,task2,IDLGated,0.18505859375,0.9560546875,0.154296875,0.9306640625,0.8984375,0.26220703125,1.0,1.3326013139278587,0.19245524182085197
5,2360,0,task2,MLP,0.15234375,0.93798828125,0.0,0.0,0.0,0.0,1.0,0.0,0.0
5,2360,0,task2,ChevronSlow,0.1884765625,0.9609375,0.18310546875,0.966796875,0.25927734375,0.8466796875,1.0,0.6913635033324376,0.1475950375284726
5,2360,0,task2,IDLGated,0.1904296875,0.95947265625,0.15625,0.93896484375,0.88671875,0.26513671875,1.0,1.3826461967584378,0.19464437088510336
5,2370,0,task2,MLP,0.15478515625,0.93701171875,0.0,0.0,0.0,0.0,1.0,0.0,0.0
5,2370,0,task2,ChevronSlow,0.1845703125,0.96533203125,0.177734375,0.97021484375,0.24072265625,0.85791015625,1.0,0.7085426480168505,0.14929557771320653
5,2370,0,task2,IDLGated,0.18701171875,0.9638671875,0.1572265625,0.94580078125,0.8837890625,0.2685546875,1.0,1.4249521343633442,0.194081524240546
5,2380,0,task2,MLP,0.166015625,0.935546875,0.0,0.0,0.0,0.0,1.0,0.0,0.0
5,2380,0,task2,ChevronSlow,0.18212890625,0.96435546875,0.18017578125,0.9619140625,0.23046875,0.86376953125,1.0,0.7220505517518688,0.14964074611536737
5,2380,0,task2,IDLGated,0.1904296875,0.9658203125,0.1669921875,0.943359375,0.88525390625,0.27294921875,1.0,1.4605189822179228,0.19287011049840644
5,2390,0,task2,MLP,0.16455078125,0.93798828125,0.0,0.0,0.0,0.0,1.0,0.0,0.0
5,2390,0,task2,ChevronSlow,0.18359375,0.9619140625,0.18310546875,0.96533203125,0.22509765625,0.86865234375,1.0,0.7331437144424283,0.1492606445804426
5,2390,0,task2,IDLGated,0.193359375,0.97021484375,0.1767578125,0.9560546875,0.88232421875,0.27978515625,1.0,1.49041207161525,0.19127022322317722
5,2400,0,task2,MLP,0.14990234375,0.93798828125,0.0,0.0,0.0,0.0,1.0,0.0,0.0
5,2400,0,task2,ChevronSlow,0.1708984375,0.9541015625,0.16796875,0.96337890625,0.21337890625,0.87451171875,1.0,0.7422213574569165,0.14826824398058228
5,2400,0,task2,IDLGated,0.17626953125,0.9638671875,0.1591796875,0.9462890625,0.8759765625,0.283203125,1.0,1.514201056166129,0.18789927798878714
5,2410,0,task2,MLP,0.15380859375,0.94384765625,0.0,0.0,0.0,0.0,1.0,0.0,0.0
5,2410,0,task2,ChevronSlow,0.169921875,0.9541015625,0.171875,0.966796875,0.2099609375,0.8779296875,1.0,0.7506827354462862,0.14851911424884323
5,2410,0,task2,IDLGated,0.181640625,0.97265625,0.16943359375,0.9580078125,0.8720703125,0.28955078125,1.0,1.5336944979895284,0.18818142758746068
5,2420,0,end_task2,MLP,0.16162109375,0.94921875,0.0,0.0,0.0,0.0,1.0,0.0,0.0
5,2420,0,end_task2,ChevronSlow,0.17822265625,0.958984375,0.1767578125,0.9697265625,0.20947265625,0.87939453125,1.0,0.7582962200318305,0.1488789269355407
5,2420,0,end_task2,IDLGated,0.1865234375,0.9755859375,0.17431640625,0.96630859375,0.87158203125,0.29833984375,1.0,1.5485372050599715,0.18849692728234696
5,2430,10,task1_return,MLP,0.43115234375,0.7607421875,0.0,0.0,0.0,0.0,1.0,0.0,0.0
5,2430,10,task1_return,ChevronSlow,0.458984375,0.7490234375,0.4990234375,0.703125,0.34130859375,0.80859375,1.0,0.7613583325975248,0.10073224544763902
5,2430,10,task1_return,IDLGated,0.5908203125,0.62109375,0.40673828125,0.79638671875,0.87158203125,0.25390625,1.0,1.554783761421359,0.13320036004203423
5,2440,20,task1_return,MLP,0.91357421875,0.2666015625,0.0,0.0,0.0,0.0,1.0,0.0,0.0
5,2440,20,task1_return,ChevronSlow,0.86279296875,0.34326171875,0.880859375,0.32568359375,0.67626953125,0.525390625,1.0,0.7533733629362231,0.08427329002923649
5,2440,20,task1_return,IDLGated,0.92626953125,0.21484375,0.9462890625,0.21875,0.8935546875,0.2138671875,1.0,1.53788699645978,0.10431938321768777
5,2450,30,task1_return,MLP,0.9853515625,0.21484375,0.0,0.0,0.0,0.0,1.0,0.0,0.0
5,2450,30,task1_return,ChevronSlow,0.95458984375,0.2421875,0.96875,0.21875,0.87890625,0.3251953125,1.0,0.743113702968113,0.07238839113865762
5,2450,30,task1_return,IDLGated,0.97412109375,0.1845703125,0.97412109375,0.18359375,0.931640625,0.1982421875,1.0,1.494714784310287,0.07863070734104084
5,2460,40,task1_return,MLP,0.9658203125,0.1865234375,0.0,0.0,0.0,0.0,1.0,0.0,0.0
5,2460,40,task1_return,ChevronSlow,0.97900390625,0.2080078125,0.98046875,0.1875,0.90771484375,0.291015625,1.0,0.7337265858871277,0.059747747409116314
5,2460,40,task1_return,IDLGated,0.98095703125,0.19580078125,0.97509765625,0.201171875,0.9658203125,0.19873046875,1.0,1.43405531261586,0.05441112750205824
5,2470,50,task1_return,MLP,0.98046875,0.18603515625,0.0,0.0,0.0,0.0,1.0,0.0,0.0
5,2470,50,task1_return,ChevronSlow,0.97412109375,0.216796875,0.97802734375,0.20458984375,0.923828125,0.2744140625,1.0,0.7233070728801836,0.04454234558365741
5,2470,50,task1_return,IDLGated,0.98486328125,0.21142578125,0.974609375,0.21484375,0.9794921875,0.2021484375,1.0,1.362993586600303,0.034940649448332334
5,2480,60,task1_return,MLP,0.986328125,0.20751953125,0.0,0.0,0.0,0.0,1.0,0.0,0.0
5,2480,60,task1_return,ChevronSlow,0.97216796875,0.22265625,0.97900390625,0.2099609375,0.93798828125,0.26123046875,1.0,0.7092086119225575,0.033266918800969596
5,2480,60,task1_return,IDLGated,0.9873046875,0.2099609375,0.986328125,0.21142578125,0.984375,0.20361328125,1.0,1.2855167218498758,0.021856861491354417
5,2490,70,task1_return,MLP,0.98095703125,0.216796875,0.0,0.0,0.0,0.0,1.0,0.0,0.0
5,2490,70,task1_return,ChevronSlow,0.97412109375,0.2177734375,0.9765625,0.2109375,0.94775390625,0.25146484375,1.0,0.6905376292878868,0.027122108333760858
5,2490,70,task1_return,IDLGated,0.98486328125,0.2119140625,0.984375,0.21142578125,0.9873046875,0.20703125,1.0,1.2104352823945956,0.01426644910492375
5,2500,80,task1_return,MLP,0.98779296875,0.20849609375,0.0,0.0,0.0,0.0,1.0,0.0,0.0
5,2500,80,task1_return,ChevronSlow,0.97998046875,0.21142578125,0.9814453125,0.203125,0.95849609375,0.23876953125,1.0,0.66746535884814,0.022872318375803946
5,2500,80,task1_return,IDLGated,0.986328125,0.20654296875,0.9853515625,0.20751953125,0.9853515625,0.20703125,1.0,1.139739023197854,0.009436139110223823
5,2510,90,task1_return,MLP,0.984375,0.19384765625,0.0,0.0,0.0,0.0,1.0,0.0,0.0
5,2510,90,task1_return,ChevronSlow,0.97900390625,0.20703125,0.9794921875,0.19921875,0.96875,0.23291015625,1.0,0.6410396485525467,0.019222784810933747
5,2510,90,task1_return,IDLGated,0.98486328125,0.19873046875,0.98486328125,0.19775390625,0.98681640625,0.20263671875,0.9999998807907104,1.073171824957205,0.007216446039076636
5,2520,100,task1_return,MLP,0.98583984375,0.1982421875,0.0,0.0,0.0,0.0,1.0,0.0,0.0
5,2520,100,task1_return,ChevronSlow,0.98046875,0.20703125,0.982421875,0.201171875,0.97314453125,0.22509765625,1.0,0.611842243332186,0.01611045314663461
5,2520,100,task1_return,IDLGated,0.982421875,0.205078125,0.98193359375,0.205078125,0.986328125,0.20751953125,0.9999994039535522,1.0104925271844871,0.005806119988810508
5,2530,110,task1_return,MLP,0.9853515625,0.2001953125,0.0,0.0,0.0,0.0,1.0,0.0,0.0
5,2530,110,task1_return,ChevronSlow,0.98046875,0.203125,0.97998046875,0.19775390625,0.9775390625,0.21728515625,1.0,0.5804187562546486,0.014354238766019925
5,2530,110,task1_return,IDLGated,0.98486328125,0.19775390625,0.984375,0.19677734375,0.9873046875,0.203125,0.9999977350234985,0.9514740545265524,0.005307167924554837
5,2540,120,task1_return,MLP,0.98681640625,0.2021484375,0.0,0.0,0.0,0.0,1.0,0.0,0.0
5,2540,120,task1_return,ChevronSlow,0.97998046875,0.2060546875,0.9794921875,0.203125,0.97900390625,0.21484375,1.0,0.5477324985022509,0.012504365771562434
5,2540,120,task1_return,IDLGated,0.9853515625,0.20263671875,0.9853515625,0.20361328125,0.986328125,0.203125,0.9999923706054688,0.895902594113805,0.004865156066335382
5,2550,130,task1_return,MLP,0.9873046875,0.20556640625,0.0,0.0,0.0,0.0,1.0,0.0,0.0
5,2550,130,task1_return,ChevronSlow,0.98046875,0.20654296875,0.97998046875,0.205078125,0.9794921875,0.21142578125,1.0,0.5157418260162431,0.010921561985769377
5,2550,130,task1_return,IDLGated,0.984375,0.20849609375,0.9833984375,0.20751953125,0.986328125,0.2080078125,0.9999760389328003,0.8435768209562319,0.004005457001771939
5,2560,140,task1_return,MLP,0.9853515625,0.20703125,0.0,0.0,0.0,0.0,1.0,0.0,0.0
5,2560,140,task1_return,ChevronSlow,0.9794921875,0.208984375,0.98095703125,0.2080078125,0.98046875,0.21142578125,1.0,0.48561958954399265,0.009563173016826926
5,2560,140,task1_return,IDLGated,0.984375,0.21044921875,0.984375,0.21044921875,0.9853515625,0.21044921875,0.9999291896820068,0.7943071685806795,0.0033298822179056043
5,2570,150,task1_return,MLP,0.986328125,0.201171875,0.0,0.0,0.0,0.0,1.0,0.0,0.0
5,2570,150,task1_return,ChevronSlow,0.98193359375,0.2080078125,0.98095703125,0.20703125,0.98095703125,0.21044921875,1.0,0.4572566618660257,0.008799184358681178
5,2570,150,task1_return,IDLGated,0.98681640625,0.20849609375,0.98681640625,0.2060546875,0.9873046875,0.208984375,0.999803364276886,0.7479151422670384,0.003791323260977038
5,2580,160,task1_return,MLP,0.98681640625,0.1982421875,0.0,0.0,0.0,0.0,1.0,0.0,0.0
5,2580,160,task1_return,ChevronSlow,0.9814453125,0.2060546875,0.97998046875,0.203125,0.98193359375,0.20947265625,1.0,0.43055028940903123,0.008243895728246568
5,2580,160,task1_return,IDLGated,0.98388671875,0.2001953125,0.984375,0.19970703125,0.98681640625,0.2041015625,0.9994862079620361,0.7042326723953104,0.004370674338800859
5,2590,170,task1_return,MLP,0.98681640625,0.2041015625,0.0,0.0,0.0,0.0,1.0,0.0,0.0
5,2590,170,task1_return,ChevronSlow,0.982421875,0.20703125,0.98291015625,0.2060546875,0.98193359375,0.20947265625,1.0,0.40540371998891556,0.007179318796167508
5,2590,170,task1_return,IDLGated,0.98681640625,0.208984375,0.986328125,0.208984375,0.986328125,0.20751953125,0.9987309575080872,0.6631015055608636,0.00329547991379248
5,2600,180,task1_return,MLP,0.98779296875,0.20703125,0.0,0.0,0.0,0.0,1.0,0.0,0.0
5,2600,180,task1_return,ChevronSlow,0.98193359375,0.20654296875,0.9814453125,0.205078125,0.9814453125,0.20751953125,1.0,0.3817258522957657,0.007118314043292826
5,2600,180,task1_return,IDLGated,0.984375,0.208984375,0.984375,0.208984375,0.98681640625,0.2080078125,0.9970299005508423,0.6243726312519948,0.0035036886883265564
5,2610,190,task1_return,MLP,0.984375,0.20703125,0.0,0.0,0.0,0.0,1.0,0.0,0.0
5,2610,190,task1_return,ChevronSlow,0.97998046875,0.208984375,0.97998046875,0.208984375,0.98095703125,0.208984375,1.0,0.35943090585087095,0.006998978838346701
5,2610,190,task1_return,IDLGated,0.9833984375,0.21044921875,0.98291015625,0.2109375,0.98486328125,0.21044921875,0.9933991432189941,0.5879057420127627,0.003622808504146335
5,2620,200,task1_return,MLP,0.98828125,0.205078125,0.0,0.0,0.0,0.0,1.0,0.0,0.0
5,2620,200,task1_return,ChevronSlow,0.98193359375,0.21142578125,0.9814453125,0.2119140625,0.98193359375,0.208984375,1.0,0.3384381102401187,0.0071046337624827436
5,2620,200,task1_return,IDLGated,0.98681640625,0.2080078125,0.98583984375,0.20849609375,0.98583984375,0.21044921875,0.9860538840293884,0.5535687251353599,0.004337800356951473
5,2630,210,task1_return,MLP,0.9853515625,0.19775390625,0.0,0.0,0.0,0.0,1.0,0.0,0.0
5,2630,210,task1_return,ChevronSlow,0.982421875,0.20166015625,0.98291015625,0.2001953125,0.9814453125,0.20654296875,1.0,0.31867141249791675,0.0064685452532467855
5,2630,210,task1_return,IDLGated,0.98388671875,0.19873046875,0.98291015625,0.19775390625,0.986328125,0.205078125,0.9720017910003662,0.5212371840405249,0.004189598661668183
5,2640,220,task1_return,MLP,0.98388671875,0.1962890625,0.0,0.0,0.0,0.0,1.0,0.0,0.0
5,2640,220,task1_return,ChevronSlow,0.98291015625,0.19677734375,0.98291015625,0.1953125,0.9833984375,0.20263671875,1.0,0.3000592015815464,0.006399445344583401
5,2640,220,task1_return,IDLGated,0.982421875,0.1953125,0.982421875,0.193359375,0.98583984375,0.2021484375,0.9467213153839111,0.4907939876120389,0.004154195516130916
5,2650,230,task1_return,MLP,0.98486328125,0.1962890625,0.0,0.0,0.0,0.0,1.0,0.0,0.0
5,2650,230,task1_return,ChevronSlow,0.98046875,0.197265625,0.9794921875,0.197265625,0.982421875,0.20263671875,1.0,0.28253404893777123,0.005558057842316983
5,2650,230,task1_return,IDLGated,0.9853515625,0.19873046875,0.98583984375,0.19873046875,0.98779296875,0.20263671875,0.9043771624565125,0.4621288458526367,0.0033241615981945832
5,2660,240,task1_return,MLP,0.9873046875,0.20556640625,0.0,0.0,0.0,0.0,1.0,0.0,0.0
5,2660,240,task1_return,ChevronSlow,0.982421875,0.20556640625,0.98193359375,0.20556640625,0.98291015625,0.2041015625,1.0,0.2660324642218209,0.005291242947988119
5,2660,240,task1_return,IDLGated,0.9853515625,0.21044921875,0.98486328125,0.21044921875,0.98681640625,0.20654296875,0.8393006920814514,0.4351379103240088,0.0031690108518430465
5,2670,250,task1_return,MLP,0.98486328125,0.21484375,0.0,0.0,0.0,0.0,1.0,0.0,0.0
5,2670,250,task1_return,ChevronSlow,0.9794921875,0.2119140625,0.9775390625,0.21435546875,0.98095703125,0.20849609375,1.0,0.250494665283767,0.005918961560527977
5,2670,250,task1_return,IDLGated,0.98095703125,0.21435546875,0.978515625,0.2158203125,0.98486328125,0.2109375,0.7491181492805481,0.4097233979233646,0.0043532291231039065
5,2680,260,end_return,MLP,0.98779296875,0.20751953125,0.0,0.0,0.0,0.0,1.0,0.0,0.0
5,2680,260,end_return,ChevronSlow,0.98046875,0.2080078125,0.98046875,0.20751953125,0.98095703125,0.2080078125,1.0,0.23586436158899318,0.00513193942942054
5,2680,260,end_return,IDLGated,0.98486328125,0.2080078125,0.9853515625,0.2080078125,0.98486328125,0.20947265625,0.638174831867218,0.38579323663357074,0.003433345099775851
6,0,0,task1_initial,MLP,0.48681640625,0.638671875,0.0,0.0,0.0,0.0,1.0,0.0,0.0
6,0,0,task1_initial,ChevronSlow,0.51318359375,0.361328125,0.51318359375,0.361328125,0.51318359375,0.361328125,1.0,0.0,0.0
6,0,0,task1_initial,IDLGated,0.5537109375,0.32470703125,0.5537109375,0.32470703125,0.5537109375,0.32470703125,1.0,0.0,0.0
6,10,0,task1_initial,MLP,0.86572265625,0.2705078125,0.0,0.0,0.0,0.0,1.0,0.0,0.0
6,10,0,task1_initial,ChevronSlow,0.90869140625,0.28173828125,0.91748046875,0.26513671875,0.7158203125,0.34814453125,1.0,0.00035040248721207785,0.01570097408787755
6,10,0,task1_initial,IDLGated,0.86572265625,0.2177734375,0.8818359375,0.21630859375,0.791015625,0.21533203125,0.00036558392457664013,0.00028867330002636934,0.014808931901338659
6,20,0,task1_initial,MLP,0.9384765625,0.2158203125,0.0,0.0,0.0,0.0,1.0,0.0,0.0
6,20,0,task1_initial,ChevronSlow,0.92919921875,0.263671875,0.93017578125,0.26220703125,0.89501953125,0.2978515625,1.0,0.002293627749179993,0.025191930780526405
6,20,0,task1_initial,IDLGated,0.9296875,0.23388671875,0.93115234375,0.2373046875,0.89794921875,0.2138671875,0.000378515018383041,0.0018692691962422627,0.023815823673105595
6,30,0,task1_initial,MLP,0.943359375,0.21435546875,0.0,0.0,0.0,0.0,1.0,0.0,0.0
6,30,0,task1_initial,ChevronSlow,0.931640625,0.24609375,0.93408203125,0.24462890625,0.9287109375,0.267578125,1.0,0.006703546981250526,0.032432012475542935
6,30,0,task1_initial,IDLGated,0.94775390625,0.23095703125,0.947265625,0.2333984375,0.93896484375,0.2109375,0.00040934636490419507,0.005430032978628143,0.030808025404038115
6,40,0,task1_initial,MLP,0.9404296875,0.21435546875,0.0,0.0,0.0,0.0,1.0,0.0,0.0
6,40,0,task1_initial,ChevronSlow,0.93603515625,0.23681640625,0.9375,0.2333984375,0.92919921875,0.25537109375,1.0,0.013826248622605963,0.037635514205825886
6,40,0,task1_initial,IDLGated,0.93994140625,0.23388671875,0.939453125,0.234375,0.93798828125,0.21728515625,0.0004649694310501218,0.01122391323229947,0.036126460492331404
6,50,0,task1_initial,MLP,0.93994140625,0.22119140625,0.0,0.0,0.0,0.0,1.0,0.0,0.0
6,50,0,task1_initial,ChevronSlow,0.93896484375,0.2265625,0.94140625,0.2255859375,0.93359375,0.25048828125,1.0,0.024039246473667317,0.04069934878531625
6,50,0,task1_initial,IDLGated,0.94287109375,0.2294921875,0.9423828125,0.23046875,0.94287109375,0.22119140625,0.000560154439881444,0.019693740695837656,0.03978982725128704
6,60,0,task1_initial,MLP,0.94384765625,0.21728515625,0.0,0.0,0.0,0.0,1.0,0.0,0.0
6,60,0,task1_initial,ChevronSlow,0.9443359375,0.216796875,0.94482421875,0.21240234375,0.93212890625,0.236328125,1.0,0.037497549904735056,0.0410816237044075
6,60,0,task1_initial,IDLGated,0.9462890625,0.21435546875,0.94580078125,0.21484375,0.9482421875,0.208984375,0.0007177513325586915,0.030969578881096076,0.04091247490019795
6,70,0,task1_initial,MLP,0.9404296875,0.22216796875,0.0,0.0,0.0,0.0,1.0,0.0,0.0
6,70,0,task1_initial,ChevronSlow,0.94091796875,0.224609375,0.94287109375,0.220703125,0.9345703125,0.23828125,1.0,0.052986554193469225,0.0392677503580085
6,70,0,task1_initial,IDLGated,0.9443359375,0.2236328125,0.9443359375,0.224609375,0.94775390625,0.2158203125,0.0009602907230146229,0.04421301913239413,0.04083716388574041
6,80,0,task1_initial,MLP,0.94091796875,0.2275390625,0.0,0.0,0.0,0.0,1.0,0.0,0.0
6,80,0,task1_initial,ChevronSlow,0.939453125,0.236328125,0.9384765625,0.234375,0.93505859375,0.24169921875,1.0,0.06982096823261857,0.03734778216572483
6,80,0,task1_initial,IDLGated,0.94189453125,0.23828125,0.9423828125,0.2392578125,0.947265625,0.2265625,0.0013324153842404485,0.059116876395083416,0.04086894156819613
6,90,0,task1_initial,MLP,0.9423828125,0.2314453125,0.0,0.0,0.0,0.0,1.0,0.0,0.0
6,90,0,task1_initial,ChevronSlow,0.93994140625,0.2353515625,0.93896484375,0.23486328125,0.935546875,0.24072265625,1.0,0.08723226994682581,0.03494446449238496
6,90,0,task1_initial,IDLGated,0.94384765625,0.2373046875,0.94189453125,0.23876953125,0.9482421875,0.2275390625,0.0018948680954053998,0.07514956642499745,0.03963644392183917
6,100,0,task1_initial,MLP,0.9423828125,0.2236328125,0.0,0.0,0.0,0.0,1.0,0.0,0.0
6,100,0,task1_initial,ChevronSlow,0.943359375,0.2236328125,0.9453125,0.22265625,0.93798828125,0.232421875,1.0,0.10421354477607166,0.03215200324406103
6,100,0,task1_initial,IDLGated,0.94677734375,0.2216796875,0.94677734375,0.2216796875,0.94677734375,0.2216796875,0.0027038943953812122,0.09134751239988288,0.037054623218311725
6,110,0,task1_initial,MLP,0.94482421875,0.21923828125,0.0,0.0,0.0,0.0,1.0,0.0,0.0
6,110,0,task1_initial,ChevronSlow,0.9404296875,0.224609375,0.94091796875,0.22265625,0.94091796875,0.23291015625,1.0,0.1200287753788331,0.029431488762281074
6,110,0,task1_initial,IDLGated,0.94482421875,0.22216796875,0.94482421875,0.22265625,0.9453125,0.22119140625,0.003805112559348345,0.10692740174638171,0.03508456483625624
6,120,0,task1_initial,MLP,0.94140625,0.216796875,0.0,0.0,0.0,0.0,1.0,0.0,0.0
6,120,0,task1_initial,ChevronSlow,0.939453125,0.22509765625,0.93994140625,0.2255859375,0.94189453125,0.22998046875,1.0,0.13437022878279833,0.027335908459907222
6,120,0,task1_initial,IDLGated,0.94287109375,0.2255859375,0.9423828125,0.22705078125,0.94482421875,0.22314453125,0.005243097897619009,0.12156426728344531,0.03331128855287297
6,130,0,task1_initial,MLP,0.94775390625,0.20849609375,0.0,0.0,0.0,0.0,1.0,0.0,0.0
6,130,0,task1_initial,ChevronSlow,0.947265625,0.20703125,0.9482421875,0.205078125,0.9453125,0.21826171875,1.0,0.1470997482706353,0.024707642927824156
6,130,0,task1_initial,IDLGated,0.95068359375,0.20458984375,0.9501953125,0.20263671875,0.94775390625,0.21142578125,0.007027859799563885,0.13496269695033053,0.029556716016679398
6,140,0,task1_initial,MLP,0.9501953125,0.19921875,0.0,0.0,0.0,0.0,1.0,0.0,0.0
6,140,0,task1_initial,ChevronSlow,0.94677734375,0.203125,0.9453125,0.19873046875,0.94384765625,0.21240234375,1.0,0.1578186636013838,0.021528086377517255
6,140,0,task1_initial,IDLGated,0.94873046875,0.2001953125,0.94921875,0.19970703125,0.94677734375,0.2080078125,0.009044270031154156,0.14652098979879372,0.026049677060346086
6,150,0,task1_initial,MLP,0.94580078125,0.20654296875,0.0,0.0,0.0,0.0,1.0,0.0,0.0
6,150,0,task1_initial,ChevronSlow,0.93896484375,0.21533203125,0.9384765625,0.21533203125,0.943359375,0.21484375,1.0,0.1663367239065092,0.01965079054396004
6,150,0,task1_initial,IDLGated,0.9443359375,0.2158203125,0.94287109375,0.216796875,0.94677734375,0.21435546875,0.01113188173621893,0.15605692436231675,0.024405875594088813
6,160,0,task1_initial,MLP,0.94580078125,0.22509765625,0.0,0.0,0.0,0.0,1.0,0.0,0.0
6,160,0,task1_initial,ChevronSlow,0.94287109375,0.2265625,0.94287109375,0.22802734375,0.9423828125,0.2236328125,1.0,0.1728899774103336,0.018124029733650845
6,160,0,task1_initial,IDLGated,0.94482421875,0.22998046875,0.94384765625,0.23095703125,0.9462890625,0.2216796875,0.013186740688979626,0.1638514153599674,0.022715526614299885
6,170,0,task1_initial,MLP,0.94873046875,0.21826171875,0.0,0.0,0.0,0.0,1.0,0.0,0.0
6,170,0,task1_initial,ChevronSlow,0.9453125,0.2138671875,0.9453125,0.212890625,0.94482421875,0.21728515625,1.0,0.17759996149714738,0.01639517820332544
6,170,0,task1_initial,IDLGated,0.94873046875,0.212890625,0.94873046875,0.21142578125,0.94775390625,0.21728515625,0.015036829747259617,0.16990446186616684,0.019778743581942884
6,180,0,task1_initial,MLP,0.94873046875,0.19921875,0.0,0.0,0.0,0.0,1.0,0.0,0.0
6,180,0,task1_initial,ChevronSlow,0.943359375,0.20166015625,0.94384765625,0.201171875,0.9443359375,0.20947265625,1.0,0.180537071552048,0.014489322526952727
6,180,0,task1_initial,IDLGated,0.94775390625,0.2001953125,0.94775390625,0.19873046875,0.94677734375,0.20703125,0.016486559063196182,0.17415518625179266,0.017024150379348377
6,190,0,task1_initial,MLP,0.94873046875,0.2158203125,0.0,0.0,0.0,0.0,1.0,0.0,0.0
6,190,0,task1_initial,ChevronSlow,0.94140625,0.22314453125,0.94091796875,0.22314453125,0.94189453125,0.22021484375,1.0,0.1816363609543856,0.012876561854917402
6,190,0,task1_initial,IDLGated,0.94677734375,0.22509765625,0.94482421875,0.22607421875,0.947265625,0.22021484375,0.017356883734464645,0.17653378378566692,0.015893824126113055
6,200,0,task1_initial,MLP,0.95068359375,0.2275390625,0.0,0.0,0.0,0.0,1.0,0.0,0.0
6,200,0,task1_initial,ChevronSlow,0.9453125,0.22509765625,0.9453125,0.22705078125,0.9423828125,0.2236328125,1.0,0.18121423541510823,0.012141574327974285
6,200,0,task1_initial,IDLGated,0.94921875,0.22900390625,0.94970703125,0.22998046875,0.94921875,0.22265625,0.017688032239675522,0.17740815436923293,0.014819526142415952
6,210,0,task1_initial,MLP,0.95068359375,0.22509765625,0.0,0.0,0.0,0.0,1.0,0.0,0.0
6,210,0,task1_initial,ChevronSlow,0.9423828125,0.22216796875,0.9423828125,0.2236328125,0.9443359375,0.22119140625,1.0,0.17959719987989892,0.01061041107911316
6,210,0,task1_initial,IDLGated,0.94677734375,0.22119140625,0.947265625,0.21923828125,0.947265625,0.22314453125,0.017540115863084793,0.1770196030997023,0.01281994033705723
6,220,0,task1_initial,MLP,0.95263671875,0.216796875,0.0,0.0,0.0,0.0,1.0,0.0,0.0
6,220,0,task1_initial,ChevronSlow,0.9443359375,0.2158203125,0.94482421875,0.21484375,0.94189453125,0.21923828125,1.0,0.17688889827532972,0.009839666570680836
6,220,0,task1_initial,IDLGated,0.94970703125,0.2138671875,0.94970703125,0.2138671875,0.94921875,0.2177734375,0.016952697187662125,0.175444087903882,0.011684770743890127
6,230,0,task1_initial,MLP,0.95263671875,0.20849609375,0.0,0.0,0.0,0.0,1.0,0.0,0.0
6,230,0,task1_initial,ChevronSlow,0.943359375,0.2109375,0.943359375,0.208984375,0.94287109375,0.21630859375,1.0,0.1731955419879348,0.009637354184558656
6,230,0,task1_initial,IDLGated,0.94775390625,0.212890625,0.94873046875,0.21142578125,0.9482421875,0.216796875,0.01599917560815811,0.17276865748081432,0.011123106632473677
6,240,0,task1_initial,MLP,0.9541015625,0.2099609375,0.0,0.0,0.0,0.0,1.0,0.0,0.0
6,240,0,task1_initial,ChevronSlow,0.94580078125,0.21337890625,0.9462890625,0.2119140625,0.94384765625,0.216796875,1.0,0.16882319199604218,0.009365825215024205
6,240,0,task1_initial,IDLGated,0.9501953125,0.21533203125,0.9501953125,0.21484375,0.94921875,0.21630859375,0.014841838739812374,0.1693021830086254,0.010839575275290884
6,250,0,task1_initial,MLP,0.95654296875,0.21337890625,0.0,0.0,0.0,0.0,1.0,0.0,0.0
6,250,0,task1_initial,ChevronSlow,0.94580078125,0.216796875,0.94482421875,0.216796875,0.94384765625,0.21923828125,1.0,0.16401570677303823,0.00835548791762869
6,250,0,task1_initial,IDLGated,0.947265625,0.21826171875,0.947265625,0.216796875,0.9501953125,0.2177734375,0.013601552695035934,0.1652783493391621,0.009744402196903435
6,260,0,task1_initial,MLP,0.9560546875,0.2109375,0.0,0.0,0.0,0.0,1.0,0.0,0.0
6,260,0,task1_initial,ChevronSlow,0.947265625,0.21484375,0.947265625,0.2138671875,0.94482421875,0.21630859375,1.0,0.1587765708904069,0.007645394062246848
6,260,0,task1_initial,IDLGated,0.95068359375,0.2138671875,0.95068359375,0.21435546875,0.95068359375,0.21533203125,0.012322675436735153,0.16073113518112792,0.008880523026605289
6,270,0,task1_initial,MLP,0.95849609375,0.2109375,0.0,0.0,0.0,0.0,1.0,0.0,0.0
6,270,0,task1_initial,ChevronSlow,0.9443359375,0.21533203125,0.9443359375,0.21533203125,0.94482421875,0.21728515625,1.0,0.1530243026048631,0.007306593082129981
6,270,0,task1_initial,IDLGated,0.9521484375,0.21533203125,0.9521484375,0.21484375,0.95068359375,0.21630859375,0.011016884818673134,0.15557963253197288,0.00859459762255547
6,280,0,task1_initial,MLP,0.95849609375,0.21044921875,0.0,0.0,0.0,0.0,1.0,0.0,0.0
6,280,0,task1_initial,ChevronSlow,0.94580078125,0.216796875,0.94580078125,0.21630859375,0.9453125,0.216796875,1.0,0.14685923499393821,0.0071465548812568586
6,280,0,task1_initial,IDLGated,0.9521484375,0.21630859375,0.95263671875,0.21630859375,0.9521484375,0.21630859375,0.009748865850269794,0.14996329707524794,0.00846382118980606
6,290,0,task1_initial,MLP,0.96044921875,0.21875,0.0,0.0,0.0,0.0,1.0,0.0,0.0
6,290,0,task1_initial,ChevronSlow,0.947265625,0.22119140625,0.947265625,0.22216796875,0.94580078125,0.22021484375,1.0,0.1404884733236586,0.006700895900030602
6,290,0,task1_initial,IDLGated,0.9521484375,0.22216796875,0.9521484375,0.22314453125,0.9521484375,0.21923828125,0.00858381763100624,0.14412473447551413,0.008299357726751033
6,300,0,task1_initial,MLP,0.96044921875,0.21533203125,0.0,0.0,0.0,0.0,1.0,0.0,0.0
6,300,0,task1_initial,ChevronSlow,0.94287109375,0.21923828125,0.94287109375,0.220703125,0.94580078125,0.2177734375,1.0,0.133884772714045,0.006486129955339369
6,300,0,task1_initial,IDLGated,0.951171875,0.2177734375,0.95068359375,0.216796875,0.951171875,0.21728515625,0.007516725454479456,0.1380418482595613,0.007740848822346687
6,310,0,task1_initial,MLP,0.96142578125,0.20654296875,0.0,0.0,0.0,0.0,1.0,0.0,0.0
6,310,0,task1_initial,ChevronSlow,0.9482421875,0.20849609375,0.94873046875,0.20703125,0.9462890625,0.21435546875,1.0,0.12712160805907352,0.006765622070444525
6,310,0,task1_initial,IDLGated,0.9541015625,0.20556640625,0.955078125,0.20361328125,0.95361328125,0.21484375,0.006549343466758728,0.1317354753593201,0.0077289991559093135
6,320,0,task1_initial,MLP,0.9638671875,0.21826171875,0.0,0.0,0.0,0.0,1.0,0.0,0.0
6,320,0,task1_initial,ChevronSlow,0.94921875,0.2216796875,0.94873046875,0.22216796875,0.947265625,0.21923828125,1.0,0.1203700801696593,0.006346557372130584
6,320,0,task1_initial,IDLGated,0.9541015625,0.2236328125,0.953125,0.2236328125,0.95361328125,0.21875,0.005692129954695702,0.12531987882068124,0.008103360893065575
6,330,0,task1_initial,MLP,0.95703125,0.21142578125,0.0,0.0,0.0,0.0,1.0,0.0,0.0
6,330,0,task1_initial,ChevronSlow,0.93408203125,0.22021484375,0.93359375,0.21875,0.9423828125,0.22119140625,1.0,0.11402362152011246,0.008186484148388065
6,330,0,task1_initial,IDLGated,0.9443359375,0.21826171875,0.94287109375,0.216796875,0.94970703125,0.216796875,0.004989534616470337,0.11929951005314444,0.008961591822312407
6,340,0,task1_initial,MLP,0.96826171875,0.20849609375,0.0,0.0,0.0,0.0,1.0,0.0,0.0
6,340,0,task1_initial,ChevronSlow,0.94970703125,0.2138671875,0.94873046875,0.21337890625,0.9462890625,0.216796875,1.0,0.10863405715596962,0.006955913468016996
6,340,0,task1_initial,IDLGated,0.95654296875,0.2119140625,0.9560546875,0.2099609375,0.955078125,0.21630859375,0.004453000612556934,0.11410389172502139,0.007824542991169286
6,350,0,task1_initial,MLP,0.9697265625,0.20361328125,0.0,0.0,0.0,0.0,1.0,0.0,0.0
6,350,0,task1_initial,ChevronSlow,0.94970703125,0.2138671875,0.94873046875,0.21337890625,0.947265625,0.216796875,1.0,0.1034395401003506,0.006885089980839527
6,350,0,task1_initial,IDLGated,0.95703125,0.2109375,0.95654296875,0.2099609375,0.955078125,0.2138671875,0.003981390502303839,0.1089938661634185,0.007805382509245464
6,360,0,task1_initial,MLP,0.9716796875,0.197265625,0.0,0.0,0.0,0.0,1.0,0.0,0.0
6,360,0,task1_initial,ChevronSlow,0.9482421875,0.20751953125,0.9482421875,0.2060546875,0.9462890625,0.21240234375,1.0,0.09840570696104886,0.006819228185792534
6,360,0,task1_initial,IDLGated,0.95654296875,0.20751953125,0.95703125,0.2041015625,0.95556640625,0.21142578125,0.0035664329770952463,0.10397198436779341,0.00754314863644698
6,370,0,task1_initial,MLP,0.9736328125,0.19775390625,0.0,0.0,0.0,0.0,1.0,0.0,0.0
6,370,0,task1_initial,ChevronSlow,0.9521484375,0.20556640625,0.9521484375,0.20361328125,0.94921875,0.21240234375,1.0,0.09345730606364279,0.0068412009415247076
6,370,0,task1_initial,IDLGated,0.95751953125,0.203125,0.958984375,0.20263671875,0.9560546875,0.2099609375,0.0031978776678442955,0.09899705493382742,0.007642735556112701
6,380,0,task1_initial,MLP,0.9736328125,0.20263671875,0.0,0.0,0.0,0.0,1.0,0.0,0.0
6,380,0,task1_initial,ChevronSlow,0.9521484375,0.20458984375,0.95263671875,0.203125,0.94921875,0.21044921875,1.0,0.0888074897827746,0.0067680507941733055
6,380,0,task1_initial,IDLGated,0.95947265625,0.20361328125,0.9609375,0.2021484375,0.95654296875,0.2080078125,0.002880174433812499,0.09422636581101619,0.007693066879188014
6,390,0,task1_initial,MLP,0.97265625,0.21044921875,0.0,0.0,0.0,0.0,1.0,0.0,0.0
6,390,0,task1_initial,ChevronSlow,0.95263671875,0.2119140625,0.95361328125,0.20947265625,0.95068359375,0.212890625,1.0,0.08431155221857888,0.006060131858295283
6,390,0,task1_initial,IDLGated,0.95849609375,0.21044921875,0.95947265625,0.21240234375,0.95703125,0.21044921875,0.0026032349560409784,0.08961846433727763,0.007289380525391638
6,400,0,task1_initial,MLP,0.9755859375,0.2080078125,0.0,0.0,0.0,0.0,1.0,0.0,0.0
6,400,0,task1_initial,ChevronSlow,0.9521484375,0.2177734375,0.95263671875,0.21826171875,0.95166015625,0.21484375,1.0,0.07964045267758556,0.005971369032894248
6,400,0,task1_initial,IDLGated,0.96044921875,0.21630859375,0.95947265625,0.21728515625,0.95751953125,0.21435546875,0.002348922425881028,0.08493422738904866,0.007357837072875384
6,410,0,task1_initial,MLP,0.97265625,0.220703125,0.0,0.0,0.0,0.0,1.0,0.0,0.0
6,410,0,task1_initial,ChevronSlow,0.95263671875,0.2216796875,0.9521484375,0.22216796875,0.95263671875,0.21875,1.0,0.07498900028939832,0.006233278658832356
6,410,0,task1_initial,IDLGated,0.96044921875,0.220703125,0.96044921875,0.22314453125,0.9580078125,0.2177734375,0.002119911601766944,0.08026095810833297,0.007770602298903307
6,420,0,task1_initial,MLP,0.97607421875,0.20947265625,0.0,0.0,0.0,0.0,1.0,0.0,0.0
6,420,0,task1_initial,ChevronSlow,0.95361328125,0.216796875,0.95361328125,0.216796875,0.95263671875,0.21728515625,1.0,0.07060921900040945,0.005984790570002516
6,420,0,task1_initial,IDLGated,0.9609375,0.212890625,0.96240234375,0.212890625,0.9580078125,0.21435546875,0.0019171643070876598,0.07568231472017364,0.0071586807871554395
6,430,0,task1_initial,MLP,0.9814453125,0.19140625,0.0,0.0,0.0,0.0,1.0,0.0,0.0
6,430,0,task1_initial,ChevronSlow,0.95751953125,0.19580078125,0.958984375,0.189453125,0.95263671875,0.20556640625,1.0,0.0664852416835411,0.0074901036333639035
6,430,0,task1_initial,IDLGated,0.966796875,0.19140625,0.96923828125,0.1884765625,0.9609375,0.2021484375,0.0017398146446794271,0.0712620399513467,0.007980274555882905
6,440,0,task1_initial,MLP,0.98095703125,0.19921875,0.0,0.0,0.0,0.0,1.0,0.0,0.0
6,440,0,task1_initial,ChevronSlow,0.9541015625,0.2099609375,0.951171875,0.20849609375,0.95166015625,0.212890625,1.0,0.06260212794158279,0.0069500554143571
6,440,0,task1_initial,IDLGated,0.96240234375,0.2099609375,0.96240234375,0.208984375,0.9599609375,0.20947265625,0.0015898478450253606,0.06715791348105128,0.007761515262753041
6,450,0,task1_initial,MLP,0.974609375,0.20849609375,0.0,0.0,0.0,0.0,1.0,0.0,0.0
6,450,0,task1_initial,ChevronSlow,0.95068359375,0.21728515625,0.9501953125,0.21728515625,0.95263671875,0.21630859375,1.0,0.059004071000527326,0.006995041276272583
6,450,0,task1_initial,IDLGated,0.9619140625,0.2138671875,0.9599609375,0.21533203125,0.96142578125,0.2138671875,0.0014702246990054846,0.06359687915981954,0.0081728079420928
6,460,0,task1_initial,MLP,0.9814453125,0.20361328125,0.0,0.0,0.0,0.0,1.0,0.0,0.0
6,460,0,task1_initial,ChevronSlow,0.9541015625,0.203125,0.955078125,0.19921875,0.95361328125,0.2109375,1.0,0.05559884950098601,0.00714069390408956
6,460,0,task1_initial,IDLGated,0.9658203125,0.19677734375,0.96728515625,0.19482421875,0.9609375,0.20654296875,0.0013636676594614983,0.06017214573885273,0.00805977105426556
6,470,0,task1_initial,MLP,0.98291015625,0.2001953125,0.0,0.0,0.0,0.0,1.0,0.0,0.0
6,470,0,task1_initial,ChevronSlow,0.955078125,0.20263671875,0.955078125,0.19873046875,0.955078125,0.20947265625,1.0,0.052351562568316294,0.006959702759901463
6,470,0,task1_initial,IDLGated,0.9658203125,0.2001953125,0.9658203125,0.19921875,0.96240234375,0.20556640625,0.0012626925017684698,0.05667065195031215,0.007899263707513135
6,480,0,task1_initial,MLP,0.9794921875,0.20947265625,0.0,0.0,0.0,0.0,1.0,0.0,0.0
6,480,0,task1_initial,ChevronSlow,0.95556640625,0.22021484375,0.95458984375,0.220703125,0.9541015625,0.2158203125,1.0,0.04929393553900305,0.006665311750056401
6,480,0,task1_initial,IDLGated,0.9638671875,0.21826171875,0.962890625,0.220703125,0.9619140625,0.212890625,0.0011741180205717683,0.053360765699143255,0.008154306467931891
6,490,0,task1_initial,MLP,0.9755859375,0.22021484375,0.0,0.0,0.0,0.0,1.0,0.0,0.0
6,490,0,task1_initial,ChevronSlow,0.95703125,0.22119140625,0.95654296875,0.22412109375,0.95458984375,0.2177734375,1.0,0.04641489120315167,0.007052946488487915
6,490,0,task1_initial,IDLGated,0.96435546875,0.21923828125,0.96630859375,0.2216796875,0.96337890625,0.21435546875,0.0010963984532281756,0.05024419550520417,0.008206211619236618
6,500,0,task1_initial,MLP,0.984375,0.19970703125,0.0,0.0,0.0,0.0,1.0,0.0,0.0
6,500,0,task1_initial,ChevronSlow,0.95751953125,0.201171875,0.958984375,0.19921875,0.95556640625,0.2099609375,1.0,0.04370399932250929,0.00705011520552573
6,500,0,task1_initial,IDLGated,0.97216796875,0.19482421875,0.9736328125,0.19140625,0.96630859375,0.20458984375,0.001027922029606998,0.04730965061855759,0.008062274061385476
6,510,0,task1_initial,MLP,0.98583984375,0.20361328125,0.0,0.0,0.0,0.0,1.0,0.0,0.0
6,510,0,task1_initial,ChevronSlow,0.95751953125,0.21044921875,0.9580078125,0.2099609375,0.9560546875,0.212890625,1.0,0.04115143884366569,0.006752804980510476
6,510,0,task1_initial,IDLGated,0.96728515625,0.20947265625,0.96875,0.208984375,0.96484375,0.2099609375,0.0009673550957813859,0.04454649973285289,0.007903211074312338
6,520,0,task1_initial,MLP,0.98095703125,0.2119140625,0.0,0.0,0.0,0.0,1.0,0.0,0.0
6,520,0,task1_initial,ChevronSlow,0.9580078125,0.21337890625,0.9599609375,0.21484375,0.95556640625,0.212890625,1.0,0.03874796231821668,0.00688990173775175
6,520,0,task1_initial,IDLGated,0.97021484375,0.2138671875,0.9697265625,0.21435546875,0.96728515625,0.2119140625,0.0009135890286415815,0.04194473247009501,0.008025288166583862
6,530,0,task1_initial,MLP,0.98291015625,0.20263671875,0.0,0.0,0.0,0.0,1.0,0.0,0.0
6,530,0,task1_initial,ChevronSlow,0.9560546875,0.2138671875,0.95751953125,0.212890625,0.9599609375,0.21337890625,1.0,0.036484862400991025,0.0069101036895336514
6,530,0,task1_initial,IDLGated,0.9697265625,0.20361328125,0.966796875,0.2041015625,0.9677734375,0.20654296875,0.0008656951249577105,0.03949492311492031,0.007567903493771091
6,540,0,task1_initial,MLP,0.98046875,0.19580078125,0.0,0.0,0.0,0.0,1.0,0.0,0.0
6,540,0,task1_initial,ChevronSlow,0.958984375,0.2060546875,0.95751953125,0.205078125,0.95751953125,0.2099609375,1.0,0.034353940304970146,0.00681398378250938
6,540,0,task1_initial,IDLGated,0.97119140625,0.19970703125,0.97314453125,0.1982421875,0.96875,0.20361328125,0.000822894275188446,0.037188196466995685,0.007370048431922371
6,550,0,task1_initial,MLP,0.984375,0.20361328125,0.0,0.0,0.0,0.0,1.0,0.0,0.0
6,550,0,task1_initial,ChevronSlow,0.9599609375,0.20654296875,0.96044921875,0.20458984375,0.958984375,0.2109375,1.0,0.03234747609861877,0.006498518462854838
6,550,0,task1_initial,IDLGated,0.97119140625,0.20263671875,0.9716796875,0.2021484375,0.96826171875,0.20458984375,0.0007845276268199086,0.03501619568783051,0.00669441179971266
6,560,0,task1_initial,MLP,0.984375,0.201171875,0.0,0.0,0.0,0.0,1.0,0.0,0.0
6,560,0,task1_initial,ChevronSlow,0.96142578125,0.1982421875,0.9619140625,0.19482421875,0.95849609375,0.20751953125,1.0,0.030458200738019314,0.006799747564903868
6,560,0,task1_initial,IDLGated,0.97119140625,0.197265625,0.9716796875,0.19580078125,0.9697265625,0.201171875,0.000750037666875869,0.0329710520255164,0.006742032577236001
6,570,0,task1_initial,MLP,0.9833984375,0.2080078125,0.0,0.0,0.0,0.0,1.0,0.0,0.0
6,570,0,task1_initial,ChevronSlow,0.95947265625,0.21337890625,0.9599609375,0.2109375,0.95947265625,0.21240234375,1.0,0.028679269732487495,0.006095764964850965
6,570,0,task1_initial,IDLGated,0.96923828125,0.20947265625,0.96875,0.2099609375,0.970703125,0.2060546875,0.0007189479656517506,0.031045356307713216,0.00640472355992311
6,580,0,task1_initial,MLP,0.97998046875,0.2099609375,0.0,0.0,0.0,0.0,1.0,0.0,0.0
6,580,0,task1_initial,ChevronSlow,0.96044921875,0.21728515625,0.9609375,0.2197265625,0.95947265625,0.21484375,1.0,0.027004238348264972,0.006427188167045853
6,580,0,task1_initial,IDLGated,0.9736328125,0.2138671875,0.97265625,0.21533203125,0.970703125,0.2080078125,0.0006908524665050209,0.029232132099605734,0.0067642552724863185
6,590,0,task1_initial,MLP,0.984375,0.19921875,0.0,0.0,0.0,0.0,1.0,0.0,0.0
6,590,0,task1_initial,ChevronSlow,0.962890625,0.205078125,0.9638671875,0.20361328125,0.96044921875,0.20849609375,1.0,0.025427038260456256,0.006249516208087906
6,590,0,task1_initial,IDLGated,0.9765625,0.19970703125,0.97705078125,0.19677734375,0.97314453125,0.2021484375,0.0006654016324318945,0.02752481042958735,0.006198238192248417
6,600,0,task1_initial,MLP,0.9794921875,0.19873046875,0.0,0.0,0.0,0.0,1.0,0.0,0.0
6,600,0,task1_initial,ChevronSlow,0.9638671875,0.20166015625,0.9619140625,0.19921875,0.96044921875,0.20703125,1.0,0.023941955568624516,0.006468342934915453
6,600,0,task1_initial,IDLGated,0.97119140625,0.20068359375,0.96923828125,0.19873046875,0.97216796875,0.20166015625,0.0006422942387871444,0.025917205991106574,0.0060163941709774444
6,610,0,task1_initial,MLP,0.98095703125,0.20166015625,0.0,0.0,0.0,0.0,1.0,0.0,0.0
6,610,0,task1_initial,ChevronSlow,0.96337890625,0.20458984375,0.9638671875,0.20361328125,0.9599609375,0.20751953125,1.0,0.02254361009640077,0.006016026786132581
6,610,0,task1_initial,IDLGated,0.97021484375,0.2041015625,0.96923828125,0.203125,0.9716796875,0.203125,0.00062127027194947,0.02440349473446021,0.005726516124699412
6,620,0,task1_initial,MLP,0.982421875,0.2080078125,0.0,0.0,0.0,0.0,1.0,0.0,0.0
6,620,0,task1_initial,ChevronSlow,0.96630859375,0.2080078125,0.9658203125,0.208984375,0.96142578125,0.20703125,1.0,0.02122693590011286,0.007289545265517153
6,620,0,task1_initial,IDLGated,0.97412109375,0.2109375,0.9736328125,0.21142578125,0.974609375,0.2041015625,0.0006021030130796134,0.02297819276735239,0.006961619997118236
6,630,0,task1_initial,MLP,0.98193359375,0.20849609375,0.0,0.0,0.0,0.0,1.0,0.0,0.0
6,630,0,task1_initial,ChevronSlow,0.96435546875,0.21533203125,0.96484375,0.21435546875,0.9619140625,0.20947265625,1.0,0.020427139671249286,0.00648454830161107
6,630,0,task1_initial,IDLGated,0.97412109375,0.2138671875,0.974609375,0.21337890625,0.9755859375,0.20703125,0.0005864006234332919,0.021776322427454715,0.006385485211861118
6,640,0,task1_initial,MLP,0.98193359375,0.2001953125,0.0,0.0,0.0,0.0,1.0,0.0,0.0
6,640,0,task1_initial,ChevronSlow,0.9638671875,0.2080078125,0.9638671875,0.20703125,0.962890625,0.208984375,1.0,0.01979191485006881,0.006645214062329159
6,640,0,task1_initial,IDLGated,0.974609375,0.20458984375,0.97265625,0.20458984375,0.974609375,0.20458984375,0.0005723842768929899,0.020676024544355468,0.00625883970859696
6,650,0,task1_initial,MLP,0.98095703125,0.21533203125,0.0,0.0,0.0,0.0,1.0,0.0,0.0
6,650,0,task1_initial,ChevronSlow,0.96630859375,0.22216796875,0.9658203125,0.22509765625,0.96240234375,0.21630859375,1.0,0.01887009571399805,0.007418511701926561
6,650,0,task1_initial,IDLGated,0.97265625,0.2216796875,0.970703125,0.2265625,0.974609375,0.21484375,0.0005574468523263931,0.019473384522475875,0.007818589911160708
6,660,0,task1_initial,MLP,0.98095703125,0.20947265625,0.0,0.0,0.0,0.0,1.0,0.0,0.0
6,660,0,task1_initial,ChevronSlow,0.96728515625,0.21728515625,0.96826171875,0.21826171875,0.96533203125,0.21533203125,1.0,0.018294877478012065,0.007228288569392646
6,660,0,task1_initial,IDLGated,0.97607421875,0.21728515625,0.9755859375,0.21533203125,0.97509765625,0.2138671875,0.000547751784324646,0.018675427419514997,0.007644446959945114
6,670,0,task1_initial,MLP,0.990234375,0.203125,0.0,0.0,0.0,0.0,1.0,0.0,0.0
6,670,0,task1_initial,ChevronSlow,0.96435546875,0.216796875,0.9658203125,0.2177734375,0.96484375,0.212890625,1.0,0.01774999833362858,0.006810296021567731
6,670,0,task1_initial,IDLGated,0.97705078125,0.20849609375,0.9765625,0.2099609375,0.97705078125,0.20849609375,0.0005394027684815228,0.01797689009535592,0.006848094942625497
6,680,0,task1_initial,MLP,0.984375,0.201171875,0.0,0.0,0.0,0.0,1.0,0.0,0.0
6,680,0,task1_initial,ChevronSlow,0.96923828125,0.2041015625,0.96875,0.20166015625,0.966796875,0.21044921875,1.0,0.016995082994965716,0.006774778595270068
6,680,0,task1_initial,IDLGated,0.97900390625,0.20361328125,0.97900390625,0.2021484375,0.97802734375,0.2060546875,0.0005284851649776101,0.017046941258221135,0.006488062786899907
6,690,0,task1_initial,MLP,0.9853515625,0.203125,0.0,0.0,0.0,0.0,1.0,0.0,0.0
6,690,0,task1_initial,ChevronSlow,0.97265625,0.1953125,0.97314453125,0.19287109375,0.9677734375,0.2041015625,1.0,0.016008193584801794,0.00736011129235467
6,690,0,task1_initial,IDLGated,0.98291015625,0.1982421875,0.98291015625,0.19775390625,0.98095703125,0.20458984375,0.0005170410149730742,0.016051303577106386,0.006758469289826469
6,700,0,task1_initial,MLP,0.9892578125,0.197265625,0.0,0.0,0.0,0.0,1.0,0.0,0.0
6,700,0,task1_initial,ChevronSlow,0.9755859375,0.19677734375,0.9775390625,0.1943359375,0.9716796875,0.20166015625,1.0,0.015123213967781986,0.007343676033673007
6,700,0,task1_initial,IDLGated,0.98193359375,0.19775390625,0.98388671875,0.1953125,0.97998046875,0.2021484375,0.0005064918077550828,0.015113816761712343,0.0070814136288172855
6,710,0,task1_initial,MLP,0.98876953125,0.2021484375,0.0,0.0,0.0,0.0,1.0,0.0,0.0
6,710,0,task1_initial,ChevronSlow,0.97119140625,0.2060546875,0.97119140625,0.2060546875,0.96875,0.20556640625,1.0,0.01430268494662439,0.00658671401042467
6,710,0,task1_initial,IDLGated,0.9794921875,0.20654296875,0.97900390625,0.20703125,0.98046875,0.205078125,0.0004967554123140872,0.014231084472940747,0.006726240573096371
6,720,0,task1_initial,MLP,0.990234375,0.2001953125,0.0,0.0,0.0,0.0,1.0,0.0,0.0
6,720,0,task1_initial,ChevronSlow,0.97412109375,0.20166015625,0.97509765625,0.201171875,0.9716796875,0.2041015625,1.0,0.013467327338578177,0.006745971770801221
6,720,0,task1_initial,IDLGated,0.9833984375,0.20068359375,0.984375,0.2001953125,0.98095703125,0.20263671875,0.0004877585161011666,0.013399908737085282,0.006821177003290614
6,730,0,task1_initial,MLP,0.98583984375,0.1962890625,0.0,0.0,0.0,0.0,1.0,0.0,0.0
6,730,0,task1_initial,ChevronSlow,0.97509765625,0.19091796875,0.97265625,0.18896484375,0.9736328125,0.1982421875,1.0,0.012680759334436747,0.007583744493824119
6,730,0,task1_initial,IDLGated,0.98095703125,0.1943359375,0.9794921875,0.1923828125,0.98291015625,0.19970703125,0.00047943639219738543,0.012617278360171963,0.006949206414560447
6,740,0,task1_initial,MLP,0.98486328125,0.20166015625,0.0,0.0,0.0,0.0,1.0,0.0,0.0
6,740,0,task1_initial,ChevronSlow,0.97021484375,0.20068359375,0.9716796875,0.2001953125,0.9716796875,0.19970703125,1.0,0.011940131345681051,0.006662157529179184
6,740,0,task1_initial,IDLGated,0.97802734375,0.20263671875,0.9755859375,0.203125,0.9833984375,0.20166015625,0.00047172984341159463,0.011880358018967491,0.006328436231730058
6,750,0,task1_initial,MLP,0.984375,0.2001953125,0.0,0.0,0.0,0.0,1.0,0.0,0.0
6,750,0,task1_initial,ChevronSlow,0.97509765625,0.2001953125,0.97607421875,0.19970703125,0.97265625,0.2001953125,1.0,0.011242760215861135,0.0058686642162978425
6,750,0,task1_initial,IDLGated,0.9833984375,0.201171875,0.982421875,0.201171875,0.98291015625,0.20068359375,0.0004645868903025985,0.011186477989134379,0.0052227310352810285
6,760,0,task1_initial,MLP,0.9873046875,0.2060546875,0.0,0.0,0.0,0.0,1.0,0.0,0.0
6,760,0,task1_initial,ChevronSlow,0.97216796875,0.2119140625,0.97021484375,0.2138671875,0.9736328125,0.20458984375,1.0,0.010586119500022991,0.006610073174208821
6,760,0,task1_initial,IDLGated,0.97900390625,0.208984375,0.978515625,0.20947265625,0.9814453125,0.2041015625,0.0004579598316922784,0.010533124473319826,0.006043206462802336
6,770,0,task1_initial,MLP,0.98388671875,0.2060546875,0.0,0.0,0.0,0.0,1.0,0.0,0.0
6,770,0,task1_initial,ChevronSlow,0.97314453125,0.21337890625,0.97216796875,0.2138671875,0.9716796875,0.2060546875,1.0,0.009967830311871807,0.0067609016828652155
6,770,0,task1_initial,IDLGated,0.9794921875,0.20751953125,0.97900390625,0.20849609375,0.98095703125,0.205078125,0.00045180608867667615,0.009917930494138865,0.006103667906424282
6,780,0,task1_initial,MLP,0.98779296875,0.20263671875,0.0,0.0,0.0,0.0,1.0,0.0,0.0
6,780,0,task1_initial,ChevronSlow,0.97705078125,0.2021484375,0.97705078125,0.201171875,0.9755859375,0.2041015625,1.0,0.00955669357476546,0.006003453584239618
6,780,0,task1_initial,IDLGated,0.98388671875,0.20361328125,0.984375,0.20361328125,0.982421875,0.205078125,0.0004460873606149107,0.009338667319058733,0.0054263751958993035
6,790,0,task1_initial,MLP,0.98486328125,0.20703125,0.0,0.0,0.0,0.0,1.0,0.0,0.0
6,790,0,task1_initial,ChevronSlow,0.97412109375,0.2119140625,0.97412109375,0.21240234375,0.97314453125,0.205078125,1.0,0.009013004079897557,0.0059740067747411
6,790,0,task1_initial,IDLGated,0.97900390625,0.21142578125,0.97802734375,0.21435546875,0.9814453125,0.20703125,0.0004407690139487386,0.008793236386118453,0.0054247645232071585
6,800,0,task1_initial,MLP,0.990234375,0.2001953125,0.0,0.0,0.0,0.0,1.0,0.0,0.0
6,800,0,task1_initial,ChevronSlow,0.97802734375,0.203125,0.97900390625,0.20166015625,0.9765625,0.20458984375,1.0,0.008486593720053132,0.005858074736849823
6,800,0,task1_initial,IDLGated,0.98486328125,0.2041015625,0.9853515625,0.20361328125,0.98291015625,0.20556640625,0.00043581915087997913,0.008279661701231998,0.004920543768842895
6,810,0,task1_initial,MLP,0.98681640625,0.2001953125,0.0,0.0,0.0,0.0,1.0,0.0,0.0
6,810,0,task1_initial,ChevronSlow,0.9775390625,0.19970703125,0.978515625,0.19873046875,0.9765625,0.20068359375,1.0,0.007990928699331495,0.005946391711068388
6,810,0,task1_initial,IDLGated,0.98486328125,0.20166015625,0.9833984375,0.201171875,0.98388671875,0.2041015625,0.00043120913323946297,0.007796082679531927,0.004880791472386792
6,820,0,task1_initial,MLP,0.98828125,0.201171875,0.0,0.0,0.0,0.0,1.0,0.0,0.0
6,820,0,task1_initial,ChevronSlow,0.9775390625,0.203125,0.97802734375,0.20263671875,0.9765625,0.20166015625,1.0,0.0075242133162231745,0.005709846451233841
6,820,0,task1_initial,IDLGated,0.9833984375,0.2041015625,0.9833984375,0.20361328125,0.982421875,0.2041015625,0.00042691294220276177,0.007340747404818953,0.004755077000879973
6,830,0,task1_initial,MLP,0.98779296875,0.20556640625,0.0,0.0,0.0,0.0,1.0,0.0,0.0
6,830,0,task1_initial,ChevronSlow,0.97802734375,0.20947265625,0.9765625,0.20947265625,0.97802734375,0.20556640625,1.0,0.007084756748332186,0.005529691459191164
6,830,0,task1_initial,IDLGated,0.97998046875,0.20849609375,0.97998046875,0.20947265625,0.9814453125,0.20703125,0.0004229067999403924,0.0069120062826978045,0.004878658347348268
6,840,0,task1_initial,MLP,0.99072265625,0.2041015625,0.0,0.0,0.0,0.0,1.0,0.0,0.0
6,840,0,task1_initial,ChevronSlow,0.9755859375,0.20703125,0.97509765625,0.20751953125,0.9765625,0.20556640625,1.0,0.006670966926843262,0.005607930619060574
6,840,0,task1_initial,IDLGated,0.9814453125,0.20703125,0.98193359375,0.20654296875,0.982421875,0.20703125,0.0004191689076833427,0.006508306064405743,0.004545616295343826
6,850,0,task1_initial,MLP,0.99072265625,0.20458984375,0.0,0.0,0.0,0.0,1.0,0.0,0.0
6,850,0,task1_initial,ChevronSlow,0.97900390625,0.20703125,0.97900390625,0.20654296875,0.97900390625,0.20703125,1.0,0.006281344768754797,0.005727667102653223
6,850,0,task1_initial,IDLGated,0.98388671875,0.20703125,0.98388671875,0.20703125,0.98291015625,0.20751953125,0.0004156795621383935,0.00612818421968331,0.004671907267833626
6,860,0,task1_initial,MLP,0.9912109375,0.2001953125,0.0,0.0,0.0,0.0,1.0,0.0,0.0
6,860,0,task1_initial,ChevronSlow,0.97900390625,0.20361328125,0.9794921875,0.2041015625,0.97998046875,0.20654296875,1.0,0.005914478745981988,0.006057367437268107
6,860,0,task1_initial,IDLGated,0.9853515625,0.203125,0.986328125,0.20263671875,0.98486328125,0.205078125,0.0004124207189306617,0.005770263638301182,0.0049415062627161605
6,870,0,task1_initial,MLP,0.98974609375,0.2041015625,0.0,0.0,0.0,0.0,1.0,0.0,0.0
6,870,0,task1_initial,ChevronSlow,0.978515625,0.2080078125,0.9775390625,0.20849609375,0.9794921875,0.20703125,1.0,0.005569039771655021,0.006426687492660599
6,870,0,task1_initial,IDLGated,0.982421875,0.20751953125,0.98193359375,0.20849609375,0.982421875,0.20703125,0.0004093754105269909,0.005433247641047817,0.0053713195745001595
6,880,0,task1_initial,MLP,0.986328125,0.2099609375,0.0,0.0,0.0,0.0,1.0,0.0,0.0
6,880,0,task1_initial,ChevronSlow,0.97216796875,0.21826171875,0.970703125,0.220703125,0.9755859375,0.21142578125,1.0,0.005243776385086338,0.006799367553569742
6,880,0,task1_initial,IDLGated,0.978515625,0.21337890625,0.9765625,0.21533203125,0.9814453125,0.2099609375,0.00040652856114320457,0.005115915282103588,0.005780902349869731
6,890,0,task1_initial,MLP,0.990234375,0.19677734375,0.0,0.0,0.0,0.0,1.0,0.0,0.0
6,890,0,task1_initial,ChevronSlow,0.98095703125,0.19580078125,0.97998046875,0.193359375,0.98046875,0.203125,1.0,0.004937510217963027,0.007244794947046877
6,890,0,task1_initial,IDLGated,0.9833984375,0.197265625,0.98193359375,0.19482421875,0.986328125,0.2041015625,0.0004038659972138703,0.0048171169257828226,0.005957396494100106
6,900,0,task1_initial,MLP,0.9921875,0.205078125,0.0,0.0,0.0,0.0,1.0,0.0,0.0
6,900,0,task1_initial,ChevronSlow,0.97900390625,0.208984375,0.97900390625,0.208984375,0.9794921875,0.20654296875,1.0,0.004649131725339178,0.007021022372860929
6,900,0,task1_initial,IDLGated,0.982421875,0.2099609375,0.98193359375,0.21142578125,0.98388671875,0.20654296875,0.00040137505857273936,0.0045357700816190906,0.0057486098203474185
6,910,0,task1_initial,MLP,0.98583984375,0.2119140625,0.0,0.0,0.0,0.0,1.0,0.0,0.0
6,910,0,task1_initial,ChevronSlow,0.97705078125,0.21533203125,0.97607421875,0.21875,0.97802734375,0.20947265625,1.0,0.004377596165962427,0.007589381873917222
6,910,0,task1_initial,IDLGated,0.98046875,0.2099609375,0.97998046875,0.2099609375,0.98193359375,0.208984375,0.0003990434342995286,0.004270855482705049,0.006278333488051683
6,920,0,task1_initial,MLP,0.9921875,0.193359375,0.0,0.0,0.0,0.0,1.0,0.0,0.0
6,920,0,task1_initial,ChevronSlow,0.98486328125,0.1962890625,0.98681640625,0.1943359375,0.98095703125,0.205078125,1.0,0.004121919817372108,0.007587450292733836
6,920,0,task1_initial,IDLGated,0.98681640625,0.19189453125,0.98828125,0.18994140625,0.98828125,0.2021484375,0.000396860355976969,0.004021413393079384,0.006676904291066578
6,930,0,task1_initial,MLP,0.98876953125,0.19580078125,0.0,0.0,0.0,0.0,1.0,0.0,0.0
6,930,0,task1_initial,ChevronSlow,0.9814453125,0.205078125,0.98095703125,0.20458984375,0.97998046875,0.205078125,1.0,0.0038811764120570864,0.0067726325304154275
6,930,0,task1_initial,IDLGated,0.984375,0.20556640625,0.98388671875,0.20556640625,0.986328125,0.2060546875,0.0003948158700950444,0.0037865401307832264,0.005924542342991234
6,940,0,task1_initial,MLP,0.9912109375,0.19970703125,0.0,0.0,0.0,0.0,1.0,0.0,0.0
6,940,0,task1_initial,ChevronSlow,0.98388671875,0.19873046875,0.9833984375,0.1982421875,0.98193359375,0.205078125,1.0,0.0036544937817620947,0.006507785440531608
6,940,0,task1_initial,IDLGated,0.98779296875,0.201171875,0.98828125,0.201171875,0.98779296875,0.20263671875,0.0003929004305973649,0.0035653847939897242,0.005703786094519506
6,950,0,task1_initial,MLP,0.98974609375,0.20166015625,0.0,0.0,0.0,0.0,1.0,0.0,0.0
6,950,0,task1_initial,ChevronSlow,0.9833984375,0.203125,0.984375,0.2021484375,0.98291015625,0.205078125,1.0,0.003441050697785541,0.006269182199314452
6,950,0,task1_initial,IDLGated,0.9892578125,0.201171875,0.9892578125,0.201171875,0.98779296875,0.203125,0.0003911052190233022,0.0033571461783461257,0.005587977371061094
6,960,0,task1_initial,MLP,0.990234375,0.203125,0.0,0.0,0.0,0.0,1.0,0.0,0.0
6,960,0,task1_initial,ChevronSlow,0.98193359375,0.20458984375,0.98193359375,0.20361328125,0.982421875,0.20458984375,1.0,0.003240073895821774,0.006424727806011114
6,960,0,task1_initial,IDLGated,0.986328125,0.205078125,0.98388671875,0.205078125,0.986328125,0.20361328125,0.0003894224646501243,0.0031610698743605183,0.0058437937828592496
6,970,0,task1_initial,MLP,0.9873046875,0.2021484375,0.0,0.0,0.0,0.0,1.0,0.0,0.0
6,970,0,task1_initial,ChevronSlow,0.98046875,0.2060546875,0.98046875,0.20703125,0.982421875,0.20556640625,1.0,0.0030508352745693733,0.006476445950920776
6,970,0,task1_initial,IDLGated,0.984375,0.205078125,0.9833984375,0.20654296875,0.98583984375,0.20263671875,0.0003878443967550993,0.002976445534317569,0.0055041622906639815
6,980,0,task1_initial,MLP,0.98486328125,0.20703125,0.0,0.0,0.0,0.0,1.0,0.0,0.0
6,980,0,task1_initial,ChevronSlow,0.978515625,0.2119140625,0.9775390625,0.2138671875,0.9794921875,0.20849609375,1.0,0.002872649257956543,0.006903553546758886
6,980,0,task1_initial,IDLGated,0.98095703125,0.20703125,0.98193359375,0.20849609375,0.98486328125,0.20556640625,0.00038636461249552667,0.0028026042988218394,0.006024822720640801
6,990,0,task1_initial,MLP,0.9892578125,0.19775390625,0.0,0.0,0.0,0.0,1.0,0.0,0.0
6,990,0,task1_initial,ChevronSlow,0.98681640625,0.20068359375,0.9853515625,0.2001953125,0.98388671875,0.20361328125,1.0,0.0027048703114274397,0.00663551205617746
6,990,0,task1_initial,IDLGated,0.98828125,0.19921875,0.98828125,0.1982421875,0.98876953125,0.201171875,0.00038497630157507956,0.0026389163736454968,0.005545536578839577
6,1000,0,task1_initial,MLP,0.990234375,0.20263671875,0.0,0.0,0.0,0.0,1.0,0.0,0.0
6,1000,0,task1_initial,ChevronSlow,0.98291015625,0.20458984375,0.98095703125,0.203125,0.98486328125,0.2060546875,1.0,0.0025468906032914147,0.006113257029605585
6,1000,0,task1_initial,IDLGated,0.98388671875,0.2060546875,0.982421875,0.2060546875,0.986328125,0.20361328125,0.0003836736432276666,0.0024847887481018213,0.005408889868970889
6,1010,0,task1_initial,MLP,0.9892578125,0.19873046875,0.0,0.0,0.0,0.0,1.0,0.0,0.0
6,1010,0,task1_initial,ChevronSlow,0.9833984375,0.197265625,0.98388671875,0.1953125,0.984375,0.20166015625,1.0,0.0023981378026626757,0.006562395899019211
6,1010,0,task1_initial,IDLGated,0.9873046875,0.19873046875,0.9873046875,0.19775390625,0.98876953125,0.20166015625,0.0003824510204140097,0.0023396630466785803,0.005723977053024774
6,1020,0,task1_initial,MLP,0.9921875,0.19384765625,0.0,0.0,0.0,0.0,1.0,0.0,0.0
6,1020,0,task1_initial,ChevronSlow,0.98779296875,0.1953125,0.98583984375,0.19482421875,0.98583984375,0.19970703125,1.0,0.002258073006012708,0.005863979444149408
6,1020,0,task1_initial,IDLGated,0.98779296875,0.1953125,0.98828125,0.193359375,0.9892578125,0.2001953125,0.0003813033690676093,0.002203013506148163,0.0054241224849438975
6,1030,0,task1_initial,MLP,0.99169921875,0.201171875,0.0,0.0,0.0,0.0,1.0,0.0,0.0
6,1030,0,task1_initial,ChevronSlow,0.9814453125,0.20751953125,0.9814453125,0.20849609375,0.9833984375,0.2041015625,1.0,0.0021261887848237565,0.005809234057237156
6,1030,0,task1_initial,IDLGated,0.98388671875,0.20556640625,0.98291015625,0.20751953125,0.98681640625,0.203125,0.0003802260325755924,0.0020743450708259007,0.0056641682834108545
6,1040,0,task1_initial,MLP,0.9892578125,0.2060546875,0.0,0.0,0.0,0.0,1.0,0.0,0.0
6,1040,0,task1_initial,ChevronSlow,0.97998046875,0.21142578125,0.97802734375,0.21240234375,0.982421875,0.205078125,1.0,0.0020020073472703653,0.005718707320712487
6,1040,0,task1_initial,IDLGated,0.982421875,0.20849609375,0.98095703125,0.20947265625,0.9853515625,0.2041015625,0.00037921423790976405,0.001953191599076071,0.005263719277844772
6,1050,0,task1_initial,MLP,0.98876953125,0.20166015625,0.0,0.0,0.0,0.0,1.0,0.0,0.0
6,1050,0,task1_initial,ChevronSlow,0.98291015625,0.2060546875,0.982421875,0.20654296875,0.982421875,0.20458984375,1.0,0.0018850788072691108,0.006303552601903802
6,1050,0,task1_initial,IDLGated,0.986328125,0.203125,0.986328125,0.203125,0.98681640625,0.203125,0.000378264143364504,0.0018391141745680783,0.006049645842231466
6,1060,0,task1_initial,MLP,0.99072265625,0.19921875,0.0,0.0,0.0,0.0,1.0,0.0,0.0
6,1060,0,task1_initial,ChevronSlow,0.9853515625,0.20556640625,0.984375,0.205078125,0.9853515625,0.20458984375,1.0,0.0017749795546256003,0.006719897114329985
6,1060,0,task1_initial,IDLGated,0.9873046875,0.203125,0.9853515625,0.2041015625,0.9873046875,0.20361328125,0.0003773716452997178,0.0017316995161648205,0.006902303746563051
6,1070,0,task1_initial,MLP,0.990234375,0.19873046875,0.0,0.0,0.0,0.0,1.0,0.0,0.0
6,1070,0,task1_initial,ChevronSlow,0.98486328125,0.20556640625,0.98486328125,0.20556640625,0.9853515625,0.20458984375,1.0,0.0016713107203741042,0.005804898423676923
6,1070,0,task1_initial,IDLGated,0.98681640625,0.203125,0.98779296875,0.20361328125,0.98779296875,0.20263671875,0.0003765332221519202,0.0016305584806825528,0.0059154678339181565
6,1080,0,task1_initial,MLP,0.99072265625,0.2001953125,0.0,0.0,0.0,0.0,1.0,0.0,0.0
6,1080,0,task1_initial,ChevronSlow,0.984375,0.2021484375,0.9833984375,0.2001953125,0.986328125,0.20361328125,1.0,0.0015736967317500166,0.005552034030702588
6,1080,0,task1_initial,IDLGated,0.98486328125,0.20068359375,0.98486328125,0.19970703125,0.98779296875,0.2021484375,0.00037574543966911733,0.0015353246530980396,0.0052173405391990335
6,1090,0,task1_initial,MLP,0.98681640625,0.1943359375,0.0,0.0,0.0,0.0,1.0,0.0,0.0
6,1090,0,task1_initial,ChevronSlow,0.978515625,0.19287109375,0.97705078125,0.19091796875,0.98388671875,0.2001953125,1.0,0.0014817839515600913,0.006141267773895457
6,1090,0,task1_initial,IDLGated,0.9794921875,0.19287109375,0.978515625,0.189453125,0.98681640625,0.1982421875,0.0003750052419491112,0.001445653019095568,0.005815341476044294
6,1100,0,task1_initial,MLP,0.98583984375,0.1982421875,0.0,0.0,0.0,0.0,1.0,0.0,0.0
6,1100,0,task1_initial,ChevronSlow,0.97802734375,0.1953125,0.97607421875,0.193359375,0.9833984375,0.19970703125,1.0,0.0013952393970211446,0.005618476080921202
6,1100,0,task1_initial,IDLGated,0.97998046875,0.1982421875,0.97998046875,0.197265625,0.984375,0.19970703125,0.0003743094566743821,0.0013612187151447227,0.005577621545417863
6,1110,0,task1_initial,MLP,0.99072265625,0.20556640625,0.0,0.0,0.0,0.0,1.0,0.0,0.0
6,1110,0,task1_initial,ChevronSlow,0.9814453125,0.20947265625,0.9794921875,0.208984375,0.98583984375,0.20458984375,1.0,0.0013137495334258132,0.00555118519927914
6,1110,0,task1_initial,IDLGated,0.98291015625,0.20703125,0.98095703125,0.208984375,0.98681640625,0.203125,0.0003736556100193411,0.0012817158515806748,0.005318664030443781
6,1120,0,task1_initial,MLP,0.984375,0.2099609375,0.0,0.0,0.0,0.0,1.0,0.0,0.0
6,1120,0,task1_initial,ChevronSlow,0.97900390625,0.21484375,0.97802734375,0.216796875,0.982421875,0.20556640625,1.0,0.0012641334537349825,0.006440421218740542
6,1120,0,task1_initial,IDLGated,0.98046875,0.21044921875,0.97998046875,0.21435546875,0.9853515625,0.2041015625,0.0003730409371200949,0.0012068564044232343,0.005955244299159231
6,1130,0,task1_initial,MLP,0.98828125,0.203125,0.0,0.0,0.0,0.0,1.0,0.0,0.0
6,1130,0,task1_initial,ChevronSlow,0.98388671875,0.2041015625,0.9833984375,0.20458984375,0.984375,0.2041015625,1.0,0.001619843386643378,0.005516461047429011
6,1130,0,task1_initial,IDLGated,0.9853515625,0.20361328125,0.986328125,0.2041015625,0.98681640625,0.203125,0.0003733652411028743,0.0012463522758771827,0.005440289440366457
6,1140,0,task1_initial,MLP,0.9912109375,0.19482421875,0.0,0.0,0.0,0.0,1.0,0.0,0.0
6,1140,0,task1_initial,ChevronSlow,0.98681640625,0.201171875,0.9873046875,0.20068359375,0.98583984375,0.2021484375,1.0,0.0016326650220563662,0.006347788910817136
6,1140,0,task1_initial,IDLGated,0.98974609375,0.20068359375,0.98974609375,0.1982421875,0.98876953125,0.20263671875,0.00037287487066350877,0.0011866164408803998,0.006229486453241223
6,1150,0,task1_initial,MLP,0.9921875,0.19580078125,0.0,0.0,0.0,0.0,1.0,0.0,0.0
6,1150,0,task1_initial,ChevronSlow,0.9853515625,0.19482421875,0.98583984375,0.1943359375,0.986328125,0.20068359375,1.0,0.0015559855121912696,0.00676435145749134
6,1150,0,task1_initial,IDLGated,0.98876953125,0.19677734375,0.98876953125,0.19482421875,0.98828125,0.2001953125,0.0003723071131389588,0.001117311336599535,0.0065726776129230524
6,1160,0,task1_initial,MLP,0.98876953125,0.2001953125,0.0,0.0,0.0,0.0,1.0,0.0,0.0
6,1160,0,task1_initial,ChevronSlow,0.9833984375,0.20361328125,0.98388671875,0.203125,0.9853515625,0.2021484375,1.0,0.0015398854731227497,0.005739815193042056
6,1160,0,task1_initial,IDLGated,0.98583984375,0.201171875,0.98583984375,0.20166015625,0.98681640625,0.201171875,0.0003719138621818274,0.0010692579616556265,0.005814652569703638
6,1170,0,task1_initial,MLP,0.9892578125,0.208984375,0.0,0.0,0.0,0.0,1.0,0.0,0.0
6,1170,0,task1_initial,ChevronSlow,0.98291015625,0.208984375,0.98193359375,0.2099609375,0.98388671875,0.2060546875,1.0,0.0014499474614631607,0.006232723635078347
6,1170,0,task1_initial,IDLGated,0.98388671875,0.20849609375,0.98388671875,0.20947265625,0.98583984375,0.20361328125,0.00037140349741093814,0.0010068072556122256,0.0063633396287831
6,1180,0,task1_initial,MLP,0.990234375,0.20361328125,0.0,0.0,0.0,0.0,1.0,0.0,0.0
6,1180,0,task1_initial,ChevronSlow,0.98681640625,0.201171875,0.98828125,0.20068359375,0.98681640625,0.203125,1.0,0.0013652623378153513,0.00535972068083228
6,1180,0,task1_initial,IDLGated,0.9892578125,0.201171875,0.98974609375,0.201171875,0.98779296875,0.2021484375,0.0003709235170390457,0.0009480040236351206,0.005354303535339395
6,1190,0,task1_initial,MLP,0.99267578125,0.19580078125,0.0,0.0,0.0,0.0,1.0,0.0,0.0
6,1190,0,task1_initial,ChevronSlow,0.9873046875,0.1962890625,0.98681640625,0.1943359375,0.98779296875,0.2001953125,1.0,0.001285523303841721,0.005729043363435916
6,1190,0,task1_initial,IDLGated,0.98779296875,0.19677734375,0.98828125,0.1953125,0.9892578125,0.2001953125,0.0003704720293171704,0.0008926352326313779,0.005782213215706412
6,1200,0,task1_initial,MLP,0.99169921875,0.19677734375,0.0,0.0,0.0,0.0,1.0,0.0,0.0
6,1200,0,task1_initial,ChevronSlow,0.98486328125,0.19970703125,0.984375,0.19873046875,0.98828125,0.20166015625,1.0,0.0012104414799609306,0.0057676586997355735
6,1200,0,task1_initial,IDLGated,0.9873046875,0.19921875,0.986328125,0.19921875,0.990234375,0.20068359375,0.00037004760815761983,0.0008405002918442839,0.005781769541633139
6,1210,0,task1_initial,MLP,0.9853515625,0.205078125,0.0,0.0,0.0,0.0,1.0,0.0,0.0
6,1210,0,task1_initial,ChevronSlow,0.97998046875,0.2099609375,0.97900390625,0.2109375,0.984375,0.2041015625,1.0,0.0011397448587913003,0.005184406595204885
6,1210,0,task1_initial,IDLGated,0.98291015625,0.20947265625,0.9814453125,0.2119140625,0.986328125,0.203125,0.00036964830360375345,0.0007914103261506123,0.005022434816427187
6,1220,0,task1_initial,MLP,0.98876953125,0.2021484375,0.0,0.0,0.0,0.0,1.0,0.0,0.0
6,1220,0,task1_initial,ChevronSlow,0.984375,0.20458984375,0.984375,0.205078125,0.98583984375,0.203125,1.0,0.0010731773197190243,0.0044861388889109255
6,1220,0,task1_initial,IDLGated,0.98583984375,0.2041015625,0.9853515625,0.2041015625,0.98681640625,0.203125,0.0003692726604640484,0.0007451874918014377,0.004254140917149707
6,1230,0,task1_initial,MLP,0.9921875,0.20166015625,0.0,0.0,0.0,0.0,1.0,0.0,0.0
6,1230,0,task1_initial,ChevronSlow,0.98681640625,0.20263671875,0.9873046875,0.20263671875,0.986328125,0.203125,1.0,0.0010104977010211716,0.004827574311590021
6,1230,0,task1_initial,IDLGated,0.98681640625,0.203125,0.986328125,0.203125,0.9873046875,0.203125,0.0003689193690661341,0.0007016643321275523,0.004663320766823971
6,1240,0,task1_initial,MLP,0.98828125,0.20263671875,0.0,0.0,0.0,0.0,1.0,0.0,0.0
6,1240,0,task1_initial,ChevronSlow,0.98291015625,0.2080078125,0.98193359375,0.20849609375,0.984375,0.205078125,1.0,0.0009514789261819433,0.004824990222527334
6,1240,0,task1_initial,IDLGated,0.98291015625,0.20703125,0.982421875,0.20849609375,0.98486328125,0.20458984375,0.0003685870033223182,0.0006606831708753251,0.004706979558374011
6,1250,0,task1_initial,MLP,0.99072265625,0.2001953125,0.0,0.0,0.0,0.0,1.0,0.0,0.0
6,1250,0,task1_initial,ChevronSlow,0.98388671875,0.20458984375,0.98486328125,0.20361328125,0.984375,0.2041015625,1.0,0.0008959071812369975,0.0050539951990668545
6,1250,0,task1_initial,IDLGated,0.98779296875,0.2021484375,0.98779296875,0.20166015625,0.98681640625,0.203125,0.0003682744281832129,0.0006220955409751744,0.004750892543306672
6,1260,0,task1_initial,MLP,0.99365234375,0.1953125,0.0,0.0,0.0,0.0,1.0,0.0,0.0
6,1260,0,task1_initial,ChevronSlow,0.98779296875,0.19677734375,0.98779296875,0.19384765625,0.98681640625,0.20068359375,1.0,0.0008435811401655134,0.006060198728773332
6,1260,0,task1_initial,IDLGated,0.98876953125,0.1962890625,0.98876953125,0.1943359375,0.9892578125,0.20068359375,0.0003679803339764476,0.0005857616466731897,0.005916160711431843
6,1270,0,task1_initial,MLP,0.9931640625,0.19921875,0.0,0.0,0.0,0.0,1.0,0.0,0.0
6,1270,0,task1_initial,ChevronSlow,0.98876953125,0.20068359375,0.98828125,0.20068359375,0.9873046875,0.2021484375,1.0,0.0007943112355237364,0.005228854071202693
6,1270,0,task1_initial,IDLGated,0.990234375,0.2001953125,0.990234375,0.19970703125,0.98828125,0.20166015625,0.0003677034692373127,0.0005515498570773061,0.005050632817581046
6,1280,0,task1_initial,MLP,0.9912109375,0.20068359375,0.0,0.0,0.0,0.0,1.0,0.0,0.0
6,1280,0,task1_initial,ChevronSlow,0.9873046875,0.20068359375,0.9873046875,0.20068359375,0.9873046875,0.201171875,1.0,0.0007479189716776434,0.005827973154768172
6,1280,0,task1_initial,IDLGated,0.98828125,0.201171875,0.98828125,0.201171875,0.98828125,0.20166015625,0.00036744310637004673,0.0005193362292832416,0.006007193835321266
6,1290,0,task1_initial,MLP,0.99267578125,0.197265625,0.0,0.0,0.0,0.0,1.0,0.0,0.0
6,1290,0,task1_initial,ChevronSlow,0.98828125,0.19921875,0.98828125,0.19970703125,0.98828125,0.19921875,1.0,0.0007042362781467005,0.006575603932762706
6,1290,0,task1_initial,IDLGated,0.990234375,0.19775390625,0.98974609375,0.197265625,0.98974609375,0.19921875,0.00036719816853292286,0.0004890040593525756,0.00684560011813369
6,1300,0,task1_initial,MLP,0.9951171875,0.1962890625,0.0,0.0,0.0,0.0,1.0,0.0,0.0
6,1300,0,task1_initial,ChevronSlow,0.98681640625,0.1982421875,0.9873046875,0.197265625,0.98828125,0.19921875,1.0,0.0006631049007160006,0.005957143738881823
6,1300,0,task1_initial,IDLGated,0.9892578125,0.197265625,0.98876953125,0.197265625,0.990234375,0.19921875,0.0003669675497803837,0.0004604434595162445,0.005915996062176254
6,1310,0,task1_initial,MLP,0.98828125,0.19287109375,0.0,0.0,0.0,0.0,1.0,0.0,0.0
6,1310,0,task1_initial,ChevronSlow,0.98486328125,0.1982421875,0.98388671875,0.19775390625,0.98681640625,0.19970703125,1.0,0.0006243758281108898,0.005449227027056317
6,1310,0,task1_initial,IDLGated,0.9873046875,0.197265625,0.98681640625,0.19580078125,0.98876953125,0.1982421875,0.00036675052251666784,0.0004335509600717403,0.0053470746291015454
6,1320,0,task1_initial,MLP,0.9892578125,0.2080078125,0.0,0.0,0.0,0.0,1.0,0.0,0.0
6,1320,0,task1_initial,ChevronSlow,0.9833984375,0.2080078125,0.982421875,0.20947265625,0.9853515625,0.20458984375,1.0,0.0005879087521570365,0.006127517622879442
6,1320,0,task1_initial,IDLGated,0.98486328125,0.20947265625,0.98388671875,0.2109375,0.98779296875,0.20361328125,0.0003665463882498443,0.000408229134531764,0.006611004530538062
6,1330,0,task1_initial,MLP,0.9921875,0.20263671875,0.0,0.0,0.0,0.0,1.0,0.0,0.0
6,1330,0,task1_initial,ChevronSlow,0.98779296875,0.20166015625,0.98779296875,0.20166015625,0.9873046875,0.20166015625,1.0,0.0005535715594702015,0.005002294069332568
6,1330,0,task1_initial,IDLGated,0.9892578125,0.201171875,0.98974609375,0.201171875,0.98974609375,0.201171875,0.0003663542738649994,0.00038438624666631364,0.005433755869809469
6,1340,0,task1_initial,MLP,0.990234375,0.19140625,0.0,0.0,0.0,0.0,1.0,0.0,0.0
6,1340,0,task1_initial,ChevronSlow,0.986328125,0.19677734375,0.98486328125,0.1962890625,0.9873046875,0.20068359375,1.0,0.000521239852834198,0.005372943673808927
6,1340,0,task1_initial,IDLGated,0.98828125,0.19580078125,0.9873046875,0.1953125,0.98876953125,0.19970703125,0.00036617336445488036,0.0003619359181595099,0.005781275351516563
6,1350,0,task1_initial,MLP,0.98779296875,0.19580078125,0.0,0.0,0.0,0.0,1.0,0.0,0.0
6,1350,0,task1_initial,ChevronSlow,0.98193359375,0.2001953125,0.97998046875,0.19970703125,0.98486328125,0.20068359375,1.0,0.0005179933761750178,0.005322287391691155
6,1350,0,task1_initial,IDLGated,0.982421875,0.1982421875,0.982421875,0.19970703125,0.986328125,0.20068359375,0.00036609344533644617,0.0003520141506321954,0.005444096656215329
6,1360,0,task1_initial,MLP,0.99169921875,0.19921875,0.0,0.0,0.0,0.0,1.0,0.0,0.0
6,1360,0,task1_initial,ChevronSlow,0.98681640625,0.19677734375,0.986328125,0.19580078125,0.98828125,0.19921875,1.0,0.000519173993835839,0.005791308105343877
6,1360,0,task1_initial,IDLGated,0.98828125,0.19873046875,0.9873046875,0.19775390625,0.990234375,0.19970703125,0.00036605435889214277,0.00034716107361374045,0.005535156427764179
6,1370,0,task1_initial,MLP,0.98828125,0.2060546875,0.0,0.0,0.0,0.0,1.0,0.0,0.0
6,1370,0,task1_initial,ChevronSlow,0.98291015625,0.2060546875,0.98291015625,0.20751953125,0.98681640625,0.20361328125,1.0,0.0005416861570385619,0.005349522068584433
6,1370,0,task1_initial,IDLGated,0.98486328125,0.205078125,0.984375,0.205078125,0.98779296875,0.2021484375,0.00036589126102626324,0.00032688490552760954,0.005109795623933274
6,1380,0,task1_initial,MLP,0.98486328125,0.2041015625,0.0,0.0,0.0,0.0,1.0,0.0,0.0
6,1380,0,task1_initial,ChevronSlow,0.97998046875,0.20263671875,0.97802734375,0.20556640625,0.98388671875,0.20458984375,1.0,0.0006012702491717104,0.005913167086978585
6,1380,0,task1_initial,IDLGated,0.9814453125,0.2021484375,0.98095703125,0.20361328125,0.986328125,0.203125,0.00036573762190528214,0.0003077929802137961,0.005741238728623894
6,1390,0,task1_initial,MLP,0.98828125,0.19677734375,0.0,0.0,0.0,0.0,1.0,0.0,0.0
6,1390,0,task1_initial,ChevronSlow,0.9853515625,0.201171875,0.98583984375,0.19970703125,0.984375,0.2021484375,1.0,0.00075874665117062,0.004606048675343472
6,1390,0,task1_initial,IDLGated,0.98779296875,0.2001953125,0.98779296875,0.19970703125,0.9873046875,0.20068359375,0.0003656884946394712,0.0003016915856661212,0.004730123413567571
6,1400,0,task1_initial,MLP,0.98779296875,0.205078125,0.0,0.0,0.0,0.0,1.0,0.0,0.0
6,1400,0,task1_initial,ChevronSlow,0.97998046875,0.2119140625,0.978515625,0.21435546875,0.9833984375,0.20458984375,1.0,0.0007144315599831743,0.006230165890730015
6,1400,0,task1_initial,IDLGated,0.98193359375,0.21142578125,0.9814453125,0.21435546875,0.986328125,0.2041015625,0.00036554678808897734,0.00028407109256918,0.006781692149550193
6,1410,0,task1_initial,MLP,0.9921875,0.19580078125,0.0,0.0,0.0,0.0,1.0,0.0,0.0
6,1410,0,task1_initial,ChevronSlow,0.986328125,0.19921875,0.98583984375,0.19873046875,0.9853515625,0.203125,1.0,0.0006969394632401208,0.005669390999544259
6,1410,0,task1_initial,IDLGated,0.98779296875,0.1982421875,0.9873046875,0.19580078125,0.98876953125,0.201171875,0.00036544870818033814,0.0002718613809959239,0.0058300792279699
6,1420,0,task1_initial,MLP,0.99267578125,0.1982421875,0.0,0.0,0.0,0.0,1.0,0.0,0.0
6,1420,0,task1_initial,ChevronSlow,0.98876953125,0.2001953125,0.9892578125,0.19970703125,0.98876953125,0.2021484375,1.0,0.000809876529760794,0.005440228447217873
6,1420,0,task1_initial,IDLGated,0.98974609375,0.19970703125,0.98974609375,0.19970703125,0.990234375,0.20068359375,0.00036683896905742586,0.00044450919591887113,0.005555681356911953
6,1430,0,task1_initial,MLP,0.98974609375,0.20556640625,0.0,0.0,0.0,0.0,1.0,0.0,0.0
6,1430,0,task1_initial,ChevronSlow,0.98388671875,0.208984375,0.98193359375,0.208984375,0.98486328125,0.20361328125,1.0,0.0009098239483904101,0.005654252840487889
6,1430,0,task1_initial,IDLGated,0.984375,0.20751953125,0.9833984375,0.208984375,0.9873046875,0.205078125,0.00036819156957790256,0.0006118557311624366,0.0065224916252331075
6,1440,0,task1_initial,MLP,0.98828125,0.20654296875,0.0,0.0,0.0,0.0,1.0,0.0,0.0
6,1440,0,task1_initial,ChevronSlow,0.98291015625,0.2060546875,0.98193359375,0.20849609375,0.9833984375,0.20458984375,1.0,0.0009789781521731926,0.004892751055008154
6,1440,0,task1_initial,IDLGated,0.98486328125,0.20703125,0.98486328125,0.20703125,0.98779296875,0.2041015625,0.0003695248160511255,0.0007762272087696998,0.005524454781957815
6,1450,0,task1_initial,MLP,0.9892578125,0.20166015625,0.0,0.0,0.0,0.0,1.0,0.0,0.0
6,1450,0,task1_initial,ChevronSlow,0.98388671875,0.20654296875,0.9833984375,0.20654296875,0.984375,0.2041015625,1.0,0.000921872921330817,0.004435409818239608
6,1450,0,task1_initial,IDLGated,0.984375,0.203125,0.984375,0.20556640625,0.98583984375,0.2041015625,0.0003692840982694179,0.0007465918709796043,0.004618643252798506
6,1460,0,task1_initial,MLP,0.99169921875,0.20068359375,0.0,0.0,0.0,0.0,1.0,0.0,0.0
6,1460,0,task1_initial,ChevronSlow,0.98583984375,0.20263671875,0.9853515625,0.203125,0.9853515625,0.20361328125,1.0,0.0008680303343368804,0.004265129166118056
6,1460,0,task1_initial,IDLGated,0.98779296875,0.20361328125,0.98779296875,0.20361328125,0.9873046875,0.20361328125,0.00036893010837957263,0.0007029866876272671,0.0040990117860617474
6,1470,0,task1_initial,MLP,0.9912109375,0.205078125,0.0,0.0,0.0,0.0,1.0,0.0,0.0
6,1470,0,task1_initial,ChevronSlow,0.98388671875,0.20751953125,0.984375,0.20751953125,0.98486328125,0.205078125,1.0,0.0008173324586226883,0.0049073707673855885
6,1470,0,task1_initial,IDLGated,0.98681640625,0.20556640625,0.986328125,0.2060546875,0.9873046875,0.20361328125,0.00036859718966297805,0.000661928293342826,0.004556270438170632
6,1480,0,task1_initial,MLP,0.9912109375,0.203125,0.0,0.0,0.0,0.0,1.0,0.0,0.0
6,1480,0,task1_initial,ChevronSlow,0.986328125,0.20166015625,0.9853515625,0.20166015625,0.98583984375,0.20361328125,1.0,0.0007695956252825453,0.006290290790039345
6,1480,0,task1_initial,IDLGated,0.98779296875,0.20166015625,0.9873046875,0.20068359375,0.98876953125,0.20263671875,0.0003682838869281113,0.000623267941255893,0.005959802748444228
6,1490,0,task1_initial,MLP,0.99267578125,0.1982421875,0.0,0.0,0.0,0.0,1.0,0.0,0.0
6,1490,0,task1_initial,ChevronSlow,0.98779296875,0.2021484375,0.98681640625,0.20166015625,0.98681640625,0.203125,1.0,0.0007426505826006728,0.006983027063169614
6,1490,0,task1_initial,IDLGated,0.98828125,0.201171875,0.98828125,0.20068359375,0.98779296875,0.20263671875,0.0003680360969156027,0.0005926708900638269,0.00665303404807867
6,1500,0,task1_initial,MLP,0.99267578125,0.20458984375,0.0,0.0,0.0,0.0,1.0,0.0,0.0
6,1500,0,task1_initial,ChevronSlow,0.98291015625,0.2080078125,0.98291015625,0.20849609375,0.9853515625,0.20556640625,1.0,0.000963090988082264,0.006566776900718873
6,1500,0,task1_initial,IDLGated,0.9853515625,0.2060546875,0.9853515625,0.20654296875,0.98779296875,0.2041015625,0.0003697141946759075,0.0007995282206334801,0.006157210576715441
6,1510,0,task1_initial,MLP,0.99365234375,0.2021484375,0.0,0.0,0.0,0.0,1.0,0.0,0.0
6,1510,0,task1_initial,ChevronSlow,0.98486328125,0.20361328125,0.98486328125,0.20361328125,0.986328125,0.2041015625,1.0,0.0010555280698250251,0.005941707528600221
6,1510,0,task1_initial,IDLGated,0.98681640625,0.2021484375,0.98681640625,0.2021484375,0.98828125,0.203125,0.0003704436239786446,0.0008891511819959788,0.005245777736778151
6,1520,0,task1_initial,MLP,0.990234375,0.197265625,0.0,0.0,0.0,0.0,1.0,0.0,0.0
6,1520,0,task1_initial,ChevronSlow,0.986328125,0.1962890625,0.98583984375,0.1953125,0.986328125,0.201171875,1.0,0.0009938792670355341,0.005899180219185853
6,1520,0,task1_initial,IDLGated,0.98681640625,0.19580078125,0.986328125,0.19482421875,0.98828125,0.19970703125,0.0003700208035297692,0.0008372197294501457,0.005658256781609208
6,1530,0,task1_initial,MLP,0.9931640625,0.20166015625,0.0,0.0,0.0,0.0,1.0,0.0,0.0
6,1530,0,task1_initial,ChevronSlow,0.986328125,0.2041015625,0.986328125,0.205078125,0.98583984375,0.20361328125,1.0,0.0009358311026317257,0.005300076929934876
6,1530,0,task1_initial,IDLGated,0.9873046875,0.205078125,0.9873046875,0.2060546875,0.98876953125,0.2021484375,0.00036962307058274746,0.0007883213671347796,0.005195929422370009
6,1540,0,task1_initial,MLP,0.98974609375,0.201171875,0.0,0.0,0.0,0.0,1.0,0.0,0.0
6,1540,0,task1_initial,ChevronSlow,0.9853515625,0.20263671875,0.98291015625,0.20166015625,0.9873046875,0.20263671875,1.0,0.0008811732789890262,0.005969995389659901
6,1540,0,task1_initial,IDLGated,0.98681640625,0.20166015625,0.986328125,0.20068359375,0.9873046875,0.20166015625,0.00036924908636137843,0.000742278945444099,0.005722390373251857
6,1550,0,task1_initial,MLP,0.990234375,0.19189453125,0.0,0.0,0.0,0.0,1.0,0.0,0.0
6,1550,0,task1_initial,ChevronSlow,0.9873046875,0.19287109375,0.98583984375,0.19091796875,0.9873046875,0.201171875,1.0,0.0008297077810522743,0.006030009901441853
6,1550,0,task1_initial,IDLGated,0.98876953125,0.19189453125,0.98828125,0.19140625,0.9892578125,0.19970703125,0.0003688972210511565,0.0006989256613101579,0.006018311067757952
6,1560,0,task1_initial,MLP,0.9873046875,0.1923828125,0.0,0.0,0.0,0.0,1.0,0.0,0.0
6,1560,0,task1_initial,ChevronSlow,0.9853515625,0.19873046875,0.98291015625,0.19970703125,0.98779296875,0.201171875,1.0,0.0007812481589642732,0.005047533920237551
6,1560,0,task1_initial,IDLGated,0.98779296875,0.1982421875,0.986328125,0.197265625,0.9892578125,0.19921875,0.00036856610677205026,0.0006581044539065808,0.004857559536488386
6,1570,0,task1_initial,MLP,0.994140625,0.1982421875,0.0,0.0,0.0,0.0,1.0,0.0,0.0
6,1570,0,task1_initial,ChevronSlow,0.98828125,0.19287109375,0.98828125,0.19091796875,0.9873046875,0.1982421875,1.0,0.0007356188525928894,0.005149708865519797
6,1570,0,task1_initial,IDLGated,0.98876953125,0.19482421875,0.98876953125,0.193359375,0.990234375,0.19873046875,0.0003682547539938241,0.0006196674356466134,0.005366901380591479
6,1580,0,task1_initial,MLP,0.99072265625,0.20458984375,0.0,0.0,0.0,0.0,1.0,0.0,0.0
6,1580,0,task1_initial,ChevronSlow,0.986328125,0.2021484375,0.986328125,0.20263671875,0.98876953125,0.19970703125,1.0,0.0006926545555095834,0.004783404624562198
6,1580,0,task1_initial,IDLGated,0.98681640625,0.20166015625,0.9853515625,0.20263671875,0.9892578125,0.20068359375,0.00036796170752495527,0.0005834753564141013,0.0052012745603987245
6,1590,0,task1_initial,MLP,0.9912109375,0.20556640625,0.0,0.0,0.0,0.0,1.0,0.0,0.0
6,1590,0,task1_initial,ChevronSlow,0.98291015625,0.20849609375,0.982421875,0.2119140625,0.9873046875,0.203125,1.0,0.0006521996161151896,0.005724228412896037
6,1590,0,task1_initial,IDLGated,0.98583984375,0.20849609375,0.9833984375,0.21044921875,0.98779296875,0.20458984375,0.00036768609425053,0.0005493970990864077,0.005778529045502416
6,1600,0,task1_initial,MLP,0.99072265625,0.2060546875,0.0,0.0,0.0,0.0,1.0,0.0,0.0
6,1600,0,task1_initial,ChevronSlow,0.986328125,0.205078125,0.9853515625,0.205078125,0.98828125,0.203125,1.0,0.0006141074737433318,0.004944197143525868
6,1600,0,task1_initial,IDLGated,0.98974609375,0.20458984375,0.98876953125,0.205078125,0.98876953125,0.20361328125,0.0003674266336020082,0.0005173092045216416,0.005098935845197751
6,1610,0,task1_initial,MLP,0.99169921875,0.20361328125,0.0,0.0,0.0,0.0,1.0,0.0,0.0
6,1610,0,task1_initial,ChevronSlow,0.986328125,0.20556640625,0.9853515625,0.20654296875,0.986328125,0.2041015625,1.0,0.0005782401276985874,0.004242984236091681
6,1610,0,task1_initial,IDLGated,0.9853515625,0.205078125,0.9853515625,0.2060546875,0.9873046875,0.20361328125,0.00036718256887979805,0.00048709542428931695,0.0045499292793618395
6,1620,0,task1_initial,MLP,0.99072265625,0.2041015625,0.0,0.0,0.0,0.0,1.0,0.0,0.0
6,1620,0,task1_initial,ChevronSlow,0.98486328125,0.2060546875,0.98486328125,0.20703125,0.98583984375,0.20458984375,1.0,0.0005444676373058216,0.005075429865664353
6,1620,0,task1_initial,IDLGated,0.98779296875,0.2060546875,0.98828125,0.20751953125,0.98779296875,0.205078125,0.0003669530269689858,0.00045864629952406695,0.004916687487709269
6,1630,0,task1_initial,MLP,0.9921875,0.19970703125,0.0,0.0,0.0,0.0,1.0,0.0,0.0
6,1630,0,task1_initial,ChevronSlow,0.9873046875,0.20361328125,0.98779296875,0.20263671875,0.98681640625,0.20361328125,1.0,0.0005126676511594647,0.00498891289812211
6,1630,0,task1_initial,IDLGated,0.98974609375,0.20166015625,0.98876953125,0.201171875,0.9892578125,0.20263671875,0.0003667369019240141,0.00043185876437668215,0.004869068622664152
6,1640,0,task1_initial,MLP,0.99462890625,0.19580078125,0.0,0.0,0.0,0.0,1.0,0.0,0.0
6,1640,0,task1_initial,ChevronSlow,0.98779296875,0.2021484375,0.9873046875,0.20166015625,0.9873046875,0.20263671875,1.0,0.0004827249638672918,0.005329690830843308
6,1640,0,task1_initial,IDLGated,0.98876953125,0.19970703125,0.9892578125,0.2001953125,0.98876953125,0.2021484375,0.0003665334661491215,0.0004066357726258471,0.005587785419769878
6,1650,0,task1_initial,MLP,0.9912109375,0.2021484375,0.0,0.0,0.0,0.0,1.0,0.0,0.0
6,1650,0,task1_initial,ChevronSlow,0.98486328125,0.20458984375,0.98388671875,0.20556640625,0.98681640625,0.2041015625,1.0,0.00045453109868287073,0.005793380981241771
6,1650,0,task1_initial,IDLGated,0.984375,0.20556640625,0.98388671875,0.20703125,0.9873046875,0.2041015625,0.00036634219577535987,0.0003828859460978621,0.006436106131658068
6,1660,0,task1_initial,MLP,0.99365234375,0.203125,0.0,0.0,0.0,0.0,1.0,0.0,0.0
6,1660,0,task1_initial,ChevronSlow,0.9853515625,0.20556640625,0.98486328125,0.2060546875,0.986328125,0.20458984375,1.0,0.00042798391451463145,0.005792065582143592
6,1660,0,task1_initial,IDLGated,0.98779296875,0.203125,0.98828125,0.20458984375,0.98828125,0.2041015625,0.00036659426405094564,0.00041417688922499674,0.006017032792498925
6,1670,0,task1_initial,MLP,0.9921875,0.2060546875,0.0,0.0,0.0,0.0,1.0,0.0,0.0
6,1670,0,task1_initial,ChevronSlow,0.984375,0.20654296875,0.984375,0.2080078125,0.98583984375,0.20556640625,1.0,0.000429402683163538,0.005142011049790748
6,1670,0,task1_initial,IDLGated,0.98876953125,0.20556640625,0.98681640625,0.20703125,0.98876953125,0.2041015625,0.0003679301589727402,0.0005795605256021004,0.005348505378016453
6,1680,0,task1_initial,MLP,0.99267578125,0.20166015625,0.0,0.0,0.0,0.0,1.0,0.0,0.0
6,1680,0,task1_initial,ChevronSlow,0.986328125,0.203125,0.986328125,0.20361328125,0.98681640625,0.20458984375,1.0,0.00040432314043189316,0.004605669290810992
6,1680,0,task1_initial,IDLGated,0.9873046875,0.203125,0.9873046875,0.2021484375,0.98779296875,0.20458984375,0.00036767838173545897,0.0005484435386703733,0.00454252583614013
6,1690,0,task1_initial,MLP,0.99560546875,0.1962890625,0.0,0.0,0.0,0.0,1.0,0.0,0.0
6,1690,0,task1_initial,ChevronSlow,0.98876953125,0.20166015625,0.9892578125,0.201171875,0.9873046875,0.203125,1.0,0.00038070838468992076,0.004456302103434163
6,1690,0,task1_initial,IDLGated,0.9892578125,0.19921875,0.98974609375,0.19873046875,0.98828125,0.2021484375,0.0003674194449558854,0.0005164113374213197,0.004092653005148368
6,1700,0,task1_initial,MLP,0.9921875,0.19921875,0.0,0.0,0.0,0.0,1.0,0.0,0.0
6,1700,0,task1_initial,ChevronSlow,0.98779296875,0.201171875,0.98583984375,0.19921875,0.986328125,0.20263671875,1.0,0.0003584728641016854,0.004397363864429788
6,1700,0,task1_initial,IDLGated,0.98828125,0.201171875,0.9873046875,0.19970703125,0.98681640625,0.20166015625,0.0003671757294796407,0.0004862499977004143,0.004079199196357413
6,1710,0,task1_initial,MLP,0.9951171875,0.2001953125,0.0,0.0,0.0,0.0,1.0,0.0,0.0
6,1710,0,task1_initial,ChevronSlow,0.98828125,0.203125,0.98828125,0.203125,0.98681640625,0.20361328125,1.0,0.0003375360235418201,0.003397431879345069
6,1710,0,task1_initial,IDLGated,0.98779296875,0.20458984375,0.98828125,0.2041015625,0.98779296875,0.2041015625,0.00036694653681479394,0.0004578502506244388,0.0033518839570948365
6,1720,0,task1_initial,MLP,0.99365234375,0.1962890625,0.0,0.0,0.0,0.0,1.0,0.0,0.0
6,1720,0,task1_initial,ChevronSlow,0.98828125,0.1962890625,0.98876953125,0.193359375,0.98828125,0.20068359375,1.0,0.000317822012759399,0.004618932830535442
6,1720,0,task1_initial,IDLGated,0.9912109375,0.1953125,0.9912109375,0.193359375,0.9892578125,0.20068359375,0.0003667307610157877,0.0004311092092303012,0.0048941866187116635
6,1730,0,task1_initial,MLP,0.9951171875,0.1982421875,0.0,0.0,0.0,0.0,1.0,0.0,0.0
6,1730,0,task1_initial,ChevronSlow,0.98828125,0.201171875,0.98876953125,0.201171875,0.9873046875,0.20166015625,1.0,0.00029925941158668803,0.003725801551274951
6,1730,0,task1_initial,IDLGated,0.98876953125,0.20068359375,0.98974609375,0.20068359375,0.98779296875,0.20166015625,0.00036652787821367383,0.00040592999573484383,0.0035039694774996037
6,1740,0,task1_initial,MLP,0.9931640625,0.20263671875,0.0,0.0,0.0,0.0,1.0,0.0,0.0
6,1740,0,task1_initial,ChevronSlow,0.986328125,0.20556640625,0.9853515625,0.208984375,0.9873046875,0.20361328125,1.0,0.0002817809711972579,0.005159756969280083
6,1740,0,task1_initial,IDLGated,0.9892578125,0.205078125,0.9873046875,0.20751953125,0.9892578125,0.203125,0.0003663367824628949,0.00038222139056478453,0.004694340033859437
6,1750,0,task1_initial,MLP,0.99365234375,0.19921875,0.0,0.0,0.0,0.0,1.0,0.0,0.0
6,1750,0,task1_initial,ChevronSlow,0.982421875,0.2021484375,0.982421875,0.201171875,0.986328125,0.203125,1.0,0.0002653233704760846,0.005407500020307365
6,1750,0,task1_initial,IDLGated,0.98583984375,0.20068359375,0.9853515625,0.201171875,0.98779296875,0.20166015625,0.0003661569789983332,0.000359897501885292,0.00511063337928742
6,1760,0,task1_initial,MLP,0.9970703125,0.1962890625,0.0,0.0,0.0,0.0,1.0,0.0,0.0
6,1760,0,task1_initial,ChevronSlow,0.98828125,0.19921875,0.9873046875,0.19921875,0.98779296875,0.20068359375,1.0,0.00024982698661901227,0.004308287876029414
6,1760,0,task1_initial,IDLGated,0.9892578125,0.19921875,0.98974609375,0.1982421875,0.9892578125,0.2001953125,0.0003659877402242273,0.0003388774544299601,0.004231123140361342
6,1770,0,task1_initial,MLP,0.99560546875,0.19580078125,0.0,0.0,0.0,0.0,1.0,0.0,0.0
6,1770,0,task1_initial,ChevronSlow,0.9873046875,0.19921875,0.98779296875,0.1982421875,0.98828125,0.20068359375,1.0,0.00023523567913050423,0.004654588830985239
6,1770,0,task1_initial,IDLGated,0.98828125,0.19873046875,0.98828125,0.19873046875,0.98974609375,0.2001953125,0.00036582848406396806,0.0003190850965048691,0.0046252951358452055
6,1780,0,task1_initial,MLP,0.99365234375,0.20263671875,0.0,0.0,0.0,0.0,1.0,0.0,0.0
6,1780,0,task1_initial,ChevronSlow,0.986328125,0.2060546875,0.98486328125,0.20849609375,0.98828125,0.20361328125,1.0,0.0002214965864371451,0.0051863010659795854
6,1780,0,task1_initial,IDLGated,0.98974609375,0.20703125,0.98779296875,0.208984375,0.98828125,0.20361328125,0.00036567854112945497,0.00030044872410526504,0.005065753940441908
6,1790,0,task1_initial,MLP,0.9931640625,0.203125,0.0,0.0,0.0,0.0,1.0,0.0,0.0
6,1790,0,task1_initial,ChevronSlow,0.986328125,0.20361328125,0.98681640625,0.20361328125,0.98828125,0.20361328125,1.0,0.00020855993438006373,0.004352877882831119
6,1790,0,task1_initial,IDLGated,0.990234375,0.20263671875,0.98974609375,0.20263671875,0.9892578125,0.20263671875,0.0003655373875517398,0.00028290082114538443,0.00418257631757081
6,1800,0,task1_initial,MLP,0.994140625,0.203125,0.0,0.0,0.0,0.0,1.0,0.0,0.0
6,1800,0,task1_initial,ChevronSlow,0.98681640625,0.20263671875,0.98681640625,0.20263671875,0.9873046875,0.20263671875,1.0,0.0001963788558924806,0.0045198154492746305
6,1800,0,task1_initial,IDLGated,0.98779296875,0.2021484375,0.98828125,0.201171875,0.98779296875,0.201171875,0.00036540464498102665,0.00026637781486032374,0.004631393433819859
6,1810,0,task1_initial,MLP,0.99267578125,0.2041015625,0.0,0.0,0.0,0.0,1.0,0.0,0.0
6,1810,0,task1_initial,ChevronSlow,0.9853515625,0.20849609375,0.9853515625,0.21044921875,0.98681640625,0.20361328125,1.0,0.00018490922120910518,0.004781425750188847
6,1810,0,task1_initial,IDLGated,0.9873046875,0.2080078125,0.986328125,0.2099609375,0.98974609375,0.20361328125,0.0003652796149253845,0.0002508198454938228,0.00461691144448083
6,1820,0,task1_initial,MLP,0.9921875,0.20947265625,0.0,0.0,0.0,0.0,1.0,0.0,0.0
6,1820,0,task1_initial,ChevronSlow,0.98291015625,0.2109375,0.98095703125,0.2119140625,0.9853515625,0.20703125,1.0,0.00021609092844892034,0.0052317046887860865
6,1820,0,task1_initial,IDLGated,0.9833984375,0.2099609375,0.98193359375,0.20947265625,0.98876953125,0.20556640625,0.0003651814186014235,0.00023858665891408534,0.005242347943583933
6,1830,0,task1_initial,MLP,0.99609375,0.193359375,0.0,0.0,0.0,0.0,1.0,0.0,0.0
6,1830,0,task1_initial,ChevronSlow,0.9873046875,0.1982421875,0.9873046875,0.19775390625,0.98681640625,0.2021484375,1.0,0.00034454363949917226,0.0046943212241390584
6,1830,0,task1_initial,IDLGated,0.9892578125,0.1962890625,0.98828125,0.1943359375,0.98876953125,0.201171875,0.0003653989115264267,0.0002656651841355874,0.004650349529695616
6,1840,0,task1_initial,MLP,0.99560546875,0.20068359375,0.0,0.0,0.0,0.0,1.0,0.0,0.0
6,1840,0,task1_initial,ChevronSlow,0.98779296875,0.20263671875,0.98779296875,0.20263671875,0.98779296875,0.20263671875,1.0,0.00032575667790147965,0.004562762492536737
6,1840,0,task1_initial,IDLGated,0.9873046875,0.20361328125,0.9873046875,0.203125,0.98974609375,0.20263671875,0.00036527420161291957,0.0002501488364296248,0.004301018690547698
6,1850,0,task1_initial,MLP,0.9912109375,0.20361328125,0.0,0.0,0.0,0.0,1.0,0.0,0.0
6,1850,0,task1_initial,ChevronSlow,0.984375,0.2041015625,0.98388671875,0.20458984375,0.98779296875,0.2041015625,1.0,0.000306730647455281,0.0047002273367671155
6,1850,0,task1_initial,IDLGated,0.986328125,0.20263671875,0.98583984375,0.20361328125,0.9873046875,0.20361328125,0.000365156854968518,0.00023553873109379315,0.00437870271445036
6,1860,0,task1_initial,MLP,0.9921875,0.20703125,0.0,0.0,0.0,0.0,1.0,0.0,0.0
6,1860,0,task1_initial,ChevronSlow,0.98583984375,0.205078125,0.98583984375,0.20556640625,0.986328125,0.20458984375,1.0,0.000288815844680213,0.004329376695007178
6,1860,0,task1_initial,IDLGated,0.98974609375,0.20556640625,0.990234375,0.2060546875,0.9892578125,0.20361328125,0.0003650700382422656,0.00022471378928613474,0.004315443374010099
6,1870,0,task1_initial,MLP,0.9921875,0.2021484375,0.0,0.0,0.0,0.0,1.0,0.0,0.0
6,1870,0,task1_initial,ChevronSlow,0.9873046875,0.20166015625,0.9873046875,0.201171875,0.98828125,0.20361328125,1.0,0.0002719906006970801,0.004071437698012708
6,1870,0,task1_initial,IDLGated,0.9892578125,0.20166015625,0.98974609375,0.201171875,0.98876953125,0.203125,0.0003655947220977396,0.00029001734816047424,0.003800570647534215
6,1880,0,task1_initial,MLP,0.994140625,0.19775390625,0.0,0.0,0.0,0.0,1.0,0.0,0.0
6,1880,0,task1_initial,ChevronSlow,0.98681640625,0.19921875,0.986328125,0.19921875,0.9873046875,0.2021484375,1.0,0.0002561048129266524,0.004903027003728233
6,1880,0,task1_initial,IDLGated,0.98974609375,0.19970703125,0.9892578125,0.19873046875,0.99072265625,0.2021484375,0.00036546908086165786,0.00027438679481774536,0.004684215644717098
6,1890,0,task1_initial,MLP,0.99462890625,0.2001953125,0.0,0.0,0.0,0.0,1.0,0.0,0.0
6,1890,0,task1_initial,ChevronSlow,0.9892578125,0.2021484375,0.98876953125,0.20068359375,0.98828125,0.2021484375,1.0,0.0005142456453000757,0.004845529016746773
6,1890,0,task1_initial,IDLGated,0.98974609375,0.20068359375,0.990234375,0.2001953125,0.98876953125,0.2021484375,0.00036773798638023436,0.0005558250529400601,0.0054529749929065835
6,1900,0,task1_initial,MLP,0.9951171875,0.19970703125,0.0,0.0,0.0,0.0,1.0,0.0,0.0
6,1900,0,task1_initial,ChevronSlow,0.98681640625,0.19970703125,0.9873046875,0.19921875,0.9873046875,0.2021484375,1.0,0.001019586217999019,0.0038570722436300155
6,1900,0,task1_initial,IDLGated,0.98779296875,0.19921875,0.98828125,0.1982421875,0.98828125,0.20068359375,0.0003723947738762945,0.0011280215128410024,0.004124222669774358
6,1910,0,task1_initial,MLP,0.994140625,0.203125,0.0,0.0,0.0,0.0,1.0,0.0,0.0
6,1910,0,task1_initial,ChevronSlow,0.9853515625,0.20751953125,0.98583984375,0.20849609375,0.98681640625,0.205078125,1.0,0.0010327979351831835,0.004518541317827173
6,1910,0,task1_initial,IDLGated,0.98779296875,0.20703125,0.98681640625,0.2080078125,0.98828125,0.2041015625,0.0003728324081748724,0.0011814210299072893,0.004655652445278867
6,1920,0,task1_initial,MLP,0.994140625,0.2041015625,0.0,0.0,0.0,0.0,1.0,0.0,0.0
6,1920,0,task1_initial,ChevronSlow,0.9873046875,0.2060546875,0.9873046875,0.20751953125,0.9873046875,0.205078125,1.0,0.0009724767006772583,0.00424402529553653
6,1920,0,task1_initial,IDLGated,0.98974609375,0.2060546875,0.9892578125,0.20654296875,0.98828125,0.2041015625,0.000372266978956759,0.0011124193669802337,0.004445632090943281
6,1930,0,task1_initial,MLP,0.994140625,0.20068359375,0.0,0.0,0.0,0.0,1.0,0.0,0.0
6,1930,0,task1_initial,ChevronSlow,0.9873046875,0.20068359375,0.98681640625,0.19921875,0.98779296875,0.203125,1.0,0.0009156785670687741,0.003871026648353313
6,1930,0,task1_initial,IDLGated,0.9892578125,0.19921875,0.98828125,0.19873046875,0.98974609375,0.2021484375,0.0003717355721164495,0.0010474477910130085,0.003966390800906781
6,1940,0,task1_initial,MLP,0.99609375,0.1982421875,0.0,0.0,0.0,0.0,1.0,0.0,0.0
6,1940,0,task1_initial,ChevronSlow,0.98828125,0.20068359375,0.98681640625,0.201171875,0.98828125,0.20361328125,1.0,0.0008621977653605406,0.00391887079308344
6,1940,0,task1_initial,IDLGated,0.9892578125,0.20068359375,0.9892578125,0.20068359375,0.9892578125,0.2021484375,0.0003712356847245246,0.0009862709221580156,0.004099008158010472
6,1950,0,task1_initial,MLP,0.994140625,0.19482421875,0.0,0.0,0.0,0.0,1.0,0.0,0.0
6,1950,0,task1_initial,ChevronSlow,0.9873046875,0.1982421875,0.9873046875,0.197265625,0.98828125,0.20166015625,1.0,0.0008118405446273552,0.004855946623603891
6,1950,0,task1_initial,IDLGated,0.98779296875,0.19677734375,0.98779296875,0.1962890625,0.98828125,0.201171875,0.00037076565786264837,0.0009286671280806035,0.004606253691424812
6,1960,0,task1_initial,MLP,0.9921875,0.20263671875,0.0,0.0,0.0,0.0,1.0,0.0,0.0
6,1960,0,task1_initial,ChevronSlow,0.984375,0.20703125,0.984375,0.20849609375,0.98779296875,0.20361328125,1.0,0.0007644244700926995,0.005204857139206127
6,1960,0,task1_initial,IDLGated,0.98583984375,0.20556640625,0.98486328125,0.2060546875,0.98828125,0.20361328125,0.0003703237453009933,0.0008744277210266396,0.004630906539891828
6,1970,0,task1_initial,MLP,0.9921875,0.203125,0.0,0.0,0.0,0.0,1.0,0.0,0.0
6,1970,0,task1_initial,ChevronSlow,0.984375,0.205078125,0.98388671875,0.20654296875,0.98681640625,0.20361328125,1.0,0.0007197777622017212,0.005051702097762279
6,1970,0,task1_initial,IDLGated,0.9873046875,0.20361328125,0.98583984375,0.20361328125,0.98828125,0.203125,0.00036990808439441025,0.0008233562017858755,0.004419035958008559
6,1980,0,task1_initial,MLP,0.99072265625,0.20458984375,0.0,0.0,0.0,0.0,1.0,0.0,0.0
6,1980,0,task1_initial,ChevronSlow,0.98486328125,0.20703125,0.984375,0.2080078125,0.9873046875,0.2060546875,1.0,0.0006777386742960902,0.005069259944049012
6,1980,0,task1_initial,IDLGated,0.98779296875,0.20654296875,0.98681640625,0.20751953125,0.98828125,0.2041015625,0.0003695170453283936,0.0007752675478121197,0.0047847195343314695
6,1990,0,task1_initial,MLP,0.99560546875,0.1982421875,0.0,0.0,0.0,0.0,1.0,0.0,0.0
6,1990,0,task1_initial,ChevronSlow,0.98779296875,0.20166015625,0.98779296875,0.20166015625,0.98779296875,0.203125,1.0,0.0006381549066361577,0.004113226553399986
6,1990,0,task1_initial,IDLGated,0.9892578125,0.20068359375,0.9892578125,0.20068359375,0.9873046875,0.20166015625,0.0003691492893267423,0.0007299875429212175,0.004205606966128105
6,2000,0,task1_initial,MLP,0.99462890625,0.19384765625,0.0,0.0,0.0,0.0,1.0,0.0,0.0
6,2000,0,task1_initial,ChevronSlow,0.98876953125,0.197265625,0.9892578125,0.19482421875,0.98876953125,0.201171875,1.0,0.0006008830546475316,0.004542222588309597
6,2000,0,task1_initial,IDLGated,0.9921875,0.19482421875,0.9921875,0.1943359375,0.98974609375,0.19970703125,0.0003688033320941031,0.0006873521461384532,0.0048362133966207
6,2010,0,task1_initial,MLP,0.99462890625,0.19091796875,0.0,0.0,0.0,0.0,1.0,0.0,0.0
6,2010,0,task1_initial,ChevronSlow,0.9873046875,0.19580078125,0.9873046875,0.19580078125,0.9873046875,0.19921875,1.0,0.0005944617464386225,0.003981707582823822
6,2010,0,task1_initial,IDLGated,0.990234375,0.1953125,0.990234375,0.19482421875,0.9892578125,0.19921875,0.00036869311588816345,0.0006737657980436403,0.003928957021400917
6,2020,0,task1_initial,MLP,0.98828125,0.20654296875,0.0,0.0,0.0,0.0,1.0,0.0,0.0
6,2020,0,task1_initial,ChevronSlow,0.98291015625,0.20703125,0.982421875,0.2080078125,0.98583984375,0.203125,1.0,0.0005639525472135024,0.004090175443605641
6,2020,0,task1_initial,IDLGated,0.98486328125,0.20703125,0.98388671875,0.20849609375,0.98779296875,0.20263671875,0.0003683989052660763,0.0006374672113702727,0.004552849967367925
6,2030,0,task1_initial,MLP,0.9931640625,0.203125,0.0,0.0,0.0,0.0,1.0,0.0,0.0
6,2030,0,task1_initial,ChevronSlow,0.98681640625,0.2041015625,0.986328125,0.20458984375,0.9873046875,0.20263671875,1.0,0.0005310145322428919,0.003540997005043075
6,2030,0,task1_initial,IDLGated,0.98876953125,0.20263671875,0.98876953125,0.20263671875,0.98779296875,0.2021484375,0.00036809733137488365,0.000600235524670508,0.0036730970114758777
6,2040,0,task1_initial,MLP,0.99560546875,0.2021484375,0.0,0.0,0.0,0.0,1.0,0.0,0.0
6,2040,0,task1_initial,ChevronSlow,0.9892578125,0.2041015625,0.98779296875,0.203125,0.98828125,0.20361328125,1.0,0.0005000002834394255,0.004377426578432453
6,2040,0,task1_initial,IDLGated,0.99072265625,0.20361328125,0.99169921875,0.2041015625,0.98828125,0.20166015625,0.0003678137145470828,0.0005651783788252127,0.0044771027091604024
6,2050,0,task1_initial,MLP,0.99658203125,0.19873046875,0.0,0.0,0.0,0.0,1.0,0.0,0.0
6,2050,0,task1_initial,ChevronSlow,0.98876953125,0.2001953125,0.9892578125,0.2001953125,0.9873046875,0.201171875,1.0,0.00047079744199006777,0.004273098739473647
6,2050,0,task1_initial,IDLGated,0.98974609375,0.19921875,0.990234375,0.19921875,0.98876953125,0.201171875,0.0003677052154671401,0.0005517673670579462,0.004343578604079156
6,2060,0,task1_initial,MLP,0.9970703125,0.1962890625,0.0,0.0,0.0,0.0,1.0,0.0,0.0
6,2060,0,task1_initial,ChevronSlow,0.9873046875,0.201171875,0.9873046875,0.20068359375,0.98828125,0.20166015625,1.0,0.0006246328701087819,0.00429307150286461
6,2060,0,task1_initial,IDLGated,0.9892578125,0.19970703125,0.990234375,0.19970703125,0.98876953125,0.20068359375,0.000369871937436983,0.0008189121840360685,0.004087930348548691
6,2070,0,task1_initial,MLP,0.99365234375,0.20458984375,0.0,0.0,0.0,0.0,1.0,0.0,0.0
6,2070,0,task1_initial,ChevronSlow,0.98681640625,0.205078125,0.98681640625,0.20703125,0.98828125,0.20361328125,1.0,0.0009627117201977875,0.005193449869576214
6,2070,0,task1_initial,IDLGated,0.98974609375,0.205078125,0.9892578125,0.2060546875,0.98876953125,0.2021484375,0.00037293601781129837,0.001194057142140723,0.005319770289912795
6,2080,0,task1_initial,MLP,0.994140625,0.20361328125,0.0,0.0,0.0,0.0,1.0,0.0,0.0
6,2080,0,task1_initial,ChevronSlow,0.98876953125,0.20361328125,0.98876953125,0.20361328125,0.98876953125,0.20361328125,1.0,0.001509125136453035,0.0037617434925747008
6,2080,0,task1_initial,IDLGated,0.98974609375,0.2021484375,0.98974609375,0.2021484375,0.9892578125,0.2021484375,0.00037752542993985116,0.0017502254298926653,0.003854778067808098
6,2090,0,task1_initial,MLP,0.990234375,0.2060546875,0.0,0.0,0.0,0.0,1.0,0.0,0.0
6,2090,0,task1_initial,ChevronSlow,0.98681640625,0.20556640625,0.986328125,0.2060546875,0.98779296875,0.2041015625,1.0,0.0015663604765021619,0.003746621998754782
6,2090,0,task1_initial,IDLGated,0.98828125,0.20654296875,0.98779296875,0.20703125,0.98876953125,0.20361328125,0.00037822770536877215,0.0018347424933585388,0.004035143978731639
6,2100,0,task1_initial,MLP,0.9912109375,0.205078125,0.0,0.0,0.0,0.0,1.0,0.0,0.0
6,2100,0,task1_initial,ChevronSlow,0.9873046875,0.2060546875,0.98779296875,0.20703125,0.98779296875,0.2041015625,1.0,0.0014748761750670116,0.003738230210566844
6,2100,0,task1_initial,IDLGated,0.990234375,0.205078125,0.990234375,0.2060546875,0.99072265625,0.2041015625,0.00037733741919510067,0.001727583165836998,0.0038402678922311757
6,2110,0,task1_initial,MLP,0.99755859375,0.19482421875,0.0,0.0,0.0,0.0,1.0,0.0,0.0
6,2110,0,task1_initial,ChevronSlow,0.9892578125,0.197265625,0.9892578125,0.19482421875,0.9873046875,0.201171875,1.0,0.001399212780935846,0.005267820852069695
6,2110,0,task1_initial,IDLGated,0.990234375,0.1962890625,0.99072265625,0.19384765625,0.98876953125,0.20068359375,0.0003767705929931253,0.0016592227079147421,0.005545427466442867
6,2120,0,task1_initial,MLP,0.99169921875,0.19677734375,0.0,0.0,0.0,0.0,1.0,0.0,0.0
6,2120,0,task1_initial,ChevronSlow,0.98876953125,0.201171875,0.98974609375,0.2001953125,0.9873046875,0.201171875,1.0,0.0019117627415299828,0.0040414184571847325
6,2120,0,task1_initial,IDLGated,0.9892578125,0.20068359375,0.9892578125,0.2001953125,0.98828125,0.20166015625,0.00038201743154786527,0.0022880761069803287,0.0042210639975278985
6,2130,0,task1_initial,MLP,0.9951171875,0.19482421875,0.0,0.0,0.0,0.0,1.0,0.0,0.0
6,2130,0,task1_initial,ChevronSlow,0.98828125,0.19970703125,0.98779296875,0.1982421875,0.9873046875,0.20166015625,1.0,0.002428561744517291,0.004014574517567942
6,2130,0,task1_initial,IDLGated,0.98876953125,0.19775390625,0.98876953125,0.197265625,0.98974609375,0.2001953125,0.00038735795533284545,0.002919357707536005,0.004101967127652372
6,2140,0,task1_initial,MLP,0.9921875,0.20458984375,0.0,0.0,0.0,0.0,1.0,0.0,0.0
6,2140,0,task1_initial,ChevronSlow,0.98779296875,0.20556640625,0.98681640625,0.20556640625,0.98876953125,0.20361328125,1.0,0.002568170547830713,0.004513173887069017
6,2140,0,task1_initial,IDLGated,0.9892578125,0.20361328125,0.98876953125,0.2041015625,0.9892578125,0.20263671875,0.0003890401276294142,0.0031164103036820413,0.004475515504177276
6,2150,0,task1_initial,MLP,0.990234375,0.2060546875,0.0,0.0,0.0,0.0,1.0,0.0,0.0
6,2150,0,task1_initial,ChevronSlow,0.984375,0.20556640625,0.984375,0.2060546875,0.9873046875,0.20458984375,1.0,0.002448134705944941,0.004923546086527082
6,2150,0,task1_initial,IDLGated,0.98583984375,0.2041015625,0.9853515625,0.205078125,0.98779296875,0.203125,0.00038806151133030653,0.0030018742009239895,0.004612233281267624
6,2160,0,task1_initial,MLP,0.9921875,0.2001953125,0.0,0.0,0.0,0.0,1.0,0.0,0.0
6,2160,0,task1_initial,ChevronSlow,0.98486328125,0.20458984375,0.984375,0.20458984375,0.986328125,0.2041015625,1.0,0.002305149807671296,0.004848678617205871
6,2160,0,task1_initial,IDLGated,0.98583984375,0.20263671875,0.98583984375,0.20263671875,0.9873046875,0.203125,0.00038656816468574107,0.002826547787631824,0.005026508237761877
6,2170,0,task1_initial,MLP,0.99365234375,0.2001953125,0.0,0.0,0.0,0.0,1.0,0.0,0.0
6,2170,0,task1_initial,ChevronSlow,0.98828125,0.201171875,0.98779296875,0.20068359375,0.98779296875,0.20263671875,1.0,0.00217051603529145,0.00443306762887123
6,2170,0,task1_initial,IDLGated,0.98876953125,0.20068359375,0.98876953125,0.19970703125,0.98779296875,0.201171875,0.0003851671935990453,0.0026614614274333,0.004835237365926447
6,2180,0,task1_initial,MLP,0.9921875,0.20166015625,0.0,0.0,0.0,0.0,1.0,0.0,0.0
6,2180,0,task1_initial,ChevronSlow,0.98779296875,0.19970703125,0.98779296875,0.19873046875,0.98779296875,0.20166015625,1.0,0.002043745635871099,0.003960535606306971
6,2180,0,task1_initial,IDLGated,0.990234375,0.19921875,0.98828125,0.19970703125,0.98828125,0.201171875,0.0003838527190964669,0.0025060170433736017,0.0048223866313143295
6,2190,0,task1_initial,MLP,0.99365234375,0.20361328125,0.0,0.0,0.0,0.0,1.0,0.0,0.0
6,2190,0,task1_initial,ChevronSlow,0.98779296875,0.20263671875,0.98779296875,0.20263671875,0.98779296875,0.203125,1.0,0.0019243793440030048,0.003045089807490843
6,2190,0,task1_initial,IDLGated,0.990234375,0.203125,0.990234375,0.20361328125,0.9892578125,0.2021484375,0.00038261915324255824,0.002359651489571084,0.003843716011210012
6,2200,0,end_task1,MLP,0.9921875,0.20263671875,0.0,0.0,0.0,0.0,1.0,0.0,0.0
6,2200,0,end_task1,ChevronSlow,0.98828125,0.2041015625,0.98828125,0.2041015625,0.98779296875,0.20361328125,1.0,0.0018119847179744637,0.0033563577749605423
6,2200,0,end_task1,IDLGated,0.98876953125,0.203125,0.98876953125,0.203125,0.98974609375,0.203125,0.00038146134465932846,0.0022218345110452437,0.003140457858050858
6,2210,0,task2,MLP,0.9267578125,0.28076171875,0.0,0.0,0.0,0.0,1.0,0.0,0.0
6,2210,0,task2,ChevronSlow,0.91650390625,0.29150390625,0.7490234375,0.39208984375,0.96923828125,0.23095703125,1.0,0.004213042653342708,0.05564735050318612
6,2210,0,task2,IDLGated,0.91162109375,0.29931640625,0.82421875,0.3759765625,0.9912109375,0.2041015625,0.0004164575657341629,0.006213212077959136,0.08508488622950673
6,2220,0,task2,MLP,0.0732421875,0.7958984375,0.0,0.0,0.0,0.0,1.0,0.0,0.0
6,2220,0,task2,ChevronSlow,0.0771484375,0.77685546875,0.06396484375,0.77685546875,0.935546875,0.275390625,1.0,0.026912090555469496,0.10020608624200429
6,2220,0,task2,IDLGated,0.07470703125,0.779296875,0.0419921875,0.80029296875,0.9912109375,0.20458984375,0.0008886702707968652,0.04068658370281116,0.16428454416391566
6,2230,0,task2,MLP,0.06201171875,0.81494140625,0.0,0.0,0.0,0.0,1.0,0.0,0.0
6,2230,0,task2,ChevronSlow,0.09130859375,0.81982421875,0.0634765625,0.82763671875,0.8876953125,0.3203125,1.0,0.07684349587227633,0.11374044180836367
6,2230,0,task2,IDLGated,0.1171875,0.83251953125,0.0830078125,0.84375,0.9912109375,0.20458984375,0.004977333825081587,0.11918768601123474,0.20142338563387088
6,2240,0,task2,MLP,0.09521484375,0.82763671875,0.0,0.0,0.0,0.0,1.0,0.0,0.0
6,2240,0,task2,ChevronSlow,0.15283203125,0.83203125,0.1376953125,0.8427734375,0.86865234375,0.337890625,1.0,0.14239149284171615,0.12088342421696449
6,2240,0,task2,IDLGated,0.16015625,0.83740234375,0.12939453125,0.85302734375,0.990234375,0.20556640625,0.05466966703534126,0.23044430176843417,0.2171117975685645
6,2250,0,task2,MLP,0.10791015625,0.84375,0.0,0.0,0.0,0.0,1.0,0.0,0.0
6,2250,0,task2,ChevronSlow,0.16015625,0.8388671875,0.14306640625,0.8447265625,0.8544921875,0.3505859375,1.0,0.21157834639971793,0.121522152156551
6,2250,0,task2,IDLGated,0.1357421875,0.84814453125,0.099609375,0.85498046875,0.98828125,0.208984375,0.5004745125770569,0.36008626785161063,0.21681931628470688
6,2260,0,task2,MLP,0.115234375,0.865234375,0.0,0.0,0.0,0.0,1.0,0.0,0.0
6,2260,0,task2,ChevronSlow,0.14990234375,0.84423828125,0.1318359375,0.8525390625,0.84912109375,0.36669921875,1.0,0.27887181853365506,0.12040485709858179
6,2260,0,task2,IDLGated,0.095703125,0.85888671875,0.0673828125,0.85595703125,0.97998046875,0.2138671875,0.9536337852478027,0.497441251990985,0.21151102022045443
6,2270,0,task2,MLP,0.1162109375,0.8759765625,0.0,0.0,0.0,0.0,1.0,0.0,0.0
6,2270,0,task2,ChevronSlow,0.1337890625,0.8525390625,0.1162109375,0.85791015625,0.841796875,0.37939453125,1.0,0.342862484834565,0.12218988576644009
6,2270,0,task2,IDLGated,0.09716796875,0.8828125,0.06396484375,0.85791015625,0.96826171875,0.22900390625,0.9977149963378906,0.6363218338779724,0.20761866014185137
6,2280,0,task2,MLP,0.1171875,0.8818359375,0.0,0.0,0.0,0.0,1.0,0.0,0.0
6,2280,0,task2,ChevronSlow,0.12451171875,0.861328125,0.1123046875,0.86181640625,0.828125,0.3935546875,1.0,0.40194953815990064,0.1256030908863048
6,2280,0,task2,IDLGated,0.111328125,0.888671875,0.07666015625,0.86083984375,0.9482421875,0.25341796875,0.9998799562454224,0.7703413970043611,0.20401461687073602
6,2290,0,task2,MLP,0.1416015625,0.88818359375,0.0,0.0,0.0,0.0,1.0,0.0,0.0
6,2290,0,task2,ChevronSlow,0.140625,0.8671875,0.1240234375,0.86767578125,0.8095703125,0.40478515625,1.0,0.45577224276130823,0.13179991520373746
6,2290,0,task2,IDLGated,0.134765625,0.9052734375,0.0849609375,0.87841796875,0.9267578125,0.27099609375,0.9999923706054688,0.8958116009153648,0.2043757948596589
6,2300,0,task2,MLP,0.146484375,0.89599609375,0.0,0.0,0.0,0.0,1.0,0.0,0.0
6,2300,0,task2,ChevronSlow,0.1435546875,0.87744140625,0.126953125,0.87255859375,0.7919921875,0.41796875,1.0,0.5035391003541405,0.1369028836047667
6,2300,0,task2,IDLGated,0.130859375,0.91650390625,0.08349609375,0.88232421875,0.9091796875,0.28271484375,0.9999994039535522,1.0104601439155307,0.20395227082512696
6,2310,0,task2,MLP,0.1455078125,0.8984375,0.0,0.0,0.0,0.0,1.0,0.0,0.0
6,2310,0,task2,ChevronSlow,0.1494140625,0.88232421875,0.1337890625,0.8837890625,0.77685546875,0.43603515625,1.0,0.5458832668823694,0.14155482039848113
6,2310,0,task2,IDLGated,0.130859375,0.91943359375,0.09033203125,0.88232421875,0.8984375,0.30029296875,0.9999998807907104,1.1145061088502801,0.2029648003694163
6,2320,0,task2,MLP,0.13916015625,0.8994140625,0.0,0.0,0.0,0.0,1.0,0.0,0.0
6,2320,0,task2,ChevronSlow,0.1435546875,0.8916015625,0.1337890625,0.8876953125,0.75244140625,0.4599609375,1.0,0.5835065837823437,0.14538692986471413
6,2320,0,task2,IDLGated,0.12646484375,0.92724609375,0.0849609375,0.88232421875,0.88623046875,0.31005859375,1.0,1.2078408619920005,0.2023088742778714
6,2330,0,task2,MLP,0.13330078125,0.91162109375,0.0,0.0,0.0,0.0,1.0,0.0,0.0
6,2330,0,task2,ChevronSlow,0.1416015625,0.8974609375,0.13671875,0.8974609375,0.7177734375,0.48779296875,1.0,0.6168298748999258,0.14967868092453207
6,2330,0,task2,IDLGated,0.13818359375,0.93603515625,0.0849609375,0.89892578125,0.87744140625,0.31689453125,1.0,1.2900684399101578,0.20284681043796454
6,2340,0,task2,MLP,0.140625,0.916015625,0.0,0.0,0.0,0.0,1.0,0.0,0.0
6,2340,0,task2,ChevronSlow,0.154296875,0.90576171875,0.1435546875,0.90234375,0.52099609375,0.67919921875,1.0,0.6452018863082344,0.1548800842962185
6,2340,0,task2,IDLGated,0.1474609375,0.9453125,0.09765625,0.90380859375,0.869140625,0.32421875,1.0,1.3600902967415482,0.20245037507924588
6,2350,0,task2,MLP,0.1298828125,0.9189453125,0.0,0.0,0.0,0.0,1.0,0.0,0.0
6,2350,0,task2,ChevronSlow,0.1513671875,0.92041015625,0.1494140625,0.91162109375,0.439453125,0.74560546875,1.0,0.6688208452793052,0.15830801156098392
6,2350,0,task2,IDLGated,0.1376953125,0.947265625,0.09619140625,0.8974609375,0.86083984375,0.32763671875,1.0,1.4196726925463556,0.20096965939168998
6,2360,0,task2,MLP,0.13525390625,0.92529296875,0.0,0.0,0.0,0.0,1.0,0.0,0.0
6,2360,0,task2,ChevronSlow,0.1572265625,0.93212890625,0.15283203125,0.92822265625,0.40625,0.7734375,1.0,0.6891866333182045,0.16354913726372328
6,2360,0,task2,IDLGated,0.15380859375,0.95751953125,0.10888671875,0.91162109375,0.85009765625,0.333984375,1.0,1.470500928730125,0.20165974445777274
6,2370,0,task2,MLP,0.14404296875,0.92578125,0.0,0.0,0.0,0.0,1.0,0.0,0.0
6,2370,0,task2,ChevronSlow,0.16650390625,0.94189453125,0.16796875,0.93359375,0.37744140625,0.8056640625,1.0,0.7063018211068802,0.16734088887133156
6,2370,0,task2,IDLGated,0.162109375,0.96142578125,0.1142578125,0.9072265625,0.84375,0.33984375,1.0,1.5127607863174437,0.20085730207671262
6,2380,0,task2,MLP,0.1455078125,0.93115234375,0.0,0.0,0.0,0.0,1.0,0.0,0.0
6,2380,0,task2,ChevronSlow,0.16845703125,0.947265625,0.16357421875,0.94775390625,0.34716796875,0.828125,1.0,0.7201978370618909,0.16933541725580642
6,2380,0,task2,IDLGated,0.171875,0.95556640625,0.12451171875,0.9365234375,0.837890625,0.34619140625,1.0,1.5474032523355443,0.1992756611972114
6,2390,0,task2,MLP,0.13916015625,0.9296875,0.0,0.0,0.0,0.0,1.0,0.0,0.0
6,2390,0,task2,ChevronSlow,0.154296875,0.94921875,0.1533203125,0.9453125,0.24267578125,0.90234375,1.0,0.7311328963896767,0.16789119367613128
6,2390,0,task2,IDLGated,0.14453125,0.95556640625,0.111328125,0.90966796875,0.8330078125,0.3544921875,1.0,1.5740079959580293,0.1959101054985905
6,2400,0,task2,MLP,0.13427734375,0.93212890625,0.0,0.0,0.0,0.0,1.0,0.0,0.0
6,2400,0,task2,ChevronSlow,0.14990234375,0.95166015625,0.1484375,0.9482421875,0.19775390625,0.89404296875,1.0,0.7412320591770087,0.167716305450163
6,2400,0,task2,IDLGated,0.15185546875,0.958984375,0.1181640625,0.93115234375,0.82568359375,0.36376953125,1.0,1.5954596489775894,0.19376008698480668
6,2410,0,task2,MLP,0.12841796875,0.93115234375,0.0,0.0,0.0,0.0,1.0,0.0,0.0
6,2410,0,task2,ChevronSlow,0.14697265625,0.9521484375,0.1474609375,0.9482421875,0.17138671875,0.89306640625,1.0,0.750547839474502,0.16718636461722386
6,2410,0,task2,IDLGated,0.1455078125,0.95849609375,0.1201171875,0.92041015625,0.814453125,0.3720703125,1.0,1.6114690394418014,0.19117586393461017
6,2420,0,end_task2,MLP,0.1376953125,0.935546875,0.0,0.0,0.0,0.0,1.0,0.0,0.0
6,2420,0,end_task2,ChevronSlow,0.1630859375,0.9619140625,0.16455078125,0.95947265625,0.16259765625,0.8955078125,1.0,0.7595891920090528,0.16797536817370742
6,2420,0,end_task2,IDLGated,0.16455078125,0.96533203125,0.1357421875,0.931640625,0.80712890625,0.3798828125,1.0,1.622452040376015,0.19021617747942118
6,2430,10,task1_return,MLP,0.44775390625,0.75048828125,0.0,0.0,0.0,0.0,1.0,0.0,0.0
6,2430,10,task1_return,ChevronSlow,0.42431640625,0.7705078125,0.43310546875,0.76171875,0.40283203125,0.77392578125,1.0,0.7645535606943648,0.11338959450878251
6,2430,10,task1_return,IDLGated,0.54150390625,0.65380859375,0.48095703125,0.7109375,0.84814453125,0.32275390625,1.0,1.6245860426854086,0.11947767200459163
6,2440,20,task1_return,MLP,0.90185546875,0.30078125,0.0,0.0,0.0,0.0,1.0,0.0,0.0
6,2440,20,task1_return,ChevronSlow,0.86376953125,0.359375,0.8779296875,0.33349609375,0.77734375,0.42919921875,1.0,0.7594135002856758,0.10111542895706536
6,2440,20,task1_return,IDLGated,0.9150390625,0.24169921875,0.9365234375,0.23583984375,0.8828125,0.2734375,1.0,1.6038110135123522,0.0846550697106337
6,2450,30,task1_return,MLP,0.9619140625,0.234375,0.0,0.0,0.0,0.0,1.0,0.0,0.0
6,2450,30,task1_return,ChevronSlow,0.93798828125,0.26416015625,0.96142578125,0.23681640625,0.83251953125,0.36328125,1.0,0.7517026552994135,0.08898345188926592
6,2450,30,task1_return,IDLGated,0.97119140625,0.1923828125,0.9794921875,0.1826171875,0.90771484375,0.24365234375,1.0,1.558146315371902,0.06777538094088052
6,2460,40,task1_return,MLP,0.99169921875,0.19482421875,0.0,0.0,0.0,0.0,1.0,0.0,0.0
6,2460,40,task1_return,ChevronSlow,0.9736328125,0.2265625,0.98291015625,0.20751953125,0.86865234375,0.3330078125,1.0,0.7448822481756527,0.07540378378196588
6,2460,40,task1_return,IDLGated,0.98974609375,0.2060546875,0.98046875,0.20166015625,0.9384765625,0.234375,1.0,1.4975545635702467,0.04967622162456873
6,2470,50,task1_return,MLP,0.98486328125,0.18798828125,0.0,0.0,0.0,0.0,1.0,0.0,0.0
6,2470,50,task1_return,ChevronSlow,0.97412109375,0.22265625,0.98095703125,0.2080078125,0.88916015625,0.3125,1.0,0.737319787061833,0.06008457385622104
6,2470,50,task1_return,IDLGated,0.982421875,0.2119140625,0.98486328125,0.208984375,0.95361328125,0.2314453125,1.0,1.427678371952948,0.032647179981414164
6,2480,60,task1_return,MLP,0.98779296875,0.1904296875,0.0,0.0,0.0,0.0,1.0,0.0,0.0
6,2480,60,task1_return,ChevronSlow,0.97802734375,0.22021484375,0.98193359375,0.20556640625,0.9033203125,0.29638671875,1.0,0.7265402694717567,0.0493517136925731
6,2480,60,task1_return,IDLGated,0.98828125,0.20556640625,0.98876953125,0.19970703125,0.96435546875,0.22119140625,1.0,1.3508440934477648,0.024587687695186433
6,2490,70,task1_return,MLP,0.99072265625,0.19970703125,0.0,0.0,0.0,0.0,1.0,0.0,0.0
6,2490,70,task1_return,ChevronSlow,0.9765625,0.21826171875,0.98193359375,0.2099609375,0.91259765625,0.27734375,1.0,0.7120056432050541,0.04033921478440877
6,2490,70,task1_return,IDLGated,0.9892578125,0.20556640625,0.98876953125,0.19970703125,0.974609375,0.22021484375,1.0,1.2721910282958786,0.0185273694016988
6,2500,80,task1_return,MLP,0.97998046875,0.201171875,0.0,0.0,0.0,0.0,1.0,0.0,0.0
6,2500,80,task1_return,ChevronSlow,0.96875,0.21484375,0.97314453125,0.20458984375,0.92236328125,0.263671875,1.0,0.6931230418398553,0.031872738599012844
6,2500,80,task1_return,IDLGated,0.97607421875,0.20068359375,0.9765625,0.197265625,0.9716796875,0.212890625,1.0,1.1978878846315195,0.011116269867905176
6,2510,90,task1_return,MLP,0.9873046875,0.208984375,0.0,0.0,0.0,0.0,1.0,0.0,0.0
6,2510,90,task1_return,ChevronSlow,0.97509765625,0.21728515625,0.982421875,0.2119140625,0.9375,0.25732421875,1.0,0.6700776493226808,0.02784149685419015
6,2510,90,task1_return,IDLGated,0.986328125,0.20751953125,0.9892578125,0.20849609375,0.97705078125,0.21728515625,1.0,1.1279244643543012,0.010213250485361808
6,2520,100,task1_return,MLP,0.98828125,0.20654296875,0.0,0.0,0.0,0.0,1.0,0.0,0.0
6,2520,100,task1_return,ChevronSlow,0.9794921875,0.21630859375,0.9814453125,0.21044921875,0.9521484375,0.24951171875,1.0,0.6434675877341971,0.02496538449759016
6,2520,100,task1_return,IDLGated,0.98779296875,0.2080078125,0.98974609375,0.20556640625,0.982421875,0.21630859375,0.9999997615814209,1.0620473030998898,0.008737051907863759
6,2530,110,task1_return,MLP,0.99169921875,0.19970703125,0.0,0.0,0.0,0.0,1.0,0.0,0.0
6,2530,110,task1_return,ChevronSlow,0.98095703125,0.2138671875,0.98193359375,0.20849609375,0.9609375,0.24072265625,1.0,0.6144974694324684,0.022197612272467943
6,2530,110,task1_return,IDLGated,0.990234375,0.205078125,0.98974609375,0.20263671875,0.98291015625,0.21044921875,0.9999992847442627,1.000017740254849,0.0078065655968059715
6,2540,120,task1_return,MLP,0.9912109375,0.201171875,0.0,0.0,0.0,0.0,1.0,0.0,0.0
6,2540,120,task1_return,ChevronSlow,0.9814453125,0.21044921875,0.98486328125,0.20556640625,0.96923828125,0.23095703125,1.0,0.5838039973088538,0.01960986262698189
6,2540,120,task1_return,IDLGated,0.98974609375,0.205078125,0.990234375,0.20361328125,0.9853515625,0.20751953125,0.9999972581863403,0.9416110543339493,0.006925140916054611
6,2550,130,task1_return,MLP,0.9912109375,0.203125,0.0,0.0,0.0,0.0,1.0,0.0,0.0
6,2550,130,task1_return,ChevronSlow,0.98388671875,0.20751953125,0.98486328125,0.20166015625,0.97509765625,0.22412109375,1.0,0.5519452134521535,0.017319553061676575
6,2550,130,task1_return,IDLGated,0.99072265625,0.2041015625,0.99072265625,0.203125,0.98828125,0.20703125,0.999990701675415,0.8866156488563277,0.006235600514171962
6,2560,140,task1_return,MLP,0.98779296875,0.20751953125,0.0,0.0,0.0,0.0,1.0,0.0,0.0
6,2560,140,task1_return,ChevronSlow,0.982421875,0.20947265625,0.982421875,0.20556640625,0.97509765625,0.22265625,1.0,0.5199238050905964,0.014040588457766744
6,2560,140,task1_return,IDLGated,0.98779296875,0.20849609375,0.98876953125,0.20947265625,0.98583984375,0.2080078125,0.9999709129333496,0.8348322857710796,0.004955723523970132
6,2570,150,task1_return,MLP,0.99072265625,0.2021484375,0.0,0.0,0.0,0.0,1.0,0.0,0.0
6,2570,150,task1_return,ChevronSlow,0.98291015625,0.205078125,0.984375,0.2041015625,0.9794921875,0.2158203125,1.0,0.48955731741310105,0.01324502048615166
6,2570,150,task1_return,IDLGated,0.98974609375,0.201171875,0.99072265625,0.20068359375,0.990234375,0.20654296875,0.9999151229858398,0.7860733636551259,0.005818156352851257
6,2580,160,task1_return,MLP,0.9921875,0.2001953125,0.0,0.0,0.0,0.0,1.0,0.0,0.0
6,2580,160,task1_return,ChevronSlow,0.984375,0.20458984375,0.986328125,0.20263671875,0.97998046875,0.212890625,1.0,0.4609644041802434,0.011510378438665415
6,2580,160,task1_return,IDLGated,0.98974609375,0.20166015625,0.98828125,0.20166015625,0.98974609375,0.2060546875,0.9997668862342834,0.7401622380684042,0.004704772764787665
6,2590,170,task1_return,MLP,0.99072265625,0.2021484375,0.0,0.0,0.0,0.0,1.0,0.0,0.0
6,2590,170,task1_return,ChevronSlow,0.984375,0.20556640625,0.98486328125,0.2041015625,0.98095703125,0.21240234375,1.0,0.4340414786241339,0.00992648793491642
6,2590,170,task1_return,IDLGated,0.98974609375,0.2041015625,0.99072265625,0.2041015625,0.9892578125,0.20654296875,0.9993966817855835,0.6969325816041555,0.004692885126940749
6,2600,180,task1_return,MLP,0.98974609375,0.20458984375,0.0,0.0,0.0,0.0,1.0,0.0,0.0
6,2600,180,task1_return,ChevronSlow,0.982421875,0.20849609375,0.98291015625,0.20654296875,0.98193359375,0.2109375,1.0,0.4086910040293711,0.00862835522159452
6,2600,180,task1_return,IDLGated,0.98974609375,0.20556640625,0.98974609375,0.205078125,0.98974609375,0.20654296875,0.9985241293907166,0.6562277813158904,0.0041549100832654964
6,2610,190,task1_return,MLP,0.990234375,0.20458984375,0.0,0.0,0.0,0.0,1.0,0.0,0.0
6,2610,190,task1_return,ChevronSlow,0.9814453125,0.20947265625,0.9814453125,0.20849609375,0.9814453125,0.2109375,1.0,0.3848211403757949,0.008331301394070723
6,2610,190,task1_return,IDLGated,0.990234375,0.205078125,0.990234375,0.205078125,0.9892578125,0.2060546875,0.9965769648551941,0.6179003713380253,0.004654766749231595
6,2620,200,task1_return,MLP,0.9912109375,0.19677734375,0.0,0.0,0.0,0.0,1.0,0.0,0.0
6,2620,200,task1_return,ChevronSlow,0.98828125,0.19921875,0.986328125,0.19775390625,0.98486328125,0.2060546875,1.0,0.3623454116192994,0.008164343683036705
6,2620,200,task1_return,IDLGated,0.990234375,0.19580078125,0.9892578125,0.1943359375,0.98974609375,0.20166015625,0.9924591183662415,0.5818114986446767,0.005208695647968085
6,2630,210,task1_return,MLP,0.9892578125,0.19580078125,0.0,0.0,0.0,0.0,1.0,0.0,0.0
6,2630,210,task1_return,ChevronSlow,0.986328125,0.19677734375,0.9853515625,0.19482421875,0.98583984375,0.20361328125,1.0,0.3411823924053261,0.00807731079735447
6,2630,210,task1_return,IDLGated,0.9912109375,0.19677734375,0.98974609375,0.19580078125,0.98779296875,0.20166015625,0.984207034111023,0.5478304200111641,0.005238882373394291
6,2640,220,task1_return,MLP,0.99072265625,0.2001953125,0.0,0.0,0.0,0.0,1.0,0.0,0.0
6,2640,220,task1_return,ChevronSlow,0.98486328125,0.205078125,0.98486328125,0.20458984375,0.98388671875,0.20458984375,1.0,0.3212554130800586,0.007060442844292506
6,2640,220,task1_return,IDLGated,0.98876953125,0.203125,0.990234375,0.203125,0.98876953125,0.20263671875,0.9685788750648499,0.5158340283557997,0.004638514579689248
6,2650,230,task1_return,MLP,0.990234375,0.20556640625,0.0,0.0,0.0,0.0,1.0,0.0,0.0
6,2650,230,task1_return,ChevronSlow,0.98193359375,0.20703125,0.982421875,0.20703125,0.98291015625,0.2060546875,1.0,0.3024922819306311,0.007331838850647158
6,2650,230,task1_return,IDLGated,0.98974609375,0.2041015625,0.9892578125,0.20556640625,0.990234375,0.203125,0.9407850503921509,0.48570640674599547,0.005483886742408084
6,2660,240,task1_return,MLP,0.99072265625,0.20458984375,0.0,0.0,0.0,0.0,1.0,0.0,0.0
6,2660,240,task1_return,ChevronSlow,0.98486328125,0.205078125,0.98486328125,0.205078125,0.98486328125,0.205078125,1.0,0.28482502364807694,0.0063206025724261575
6,2660,240,task1_return,IDLGated,0.990234375,0.20068359375,0.98974609375,0.2001953125,0.990234375,0.2021484375,0.8948666453361511,0.45733840845293267,0.004021474898380573
6,2670,250,task1_return,MLP,0.98876953125,0.19970703125,0.0,0.0,0.0,0.0,1.0,0.0,0.0
6,2670,250,task1_return,ChevronSlow,0.98583984375,0.20166015625,0.98583984375,0.201171875,0.986328125,0.2021484375,1.0,0.26818963306551924,0.005535096983753474
6,2670,250,task1_return,IDLGated,0.98974609375,0.19970703125,0.9892578125,0.1982421875,0.98779296875,0.20166015625,0.8254618048667908,0.43062726153341174,0.004060414003259952
6,2680,260,end_return,MLP,0.98974609375,0.19970703125,0.0,0.0,0.0,0.0,1.0,0.0,0.0
6,2680,260,end_return,ChevronSlow,0.984375,0.20458984375,0.984375,0.205078125,0.98486328125,0.20361328125,1.0,0.25252584327944283,0.005611324960537854
6,2680,260,end_return,IDLGated,0.9892578125,0.201171875,0.9892578125,0.20166015625,0.98876953125,0.20166015625,0.7311522364616394,0.40547619650635586,0.004193632619960403
7,0,0,task1_initial,MLP,0.46533203125,0.62548828125,0.0,0.0,0.0,0.0,1.0,0.0,0.0
7,0,0,task1_initial,ChevronSlow,0.46533203125,0.62548828125,0.46533203125,0.62548828125,0.46533203125,0.62548828125,1.0,0.0,0.0
7,0,0,task1_initial,IDLGated,0.53466796875,0.37451171875,0.53466796875,0.37451171875,0.53466796875,0.37451171875,1.0,0.0,0.0
7,10,0,task1_initial,MLP,0.94775390625,0.20361328125,0.0,0.0,0.0,0.0,1.0,0.0,0.0
7,10,0,task1_initial,ChevronSlow,0.78662109375,0.32275390625,0.8857421875,0.28076171875,0.46533203125,0.62548828125,1.0,0.000680622511246966,0.015858058963921975
7,10,0,task1_initial,IDLGated,0.92724609375,0.23291015625,0.931640625,0.22998046875,0.84130859375,0.25830078125,0.0003666077391244471,0.0004158419698675789,0.016319967299781468
7,20,0,task1_initial,MLP,0.9375,0.21142578125,0.0,0.0,0.0,0.0,1.0,0.0,0.0
7,20,0,task1_initial,ChevronSlow,0.900390625,0.2783203125,0.880859375,0.30419921875,0.6591796875,0.44287109375,1.0,0.0038415227849978254,0.024780341252247047
7,20,0,task1_initial,IDLGated,0.93115234375,0.22216796875,0.93212890625,0.22119140625,0.90234375,0.22900390625,0.0003863309102598578,0.002798647868158018,0.026141124478195513
7,30,0,task1_initial,MLP,0.9423828125,0.20947265625,0.0,0.0,0.0,0.0,1.0,0.0,0.0
7,30,0,task1_initial,ChevronSlow,0.91259765625,0.25634765625,0.91162109375,0.263671875,0.79833984375,0.30517578125,1.0,0.009739519802003696,0.030318960548529485
7,30,0,task1_initial,IDLGated,0.93310546875,0.21484375,0.9345703125,0.21240234375,0.92138671875,0.22119140625,0.0004331553354859352,0.008000861001368265,0.032216768732623226
7,40,0,task1_initial,MLP,0.943359375,0.203125,0.0,0.0,0.0,0.0,1.0,0.0,0.0
7,40,0,task1_initial,ChevronSlow,0.92431640625,0.22802734375,0.92529296875,0.23095703125,0.88623046875,0.23193359375,1.0,0.018156536123059893,0.034687335495206216
7,40,0,task1_initial,IDLGated,0.935546875,0.20654296875,0.93505859375,0.20556640625,0.92529296875,0.21630859375,0.0005227267974987626,0.01654868749748764,0.036195365732504814
7,50,0,task1_initial,MLP,0.94482421875,0.20654296875,0.0,0.0,0.0,0.0,1.0,0.0,0.0
7,50,0,task1_initial,ChevronSlow,0.93359375,0.21923828125,0.93212890625,0.22021484375,0.91357421875,0.2216796875,1.0,0.028834898101363294,0.03686250083841445
7,50,0,task1_initial,IDLGated,0.93994140625,0.20263671875,0.94189453125,0.2021484375,0.93408203125,0.212890625,0.0006767603335902095,0.028294702006057312,0.03759298066345899
7,60,0,task1_initial,MLP,0.94189453125,0.22265625,0.0,0.0,0.0,0.0,1.0,0.0,0.0
7,60,0,task1_initial,ChevronSlow,0.9248046875,0.240234375,0.92431640625,0.24462890625,0.92724609375,0.220703125,1.0,0.041563423933845614,0.0376467235400397
7,60,0,task1_initial,IDLGated,0.93798828125,0.2158203125,0.9384765625,0.2158203125,0.9345703125,0.21484375,0.0009253033204004169,0.04252439062319838,0.036931693439734355
7,70,0,task1_initial,MLP,0.94091796875,0.23193359375,0.0,0.0,0.0,0.0,1.0,0.0,0.0
7,70,0,task1_initial,ChevronSlow,0.9287109375,0.2412109375,0.9287109375,0.2431640625,0.9296875,0.22314453125,1.0,0.0561124220244752,0.03710514609158164
7,70,0,task1_initial,IDLGated,0.93798828125,0.22314453125,0.9404296875,0.22412109375,0.93505859375,0.21630859375,0.0013141073286533356,0.05848715825918032,0.0356617430371316
7,80,0,task1_initial,MLP,0.9404296875,0.2294921875,0.0,0.0,0.0,0.0,1.0,0.0,0.0
7,80,0,task1_initial,ChevronSlow,0.93017578125,0.24267578125,0.9296875,0.2431640625,0.93017578125,0.22607421875,1.0,0.07191187352346282,0.035927522666862347
7,80,0,task1_initial,IDLGated,0.9384765625,0.22802734375,0.9384765625,0.2275390625,0.93798828125,0.21875,0.0019010775722563267,0.07529855524948621,0.03391237086099868
7,90,0,task1_initial,MLP,0.94140625,0.234375,0.0,0.0,0.0,0.0,1.0,0.0,0.0
7,90,0,task1_initial,ChevronSlow,0.92138671875,0.2548828125,0.919921875,0.255859375,0.92724609375,0.23681640625,1.0,0.08846101762858166,0.03409262021645285
7,90,0,task1_initial,IDLGated,0.93310546875,0.23291015625,0.9326171875,0.23388671875,0.93408203125,0.224609375,0.0027524528559297323,0.09215879308124077,0.03163982379156762
7,100,0,task1_initial,MLP,0.93798828125,0.23779296875,0.0,0.0,0.0,0.0,1.0,0.0,0.0
7,100,0,task1_initial,ChevronSlow,0.92626953125,0.251953125,0.9248046875,0.25439453125,0.9287109375,0.2431640625,1.0,0.10507477367891535,0.03178441253112189
7,100,0,task1_initial,IDLGated,0.93310546875,0.23876953125,0.93359375,0.240234375,0.935546875,0.23046875,0.003925360273569822,0.10834707835460833,0.029351369159579588
7,110,0,task1_initial,MLP,0.9443359375,0.22314453125,0.0,0.0,0.0,0.0,1.0,0.0,0.0
7,110,0,task1_initial,ChevronSlow,0.93408203125,0.2275390625,0.93359375,0.22802734375,0.93212890625,0.23388671875,1.0,0.12094900475534977,0.02915677437757337
7,110,0,task1_initial,IDLGated,0.93798828125,0.22998046875,0.93896484375,0.22802734375,0.93798828125,0.23291015625,0.005453100893646479,0.12335895506314047,0.02676852985474334
7,120,0,task1_initial,MLP,0.9521484375,0.20703125,0.0,0.0,0.0,0.0,1.0,0.0,0.0
7,120,0,task1_initial,ChevronSlow,0.93701171875,0.22119140625,0.9375,0.22021484375,0.9345703125,0.22900390625,1.0,0.13518266517631217,0.026010322362171823
7,120,0,task1_initial,IDLGated,0.93701171875,0.22119140625,0.9384765625,0.2197265625,0.94091796875,0.2265625,0.007268153131008148,0.13650188428653212,0.02362270995414728
7,130,0,task1_initial,MLP,0.95361328125,0.20654296875,0.0,0.0,0.0,0.0,1.0,0.0,0.0
7,130,0,task1_initial,ChevronSlow,0.93994140625,0.21875,0.94091796875,0.22021484375,0.935546875,0.22314453125,1.0,0.14750916124766728,0.024076231559177114
7,130,0,task1_initial,IDLGated,0.943359375,0.2158203125,0.9443359375,0.21630859375,0.93798828125,0.21875,0.009259689599275589,0.14760082624063134,0.02168626914656016
7,140,0,task1_initial,MLP,0.95263671875,0.216796875,0.0,0.0,0.0,0.0,1.0,0.0,0.0
7,140,0,task1_initial,ChevronSlow,0.93798828125,0.232421875,0.9384765625,0.2333984375,0.93603515625,0.228515625,1.0,0.15785218744743063,0.021437043042866095
7,140,0,task1_initial,IDLGated,0.9384765625,0.22412109375,0.9384765625,0.22412109375,0.93798828125,0.22412109375,0.0112657705321908,0.15660652356853622,0.01870456932145967
7,150,0,task1_initial,MLP,0.95166015625,0.21875,0.0,0.0,0.0,0.0,1.0,0.0,0.0
7,150,0,task1_initial,ChevronSlow,0.939453125,0.2236328125,0.94140625,0.22265625,0.93701171875,0.22509765625,1.0,0.16628238578997148,0.01927002911655002
7,150,0,task1_initial,IDLGated,0.94140625,0.22216796875,0.94140625,0.2216796875,0.9404296875,0.2236328125,0.013086029328405857,0.1634982863768561,0.016615433299343924
7,160,0,task1_initial,MLP,0.95263671875,0.212890625,0.0,0.0,0.0,0.0,1.0,0.0,0.0
7,160,0,task1_initial,ChevronSlow,0.94189453125,0.21142578125,0.94091796875,0.208984375,0.94091796875,0.22265625,1.0,0.1728345601733667,0.017629877599643577
7,160,0,task1_initial,IDLGated,0.93896484375,0.21533203125,0.93798828125,0.21533203125,0.93994140625,0.2197265625,0.014557369984686375,0.16840939611380223,0.015136839102471131
7,170,0,task1_initial,MLP,0.955078125,0.2041015625,0.0,0.0,0.0,0.0,1.0,0.0,0.0
7,170,0,task1_initial,ChevronSlow,0.943359375,0.21337890625,0.9443359375,0.2119140625,0.94189453125,0.2197265625,1.0,0.17761438547298364,0.016500963008696395
7,170,0,task1_initial,IDLGated,0.9404296875,0.21044921875,0.94091796875,0.2099609375,0.939453125,0.216796875,0.015580883249640465,0.1715451385231337,0.014033342371248037
7,180,0,task1_initial,MLP,0.96142578125,0.208984375,0.0,0.0,0.0,0.0,1.0,0.0,0.0
7,180,0,task1_initial,ChevronSlow,0.9462890625,0.2138671875,0.94775390625,0.2138671875,0.94482421875,0.2158203125,1.0,0.1808387357062887,0.016264763920424145
7,180,0,task1_initial,IDLGated,0.94482421875,0.21337890625,0.94482421875,0.212890625,0.9423828125,0.21435546875,0.016141343861818314,0.17317734442955499,0.013969935942676944
7,190,0,task1_initial,MLP,0.9599609375,0.201171875,0.0,0.0,0.0,0.0,1.0,0.0,0.0
7,190,0,task1_initial,ChevronSlow,0.94482421875,0.22021484375,0.94482421875,0.2216796875,0.94189453125,0.22021484375,1.0,0.18278754520966786,0.014756924942461759
7,190,0,task1_initial,IDLGated,0.9404296875,0.2158203125,0.94189453125,0.21435546875,0.9404296875,0.216796875,0.01630641520023346,0.17364747444882145,0.012204119245514174
7,200,0,task1_initial,MLP,0.953125,0.212890625,0.0,0.0,0.0,0.0,1.0,0.0,0.0
7,200,0,task1_initial,ChevronSlow,0.93994140625,0.21923828125,0.93798828125,0.22119140625,0.94189453125,0.2236328125,1.0,0.18361297364508947,0.013703971824593635
7,200,0,task1_initial,IDLGated,0.93701171875,0.22216796875,0.93310546875,0.2216796875,0.9404296875,0.21826171875,0.016085395589470863,0.1730169267962567,0.011341102555414076
7,210,0,task1_initial,MLP,0.96240234375,0.20654296875,0.0,0.0,0.0,0.0,1.0,0.0,0.0
7,210,0,task1_initial,ChevronSlow,0.9501953125,0.20751953125,0.9521484375,0.20849609375,0.94677734375,0.2109375,1.0,0.18339004601464104,0.013344173179838137
7,210,0,task1_initial,IDLGated,0.94482421875,0.21435546875,0.94482421875,0.212890625,0.94140625,0.21875,0.015553341247141361,0.1714634468388608,0.010640398414335284
7,220,0,task1_initial,MLP,0.966796875,0.19921875,0.0,0.0,0.0,0.0,1.0,0.0,0.0
7,220,0,task1_initial,ChevronSlow,0.95068359375,0.2099609375,0.953125,0.2099609375,0.94921875,0.2109375,1.0,0.1821570685459857,0.012318566896109481
7,220,0,task1_initial,IDLGated,0.947265625,0.21240234375,0.94775390625,0.21337890625,0.943359375,0.21435546875,0.014743546023964882,0.16899560585622905,0.009715755844101384
7,230,0,task1_initial,MLP,0.9677734375,0.1962890625,0.0,0.0,0.0,0.0,1.0,0.0,0.0
7,230,0,task1_initial,ChevronSlow,0.9521484375,0.20947265625,0.955078125,0.20947265625,0.94970703125,0.21142578125,1.0,0.1799283718281329,0.012116808639362625
7,230,0,task1_initial,IDLGated,0.9482421875,0.21142578125,0.9462890625,0.2109375,0.9453125,0.2109375,0.013721887022256851,0.16568426876879058,0.00981562978786314
7,240,0,task1_initial,MLP,0.96923828125,0.19580078125,0.0,0.0,0.0,0.0,1.0,0.0,0.0
7,240,0,task1_initial,ChevronSlow,0.953125,0.205078125,0.95263671875,0.203125,0.951171875,0.20947265625,1.0,0.1769935938152756,0.011608067453597219
7,240,0,task1_initial,IDLGated,0.94482421875,0.205078125,0.9453125,0.20361328125,0.9453125,0.21044921875,0.012621703557670116,0.16183474703796694,0.009326235722156236
7,250,0,task1_initial,MLP,0.96630859375,0.2080078125,0.0,0.0,0.0,0.0,1.0,0.0,0.0
7,250,0,task1_initial,ChevronSlow,0.947265625,0.22021484375,0.9462890625,0.2216796875,0.947265625,0.21630859375,1.0,0.17370762040803933,0.011063038520606937
7,250,0,task1_initial,IDLGated,0.94287109375,0.21728515625,0.939453125,0.22021484375,0.94189453125,0.2158203125,0.011536944657564163,0.1577001423912991,0.008701161127311494
7,260,0,task1_initial,MLP,0.96630859375,0.21240234375,0.0,0.0,0.0,0.0,1.0,0.0,0.0
7,260,0,task1_initial,ChevronSlow,0.953125,0.21533203125,0.95361328125,0.21630859375,0.95166015625,0.2138671875,1.0,0.17004319048075975,0.010154560847115864
7,260,0,task1_initial,IDLGated,0.94287109375,0.22314453125,0.94287109375,0.22509765625,0.9423828125,0.2177734375,0.010487508028745651,0.15331692979527747,0.007287569923796927
7,270,0,task1_initial,MLP,0.9677734375,0.21044921875,0.0,0.0,0.0,0.0,1.0,0.0,0.0
7,270,0,task1_initial,ChevronSlow,0.95068359375,0.2177734375,0.95166015625,0.2177734375,0.94921875,0.21630859375,1.0,0.165530007839603,0.009296261294584402
7,270,0,task1_initial,IDLGated,0.9423828125,0.22314453125,0.9423828125,0.22412109375,0.9423828125,0.2197265625,0.009370463900268078,0.1481464452436276,0.006542686144686576
7,280,0,task1_initial,MLP,0.974609375,0.19970703125,0.0,0.0,0.0,0.0,1.0,0.0,0.0
7,280,0,task1_initial,ChevronSlow,0.95556640625,0.2080078125,0.95703125,0.20849609375,0.9521484375,0.2109375,1.0,0.1602788499946884,0.009681006502026567
7,280,0,task1_initial,IDLGated,0.94482421875,0.21533203125,0.9453125,0.2158203125,0.94189453125,0.21826171875,0.008245856501162052,0.1422834339453651,0.006712508405873288
7,290,0,task1_initial,MLP,0.96875,0.20849609375,0.0,0.0,0.0,0.0,1.0,0.0,0.0
7,290,0,task1_initial,ChevronSlow,0.95703125,0.21826171875,0.95458984375,0.21826171875,0.95166015625,0.216796875,1.0,0.154562720191186,0.009800055715187786
7,290,0,task1_initial,IDLGated,0.9453125,0.2177734375,0.9462890625,0.21875,0.9443359375,0.21630859375,0.007195255719125271,0.136040349004286,0.007319615555225101
7,300,0,task1_initial,MLP,0.974609375,0.20751953125,0.0,0.0,0.0,0.0,1.0,0.0,0.0
7,300,0,task1_initial,ChevronSlow,0.9541015625,0.22021484375,0.95458984375,0.220703125,0.9541015625,0.2177734375,1.0,0.14867880567443387,0.008852922743653464
7,300,0,task1_initial,IDLGated,0.94384765625,0.22216796875,0.94384765625,0.22265625,0.94140625,0.22119140625,0.006263648625463247,0.12969504860358494,0.00608610093911815
7,310,0,task1_initial,MLP,0.978515625,0.2001953125,0.0,0.0,0.0,0.0,1.0,0.0,0.0
7,310,0,task1_initial,ChevronSlow,0.9599609375,0.201171875,0.96044921875,0.19970703125,0.95654296875,0.21044921875,1.0,0.14235390525925795,0.00868424266217038
7,310,0,task1_initial,IDLGated,0.9453125,0.21337890625,0.94580078125,0.2119140625,0.9423828125,0.21728515625,0.005401192232966423,0.12292184062520228,0.006100081888429312
7,320,0,task1_initial,MLP,0.98193359375,0.1962890625,0.0,0.0,0.0,0.0,1.0,0.0,0.0
7,320,0,task1_initial,ChevronSlow,0.96142578125,0.1962890625,0.9619140625,0.1962890625,0.95751953125,0.20556640625,1.0,0.1358535898078619,0.008793676742509563
7,320,0,task1_initial,IDLGated,0.94921875,0.2060546875,0.9501953125,0.205078125,0.94482421875,0.21240234375,0.004641348496079445,0.11599553066544453,0.006829697834377524
7,330,0,task1_initial,MLP,0.98193359375,0.1943359375,0.0,0.0,0.0,0.0,1.0,0.0,0.0
7,330,0,task1_initial,ChevronSlow,0.9609375,0.2041015625,0.962890625,0.203125,0.9580078125,0.20703125,1.0,0.1295670543833809,0.008830930370460987
7,330,0,task1_initial,IDLGated,0.95068359375,0.20654296875,0.95166015625,0.20654296875,0.94873046875,0.2099609375,0.004019293002784252,0.10942628103074582,0.007216959924705865
7,340,0,task1_initial,MLP,0.978515625,0.20068359375,0.0,0.0,0.0,0.0,1.0,0.0,0.0
7,340,0,task1_initial,ChevronSlow,0.95751953125,0.2099609375,0.95703125,0.21044921875,0.95751953125,0.2080078125,1.0,0.12375411223750452,0.008186039073740978
7,340,0,task1_initial,IDLGated,0.9462890625,0.212890625,0.9462890625,0.21240234375,0.94384765625,0.2138671875,0.0035252519883215427,0.10344219309212681,0.006477269671541348
7,350,0,task1_initial,MLP,0.97900390625,0.1953125,0.0,0.0,0.0,0.0,1.0,0.0,0.0
7,350,0,task1_initial,ChevronSlow,0.9638671875,0.1962890625,0.96337890625,0.1953125,0.9609375,0.20166015625,1.0,0.11837824452318815,0.00750967173867446
7,350,0,task1_initial,IDLGated,0.94580078125,0.20458984375,0.9453125,0.20361328125,0.94482421875,0.21044921875,0.0031295756343752146,0.09801256873874363,0.006122965023744974
7,360,0,task1_initial,MLP,0.98291015625,0.20263671875,0.0,0.0,0.0,0.0,1.0,0.0,0.0
7,360,0,task1_initial,ChevronSlow,0.95947265625,0.21142578125,0.95947265625,0.21337890625,0.95849609375,0.208984375,1.0,0.11279020565397031,0.0074429970178283705
7,360,0,task1_initial,IDLGated,0.94580078125,0.21826171875,0.9462890625,0.21875,0.9443359375,0.21630859375,0.0027794535271823406,0.09260373768459751,0.005876475258477647
7,370,0,task1_initial,MLP,0.98193359375,0.20458984375,0.0,0.0,0.0,0.0,1.0,0.0,0.0
7,370,0,task1_initial,ChevronSlow,0.95849609375,0.2177734375,0.958984375,0.21923828125,0.9580078125,0.212890625,1.0,0.10684460895456835,0.007867050410347956
7,370,0,task1_initial,IDLGated,0.9443359375,0.2216796875,0.9443359375,0.22265625,0.9453125,0.21630859375,0.0024684173986315727,0.08719515621216552,0.006641564700778257
7,380,0,task1_initial,MLP,0.984375,0.18994140625,0.0,0.0,0.0,0.0,1.0,0.0,0.0
7,380,0,task1_initial,ChevronSlow,0.96728515625,0.19140625,0.966796875,0.18896484375,0.96435546875,0.2021484375,1.0,0.10117187087739761,0.009261424097980697
7,380,0,task1_initial,IDLGated,0.9501953125,0.2119140625,0.95263671875,0.21044921875,0.9482421875,0.21240234375,0.002207365585491061,0.08210246645507192,0.007795733460253431
7,390,0,task1_initial,MLP,0.986328125,0.18994140625,0.0,0.0,0.0,0.0,1.0,0.0,0.0
7,390,0,task1_initial,ChevronSlow,0.96728515625,0.20751953125,0.96728515625,0.20654296875,0.96484375,0.20751953125,1.0,0.09654318850930317,0.007085009337194057
7,390,0,task1_initial,IDLGated,0.951171875,0.21337890625,0.9501953125,0.2138671875,0.94921875,0.2119140625,0.0020081354305148125,0.07779371015174924,0.006229045987769085
7,400,0,task1_initial,MLP,0.9873046875,0.1953125,0.0,0.0,0.0,0.0,1.0,0.0,0.0
7,400,0,task1_initial,ChevronSlow,0.962890625,0.2177734375,0.96337890625,0.21826171875,0.9609375,0.212890625,1.0,0.09184775140051445,0.007112745514101378
7,400,0,task1_initial,IDLGated,0.94775390625,0.21875,0.947265625,0.21875,0.94873046875,0.2158203125,0.0018348030280321836,0.07368265886747784,0.006018528205473007
7,410,0,task1_initial,MLP,0.986328125,0.20068359375,0.0,0.0,0.0,0.0,1.0,0.0,0.0
7,410,0,task1_initial,ChevronSlow,0.9638671875,0.20654296875,0.9619140625,0.205078125,0.9609375,0.20654296875,1.0,0.08710290871510361,0.006985783886064257
7,410,0,task1_initial,IDLGated,0.947265625,0.2216796875,0.94775390625,0.22119140625,0.9482421875,0.21533203125,0.001673444639891386,0.06949107925173119,0.006512303659471156
7,420,0,task1_initial,MLP,0.98681640625,0.19580078125,0.0,0.0,0.0,0.0,1.0,0.0,0.0
7,420,0,task1_initial,ChevronSlow,0.97021484375,0.19921875,0.970703125,0.1982421875,0.96435546875,0.2041015625,1.0,0.08248121877854182,0.006593678433540269
7,420,0,task1_initial,IDLGated,0.94921875,0.21044921875,0.9501953125,0.20947265625,0.94970703125,0.21240234375,0.001538838492706418,0.06567330844445761,0.005566260182995293
7,430,0,task1_initial,MLP,0.986328125,0.1962890625,0.0,0.0,0.0,0.0,1.0,0.0,0.0
7,430,0,task1_initial,ChevronSlow,0.96533203125,0.20361328125,0.9658203125,0.20361328125,0.9638671875,0.2041015625,1.0,0.07770013979501009,0.006780433869503183
7,430,0,task1_initial,IDLGated,0.95263671875,0.20703125,0.95263671875,0.20556640625,0.94970703125,0.21142578125,0.0014144940068945289,0.06183782211360635,0.006103181810825341
7,440,0,task1_initial,MLP,0.98681640625,0.201171875,0.0,0.0,0.0,0.0,1.0,0.0,0.0
7,440,0,task1_initial,ChevronSlow,0.96533203125,0.208984375,0.9658203125,0.208984375,0.9638671875,0.20703125,1.0,0.07316201264152516,0.006535137473302643
7,440,0,task1_initial,IDLGated,0.951171875,0.2119140625,0.95166015625,0.2119140625,0.94921875,0.21142578125,0.0013065931852906942,0.05822614393147586,0.0057193821070197735
7,450,0,task1_initial,MLP,0.986328125,0.1962890625,0.0,0.0,0.0,0.0,1.0,0.0,0.0
7,450,0,task1_initial,ChevronSlow,0.966796875,0.20166015625,0.96728515625,0.201171875,0.96484375,0.2041015625,1.0,0.0688889377532682,0.006484435065860729
7,450,0,task1_initial,IDLGated,0.94873046875,0.20849609375,0.94970703125,0.20849609375,0.9501953125,0.21142578125,0.0012125202920287848,0.05482540816040431,0.006189004515381098
7,460,0,task1_initial,MLP,0.98828125,0.19775390625,0.0,0.0,0.0,0.0,1.0,0.0,0.0
7,460,0,task1_initial,ChevronSlow,0.96923828125,0.20556640625,0.97119140625,0.20556640625,0.96484375,0.205078125,1.0,0.06486543458046029,0.006517382662146719
7,460,0,task1_initial,IDLGated,0.9521484375,0.212890625,0.9521484375,0.21337890625,0.9501953125,0.21240234375,0.0011301349150016904,0.051623294571805575,0.0058684725765422345
7,470,0,task1_initial,MLP,0.98095703125,0.197265625,0.0,0.0,0.0,0.0,1.0,0.0,0.0
7,470,0,task1_initial,ChevronSlow,0.96826171875,0.2099609375,0.9697265625,0.21044921875,0.9677734375,0.20654296875,1.0,0.06107692672489153,0.007329812264852457
7,470,0,task1_initial,IDLGated,0.951171875,0.21630859375,0.95166015625,0.216796875,0.95166015625,0.21240234375,0.0010576798813417554,0.048608202508049654,0.007064563409802227
7,480,0,task1_initial,MLP,0.98388671875,0.20263671875,0.0,0.0,0.0,0.0,1.0,0.0,0.0
7,480,0,task1_initial,ChevronSlow,0.96826171875,0.20849609375,0.9697265625,0.20947265625,0.9677734375,0.208984375,1.0,0.0575223479905117,0.007120313627178551
7,480,0,task1_initial,IDLGated,0.9521484375,0.2158203125,0.95166015625,0.21630859375,0.9521484375,0.21435546875,0.0009937036084011197,0.04576920885545342,0.006447024387149278
7,490,0,task1_initial,MLP,0.9833984375,0.20263671875,0.0,0.0,0.0,0.0,1.0,0.0,0.0
7,490,0,task1_initial,ChevronSlow,0.96875,0.2060546875,0.97021484375,0.20654296875,0.9658203125,0.20751953125,1.0,0.05427991737761939,0.00763953668167611
7,490,0,task1_initial,IDLGated,0.94970703125,0.21484375,0.94970703125,0.21533203125,0.95068359375,0.21435546875,0.0009370020707137883,0.04309602847188615,0.007342674824111626
7,500,0,task1_initial,MLP,0.98779296875,0.19970703125,0.0,0.0,0.0,0.0,1.0,0.0,0.0
7,500,0,task1_initial,ChevronSlow,0.97119140625,0.20263671875,0.97119140625,0.201171875,0.9677734375,0.2060546875,1.0,0.05141089974729412,0.006804225178226166
7,500,0,task1_initial,IDLGated,0.95068359375,0.21142578125,0.9521484375,0.212890625,0.95068359375,0.2109375,0.0008890183526091278,0.04070438844872762,0.006827817607936877
7,510,0,task1_initial,MLP,0.98779296875,0.19970703125,0.0,0.0,0.0,0.0,1.0,0.0,0.0
7,510,0,task1_initial,ChevronSlow,0.9736328125,0.205078125,0.97314453125,0.20458984375,0.9697265625,0.205078125,1.0,0.048421295951979255,0.00680163391112288
7,510,0,task1_initial,IDLGated,0.95361328125,0.21240234375,0.95458984375,0.2109375,0.953125,0.21435546875,0.0008447043364867568,0.038378239854929504,0.006769920161176139
7,520,0,task1_initial,MLP,0.98681640625,0.20068359375,0.0,0.0,0.0,0.0,1.0,0.0,0.0
7,520,0,task1_initial,ChevronSlow,0.96923828125,0.2099609375,0.9697265625,0.2099609375,0.970703125,0.2080078125,1.0,0.04559321869824029,0.006877021096622005
7,520,0,task1_initial,IDLGated,0.9521484375,0.22119140625,0.95166015625,0.220703125,0.95361328125,0.21630859375,0.0008040924440138042,0.03613673381841401,0.007083854794385196
7,530,0,task1_initial,MLP,0.98876953125,0.19775390625,0.0,0.0,0.0,0.0,1.0,0.0,0.0
7,530,0,task1_initial,ChevronSlow,0.97607421875,0.20166015625,0.97607421875,0.201171875,0.970703125,0.2041015625,1.0,0.04293031713416166,0.00675532857184136
7,530,0,task1_initial,IDLGated,0.95556640625,0.21435546875,0.95556640625,0.21484375,0.9541015625,0.21484375,0.0007676376262679696,0.03402614439846894,0.006577343724906082
7,540,0,task1_initial,MLP,0.98828125,0.19921875,0.0,0.0,0.0,0.0,1.0,0.0,0.0
7,540,0,task1_initial,ChevronSlow,0.97412109375,0.2021484375,0.9755859375,0.19970703125,0.97216796875,0.2041015625,1.0,0.040422944066259285,0.006717713869808421
7,540,0,task1_initial,IDLGated,0.95654296875,0.21142578125,0.95654296875,0.21044921875,0.9541015625,0.2138671875,0.0007348228245973587,0.03203882532503521,0.00675760722336277
7,550,0,task1_initial,MLP,0.98583984375,0.20556640625,0.0,0.0,0.0,0.0,1.0,0.0,0.0
7,550,0,task1_initial,ChevronSlow,0.97119140625,0.21484375,0.9716796875,0.21630859375,0.9716796875,0.20849609375,1.0,0.03806201575165316,0.007400735339602617
7,550,0,task1_initial,IDLGated,0.953125,0.22314453125,0.953125,0.224609375,0.95361328125,0.21875,0.0007052072905935347,0.03016757691342502,0.00732079258907904
7,560,0,task1_initial,MLP,0.9892578125,0.203125,0.0,0.0,0.0,0.0,1.0,0.0,0.0
7,560,0,task1_initial,ChevronSlow,0.9775390625,0.20751953125,0.978515625,0.20751953125,0.97412109375,0.20751953125,1.0,0.03583897898936872,0.007065547199575261
7,560,0,task1_initial,IDLGated,0.95458984375,0.220703125,0.95458984375,0.22021484375,0.9541015625,0.21826171875,0.0006784124998375773,0.028405619981213034,0.007388483871771957
7,570,0,task1_initial,MLP,0.99169921875,0.1943359375,0.0,0.0,0.0,0.0,1.0,0.0,0.0
7,570,0,task1_initial,ChevronSlow,0.9833984375,0.19482421875,0.9853515625,0.193359375,0.9765625,0.201171875,1.0,0.03374578013369209,0.00757682601317562
7,570,0,task1_initial,IDLGated,0.95849609375,0.2109375,0.9599609375,0.2099609375,0.95654296875,0.212890625,0.0006541134789586067,0.026746571288528507,0.007804488644835191
7,580,0,task1_initial,MLP,0.9892578125,0.2021484375,0.0,0.0,0.0,0.0,1.0,0.0,0.0
7,580,0,task1_initial,ChevronSlow,0.9736328125,0.21142578125,0.9736328125,0.21337890625,0.974609375,0.20703125,1.0,0.031774835917320485,0.007169421957390415
7,580,0,task1_initial,IDLGated,0.95703125,0.2177734375,0.95751953125,0.21826171875,0.95703125,0.21728515625,0.0006320290849544108,0.025184420412773117,0.007167248556021971
7,590,0,task1_initial,MLP,0.98974609375,0.1982421875,0.0,0.0,0.0,0.0,1.0,0.0,0.0
7,590,0,task1_initial,ChevronSlow,0.98193359375,0.2001953125,0.982421875,0.2001953125,0.97998046875,0.20361328125,1.0,0.029919005978605487,0.006688921690667643
7,590,0,task1_initial,IDLGated,0.958984375,0.20947265625,0.95849609375,0.20947265625,0.95703125,0.21337890625,0.0006119162426330149,0.023713507973985904,0.007291571060665555
7,600,0,task1_initial,MLP,0.99169921875,0.1943359375,0.0,0.0,0.0,0.0,1.0,0.0,0.0
7,600,0,task1_initial,ChevronSlow,0.982421875,0.197265625,0.98291015625,0.1953125,0.97998046875,0.20166015625,1.0,0.028171566993360486,0.006343869122549251
7,600,0,task1_initial,IDLGated,0.96044921875,0.20263671875,0.9609375,0.201171875,0.95703125,0.2109375,0.0005935633089393377,0.022328505131969944,0.007077365124136357
7,610,0,task1_initial,MLP,0.9931640625,0.1904296875,0.0,0.0,0.0,0.0,1.0,0.0,0.0
7,610,0,task1_initial,ChevronSlow,0.98291015625,0.19775390625,0.9833984375,0.19482421875,0.98095703125,0.20068359375,1.0,0.026526188317516727,0.006376406951111713
7,610,0,task1_initial,IDLGated,0.9619140625,0.2001953125,0.9638671875,0.1982421875,0.95947265625,0.20556640625,0.0005767854163423181,0.021024394280902626,0.0074045683803510036
7,620,0,task1_initial,MLP,0.9892578125,0.1943359375,0.0,0.0,0.0,0.0,1.0,0.0,0.0
7,620,0,task1_initial,ChevronSlow,0.9775390625,0.201171875,0.974609375,0.19970703125,0.97998046875,0.19970703125,1.0,0.024976909052385886,0.006024099756963436
7,620,0,task1_initial,IDLGated,0.96044921875,0.20361328125,0.9619140625,0.2021484375,0.958984375,0.20703125,0.0005614209221675992,0.019796450871489808,0.007432054941356245
7,630,0,task1_initial,MLP,0.9921875,0.18896484375,0.0,0.0,0.0,0.0,1.0,0.0,0.0
7,630,0,task1_initial,ChevronSlow,0.98828125,0.18505859375,0.98779296875,0.1826171875,0.982421875,0.19384765625,1.0,0.02351811644944085,0.006781832492241344
7,630,0,task1_initial,IDLGated,0.966796875,0.193359375,0.96826171875,0.1923828125,0.96240234375,0.19921875,0.000547327974345535,0.018640226294808833,0.008150907200842054
7,640,0,task1_initial,MLP,0.986328125,0.1943359375,0.0,0.0,0.0,0.0,1.0,0.0,0.0
7,640,0,task1_initial,ChevronSlow,0.982421875,0.19921875,0.982421875,0.2001953125,0.98388671875,0.19970703125,1.0,0.02214452557637936,0.006409190005966556
7,640,0,task1_initial,IDLGated,0.9638671875,0.20703125,0.96435546875,0.2080078125,0.9609375,0.20361328125,0.0005343813099898398,0.017551531765831834,0.00751752695411567
7,650,0,task1_initial,MLP,0.9892578125,0.19677734375,0.0,0.0,0.0,0.0,1.0,0.0,0.0
7,650,0,task1_initial,ChevronSlow,0.9765625,0.203125,0.97607421875,0.2041015625,0.9814453125,0.201171875,1.0,0.020851160170804347,0.006676574086799336
7,650,0,task1_initial,IDLGated,0.96142578125,0.2099609375,0.95947265625,0.2119140625,0.9609375,0.20703125,0.0005224708002060652,0.016526423148242323,0.007611406573945991
7,660,0,task1_initial,MLP,0.98046875,0.18701171875,0.0,0.0,0.0,0.0,1.0,0.0,0.0
7,660,0,task1_initial,ChevronSlow,0.9775390625,0.185546875,0.9765625,0.1826171875,0.98193359375,0.1943359375,1.0,0.019721364078737952,0.006158897120394756
7,660,0,task1_initial,IDLGated,0.9658203125,0.197265625,0.96630859375,0.19482421875,0.96240234375,0.20263671875,0.0005121087306179106,0.015615399485469724,0.007493462553193034
7,670,0,task1_initial,MLP,0.984375,0.20166015625,0.0,0.0,0.0,0.0,1.0,0.0,0.0
7,670,0,task1_initial,ChevronSlow,0.9765625,0.20751953125,0.97607421875,0.20947265625,0.98583984375,0.20166015625,1.0,0.01861379489525631,0.006808325249949595
7,670,0,task1_initial,IDLGated,0.96435546875,0.20947265625,0.96435546875,0.21142578125,0.9619140625,0.20458984375,0.000502694514580071,0.014771585969214742,0.00722975765469915
7,680,0,task1_initial,MLP,0.9912109375,0.20068359375,0.0,0.0,0.0,0.0,1.0,0.0,0.0
7,680,0,task1_initial,ChevronSlow,0.984375,0.2041015625,0.98388671875,0.20458984375,0.98486328125,0.2021484375,1.0,0.01770083194419343,0.005293844371026553
7,680,0,task1_initial,IDLGated,0.9638671875,0.2109375,0.96533203125,0.21337890625,0.9619140625,0.2060546875,0.0004936449695378542,0.013945444656948955,0.006898370017410316
7,690,0,task1_initial,MLP,0.99267578125,0.19140625,0.0,0.0,0.0,0.0,1.0,0.0,0.0
7,690,0,task1_initial,ChevronSlow,0.98681640625,0.193359375,0.98681640625,0.19287109375,0.98583984375,0.1982421875,1.0,0.016667355875201847,0.004774692182357409
7,690,0,task1_initial,IDLGated,0.96484375,0.205078125,0.96533203125,0.205078125,0.962890625,0.205078125,0.0004848922835662961,0.013131876471132464,0.006027464210096784
7,700,0,task1_initial,MLP,0.99072265625,0.1845703125,0.0,0.0,0.0,0.0,1.0,0.0,0.0
7,700,0,task1_initial,ChevronSlow,0.98876953125,0.18798828125,0.98876953125,0.18701171875,0.98583984375,0.1943359375,1.0,0.015693888125033043,0.00512919210741984
7,700,0,task1_initial,IDLGated,0.9697265625,0.197265625,0.97119140625,0.19580078125,0.96484375,0.20166015625,0.0004767830250784755,0.012364900692876744,0.0064490522433671245
7,710,0,task1_initial,MLP,0.98828125,0.19580078125,0.0,0.0,0.0,0.0,1.0,0.0,0.0
7,710,0,task1_initial,ChevronSlow,0.97900390625,0.20458984375,0.9775390625,0.20556640625,0.9833984375,0.20166015625,1.0,0.014777276391362252,0.005797878807695051
7,710,0,task1_initial,IDLGated,0.96337890625,0.2041015625,0.9638671875,0.2041015625,0.96435546875,0.20458984375,0.0004692712100222707,0.011642720633323079,0.006422192402698292
7,720,0,task1_initial,MLP,0.99072265625,0.19970703125,0.0,0.0,0.0,0.0,1.0,0.0,0.0
7,720,0,task1_initial,ChevronSlow,0.9873046875,0.19873046875,0.986328125,0.19921875,0.98681640625,0.1982421875,1.0,0.01391419996160145,0.005023232926978579
7,720,0,task1_initial,IDLGated,0.966796875,0.2060546875,0.9677734375,0.20654296875,0.96435546875,0.205078125,0.0004623064596671611,0.010962719969412872,0.006198469120345818
7,730,0,task1_initial,MLP,0.99169921875,0.1953125,0.0,0.0,0.0,0.0,1.0,0.0,0.0
7,730,0,task1_initial,ChevronSlow,0.98828125,0.19287109375,0.9873046875,0.19140625,0.98681640625,0.19580078125,1.0,0.01310153207153908,0.0049429617015303955
7,730,0,task1_initial,IDLGated,0.9697265625,0.197265625,0.97216796875,0.19677734375,0.96630859375,0.20263671875,0.0004558428772725165,0.010322435186135832,0.006398730717573644
7,740,0,task1_initial,MLP,0.98974609375,0.19775390625,0.0,0.0,0.0,0.0,1.0,0.0,0.0
7,740,0,task1_initial,ChevronSlow,0.98583984375,0.203125,0.9853515625,0.203125,0.986328125,0.2001953125,1.0,0.012336328577659093,0.005358394921644074
7,740,0,task1_initial,IDLGated,0.9677734375,0.203125,0.9677734375,0.20263671875,0.9658203125,0.20458984375,0.00044983933912590146,0.009719546651676597,0.006511467527145428
7,750,0,task1_initial,MLP,0.990234375,0.201171875,0.0,0.0,0.0,0.0,1.0,0.0,0.0
7,750,0,task1_initial,ChevronSlow,0.98388671875,0.20703125,0.98291015625,0.20849609375,0.9853515625,0.20263671875,1.0,0.011615817291060584,0.005488696283319631
7,750,0,task1_initial,IDLGated,0.966796875,0.21044921875,0.96533203125,0.21240234375,0.9658203125,0.20703125,0.0004442587960511446,0.00915187021382327,0.007000002385086168
7,760,0,task1_initial,MLP,0.99169921875,0.19921875,0.0,0.0,0.0,0.0,1.0,0.0,0.0
7,760,0,task1_initial,ChevronSlow,0.986328125,0.2021484375,0.986328125,0.20166015625,0.986328125,0.20068359375,1.0,0.010937387934336738,0.0049609169743837665
7,760,0,task1_initial,IDLGated,0.96826171875,0.2109375,0.96875,0.21044921875,0.9658203125,0.20751953125,0.000439067545812577,0.008617349287193118,0.006708755997996433
7,770,0,task1_initial,MLP,0.9892578125,0.203125,0.0,0.0,0.0,0.0,1.0,0.0,0.0
7,770,0,task1_initial,ChevronSlow,0.9814453125,0.2021484375,0.97998046875,0.2041015625,0.98583984375,0.203125,1.0,0.010298582685028815,0.006001102624012713
7,770,0,task1_initial,IDLGated,0.96923828125,0.21337890625,0.96875,0.21435546875,0.96826171875,0.20849609375,0.00043423479655757546,0.008114047402609039,0.0076573298954205745
7,780,0,task1_initial,MLP,0.99072265625,0.201171875,0.0,0.0,0.0,0.0,1.0,0.0,0.0
7,780,0,task1_initial,ChevronSlow,0.98828125,0.19921875,0.98828125,0.19873046875,0.9873046875,0.2001953125,1.0,0.009697087271395849,0.005786990521697281
7,780,0,task1_initial,IDLGated,0.9716796875,0.203125,0.97314453125,0.203125,0.96875,0.205078125,0.00042973289964720607,0.007640141191634517,0.007842387917596356
7,790,0,task1_initial,MLP,0.99169921875,0.1923828125,0.0,0.0,0.0,0.0,1.0,0.0,0.0
7,790,0,task1_initial,ChevronSlow,0.990234375,0.193359375,0.99072265625,0.19091796875,0.98828125,0.19873046875,1.0,0.009130722588241694,0.005386855827034142
7,790,0,task1_initial,IDLGated,0.9736328125,0.19921875,0.97607421875,0.1962890625,0.97021484375,0.203125,0.0004255365929566324,0.00719391378085138,0.007518144879188898
7,800,0,task1_initial,MLP,0.9873046875,0.18017578125,0.0,0.0,0.0,0.0,1.0,0.0,0.0
7,800,0,task1_initial,ChevronSlow,0.98583984375,0.18017578125,0.98291015625,0.177734375,0.98974609375,0.19091796875,1.0,0.008597436802425142,0.006617163308428299
7,800,0,task1_initial,IDLGated,0.978515625,0.18310546875,0.978515625,0.1806640625,0.97607421875,0.19580078125,0.00042217771988362074,0.00683355129735729,0.008555297382707588
7,810,0,task1_initial,MLP,0.98681640625,0.1904296875,0.0,0.0,0.0,0.0,1.0,0.0,0.0
7,810,0,task1_initial,ChevronSlow,0.9755859375,0.1982421875,0.97412109375,0.19970703125,0.98583984375,0.19677734375,1.0,0.008102833351285307,0.0065047177291001675
7,810,0,task1_initial,IDLGated,0.96630859375,0.20166015625,0.96337890625,0.2001953125,0.970703125,0.20068359375,0.0004227709723636508,0.006897397103076809,0.0077636276552447096
7,820,0,task1_initial,MLP,0.9912109375,0.203125,0.0,0.0,0.0,0.0,1.0,0.0,0.0
7,820,0,task1_initial,ChevronSlow,0.984375,0.2021484375,0.98193359375,0.2021484375,0.9873046875,0.2001953125,1.0,0.007951866369007448,0.005443755529547615
7,820,0,task1_initial,IDLGated,0.97314453125,0.20703125,0.9736328125,0.2060546875,0.9716796875,0.20361328125,0.00042775922338478267,0.007430814633965526,0.006640467989557887
7,830,0,task1_initial,MLP,0.99169921875,0.19287109375,0.0,0.0,0.0,0.0,1.0,0.0,0.0
7,830,0,task1_initial,ChevronSlow,0.98876953125,0.1865234375,0.98681640625,0.18359375,0.9892578125,0.19140625,1.0,0.007654819565758218,0.005182284912724667
7,830,0,task1_initial,IDLGated,0.9775390625,0.1923828125,0.978515625,0.19091796875,0.97412109375,0.2001953125,0.00042995947296731174,0.0076641212002002326,0.00647025780836078
7,840,0,task1_initial,MLP,0.9912109375,0.18408203125,0.0,0.0,0.0,0.0,1.0,0.0,0.0
7,840,0,task1_initial,ChevronSlow,0.99169921875,0.18798828125,0.99072265625,0.18701171875,0.98974609375,0.19091796875,1.0,0.007233754909643623,0.004536063421917114
7,840,0,task1_initial,IDLGated,0.97705078125,0.193359375,0.978515625,0.19189453125,0.974609375,0.19970703125,0.00042860436951741576,0.0075205594111526445,0.006271486019773505
7,850,0,task1_initial,MLP,0.9931640625,0.19873046875,0.0,0.0,0.0,0.0,1.0,0.0,0.0
7,850,0,task1_initial,ChevronSlow,0.9853515625,0.20849609375,0.984375,0.212890625,0.9873046875,0.2001953125,1.0,0.006811262753725821,0.006003275227230224
7,850,0,task1_initial,IDLGated,0.970703125,0.2099609375,0.970703125,0.21142578125,0.9736328125,0.20361328125,0.0004245803283993155,0.007091605692118017,0.007445681402278559
7,860,0,task1_initial,MLP,0.98974609375,0.201171875,0.0,0.0,0.0,0.0,1.0,0.0,0.0
7,860,0,task1_initial,ChevronSlow,0.98291015625,0.193359375,0.97900390625,0.19189453125,0.98681640625,0.197265625,1.0,0.006413446526705485,0.005155800362150695
7,860,0,task1_initial,IDLGated,0.974609375,0.20361328125,0.97314453125,0.203125,0.97412109375,0.203125,0.00042073059012182057,0.006677415853616907,0.0066939952615943914
7,870,0,task1_initial,MLP,0.99267578125,0.19921875,0.0,0.0,0.0,0.0,1.0,0.0,0.0
7,870,0,task1_initial,ChevronSlow,0.98828125,0.19677734375,0.98876953125,0.19677734375,0.98828125,0.197265625,1.0,0.006038865014921194,0.0044460918196935215
7,870,0,task1_initial,IDLGated,0.97607421875,0.2021484375,0.97705078125,0.201171875,0.9755859375,0.20263671875,0.00041713775135576725,0.00628741704176978,0.006204714112543284
7,880,0,task1_initial,MLP,0.9892578125,0.1923828125,0.0,0.0,0.0,0.0,1.0,0.0,0.0
7,880,0,task1_initial,ChevronSlow,0.990234375,0.193359375,0.98681640625,0.19384765625,0.9892578125,0.1962890625,1.0,0.005686161179731905,0.004967958108159314
7,880,0,task1_initial,IDLGated,0.98046875,0.19482421875,0.98095703125,0.1953125,0.9775390625,0.19970703125,0.00041378269088454545,0.005920196363945831,0.006604326344946498
7,890,0,task1_initial,MLP,0.98681640625,0.19091796875,0.0,0.0,0.0,0.0,1.0,0.0,0.0
7,890,0,task1_initial,ChevronSlow,0.98828125,0.19677734375,0.986328125,0.19677734375,0.98876953125,0.197265625,1.0,0.005354057241220196,0.005140390291891627
7,890,0,task1_initial,IDLGated,0.9775390625,0.197265625,0.97802734375,0.197265625,0.97607421875,0.19775390625,0.0004110083682462573,0.005614280226326441,0.006297895031307213
7,900,0,task1_initial,MLP,0.9921875,0.19189453125,0.0,0.0,0.0,0.0,1.0,0.0,0.0
7,900,0,task1_initial,ChevronSlow,0.9912109375,0.18896484375,0.99169921875,0.18798828125,0.9912109375,0.1943359375,1.0,0.00504135004903501,0.005043213017140247
7,900,0,task1_initial,IDLGated,0.97900390625,0.19384765625,0.978515625,0.193359375,0.9775390625,0.197265625,0.0004082584928255528,0.005309007534427895,0.0063789891111360455
7,910,0,task1_initial,MLP,0.99169921875,0.19384765625,0.0,0.0,0.0,0.0,1.0,0.0,0.0
7,910,0,task1_initial,ChevronSlow,0.99072265625,0.19384765625,0.99072265625,0.19384765625,0.990234375,0.1953125,1.0,0.004746906723603342,0.004365092087932623
7,910,0,task1_initial,IDLGated,0.97998046875,0.1943359375,0.98046875,0.193359375,0.9775390625,0.1962890625,0.0004054840828757733,0.004998931499640755,0.0057856280451564655
7,920,0,task1_initial,MLP,0.9892578125,0.19970703125,0.0,0.0,0.0,0.0,1.0,0.0,0.0
7,920,0,task1_initial,ChevronSlow,0.9873046875,0.20166015625,0.98681640625,0.203125,0.9873046875,0.19921875,1.0,0.004469660551919776,0.0046949133971715285
7,920,0,task1_initial,IDLGated,0.97998046875,0.201171875,0.97998046875,0.203125,0.978515625,0.19873046875,0.0004028888652101159,0.004706965657149598,0.0061780870246495555
7,930,0,task1_initial,MLP,0.9892578125,0.19921875,0.0,0.0,0.0,0.0,1.0,0.0,0.0
7,930,0,task1_initial,ChevronSlow,0.9873046875,0.2001953125,0.98681640625,0.20068359375,0.98779296875,0.19921875,1.0,0.004208607123045121,0.004114449092550063
7,930,0,task1_initial,IDLGated,0.97900390625,0.201171875,0.9794921875,0.20263671875,0.97900390625,0.19970703125,0.00040046044159680605,0.004432052269405561,0.005319061233946945
7,940,0,task1_initial,MLP,0.9912109375,0.19189453125,0.0,0.0,0.0,0.0,1.0,0.0,0.0
7,940,0,task1_initial,ChevronSlow,0.9873046875,0.1943359375,0.98583984375,0.193359375,0.9892578125,0.197265625,1.0,0.0039628006893137405,0.004453836716049541
7,940,0,task1_initial,IDLGated,0.97802734375,0.2001953125,0.97802734375,0.19970703125,0.97900390625,0.19970703125,0.00039818728691898286,0.004173195376708625,0.005647157888198123
7,950,0,task1_initial,MLP,0.99169921875,0.20458984375,0.0,0.0,0.0,0.0,1.0,0.0,0.0
7,950,0,task1_initial,ChevronSlow,0.98583984375,0.20849609375,0.984375,0.2119140625,0.9873046875,0.20068359375,1.0,0.0037313507400669526,0.00494168457183766
7,950,0,task1_initial,IDLGated,0.97509765625,0.20947265625,0.97412109375,0.2109375,0.97900390625,0.20263671875,0.0003960587491746992,0.0039294571890322195,0.005800240348768199
7,960,0,task1_initial,MLP,0.9912109375,0.19873046875,0.0,0.0,0.0,0.0,1.0,0.0,0.0
7,960,0,task1_initial,ChevronSlow,0.9873046875,0.20068359375,0.98681640625,0.20166015625,0.9873046875,0.20166015625,1.0,0.003513418775499736,0.004231145327279363
7,960,0,task1_initial,IDLGated,0.97900390625,0.205078125,0.9794921875,0.20556640625,0.97900390625,0.2021484375,0.00039406478754244745,0.0036999546885856396,0.005683256182270383
7,970,0,task1_initial,MLP,0.98876953125,0.1884765625,0.0,0.0,0.0,0.0,1.0,0.0,0.0
7,970,0,task1_initial,ChevronSlow,0.98681640625,0.1904296875,0.98486328125,0.1884765625,0.9912109375,0.19482421875,1.0,0.003308215268933033,0.005199987766921142
7,970,0,task1_initial,IDLGated,0.9853515625,0.193359375,0.9853515625,0.19287109375,0.98095703125,0.1982421875,0.0003921965544577688,0.0034838564308060233,0.006230603293489612
7,980,0,task1_initial,MLP,0.9912109375,0.193359375,0.0,0.0,0.0,0.0,1.0,0.0,0.0
7,980,0,task1_initial,ChevronSlow,0.98974609375,0.19677734375,0.9892578125,0.19580078125,0.98876953125,0.19775390625,1.0,0.003114996806506502,0.004337188142274615
7,980,0,task1_initial,IDLGated,0.982421875,0.19580078125,0.982421875,0.19384765625,0.98193359375,0.19921875,0.00039044543518684804,0.003280379532190466,0.006030223226951268
7,990,0,task1_initial,MLP,0.9892578125,0.19775390625,0.0,0.0,0.0,0.0,1.0,0.0,0.0
7,990,0,task1_initial,ChevronSlow,0.98681640625,0.2001953125,0.98583984375,0.20068359375,0.98876953125,0.19921875,1.0,0.0029330633939293757,0.00438916421554656
7,990,0,task1_initial,IDLGated,0.97998046875,0.19775390625,0.98193359375,0.197265625,0.98193359375,0.19873046875,0.00038880392094142735,0.003088786834055762,0.005606828665078178
7,1000,0,task1_initial,MLP,0.9921875,0.19384765625,0.0,0.0,0.0,0.0,1.0,0.0,0.0
7,1000,0,task1_initial,ChevronSlow,0.9873046875,0.19775390625,0.98583984375,0.1962890625,0.98876953125,0.1982421875,1.0,0.0027617559205322904,0.004945161818275056
7,1000,0,task1_initial,IDLGated,0.978515625,0.2021484375,0.9765625,0.20263671875,0.98095703125,0.19970703125,0.00038726432831026614,0.0029083842319505933,0.006605643498557292
7,1010,0,task1_initial,MLP,0.99267578125,0.19482421875,0.0,0.0,0.0,0.0,1.0,0.0,0.0
7,1010,0,task1_initial,ChevronSlow,0.98974609375,0.19580078125,0.9892578125,0.1953125,0.98876953125,0.19775390625,1.0,0.0026004537714328082,0.0049442792948292385
7,1010,0,task1_initial,IDLGated,0.98291015625,0.19677734375,0.98046875,0.197265625,0.9833984375,0.19775390625,0.00038582042907364666,0.002738518161045146,0.006881955186441164
7,1020,0,task1_initial,MLP,0.9921875,0.19091796875,0.0,0.0,0.0,0.0,1.0,0.0,0.0
7,1020,0,task1_initial,ChevronSlow,0.99169921875,0.189453125,0.9912109375,0.18798828125,0.99072265625,0.19384765625,1.0,0.002448572579163971,0.004654108757250546
7,1020,0,task1_initial,IDLGated,0.9853515625,0.19140625,0.98681640625,0.18994140625,0.984375,0.19677734375,0.000384465791285038,0.0025785732283881697,0.006121962760749617
7,1030,0,task1_initial,MLP,0.98876953125,0.197265625,0.0,0.0,0.0,0.0,1.0,0.0,0.0
7,1030,0,task1_initial,ChevronSlow,0.986328125,0.20166015625,0.98388671875,0.20263671875,0.98828125,0.19873046875,1.0,0.0023055621066204422,0.00479683203490306
7,1030,0,task1_initial,IDLGated,0.9814453125,0.19970703125,0.98193359375,0.2001953125,0.98388671875,0.19921875,0.00038319441955536604,0.002427969983453608,0.005505615356185451
7,1040,0,task1_initial,MLP,0.98974609375,0.20703125,0.0,0.0,0.0,0.0,1.0,0.0,0.0
7,1040,0,task1_initial,ChevronSlow,0.98388671875,0.21337890625,0.98046875,0.2158203125,0.9873046875,0.20263671875,1.0,0.002170904253652563,0.005936620111387483
7,1040,0,task1_initial,IDLGated,0.9775390625,0.2109375,0.97607421875,0.21337890625,0.98291015625,0.20361328125,0.0003820013953372836,0.0022861628188998997,0.0066468553696396255
7,1050,0,task1_initial,MLP,0.99267578125,0.2001953125,0.0,0.0,0.0,0.0,1.0,0.0,0.0
7,1050,0,task1_initial,ChevronSlow,0.98779296875,0.19921875,0.98779296875,0.19921875,0.98779296875,0.19921875,1.0,0.0020441111800865706,0.004081544739178525
7,1050,0,task1_initial,IDLGated,0.984375,0.20263671875,0.984375,0.203125,0.984375,0.2021484375,0.0003808812180068344,0.0021526379939367977,0.0050192507345013316
7,1060,0,task1_initial,MLP,0.990234375,0.18798828125,0.0,0.0,0.0,0.0,1.0,0.0,0.0
7,1060,0,task1_initial,ChevronSlow,0.98779296875,0.18603515625,0.9873046875,0.18017578125,0.98974609375,0.1953125,1.0,0.0019247235383710447,0.005268699106000741
7,1060,0,task1_initial,IDLGated,0.98193359375,0.1904296875,0.98046875,0.18798828125,0.9853515625,0.1962890625,0.0003798294928856194,0.0020269117731387333,0.006196552156417353
7,1070,0,task1_initial,MLP,0.99169921875,0.19189453125,0.0,0.0,0.0,0.0,1.0,0.0,0.0
7,1070,0,task1_initial,ChevronSlow,0.98876953125,0.1953125,0.98876953125,0.19482421875,0.98876953125,0.1962890625,1.0,0.001812308809446784,0.0048102965486336875
7,1070,0,task1_initial,IDLGated,0.984375,0.19580078125,0.98291015625,0.19482421875,0.98486328125,0.197265625,0.0003788420872297138,0.0019085286739619943,0.006030575567444464
7,1080,0,task1_initial,MLP,0.99267578125,0.19287109375,0.0,0.0,0.0,0.0,1.0,0.0,0.0
7,1080,0,task1_initial,ChevronSlow,0.98828125,0.19677734375,0.9873046875,0.1953125,0.98828125,0.19775390625,1.0,0.001706459735811288,0.0046885537773313545
7,1080,0,task1_initial,IDLGated,0.98388671875,0.1962890625,0.982421875,0.19677734375,0.984375,0.1982421875,0.00037791451904922724,0.0017970598166168017,0.005458580793200256
7,1090,0,task1_initial,MLP,0.9921875,0.193359375,0.0,0.0,0.0,0.0,1.0,0.0,0.0
7,1090,0,task1_initial,ChevronSlow,0.99072265625,0.19677734375,0.99072265625,0.1953125,0.98974609375,0.19677734375,1.0,0.0016067928461011205,0.005009848685217096
7,1090,0,task1_initial,IDLGated,0.986328125,0.19677734375,0.9873046875,0.19677734375,0.9853515625,0.197265625,0.0003770431212615222,0.0016921013703161806,0.005733789754097084
7,1100,0,task1_initial,MLP,0.99267578125,0.19775390625,0.0,0.0,0.0,0.0,1.0,0.0,0.0
7,1100,0,task1_initial,ChevronSlow,0.9873046875,0.20068359375,0.9873046875,0.20166015625,0.9892578125,0.19873046875,1.0,0.001512947065847002,0.0052731421184801005
7,1100,0,task1_initial,IDLGated,0.98388671875,0.20361328125,0.9833984375,0.2041015625,0.98583984375,0.20068359375,0.0003762246633414179,0.0015932730902726735,0.005984357876610336
7,1110,0,task1_initial,MLP,0.98876953125,0.201171875,0.0,0.0,0.0,0.0,1.0,0.0,0.0
7,1110,0,task1_initial,ChevronSlow,0.982421875,0.20263671875,0.98095703125,0.20361328125,0.98779296875,0.20068359375,1.0,0.0014245824093686553,0.0054567578577515135
7,1110,0,task1_initial,IDLGated,0.98046875,0.205078125,0.97998046875,0.2060546875,0.984375,0.201171875,0.000375455419998616,0.001500216940142715,0.006085760060617998
7,1120,0,task1_initial,MLP,0.98828125,0.1953125,0.0,0.0,0.0,0.0,1.0,0.0,0.0
7,1120,0,task1_initial,ChevronSlow,0.98876953125,0.19873046875,0.9892578125,0.1982421875,0.9873046875,0.19873046875,1.0,0.0013413787480703776,0.005302376557132134
7,1120,0,task1_initial,IDLGated,0.98583984375,0.201171875,0.986328125,0.201171875,0.9853515625,0.201171875,0.0003747327427845448,0.0014125957949280327,0.005829545127878252
7,1130,0,task1_initial,MLP,0.9921875,0.19482421875,0.0,0.0,0.0,0.0,1.0,0.0,0.0
7,1130,0,task1_initial,ChevronSlow,0.9853515625,0.19921875,0.98583984375,0.2001953125,0.98876953125,0.19970703125,1.0,0.0012630346506751153,0.0053615072660013465
7,1130,0,task1_initial,IDLGated,0.98046875,0.2021484375,0.9794921875,0.205078125,0.984375,0.20263671875,0.00037405334296636283,0.001330092219634939,0.005672813121161808
7,1140,0,task1_initial,MLP,0.99169921875,0.18994140625,0.0,0.0,0.0,0.0,1.0,0.0,0.0
7,1140,0,task1_initial,ChevronSlow,0.9892578125,0.197265625,0.98974609375,0.1953125,0.98876953125,0.1982421875,1.0,0.0011892662911954174,0.0049365510966531915
7,1140,0,task1_initial,IDLGated,0.9853515625,0.197265625,0.9853515625,0.1962890625,0.98583984375,0.2001953125,0.000373414863133803,0.0012524073192668192,0.005437626119279973
7,1150,0,task1_initial,MLP,0.9921875,0.193359375,0.0,0.0,0.0,0.0,1.0,0.0,0.0
7,1150,0,task1_initial,ChevronSlow,0.986328125,0.19677734375,0.986328125,0.19677734375,0.98779296875,0.19775390625,1.0,0.001119806420685058,0.005574337239477284
7,1150,0,task1_initial,IDLGated,0.97900390625,0.1982421875,0.97900390625,0.1982421875,0.98388671875,0.19873046875,0.0003728146548382938,0.0011792596559835541,0.00646932228074247
7,1160,0,task1_initial,MLP,0.99169921875,0.205078125,0.0,0.0,0.0,0.0,1.0,0.0,0.0
7,1160,0,task1_initial,ChevronSlow,0.98583984375,0.20361328125,0.9853515625,0.20458984375,0.98779296875,0.201171875,1.0,0.0010544033990461709,0.005273204691729537
7,1160,0,task1_initial,IDLGated,0.98193359375,0.20361328125,0.98095703125,0.205078125,0.984375,0.203125,0.00037225030246190727,0.0011103842295049529,0.005715777122527782
7,1170,0,task1_initial,MLP,0.986328125,0.2021484375,0.0,0.0,0.0,0.0,1.0,0.0,0.0
7,1170,0,task1_initial,ChevronSlow,0.98291015625,0.2021484375,0.9814453125,0.203125,0.9873046875,0.20068359375,1.0,0.0009928202833843186,0.005438819776504969
7,1170,0,task1_initial,IDLGated,0.98095703125,0.20361328125,0.98046875,0.2041015625,0.98486328125,0.20166015625,0.0003717198269441724,0.001045531517064383,0.006185999889076962
7,1180,0,task1_initial,MLP,0.9912109375,0.19677734375,0.0,0.0,0.0,0.0,1.0,0.0,0.0
7,1180,0,task1_initial,ChevronSlow,0.98974609375,0.197265625,0.98974609375,0.197265625,0.98779296875,0.19873046875,1.0,0.0009348339696087764,0.005280965244764219
7,1180,0,task1_initial,IDLGated,0.98583984375,0.19970703125,0.98583984375,0.19873046875,0.9853515625,0.201171875,0.0003712363832164556,0.0009863643038064997,0.006188060713364737
7,1190,0,task1_initial,MLP,0.9912109375,0.189453125,0.0,0.0,0.0,0.0,1.0,0.0,0.0
7,1190,0,task1_initial,ChevronSlow,0.98583984375,0.193359375,0.98388671875,0.18896484375,0.98828125,0.197265625,1.0,0.0008802343841682091,0.005685371723524558
7,1190,0,task1_initial,IDLGated,0.982421875,0.19189453125,0.982421875,0.1884765625,0.98486328125,0.19677734375,0.0003716909559443593,0.0010419978856485523,0.006535109312579256
7,1200,0,task1_initial,MLP,0.9921875,0.19677734375,0.0,0.0,0.0,0.0,1.0,0.0,0.0
7,1200,0,task1_initial,ChevronSlow,0.98974609375,0.19775390625,0.98974609375,0.19775390625,0.98876953125,0.197265625,1.0,0.0008288237229935511,0.004717332123352146
7,1200,0,task1_initial,IDLGated,0.98876953125,0.19482421875,0.98974609375,0.1953125,0.986328125,0.19775390625,0.00037214139592833817,0.0010970584682040282,0.005507298413407424
7,1210,0,task1_initial,MLP,0.98828125,0.2060546875,0.0,0.0,0.0,0.0,1.0,0.0,0.0
7,1210,0,task1_initial,ChevronSlow,0.98291015625,0.20556640625,0.9814453125,0.20849609375,0.98779296875,0.20166015625,1.0,0.0007804157348909216,0.005477399236757343
7,1210,0,task1_initial,IDLGated,0.98046875,0.205078125,0.97998046875,0.20703125,0.98486328125,0.20263671875,0.0003716172359418124,0.0010329840555111825,0.005833935413528955
7,1220,0,task1_initial,MLP,0.99267578125,0.1982421875,0.0,0.0,0.0,0.0,1.0,0.0,0.0
7,1220,0,task1_initial,ChevronSlow,0.98828125,0.1982421875,0.98876953125,0.19677734375,0.98876953125,0.19921875,1.0,0.0007348350467884426,0.004528055619414124
7,1220,0,task1_initial,IDLGated,0.98583984375,0.2001953125,0.98583984375,0.19921875,0.98583984375,0.20166015625,0.00037112459540367126,0.0009726519505265617,0.004977923841098432
7,1230,0,task1_initial,MLP,0.99169921875,0.19140625,0.0,0.0,0.0,0.0,1.0,0.0,0.0
7,1230,0,task1_initial,ChevronSlow,0.9921875,0.1923828125,0.99072265625,0.19091796875,0.98974609375,0.19775390625,1.0,0.0006919165283924546,0.005072690416690763
7,1230,0,task1_initial,IDLGated,0.98876953125,0.193359375,0.9873046875,0.1923828125,0.98779296875,0.1982421875,0.0003706612333189696,0.0009158435813367533,0.005879590636180291
7,1240,0,task1_initial,MLP,0.98388671875,0.19921875,0.0,0.0,0.0,0.0,1.0,0.0,0.0
7,1240,0,task1_initial,ChevronSlow,0.9853515625,0.2021484375,0.982421875,0.2021484375,0.9873046875,0.2001953125,1.0,0.0006515046939513993,0.005199651718414956
7,1240,0,task1_initial,IDLGated,0.98193359375,0.2021484375,0.98095703125,0.20263671875,0.9853515625,0.20068359375,0.00037022546166554093,0.0008623531418629739,0.00572096442220131
7,1250,0,task1_initial,MLP,0.99267578125,0.1943359375,0.0,0.0,0.0,0.0,1.0,0.0,0.0
7,1250,0,task1_initial,ChevronSlow,0.9873046875,0.19921875,0.986328125,0.19873046875,0.98828125,0.19921875,1.0,0.000613453138960071,0.005149336865117578
7,1250,0,task1_initial,IDLGated,0.98388671875,0.20068359375,0.982421875,0.20068359375,0.98583984375,0.20166015625,0.0003701814857777208,0.0008569622204268718,0.0055703811020296375
7,1260,0,task1_initial,MLP,0.99072265625,0.189453125,0.0,0.0,0.0,0.0,1.0,0.0,0.0
7,1260,0,task1_initial,ChevronSlow,0.98828125,0.19287109375,0.98828125,0.1904296875,0.98876953125,0.1962890625,1.0,0.000577624009763523,0.004791326498234731
7,1260,0,task1_initial,IDLGated,0.986328125,0.193359375,0.986328125,0.19140625,0.986328125,0.197265625,0.00037048174999654293,0.0008938201888447776,0.005320538298126056
7,1270,0,task1_initial,MLP,0.9912109375,0.1962890625,0.0,0.0,0.0,0.0,1.0,0.0,0.0
7,1270,0,task1_initial,ChevronSlow,0.98779296875,0.2001953125,0.98779296875,0.20068359375,0.98828125,0.19775390625,1.0,0.0005438875041391016,0.0044073504598745854
7,1270,0,task1_initial,IDLGated,0.986328125,0.201171875,0.986328125,0.201171875,0.98681640625,0.20068359375,0.00037005660124123096,0.0008416160399200677,0.0047110278243461794
7,1280,0,task1_initial,MLP,0.9873046875,0.19580078125,0.0,0.0,0.0,0.0,1.0,0.0,0.0
7,1280,0,task1_initial,ChevronSlow,0.98876953125,0.19482421875,0.986328125,0.19482421875,0.9892578125,0.19775390625,1.0,0.0005121214010473114,0.005205213386547933
7,1280,0,task1_initial,IDLGated,0.98828125,0.19482421875,0.98779296875,0.19482421875,0.9892578125,0.19775390625,0.0003696567437145859,0.0007924609082350283,0.0059167133841104965
7,1290,0,task1_initial,MLP,0.99169921875,0.1982421875,0.0,0.0,0.0,0.0,1.0,0.0,0.0
7,1290,0,task1_initial,ChevronSlow,0.9892578125,0.19921875,0.9892578125,0.2001953125,0.98828125,0.19873046875,1.0,0.0004822106178478865,0.005084725823411114
7,1290,0,task1_initial,IDLGated,0.98779296875,0.20068359375,0.98779296875,0.2001953125,0.98779296875,0.19873046875,0.0003692902682814747,0.0007473580898855057,0.005799500286855065
7,1300,0,task1_initial,MLP,0.99267578125,0.2041015625,0.0,0.0,0.0,0.0,1.0,0.0,0.0
7,1300,0,task1_initial,ChevronSlow,0.98779296875,0.20556640625,0.98681640625,0.2080078125,0.98779296875,0.2021484375,1.0,0.0004540467933769456,0.005522071914363706
7,1300,0,task1_initial,IDLGated,0.98486328125,0.20556640625,0.9833984375,0.2080078125,0.986328125,0.203125,0.00036990581429563463,0.0008230792231752442,0.0059025906814056854
7,1310,0,task1_initial,MLP,0.99169921875,0.205078125,0.0,0.0,0.0,0.0,1.0,0.0,0.0
7,1310,0,task1_initial,ChevronSlow,0.98828125,0.2041015625,0.98828125,0.20458984375,0.9873046875,0.2021484375,1.0,0.00042752789537479566,0.004909728629085674
7,1310,0,task1_initial,IDLGated,0.98486328125,0.2041015625,0.98486328125,0.20458984375,0.986328125,0.203125,0.0003708128642756492,0.0009344417510029929,0.00537188885236915
7,1320,0,task1_initial,MLP,0.98828125,0.1953125,0.0,0.0,0.0,0.0,1.0,0.0,0.0
7,1320,0,task1_initial,ChevronSlow,0.9892578125,0.197265625,0.9873046875,0.1943359375,0.98828125,0.19873046875,1.0,0.0004025578508421703,0.005209669507592187
7,1320,0,task1_initial,IDLGated,0.9892578125,0.1962890625,0.98779296875,0.19482421875,0.98779296875,0.2001953125,0.0003703719412442297,0.0008803493671402566,0.005628593924343135
7,1330,0,task1_initial,MLP,0.98583984375,0.18408203125,0.0,0.0,0.0,0.0,1.0,0.0,0.0
7,1330,0,task1_initial,ChevronSlow,0.986328125,0.18798828125,0.984375,0.18505859375,0.99072265625,0.19384765625,1.0,0.00037904619798575286,0.006392937550011491
7,1330,0,task1_initial,IDLGated,0.9853515625,0.1875,0.9833984375,0.185546875,0.98974609375,0.193359375,0.00036995342816226184,0.0008289319903104014,0.0069769514508998785
7,1340,0,task1_initial,MLP,0.98388671875,0.18994140625,0.0,0.0,0.0,0.0,1.0,0.0,0.0
7,1340,0,task1_initial,ChevronSlow,0.98388671875,0.19140625,0.98095703125,0.18896484375,0.986328125,0.1943359375,1.0,0.00044677997680229976,0.005625246684586716
7,1340,0,task1_initial,IDLGated,0.982421875,0.189453125,0.9794921875,0.1884765625,0.98779296875,0.19384765625,0.00037229200825095177,0.001115467349326915,0.0064362915565263894
7,1350,0,task1_initial,MLP,0.9921875,0.19482421875,0.0,0.0,0.0,0.0,1.0,0.0,0.0
7,1350,0,task1_initial,ChevronSlow,0.9892578125,0.19921875,0.98828125,0.2001953125,0.9892578125,0.19775390625,1.0,0.0005477084072707808,0.004952667146242914
7,1350,0,task1_initial,IDLGated,0.986328125,0.19921875,0.986328125,0.1982421875,0.98876953125,0.19873046875,0.000375491043087095,0.0015045181240249395,0.005336016516054551
7,1360,0,task1_initial,MLP,0.99267578125,0.1953125,0.0,0.0,0.0,0.0,1.0,0.0,0.0
7,1360,0,task1_initial,ChevronSlow,0.9892578125,0.1982421875,0.98876953125,0.1982421875,0.9892578125,0.19775390625,1.0,0.0005157191418488011,0.004613716441725539
7,1360,0,task1_initial,IDLGated,0.986328125,0.19970703125,0.98583984375,0.19873046875,0.98828125,0.19921875,0.0003759591781999916,0.0015611819055311505,0.004890988789153539
7,1370,0,task1_initial,MLP,0.99267578125,0.19921875,0.0,0.0,0.0,0.0,1.0,0.0,0.0
7,1370,0,task1_initial,ChevronSlow,0.98828125,0.19921875,0.98779296875,0.20068359375,0.98828125,0.1982421875,1.0,0.0004855982302600902,0.0050059024497719476
7,1370,0,task1_initial,IDLGated,0.98779296875,0.201171875,0.98828125,0.201171875,0.98779296875,0.19921875,0.00037524072104133666,0.0014742073681122104,0.0051722295384950615
7,1380,0,task1_initial,MLP,0.99072265625,0.19775390625,0.0,0.0,0.0,0.0,1.0,0.0,0.0
7,1380,0,task1_initial,ChevronSlow,0.98779296875,0.20068359375,0.9873046875,0.20068359375,0.98876953125,0.19921875,1.0,0.0004572365500849787,0.00499522727864505
7,1380,0,task1_initial,IDLGated,0.98583984375,0.20068359375,0.98583984375,0.201171875,0.98779296875,0.2001953125,0.00037453093682415783,0.0013881053288527239,0.005258015325980629
7,1390,0,task1_initial,MLP,0.99365234375,0.1962890625,0.0,0.0,0.0,0.0,1.0,0.0,0.0
7,1390,0,task1_initial,ChevronSlow,0.98876953125,0.19873046875,0.9873046875,0.19873046875,0.9892578125,0.19873046875,1.0,0.0004305313522696246,0.005402257074063129
7,1390,0,task1_initial,IDLGated,0.98486328125,0.1982421875,0.98388671875,0.19921875,0.986328125,0.201171875,0.0003738636733032763,0.0013070321351444133,0.005914991728178291
7,1400,0,task1_initial,MLP,0.9912109375,0.189453125,0.0,0.0,0.0,0.0,1.0,0.0,0.0
7,1400,0,task1_initial,ChevronSlow,0.990234375,0.19140625,0.98828125,0.18994140625,0.990234375,0.19677734375,1.0,0.0004053858888854412,0.00541936437274808
7,1400,0,task1_initial,IDLGated,0.98828125,0.193359375,0.98681640625,0.19287109375,0.990234375,0.19677734375,0.00037323657306842506,0.00123069407399517,0.005737671451782904
7,1410,0,task1_initial,MLP,0.9873046875,0.18603515625,0.0,0.0,0.0,0.0,1.0,0.0,0.0
7,1410,0,task1_initial,ChevronSlow,0.98876953125,0.1865234375,0.9873046875,0.1845703125,0.9912109375,0.1923828125,1.0,0.00038170906262947625,0.005798151650567176
7,1410,0,task1_initial,IDLGated,0.98876953125,0.1884765625,0.98828125,0.185546875,0.98974609375,0.1923828125,0.000372677284758538,0.0011625015224308393,0.006149201112758096
7,1420,0,task1_initial,MLP,0.99072265625,0.197265625,0.0,0.0,0.0,0.0,1.0,0.0,0.0
7,1420,0,task1_initial,ChevronSlow,0.98779296875,0.19970703125,0.98876953125,0.201171875,0.9892578125,0.19775390625,1.0,0.0003594150967959509,0.005121259643488411
7,1420,0,task1_initial,IDLGated,0.98681640625,0.20166015625,0.986328125,0.201171875,0.98876953125,0.19921875,0.00037369498750194907,0.0012864992692641806,0.005097768170888151
7,1430,0,task1_initial,MLP,0.99267578125,0.2001953125,0.0,0.0,0.0,0.0,1.0,0.0,0.0
7,1430,0,task1_initial,ChevronSlow,0.98583984375,0.19970703125,0.98486328125,0.20166015625,0.9892578125,0.19775390625,1.0,0.00033842322452332384,0.005111883027403457
7,1430,0,task1_initial,IDLGated,0.98681640625,0.2001953125,0.98388671875,0.2001953125,0.98876953125,0.19921875,0.0003734401543624699,0.0012554772927285155,0.005374558462529377
7,1440,0,task1_initial,MLP,0.99072265625,0.1953125,0.0,0.0,0.0,0.0,1.0,0.0,0.0
7,1440,0,task1_initial,ChevronSlow,0.9912109375,0.19482421875,0.9912109375,0.19384765625,0.990234375,0.19677734375,1.0,0.00031865739619108387,0.00489469593557971
7,1440,0,task1_initial,IDLGated,0.99072265625,0.1953125,0.99072265625,0.193359375,0.990234375,0.19775390625,0.0003728382580447942,0.001182150325650383,0.004947673375551951
7,1450,0,task1_initial,MLP,0.99267578125,0.19189453125,0.0,0.0,0.0,0.0,1.0,0.0,0.0
7,1450,0,task1_initial,ChevronSlow,0.9912109375,0.193359375,0.99072265625,0.1923828125,0.99072265625,0.19580078125,1.0,0.00030004600390622175,0.005231045351693666
7,1450,0,task1_initial,IDLGated,0.98828125,0.19384765625,0.98779296875,0.193359375,0.990234375,0.1962890625,0.00037227265420369804,0.001113106067731563,0.00553425999804132
7,1460,0,task1_initial,MLP,0.99365234375,0.193359375,0.0,0.0,0.0,0.0,1.0,0.0,0.0
7,1460,0,task1_initial,ChevronSlow,0.9912109375,0.19287109375,0.9912109375,0.19189453125,0.9912109375,0.19580078125,1.0,0.0002825216220812496,0.004698423127232281
7,1460,0,task1_initial,IDLGated,0.990234375,0.19140625,0.98974609375,0.19140625,0.99072265625,0.19482421875,0.00037174069439060986,0.0010480943845607455,0.004987022653505026
7,1470,0,task1_initial,MLP,0.9921875,0.19580078125,0.0,0.0,0.0,0.0,1.0,0.0,0.0
7,1470,0,task1_initial,ChevronSlow,0.990234375,0.1962890625,0.99072265625,0.19677734375,0.990234375,0.1962890625,1.0,0.0002660207631639294,0.004585749682354629
7,1470,0,task1_initial,IDLGated,0.990234375,0.19580078125,0.990234375,0.19580078125,0.990234375,0.19580078125,0.0003712406614795327,0.0009868797509894475,0.004883629431693692
7,1480,0,task1_initial,MLP,0.99169921875,0.197265625,0.0,0.0,0.0,0.0,1.0,0.0,0.0
7,1480,0,task1_initial,ChevronSlow,0.98876953125,0.19921875,0.9892578125,0.2001953125,0.98974609375,0.19775390625,1.0,0.0002504836476337649,0.005327085801088345
7,1480,0,task1_initial,IDLGated,0.98681640625,0.2001953125,0.98583984375,0.201171875,0.98876953125,0.19873046875,0.00037077043089084327,0.0009292403978685248,0.00567868622800385
7,1490,0,task1_initial,MLP,0.9931640625,0.2001953125,0.0,0.0,0.0,0.0,1.0,0.0,0.0
7,1490,0,task1_initial,ChevronSlow,0.9873046875,0.205078125,0.9853515625,0.20703125,0.98828125,0.19873046875,1.0,0.0002358539874319986,0.0066485390506027114
7,1490,0,task1_initial,IDLGated,0.9814453125,0.205078125,0.98046875,0.2060546875,0.9873046875,0.1982421875,0.0003704319824464619,0.0008877237353649347,0.006838620695055976
7,1500,0,task1_initial,MLP,0.98974609375,0.1943359375,0.0,0.0,0.0,0.0,1.0,0.0,0.0
7,1500,0,task1_initial,ChevronSlow,0.98974609375,0.19091796875,0.98828125,0.18994140625,0.990234375,0.19580078125,1.0,0.0002751469838522908,0.005554191018872656
7,1500,0,task1_initial,IDLGated,0.9892578125,0.19091796875,0.98779296875,0.18994140625,0.990234375,0.1962890625,0.0003742084954865277,0.0013489556406019682,0.0058442845949025855
7,1510,0,task1_initial,MLP,0.9921875,0.193359375,0.0,0.0,0.0,0.0,1.0,0.0,0.0
7,1510,0,task1_initial,ChevronSlow,0.99072265625,0.19287109375,0.9912109375,0.19287109375,0.99072265625,0.19482421875,1.0,0.0005518056327416654,0.0047506769433595716
7,1510,0,task1_initial,IDLGated,0.9892578125,0.193359375,0.9892578125,0.19287109375,0.99072265625,0.1953125,0.0003795182565227151,0.001989630810160484,0.0050379918628264036
7,1520,0,task1_initial,MLP,0.99072265625,0.19775390625,0.0,0.0,0.0,0.0,1.0,0.0,0.0
7,1520,0,task1_initial,ChevronSlow,0.98876953125,0.1982421875,0.98779296875,0.19921875,0.990234375,0.197265625,1.0,0.0005504620404161632,0.0047635562544779955
7,1520,0,task1_initial,IDLGated,0.9892578125,0.19873046875,0.9892578125,0.19873046875,0.98974609375,0.197265625,0.0003798396501224488,0.002028118405152821,0.004695634357586607
7,1530,0,task1_initial,MLP,0.9912109375,0.19677734375,0.0,0.0,0.0,0.0,1.0,0.0,0.0
7,1530,0,task1_initial,ChevronSlow,0.99072265625,0.197265625,0.990234375,0.197265625,0.990234375,0.19677734375,1.0,0.0005183119472610448,0.004826845714650608
7,1530,0,task1_initial,IDLGated,0.990234375,0.19677734375,0.990234375,0.19677734375,0.98974609375,0.197265625,0.00037885145866312087,0.0019096648318492424,0.004780531664777561
7,1540,0,task1_initial,MLP,0.98974609375,0.197265625,0.0,0.0,0.0,0.0,1.0,0.0,0.0
7,1540,0,task1_initial,ChevronSlow,0.98828125,0.2001953125,0.9873046875,0.20068359375,0.9892578125,0.19775390625,1.0,0.00048803960118745323,0.005379605699790868
7,1540,0,task1_initial,IDLGated,0.98828125,0.2001953125,0.98876953125,0.20068359375,0.98974609375,0.1982421875,0.00037792333750985563,0.0017981296164643816,0.005370621304818903
7,1550,0,task1_initial,MLP,0.9892578125,0.20068359375,0.0,0.0,0.0,0.0,1.0,0.0,0.0
7,1550,0,task1_initial,ChevronSlow,0.984375,0.20263671875,0.98095703125,0.203125,0.98876953125,0.2001953125,1.0,0.0004595353311569511,0.0058799927857180675
7,1550,0,task1_initial,IDLGated,0.98193359375,0.20263671875,0.97998046875,0.2041015625,0.98828125,0.20068359375,0.0003770515904761851,0.0016931086878085176,0.006208660675887899
7,1560,0,task1_initial,MLP,0.99267578125,0.1953125,0.0,0.0,0.0,0.0,1.0,0.0,0.0
7,1560,0,task1_initial,ChevronSlow,0.99072265625,0.197265625,0.99072265625,0.19677734375,0.9892578125,0.19775390625,1.0,0.0004326958715393641,0.00547515988004957
7,1560,0,task1_initial,IDLGated,0.98974609375,0.19921875,0.98876953125,0.19921875,0.98974609375,0.19921875,0.00037623237585648894,0.0015942215747323262,0.005965033070231312
7,1570,0,task1_initial,MLP,0.9912109375,0.18701171875,0.0,0.0,0.0,0.0,1.0,0.0,0.0
7,1570,0,task1_initial,ChevronSlow,0.98974609375,0.18603515625,0.98779296875,0.18212890625,0.9912109375,0.1953125,1.0,0.00040742398800074905,0.006104351298673114
7,1570,0,task1_initial,IDLGated,0.98974609375,0.18603515625,0.98828125,0.18115234375,0.99169921875,0.19580078125,0.0003754627541638911,0.0015011100277511863,0.006630294764687488
7,1580,0,task1_initial,MLP,0.98681640625,0.1923828125,0.0,0.0,0.0,0.0,1.0,0.0,0.0
7,1580,0,task1_initial,ChevronSlow,0.98583984375,0.1982421875,0.984375,0.19775390625,0.98876953125,0.19873046875,1.0,0.00038362812524161857,0.005482834617407432
7,1580,0,task1_initial,IDLGated,0.9873046875,0.1962890625,0.9853515625,0.1962890625,0.990234375,0.19775390625,0.00037480078754015267,0.001420852164132623,0.0055415731308834796
7,1590,0,task1_initial,MLP,0.98974609375,0.19482421875,0.0,0.0,0.0,0.0,1.0,0.0,0.0
7,1590,0,task1_initial,ChevronSlow,0.99072265625,0.1962890625,0.9912109375,0.1962890625,0.98974609375,0.19677734375,1.0,0.0003612220753092437,0.004693548574490173
7,1590,0,task1_initial,IDLGated,0.99072265625,0.1962890625,0.99169921875,0.19580078125,0.98974609375,0.19677734375,0.0003742131229955703,0.0013495062108320659,0.004938511664220458
7,1600,0,task1_initial,MLP,0.99072265625,0.18798828125,0.0,0.0,0.0,0.0,1.0,0.0,0.0
7,1600,0,task1_initial,ChevronSlow,0.9873046875,0.18505859375,0.9873046875,0.181640625,0.9912109375,0.19287109375,1.0,0.00034012466528239176,0.005830425171171952
7,1600,0,task1_initial,IDLGated,0.9873046875,0.18603515625,0.98388671875,0.18310546875,0.98974609375,0.19287109375,0.0003735649515874684,0.0012706874236930645,0.006152816209000754
7,1610,0,task1_initial,MLP,0.99365234375,0.19921875,0.0,0.0,0.0,0.0,1.0,0.0,0.0
7,1610,0,task1_initial,ChevronSlow,0.98779296875,0.19970703125,0.9873046875,0.20166015625,0.9892578125,0.19580078125,1.0,0.00032591910184786676,0.006653986769527237
7,1610,0,task1_initial,IDLGated,0.98681640625,0.1982421875,0.98681640625,0.19921875,0.98876953125,0.19580078125,0.0003739918174687773,0.0013226173258329334,0.006567558722858179
7,1620,0,task1_initial,MLP,0.99267578125,0.203125,0.0,0.0,0.0,0.0,1.0,0.0,0.0
7,1620,0,task1_initial,ChevronSlow,0.9892578125,0.20166015625,0.9892578125,0.2021484375,0.98974609375,0.19775390625,1.0,0.0007045426985033705,0.005569876833787665
7,1620,0,task1_initial,IDLGated,0.98828125,0.20166015625,0.9873046875,0.2021484375,0.990234375,0.19921875,0.0003794581862166524,0.0019824311118354274,0.005813521691253833
7,1630,0,task1_initial,MLP,0.99462890625,0.19775390625,0.0,0.0,0.0,0.0,1.0,0.0,0.0
7,1630,0,task1_initial,ChevronSlow,0.9892578125,0.19482421875,0.9892578125,0.19482421875,0.990234375,0.1953125,1.0,0.0011498875741394277,0.0051748090667170805
7,1630,0,task1_initial,IDLGated,0.9873046875,0.1953125,0.9873046875,0.1953125,0.9892578125,0.1962890625,0.00038492344901897013,0.002632679897732673,0.005503480706916868
7,1640,0,task1_initial,MLP,0.99267578125,0.193359375,0.0,0.0,0.0,0.0,1.0,0.0,0.0
7,1640,0,task1_initial,ChevronSlow,0.9912109375,0.19482421875,0.9912109375,0.19482421875,0.990234375,0.1953125,1.0,0.0013661841105340388,0.004491150810965766
7,1640,0,task1_initial,IDLGated,0.990234375,0.1953125,0.990234375,0.19482421875,0.990234375,0.19580078125,0.00038800269248895347,0.0029949849816178274,0.0046806293344784445
7,1650,0,task1_initial,MLP,0.994140625,0.19677734375,0.0,0.0,0.0,0.0,1.0,0.0,0.0
7,1650,0,task1_initial,ChevronSlow,0.990234375,0.19580078125,0.990234375,0.19580078125,0.990234375,0.19580078125,1.0,0.001289910784515188,0.004510979013983245
7,1650,0,task1_initial,IDLGated,0.990234375,0.1962890625,0.99072265625,0.1962890625,0.990234375,0.1962890625,0.00038687471533194184,0.0028626098169070857,0.004694891620148253
7,1660,0,task1_initial,MLP,0.990234375,0.19189453125,0.0,0.0,0.0,0.0,1.0,0.0,0.0
7,1660,0,task1_initial,ChevronSlow,0.99072265625,0.1923828125,0.9892578125,0.19091796875,0.990234375,0.1953125,1.0,0.001214572706974724,0.005127534306745679
7,1660,0,task1_initial,IDLGated,0.99169921875,0.19189453125,0.99072265625,0.19189453125,0.99072265625,0.1962890625,0.00038545497227460146,0.0026954172304560022,0.005423787299469407
7,1670,0,task1_initial,MLP,0.9921875,0.19775390625,0.0,0.0,0.0,0.0,1.0,0.0,0.0
7,1670,0,task1_initial,ChevronSlow,0.9892578125,0.20068359375,0.9873046875,0.203125,0.990234375,0.197265625,1.0,0.0011436347988069233,0.005265576387459119
7,1670,0,task1_initial,IDLGated,0.98876953125,0.2001953125,0.98828125,0.20068359375,0.98974609375,0.19873046875,0.00038412268622778356,0.0025379896356566294,0.005555969272180429
7,1680,0,task1_initial,MLP,0.9921875,0.18994140625,0.0,0.0,0.0,0.0,1.0,0.0,0.0
7,1680,0,task1_initial,ChevronSlow,0.9921875,0.19189453125,0.9921875,0.18994140625,0.99072265625,0.1953125,1.0,0.0010768400652603916,0.005541222405566901
7,1680,0,task1_initial,IDLGated,0.99072265625,0.19384765625,0.99169921875,0.1923828125,0.99072265625,0.1962890625,0.000382872560294345,0.0023897567018263573,0.005630931054446982
7,1690,0,task1_initial,MLP,0.9921875,0.189453125,0.0,0.0,0.0,0.0,1.0,0.0,0.0
7,1690,0,task1_initial,ChevronSlow,0.9892578125,0.19189453125,0.98876953125,0.18994140625,0.99072265625,0.19384765625,1.0,0.0010139465215291811,0.005403014733467855
7,1690,0,task1_initial,IDLGated,0.9892578125,0.1904296875,0.98876953125,0.1875,0.990234375,0.19384765625,0.0003816992393694818,0.002250181408816689,0.005714558690845735
7,1700,0,task1_initial,MLP,0.99365234375,0.1962890625,0.0,0.0,0.0,0.0,1.0,0.0,0.0
7,1700,0,task1_initial,ChevronSlow,0.99072265625,0.193359375,0.99072265625,0.19384765625,0.990234375,0.1943359375,1.0,0.0009547263160871743,0.00452040704243858
7,1700,0,task1_initial,IDLGated,0.990234375,0.19189453125,0.99072265625,0.19189453125,0.98974609375,0.19384765625,0.00038194458466023207,0.0022794027459043303,0.0046370136941225595
7,1710,0,task1_initial,MLP,0.990234375,0.20068359375,0.0,0.0,0.0,0.0,1.0,0.0,0.0
7,1710,0,task1_initial,ChevronSlow,0.98681640625,0.2001953125,0.98583984375,0.203125,0.99072265625,0.197265625,1.0,0.0008989649052246923,0.005065178331527867
7,1710,0,task1_initial,IDLGated,0.98779296875,0.2001953125,0.9853515625,0.2001953125,0.98974609375,0.197265625,0.0003811905044130981,0.002189538306161099,0.005203307759998823
7,1720,0,task1_initial,MLP,0.9931640625,0.19873046875,0.0,0.0,0.0,0.0,1.0,0.0,0.0
7,1720,0,task1_initial,ChevronSlow,0.98974609375,0.2001953125,0.9892578125,0.20068359375,0.98974609375,0.19775390625,1.0,0.0008464602757968292,0.004007310879012923
7,1720,0,task1_initial,IDLGated,0.98828125,0.1982421875,0.98828125,0.19970703125,0.990234375,0.1982421875,0.00038051247247494757,0.0021085850135750582,0.004282557791444675
7,1730,0,task1_initial,MLP,0.994140625,0.193359375,0.0,0.0,0.0,0.0,1.0,0.0,0.0
7,1730,0,task1_initial,ChevronSlow,0.98876953125,0.19482421875,0.9892578125,0.19482421875,0.9892578125,0.19580078125,1.0,0.0007970222133676724,0.004020762276665415
7,1730,0,task1_initial,IDLGated,0.98779296875,0.1962890625,0.9873046875,0.1962890625,0.9892578125,0.1962890625,0.000379483331926167,0.0019854317357201985,0.0044633365109576694
7,1740,0,task1_initial,MLP,0.99365234375,0.19921875,0.0,0.0,0.0,0.0,1.0,0.0,0.0
7,1740,0,task1_initial,ChevronSlow,0.9892578125,0.19921875,0.98876953125,0.19970703125,0.9892578125,0.1982421875,1.0,0.0007504716130990387,0.004360299999368577
7,1740,0,task1_initial,IDLGated,0.98828125,0.2001953125,0.98828125,0.2001953125,0.98974609375,0.19775390625,0.0003785168519243598,0.0018694713050821936,0.004858757965890347
7,1750,0,task1_initial,MLP,0.9912109375,0.19287109375,0.0,0.0,0.0,0.0,1.0,0.0,0.0
7,1750,0,task1_initial,ChevronSlow,0.99072265625,0.19580078125,0.99072265625,0.19287109375,0.9912109375,0.1962890625,1.0,0.0007066398308871991,0.004475837184986802
7,1750,0,task1_initial,IDLGated,0.9912109375,0.19482421875,0.99072265625,0.1943359375,0.99072265625,0.19677734375,0.00037760892882943153,0.0017602836187455052,0.004528259445671305
7,1760,0,task1_initial,MLP,0.99169921875,0.19091796875,0.0,0.0,0.0,0.0,1.0,0.0,0.0
7,1760,0,task1_initial,ChevronSlow,0.99072265625,0.193359375,0.99072265625,0.193359375,0.9912109375,0.1953125,1.0,0.0006653680723968864,0.0036975610344243495
7,1760,0,task1_initial,IDLGated,0.990234375,0.19482421875,0.990234375,0.19482421875,0.99072265625,0.1962890625,0.0003767562157008797,0.0016574731101783552,0.0037095214557726513
7,1770,0,task1_initial,MLP,0.994140625,0.1923828125,0.0,0.0,0.0,0.0,1.0,0.0,0.0
7,1770,0,task1_initial,ChevronSlow,0.9912109375,0.1943359375,0.99169921875,0.193359375,0.99072265625,0.1953125,1.0,0.0006265068177791677,0.0038406771447437385
7,1770,0,task1_initial,IDLGated,0.9912109375,0.1943359375,0.9912109375,0.19189453125,0.99072265625,0.1962890625,0.000375954870833084,0.0015606673161692878,0.003929738562779598
7,1780,0,task1_initial,MLP,0.99169921875,0.19091796875,0.0,0.0,0.0,0.0,1.0,0.0,0.0
7,1780,0,task1_initial,ChevronSlow,0.990234375,0.1943359375,0.98974609375,0.1943359375,0.990234375,0.1953125,1.0,0.0005899152799890433,0.004524182408436201
7,1780,0,task1_initial,IDLGated,0.98779296875,0.1943359375,0.98779296875,0.1943359375,0.98974609375,0.19482421875,0.0003752020711544901,0.0014695155274627365,0.004717946230976723
7,1790,0,task1_initial,MLP,0.9921875,0.19384765625,0.0,0.0,0.0,0.0,1.0,0.0,0.0
7,1790,0,task1_initial,ChevronSlow,0.98876953125,0.19677734375,0.9892578125,0.197265625,0.98974609375,0.1962890625,1.0,0.0005554608947403585,0.0046243547844928255
7,1790,0,task1_initial,IDLGated,0.9892578125,0.19775390625,0.9892578125,0.1982421875,0.99072265625,0.1962890625,0.0003744945570360869,0.0013836875182050925,0.004920489933616333
7,1800,0,task1_initial,MLP,0.9921875,0.19921875,0.0,0.0,0.0,0.0,1.0,0.0,0.0
7,1800,0,task1_initial,ChevronSlow,0.98876953125,0.19921875,0.98876953125,0.19970703125,0.990234375,0.197265625,1.0,0.0005230188402502311,0.004814726868578211
7,1800,0,task1_initial,IDLGated,0.990234375,0.19970703125,0.98974609375,0.19970703125,0.98974609375,0.19775390625,0.00037382947630248964,0.001302872349598305,0.005170458624556116
7,1810,0,task1_initial,MLP,0.98876953125,0.2001953125,0.0,0.0,0.0,0.0,1.0,0.0,0.0
7,1810,0,task1_initial,ChevronSlow,0.98681640625,0.20361328125,0.9853515625,0.2041015625,0.98876953125,0.19970703125,1.0,0.0004924715850331152,0.004700237026441361
7,1810,0,task1_initial,IDLGated,0.98681640625,0.20263671875,0.9833984375,0.203125,0.990234375,0.19970703125,0.00037320435512810946,0.0012267772434268686,0.0050191148107169145
7,1820,0,task1_initial,MLP,0.99169921875,0.19091796875,0.0,0.0,0.0,0.0,1.0,0.0,0.0
7,1820,0,task1_initial,ChevronSlow,0.98974609375,0.19287109375,0.98779296875,0.19140625,0.98974609375,0.1962890625,1.0,0.0004637084621062494,0.004493328478601867
7,1820,0,task1_initial,IDLGated,0.98828125,0.1943359375,0.98779296875,0.193359375,0.98974609375,0.1962890625,0.00037261692341417074,0.0011551265213771975,0.004641345079679274
7,1830,0,task1_initial,MLP,0.99365234375,0.19140625,0.0,0.0,0.0,0.0,1.0,0.0,0.0
7,1830,0,task1_initial,ChevronSlow,0.9921875,0.19140625,0.99267578125,0.18896484375,0.99072265625,0.1953125,1.0,0.00043662526806391064,0.004242822348443517
7,1830,0,task1_initial,IDLGated,0.9912109375,0.18994140625,0.9912109375,0.1884765625,0.990234375,0.1953125,0.00037206438719294965,0.0010876606063067453,0.004781773113359155
7,1840,0,task1_initial,MLP,0.9892578125,0.1953125,0.0,0.0,0.0,0.0,1.0,0.0,0.0
7,1840,0,task1_initial,ChevronSlow,0.9892578125,0.19970703125,0.98681640625,0.201171875,0.98974609375,0.197265625,1.0,0.00041112388556799757,0.004306083974829319
7,1840,0,task1_initial,IDLGated,0.98876953125,0.19970703125,0.98828125,0.19970703125,0.98974609375,0.1982421875,0.00037154494202695787,0.0010241350818446457,0.004545025938473365
7,1850,0,task1_initial,MLP,0.9912109375,0.1982421875,0.0,0.0,0.0,0.0,1.0,0.0,0.0
7,1850,0,task1_initial,ChevronSlow,0.98779296875,0.20263671875,0.9873046875,0.203125,0.98876953125,0.19970703125,1.0,0.0003871119278872964,0.0046881572785412
7,1850,0,task1_initial,IDLGated,0.98681640625,0.20166015625,0.986328125,0.20263671875,0.990234375,0.19970703125,0.0003710564924404025,0.0009643198069169916,0.005280879178788369
7,1860,0,task1_initial,MLP,0.9921875,0.1923828125,0.0,0.0,0.0,0.0,1.0,0.0,0.0
7,1860,0,task1_initial,ChevronSlow,0.9873046875,0.18994140625,0.9853515625,0.1875,0.990234375,0.1953125,1.0,0.00036450240419766145,0.006095460918230792
7,1860,0,task1_initial,IDLGated,0.986328125,0.1904296875,0.98388671875,0.18896484375,0.9892578125,0.19482421875,0.0003713289916049689,0.0009976898995907777,0.006696418039623442
7,1870,0,task1_initial,MLP,0.9931640625,0.1943359375,0.0,0.0,0.0,0.0,1.0,0.0,0.0
7,1870,0,task1_initial,ChevronSlow,0.9912109375,0.1962890625,0.99072265625,0.19580078125,0.9912109375,0.19677734375,1.0,0.0007241938736071067,0.005416924123877397
7,1870,0,task1_initial,IDLGated,0.99072265625,0.19482421875,0.99072265625,0.19482421875,0.99072265625,0.19677734375,0.0003780272963922471,0.0018106259577145498,0.00606099897004193
7,1880,0,task1_initial,MLP,0.990234375,0.197265625,0.0,0.0,0.0,0.0,1.0,0.0,0.0
7,1880,0,task1_initial,ChevronSlow,0.98974609375,0.20068359375,0.98828125,0.20166015625,0.98974609375,0.19775390625,1.0,0.0014860728096845186,0.005534076428672382
7,1880,0,task1_initial,IDLGated,0.98974609375,0.19970703125,0.98876953125,0.201171875,0.990234375,0.19873046875,0.0003892027889378369,0.0031354170579030844,0.005693411055494054
7,1890,0,task1_initial,MLP,0.99072265625,0.193359375,0.0,0.0,0.0,0.0,1.0,0.0,0.0
7,1890,0,task1_initial,ChevronSlow,0.9892578125,0.1943359375,0.98876953125,0.19189453125,0.99072265625,0.1962890625,1.0,0.002335856761624603,0.006603066641437699
7,1890,0,task1_initial,IDLGated,0.98974609375,0.1953125,0.98828125,0.1943359375,0.99072265625,0.1962890625,0.00040067522786557674,0.004456433632483313,0.006769940755116942
7,1900,0,task1_initial,MLP,0.98876953125,0.1865234375,0.0,0.0,0.0,0.0,1.0,0.0,0.0
7,1900,0,task1_initial,ChevronSlow,0.98779296875,0.19091796875,0.98828125,0.18994140625,0.99072265625,0.1943359375,1.0,0.0037647725649559774,0.005851906136098129
7,1900,0,task1_initial,IDLGated,0.98876953125,0.18994140625,0.9873046875,0.1875,0.99072265625,0.1953125,0.00041702407179400325,0.0062750189556595405,0.005756660297253747
7,1910,0,task1_initial,MLP,0.9912109375,0.1923828125,0.0,0.0,0.0,0.0,1.0,0.0,0.0
7,1910,0,task1_initial,ChevronSlow,0.98974609375,0.1953125,0.98974609375,0.1953125,0.990234375,0.19580078125,1.0,0.005070989039456305,0.004161699275256291
7,1910,0,task1_initial,IDLGated,0.99072265625,0.19482421875,0.99072265625,0.19482421875,0.9912109375,0.19580078125,0.0004311314260121435,0.007787902070165808,0.0041453523636471685
7,1920,0,task1_initial,MLP,0.9892578125,0.203125,0.0,0.0,0.0,0.0,1.0,0.0,0.0
7,1920,0,task1_initial,ChevronSlow,0.9873046875,0.20458984375,0.9853515625,0.20556640625,0.9892578125,0.1982421875,1.0,0.005738022724499673,0.005418893563190496
7,1920,0,task1_initial,IDLGated,0.98779296875,0.20166015625,0.98681640625,0.20263671875,0.98974609375,0.19873046875,0.00043916483991779387,0.008627438478021806,0.005491051994372697
7,1930,0,task1_initial,MLP,0.9931640625,0.19677734375,0.0,0.0,0.0,0.0,1.0,0.0,0.0
7,1930,0,task1_initial,ChevronSlow,0.98974609375,0.1962890625,0.98974609375,0.19580078125,0.990234375,0.19677734375,1.0,0.006582017684666768,0.0039008398385443612
7,1930,0,task1_initial,IDLGated,0.98974609375,0.19677734375,0.98974609375,0.19677734375,0.98974609375,0.19677734375,0.00044939169310964644,0.009674270217301224,0.004043011475913802
7,1940,0,task1_initial,MLP,0.9892578125,0.1875,0.0,0.0,0.0,0.0,1.0,0.0,0.0
7,1940,0,task1_initial,ChevronSlow,0.98974609375,0.19091796875,0.9873046875,0.1884765625,0.9912109375,0.1943359375,1.0,0.007081160344972581,0.0046393412722074475
7,1940,0,task1_initial,IDLGated,0.98876953125,0.19140625,0.98876953125,0.18701171875,0.990234375,0.1953125,0.00045595457777380943,0.010333586117240815,0.004972420298868883
7,1950,0,task1_initial,MLP,0.9912109375,0.19287109375,0.0,0.0,0.0,0.0,1.0,0.0,0.0
7,1950,0,task1_initial,ChevronSlow,0.99072265625,0.19677734375,0.9912109375,0.197265625,0.99072265625,0.19677734375,1.0,0.007012339681271911,0.003962843728378651
7,1950,0,task1_initial,IDLGated,0.990234375,0.1962890625,0.990234375,0.1962890625,0.9912109375,0.1962890625,0.0004569601151160896,0.010433752544518926,0.004117598998447881
7,1960,0,task1_initial,MLP,0.99169921875,0.19580078125,0.0,0.0,0.0,0.0,1.0,0.0,0.0
7,1960,0,task1_initial,ChevronSlow,0.990234375,0.197265625,0.98974609375,0.197265625,0.990234375,0.19677734375,1.0,0.00660348203145945,0.003675172796431374
7,1960,0,task1_initial,IDLGated,0.98974609375,0.19677734375,0.98974609375,0.19775390625,0.9912109375,0.1962890625,0.00045214753481559455,0.00995227793538494,0.003845888094650514
7,1970,0,task1_initial,MLP,0.994140625,0.1962890625,0.0,0.0,0.0,0.0,1.0,0.0,0.0
7,1970,0,task1_initial,ChevronSlow,0.99072265625,0.1962890625,0.99072265625,0.1962890625,0.99072265625,0.1962890625,1.0,0.006217801372536874,0.003542741191505225
7,1970,0,task1_initial,IDLGated,0.9912109375,0.19677734375,0.9912109375,0.197265625,0.9912109375,0.19677734375,0.00044640491250902414,0.009371008675680213,0.003664016100349243
7,1980,0,task1_initial,MLP,0.99072265625,0.1875,0.0,0.0,0.0,0.0,1.0,0.0,0.0
7,1980,0,task1_initial,ChevronSlow,0.98876953125,0.1904296875,0.98828125,0.18994140625,0.98876953125,0.193359375,1.0,0.005854646643110023,0.004931175166393974
7,1980,0,task1_initial,IDLGated,0.98974609375,0.1904296875,0.98974609375,0.189453125,0.990234375,0.1953125,0.0004410643014125526,0.008823688824791372,0.004946272502525188
7,1990,0,task1_initial,MLP,0.99169921875,0.19140625,0.0,0.0,0.0,0.0,1.0,0.0,0.0
7,1990,0,task1_initial,ChevronSlow,0.99169921875,0.19287109375,0.99072265625,0.19287109375,0.98974609375,0.1943359375,1.0,0.005512702201629583,0.00461384154458067
7,1990,0,task1_initial,IDLGated,0.9912109375,0.19189453125,0.9921875,0.19189453125,0.99072265625,0.1943359375,0.0004360940074548125,0.008308335545436547,0.004886150361361341
7,2000,0,task1_initial,MLP,0.99365234375,0.19580078125,0.0,0.0,0.0,0.0,1.0,0.0,0.0
7,2000,0,task1_initial,ChevronSlow,0.99072265625,0.19677734375,0.99072265625,0.19677734375,0.990234375,0.19580078125,1.0,0.005190729247445813,0.004699412541673584
7,2000,0,task1_initial,IDLGated,0.98974609375,0.19677734375,0.98974609375,0.197265625,0.9912109375,0.19580078125,0.00043146510142832994,0.007823081809233736,0.005265707890967893
7,2010,0,task1_initial,MLP,0.9912109375,0.19287109375,0.0,0.0,0.0,0.0,1.0,0.0,0.0
7,2010,0,task1_initial,ChevronSlow,0.99072265625,0.19482421875,0.9912109375,0.19482421875,0.99072265625,0.19580078125,1.0,0.004887561332865884,0.004559166269542219
7,2010,0,task1_initial,IDLGated,0.99169921875,0.1953125,0.99169921875,0.19482421875,0.9912109375,0.1953125,0.0004271517100278288,0.007366169632806772,0.004968237054028539
7,2020,0,task1_initial,MLP,0.98974609375,0.18408203125,0.0,0.0,0.0,0.0,1.0,0.0,0.0
7,2020,0,task1_initial,ChevronSlow,0.9912109375,0.18994140625,0.98974609375,0.1884765625,0.9921875,0.193359375,1.0,0.004602100137332411,0.004160765619639868
7,2020,0,task1_initial,IDLGated,0.9921875,0.18994140625,0.99072265625,0.1884765625,0.9912109375,0.1923828125,0.0004231293860357255,0.00693594370894089,0.004293204000768252
7,2030,0,task1_initial,MLP,0.9921875,0.19140625,0.0,0.0,0.0,0.0,1.0,0.0,0.0
7,2030,0,task1_initial,ChevronSlow,0.9912109375,0.1962890625,0.99169921875,0.1962890625,0.990234375,0.1943359375,1.0,0.004333311488413839,0.003943722553188978
7,2030,0,task1_initial,IDLGated,0.9912109375,0.19677734375,0.99072265625,0.19677734375,0.9912109375,0.19580078125,0.0004193767672404647,0.006530845409714807,0.004086790622356946
7,2040,0,task1_initial,MLP,0.99365234375,0.2021484375,0.0,0.0,0.0,0.0,1.0,0.0,0.0
7,2040,0,task1_initial,ChevronSlow,0.98974609375,0.2001953125,0.9892578125,0.20166015625,0.99072265625,0.19677734375,1.0,0.004080221615191477,0.004506331546576089
7,2040,0,task1_initial,IDLGated,0.990234375,0.19970703125,0.9892578125,0.20068359375,0.9912109375,0.19677734375,0.0004158735682722181,0.00614940713988376,0.004833112020482906
7,2050,0,task1_initial,MLP,0.994140625,0.19384765625,0.0,0.0,0.0,0.0,1.0,0.0,0.0
7,2050,0,task1_initial,ChevronSlow,0.9873046875,0.18798828125,0.98681640625,0.185546875,0.9921875,0.19189453125,1.0,0.0038419136204698805,0.004570588696834754
7,2050,0,task1_initial,IDLGated,0.9892578125,0.18798828125,0.98779296875,0.18408203125,0.9912109375,0.193359375,0.0004126019775867462,0.005790247020056889,0.004894647322983864
7,2060,0,task1_initial,MLP,0.98681640625,0.18310546875,0.0,0.0,0.0,0.0,1.0,0.0,0.0
7,2060,0,task1_initial,ChevronSlow,0.98583984375,0.1865234375,0.98486328125,0.185546875,0.990234375,0.1923828125,1.0,0.0036175241590301007,0.0043870534873127935
7,2060,0,task1_initial,IDLGated,0.98779296875,0.18798828125,0.98681640625,0.1865234375,0.9912109375,0.19140625,0.0004095766635145992,0.0054555986231198915,0.0046731964678401045
7,2070,0,task1_initial,MLP,0.99072265625,0.19873046875,0.0,0.0,0.0,0.0,1.0,0.0,0.0
7,2070,0,task1_initial,ChevronSlow,0.99072265625,0.2021484375,0.98974609375,0.203125,0.99072265625,0.19677734375,1.0,0.003406240309891692,0.004685336014486608
7,2070,0,task1_initial,IDLGated,0.98974609375,0.2001953125,0.9892578125,0.2021484375,0.9912109375,0.19677734375,0.00040683578117750585,0.0051502779100463195,0.005035059449022742
7,2080,0,task1_initial,MLP,0.99365234375,0.2021484375,0.0,0.0,0.0,0.0,1.0,0.0,0.0
7,2080,0,task1_initial,ChevronSlow,0.98876953125,0.19921875,0.98828125,0.19873046875,0.98974609375,0.19580078125,1.0,0.003207296631252299,0.003737987656964467
7,2080,0,task1_initial,IDLGated,0.98681640625,0.2001953125,0.986328125,0.201171875,0.9892578125,0.1953125,0.00040416372939944267,0.004850624549302225,0.00443832209995922
7,2090,0,task1_initial,MLP,0.99462890625,0.2001953125,0.0,0.0,0.0,0.0,1.0,0.0,0.0
7,2090,0,task1_initial,ChevronSlow,0.99072265625,0.19580078125,0.99072265625,0.1953125,0.99072265625,0.1953125,1.0,0.0030199723874354107,0.00331586715091084
7,2090,0,task1_initial,IDLGated,0.9912109375,0.1962890625,0.99169921875,0.1962890625,0.99072265625,0.1962890625,0.00040165349491871893,0.004567320670613932,0.0037594122814191377
7,2100,0,task1_initial,MLP,0.9931640625,0.2021484375,0.0,0.0,0.0,0.0,1.0,0.0,0.0
7,2100,0,task1_initial,ChevronSlow,0.9892578125,0.20166015625,0.9892578125,0.2021484375,0.990234375,0.19873046875,1.0,0.002843588937800029,0.003815365548140316
7,2100,0,task1_initial,IDLGated,0.9912109375,0.20068359375,0.990234375,0.201171875,0.9912109375,0.19775390625,0.00039930426282808185,0.004300563339048396,0.004082257906870009
7,2110,0,task1_initial,MLP,0.99365234375,0.201171875,0.0,0.0,0.0,0.0,1.0,0.0,0.0
7,2110,0,task1_initial,ChevronSlow,0.990234375,0.20263671875,0.98876953125,0.203125,0.99072265625,0.19921875,1.0,0.002677507278152766,0.004033961920140719
7,2110,0,task1_initial,IDLGated,0.98876953125,0.20068359375,0.98828125,0.20068359375,0.990234375,0.19873046875,0.00039710462442599237,0.004049386142769135,0.004423877876993228
7,2120,0,task1_initial,MLP,0.990234375,0.18994140625,0.0,0.0,0.0,0.0,1.0,0.0,0.0
7,2120,0,task1_initial,ChevronSlow,0.986328125,0.1904296875,0.98486328125,0.18798828125,0.990234375,0.19580078125,1.0,0.0025211257257553676,0.005780962481934784
7,2120,0,task1_initial,IDLGated,0.98583984375,0.1923828125,0.9814453125,0.19091796875,0.98974609375,0.1953125,0.0003950445679947734,0.0038128791138509416,0.0062320116649730055
7,2130,0,task1_initial,MLP,0.994140625,0.1923828125,0.0,0.0,0.0,0.0,1.0,0.0,0.0
7,2130,0,task1_initial,ChevronSlow,0.98974609375,0.19384765625,0.98876953125,0.193359375,0.99072265625,0.19580078125,1.0,0.0025299247208777752,0.005435126862722039
7,2130,0,task1_initial,IDLGated,0.9912109375,0.1923828125,0.98974609375,0.19189453125,0.9912109375,0.19384765625,0.00039609725354239345,0.00393389178726124,0.005714124728521282
7,2140,0,task1_initial,MLP,0.99169921875,0.197265625,0.0,0.0,0.0,0.0,1.0,0.0,0.0
7,2140,0,task1_initial,ChevronSlow,0.990234375,0.19677734375,0.990234375,0.19677734375,0.99072265625,0.1962890625,1.0,0.0030995140188680766,0.004297535858806062
7,2140,0,task1_initial,IDLGated,0.990234375,0.19677734375,0.990234375,0.197265625,0.9912109375,0.19677734375,0.0004014912119600922,0.004548934218141622,0.004808681119864495
7,2150,0,task1_initial,MLP,0.98876953125,0.1962890625,0.0,0.0,0.0,0.0,1.0,0.0,0.0
7,2150,0,task1_initial,ChevronSlow,0.98583984375,0.197265625,0.9853515625,0.19580078125,0.990234375,0.19677734375,1.0,0.003628046551498367,0.004418636730278627
7,2150,0,task1_initial,IDLGated,0.98876953125,0.19580078125,0.98681640625,0.19580078125,0.98974609375,0.19580078125,0.0004059058555867523,0.0050462212179103825,0.004842191178778947
7,2160,0,task1_initial,MLP,0.99267578125,0.18994140625,0.0,0.0,0.0,0.0,1.0,0.0,0.0
7,2160,0,task1_initial,ChevronSlow,0.9921875,0.19189453125,0.99072265625,0.19140625,0.99072265625,0.19482421875,1.0,0.0038340294858962244,0.003610131429663352
7,2160,0,task1_initial,IDLGated,0.9912109375,0.193359375,0.9912109375,0.19287109375,0.99072265625,0.1953125,0.0004073175659868866,0.005204079352441439,0.003924966229523588
7,2170,0,task1_initial,MLP,0.9921875,0.19287109375,0.0,0.0,0.0,0.0,1.0,0.0,0.0
7,2170,0,task1_initial,ChevronSlow,0.9912109375,0.1962890625,0.99072265625,0.1962890625,0.9912109375,0.19580078125,1.0,0.0036144800815127603,0.00312674221853383
7,2170,0,task1_initial,IDLGated,0.9912109375,0.19677734375,0.9912109375,0.19677734375,0.9912109375,0.1962890625,0.00040465660276822746,0.004906040409769699,0.003231986289350729
7,2180,0,task1_initial,MLP,0.98828125,0.1953125,0.0,0.0,0.0,0.0,1.0,0.0,0.0
7,2180,0,task1_initial,ChevronSlow,0.9853515625,0.19921875,0.984375,0.19873046875,0.9892578125,0.19580078125,1.0,0.0034033740236997624,0.004390945206608365
7,2180,0,task1_initial,IDLGated,0.9873046875,0.19775390625,0.98388671875,0.197265625,0.98974609375,0.19677734375,0.0004021147615276277,0.004619499931742143,0.004507971818386671
7,2190,0,task1_initial,MLP,0.98583984375,0.19921875,0.0,0.0,0.0,0.0,1.0,0.0,0.0
7,2190,0,task1_initial,ChevronSlow,0.982421875,0.19970703125,0.9814453125,0.19873046875,0.98583984375,0.19873046875,1.0,0.0032704415448689974,0.0046496131516704465
7,2190,0,task1_initial,IDLGated,0.9814453125,0.1982421875,0.98046875,0.19873046875,0.98876953125,0.1982421875,0.00040106140659190714,0.004500242441517569,0.0048386078544969255
7,2200,0,end_task1,MLP,0.9921875,0.19775390625,0.0,0.0,0.0,0.0,1.0,0.0,0.0
7,2200,0,end_task1,ChevronSlow,0.99072265625,0.19677734375,0.99072265625,0.1962890625,0.990234375,0.19677734375,1.0,0.003148291856051714,0.003693211121124283
7,2200,0,end_task1,IDLGated,0.9912109375,0.1962890625,0.9912109375,0.197265625,0.99072265625,0.19677734375,0.0004002154164481908,0.004404212593546506,0.004068156322147615
7,2210,0,task2,MLP,0.9443359375,0.248046875,0.0,0.0,0.0,0.0,1.0,0.0,0.0
7,2210,0,task2,ChevronSlow,0.92431640625,0.2705078125,0.8798828125,0.310546875,0.970703125,0.2177734375,1.0,0.005614376833076133,0.051834026771082384
7,2210,0,task2,IDLGated,0.92138671875,0.26708984375,0.4677734375,0.56298828125,0.9912109375,0.1962890625,0.00044160953257232904,0.008879873906547354,0.08689269777476012
7,2220,0,task2,MLP,0.06201171875,0.8232421875,0.0,0.0,0.0,0.0,1.0,0.0,0.0
7,2220,0,task2,ChevronSlow,0.06298828125,0.802734375,0.0439453125,0.7939453125,0.93359375,0.2607421875,1.0,0.02738593365706025,0.096062108883473
7,2220,0,task2,IDLGated,0.11474609375,0.75732421875,0.07470703125,0.78173828125,0.99072265625,0.19580078125,0.0009616411989554763,0.04427695663146651,0.16434651057641714
7,2230,0,task2,MLP,0.0576171875,0.8369140625,0.0,0.0,0.0,0.0,1.0,0.0,0.0
7,2230,0,task2,ChevronSlow,0.1103515625,0.83642578125,0.08056640625,0.83935546875,0.89208984375,0.30419921875,1.0,0.07650230770108733,0.1124883324619104
7,2230,0,task2,IDLGated,0.107421875,0.8017578125,0.0751953125,0.81103515625,0.99072265625,0.1953125,0.00546805327758193,0.12348410780781545,0.19483190192193928
7,2240,0,task2,MLP,0.09619140625,0.8408203125,0.0,0.0,0.0,0.0,1.0,0.0,0.0
7,2240,0,task2,ChevronSlow,0.146484375,0.84326171875,0.12939453125,0.84716796875,0.86767578125,0.326171875,1.0,0.14331926653407054,0.11923049119340372
7,2240,0,task2,IDLGated,0.1513671875,0.826171875,0.1240234375,0.8291015625,0.99072265625,0.1953125,0.06186828017234802,0.23641441703923652,0.20831477221497072
7,2250,0,task2,MLP,0.125,0.84619140625,0.0,0.0,0.0,0.0,1.0,0.0,0.0
7,2250,0,task2,ChevronSlow,0.17431640625,0.84912109375,0.15087890625,0.8505859375,0.8564453125,0.33935546875,1.0,0.2169960335911585,0.12121228041730991
7,2250,0,task2,IDLGated,0.16357421875,0.8271484375,0.1318359375,0.8369140625,0.9912109375,0.197265625,0.540209174156189,0.36732657389263035,0.2125201194369401
7,2260,0,task2,MLP,0.1376953125,0.84814453125,0.0,0.0,0.0,0.0,1.0,0.0,0.0
7,2260,0,task2,ChevronSlow,0.185546875,0.86474609375,0.15478515625,0.85791015625,0.8505859375,0.34814453125,1.0,0.29072311263461154,0.12326602198088019
7,2260,0,task2,IDLGated,0.17333984375,0.837890625,0.1298828125,0.83837890625,0.98974609375,0.2041015625,0.9614787697792053,0.5062391855249967,0.21216093600601071
7,2270,0,task2,MLP,0.142578125,0.8564453125,0.0,0.0,0.0,0.0,1.0,0.0,0.0
7,2270,0,task2,ChevronSlow,0.15625,0.87109375,0.126953125,0.86376953125,0.84521484375,0.36181640625,1.0,0.3597641417568829,0.12444960127956957
7,2270,0,task2,IDLGated,0.16064453125,0.84521484375,0.11474609375,0.83837890625,0.97314453125,0.21875,0.9980621933937073,0.6438292648275369,0.21026317193369196
7,2280,0,task2,MLP,0.1455078125,0.87060546875,0.0,0.0,0.0,0.0,1.0,0.0,0.0
7,2280,0,task2,ChevronSlow,0.14111328125,0.88427734375,0.1044921875,0.87548828125,0.8349609375,0.36865234375,1.0,0.42250860100762655,0.12685327033652993
7,2280,0,task2,IDLGated,0.1591796875,0.85546875,0.10400390625,0.83837890625,0.9541015625,0.23828125,0.9998898506164551,0.7742472619469798,0.21031990029809688
7,2290,0,task2,MLP,0.1396484375,0.8837890625,0.0,0.0,0.0,0.0,1.0,0.0,0.0
7,2290,0,task2,ChevronSlow,0.15185546875,0.90625,0.11572265625,0.890625,0.82666015625,0.38916015625,1.0,0.4782787778126542,0.1309036324143153
7,2290,0,task2,IDLGated,0.16845703125,0.87646484375,0.10546875,0.8486328125,0.93505859375,0.26171875,0.9999920129776001,0.8934118150398528,0.21146928436622997
7,2300,0,task2,MLP,0.14404296875,0.8916015625,0.0,0.0,0.0,0.0,1.0,0.0,0.0
7,2300,0,task2,ChevronSlow,0.1640625,0.9306640625,0.13232421875,0.91162109375,0.80615234375,0.41259765625,1.0,0.5264766560612775,0.13585981933101315
7,2300,0,task2,IDLGated,0.1748046875,0.88671875,0.107421875,0.857421875,0.91796875,0.27978515625,0.9999991655349731,0.9991499528256297,0.21074864730758347
7,2310,0,task2,MLP,0.1533203125,0.90087890625,0.0,0.0,0.0,0.0,1.0,0.0,0.0
7,2310,0,task2,ChevronSlow,0.1748046875,0.94091796875,0.146484375,0.93505859375,0.6015625,0.60546875,1.0,0.5675676975397057,0.1381311733756283
7,2310,0,task2,IDLGated,0.17578125,0.90625,0.11181640625,0.86962890625,0.90087890625,0.30615234375,0.9999998807907104,1.0921676292479756,0.20973250440913446
7,2320,0,task2,MLP,0.15625,0.90283203125,0.0,0.0,0.0,0.0,1.0,0.0,0.0
7,2320,0,task2,ChevronSlow,0.16650390625,0.94287109375,0.1474609375,0.93701171875,0.529296875,0.6728515625,1.0,0.603195696072979,0.1396972346083805
7,2320,0,task2,IDLGated,0.1767578125,0.9140625,0.12109375,0.88232421875,0.88818359375,0.3193359375,1.0,1.174749059280438,0.20802494760037515
7,2330,0,task2,MLP,0.14404296875,0.9091796875,0.0,0.0,0.0,0.0,1.0,0.0,0.0
7,2330,0,task2,ChevronSlow,0.15869140625,0.94384765625,0.14013671875,0.9365234375,0.4150390625,0.7763671875,1.0,0.6352215648903486,0.1416147897368465
7,2330,0,task2,IDLGated,0.16650390625,0.92431640625,0.11962890625,0.888671875,0.8779296875,0.32958984375,1.0,1.2478944199724014,0.20663692843749998
7,2340,0,task2,MLP,0.1396484375,0.92431640625,0.0,0.0,0.0,0.0,1.0,0.0,0.0
7,2340,0,task2,ChevronSlow,0.17236328125,0.96337890625,0.158203125,0.96240234375,0.36083984375,0.8115234375,1.0,0.6639632113531614,0.14479865908512615
7,2340,0,task2,IDLGated,0.1767578125,0.9501953125,0.11962890625,0.90966796875,0.86767578125,0.33837890625,1.0,1.3113120527065159,0.20785810286724138
7,2350,0,task2,MLP,0.13427734375,0.92822265625,0.0,0.0,0.0,0.0,1.0,0.0,0.0
7,2350,0,task2,ChevronSlow,0.1591796875,0.96923828125,0.142578125,0.9599609375,0.3291015625,0.84228515625,1.0,0.6892722091419682,0.14549668578479405
7,2350,0,task2,IDLGated,0.16748046875,0.958984375,0.11767578125,0.916015625,0.85986328125,0.3486328125,1.0,1.3661725420770807,0.2057708795870512
7,2360,0,task2,MLP,0.1435546875,0.92822265625,0.0,0.0,0.0,0.0,1.0,0.0,0.0
7,2360,0,task2,ChevronSlow,0.1689453125,0.96826171875,0.15673828125,0.9619140625,0.30859375,0.85546875,1.0,0.7116223089092771,0.14665056923865802
7,2360,0,task2,IDLGated,0.17724609375,0.94970703125,0.1318359375,0.9326171875,0.8515625,0.3583984375,1.0,1.4129659723565624,0.20373512871229393
7,2370,0,task2,MLP,0.14599609375,0.935546875,0.0,0.0,0.0,0.0,1.0,0.0,0.0
7,2370,0,task2,ChevronSlow,0.17529296875,0.9755859375,0.16162109375,0.97314453125,0.29296875,0.86474609375,1.0,0.7304882906968905,0.14714490805882782
7,2370,0,task2,IDLGated,0.177734375,0.96337890625,0.1337890625,0.93896484375,0.84375,0.36767578125,1.0,1.45202115386656,0.20243267878318022
7,2380,0,task2,MLP,0.1318359375,0.93115234375,0.0,0.0,0.0,0.0,1.0,0.0,0.0
7,2380,0,task2,ChevronSlow,0.15869140625,0.97265625,0.14892578125,0.9619140625,0.27490234375,0.88134765625,1.0,0.7463527027219858,0.1470733517606132
7,2380,0,task2,IDLGated,0.1630859375,0.97412109375,0.125,0.92626953125,0.83154296875,0.3759765625,1.0,1.4842828019185759,0.1999891540875818
7,2390,0,task2,MLP,0.14111328125,0.9345703125,0.0,0.0,0.0,0.0,1.0,0.0,0.0
7,2390,0,task2,ChevronSlow,0.17333984375,0.97802734375,0.16259765625,0.97607421875,0.271484375,0.89306640625,1.0,0.7604267122175892,0.14868546661302054
7,2390,0,task2,IDLGated,0.1787109375,0.97607421875,0.1396484375,0.9482421875,0.826171875,0.3857421875,1.0,1.5111531260790685,0.19743066124204672
7,2400,0,task2,MLP,0.15576171875,0.94384765625,0.0,0.0,0.0,0.0,1.0,0.0,0.0
7,2400,0,task2,ChevronSlow,0.1884765625,0.9755859375,0.1806640625,0.97900390625,0.26953125,0.89599609375,1.0,0.7721237648960789,0.1502209465704584
7,2400,0,task2,IDLGated,0.19287109375,0.96923828125,0.16162109375,0.96826171875,0.81640625,0.39697265625,1.0,1.5314583909712196,0.19544828465199357
7,2410,0,task2,MLP,0.15576171875,0.951171875,0.0,0.0,0.0,0.0,1.0,0.0,0.0
7,2410,0,task2,ChevronSlow,0.1767578125,0.97705078125,0.16748046875,0.97412109375,0.259765625,0.90576171875,1.0,0.7811301484219275,0.14961509253712957
7,2410,0,task2,IDLGated,0.1767578125,0.9775390625,0.1455078125,0.95947265625,0.80322265625,0.41259765625,1.0,1.544997822513374,0.1929866741601713
7,2420,0,end_task2,MLP,0.16064453125,0.955078125,0.0,0.0,0.0,0.0,1.0,0.0,0.0
7,2420,0,end_task2,ChevronSlow,0.1845703125,0.9833984375,0.17919921875,0.982421875,0.25048828125,0.91162109375,1.0,0.7881168383826266,0.14908685842769015
7,2420,0,end_task2,IDLGated,0.185546875,0.9794921875,0.16015625,0.9736328125,0.79296875,0.4228515625,1.0,1.5533285815609212,0.19168720977793346
7,2430,10,task1_return,MLP,0.458984375,0.736328125,0.0,0.0,0.0,0.0,1.0,0.0,0.0
7,2430,10,task1_return,ChevronSlow,0.47509765625,0.72216796875,0.47509765625,0.7236328125,0.462890625,0.73779296875,1.0,0.7904115059075244,0.10024759873345881
7,2430,10,task1_return,IDLGated,0.59521484375,0.61181640625,0.44921875,0.75634765625,0.85205078125,0.3525390625,1.0,1.5538742393086973,0.12394780516894141
7,2440,20,task1_return,MLP,0.9296875,0.255859375,0.0,0.0,0.0,0.0,1.0,0.0,0.0
7,2440,20,task1_return,ChevronSlow,0.89892578125,0.3017578125,0.91455078125,0.28955078125,0.69384765625,0.50439453125,1.0,0.7799275271003292,0.08824249511744084
7,2440,20,task1_return,IDLGated,0.90478515625,0.3017578125,0.90869140625,0.29443359375,0.89599609375,0.302734375,1.0,1.5307857324879002,0.0972628003418413
7,2450,30,task1_return,MLP,0.97998046875,0.2041015625,0.0,0.0,0.0,0.0,1.0,0.0,0.0
7,2450,30,task1_return,ChevronSlow,0.970703125,0.228515625,0.98095703125,0.21142578125,0.90234375,0.30615234375,1.0,0.7659904071948956,0.07749726364632964
7,2450,30,task1_return,IDLGated,0.96728515625,0.2275390625,0.97509765625,0.21240234375,0.931640625,0.2626953125,1.0,1.4838600066780416,0.07568839749781356
7,2460,40,task1_return,MLP,0.9716796875,0.19140625,0.0,0.0,0.0,0.0,1.0,0.0,0.0
7,2460,40,task1_return,ChevronSlow,0.9833984375,0.21484375,0.98486328125,0.2021484375,0.92041015625,0.2802734375,1.0,0.7529362649777572,0.060833902073426524
7,2460,40,task1_return,IDLGated,0.9833984375,0.20263671875,0.98095703125,0.1923828125,0.95556640625,0.24072265625,1.0,1.4211493539942732,0.055194295795865246
7,2470,50,task1_return,MLP,0.97900390625,0.17822265625,0.0,0.0,0.0,0.0,1.0,0.0,0.0
7,2470,50,task1_return,ChevronSlow,0.98291015625,0.20654296875,0.9833984375,0.1904296875,0.93798828125,0.26513671875,1.0,0.7384694221115828,0.04529027777920393
7,2470,50,task1_return,IDLGated,0.98095703125,0.19140625,0.98193359375,0.181640625,0.96728515625,0.2265625,1.0,1.3488362642162293,0.03694276369419068
7,2480,60,task1_return,MLP,0.990234375,0.19384765625,0.0,0.0,0.0,0.0,1.0,0.0,0.0
7,2480,60,task1_return,ChevronSlow,0.98583984375,0.208984375,0.98828125,0.19580078125,0.953125,0.25146484375,1.0,0.7205569976807206,0.034990414883357836
7,2480,60,task1_return,IDLGated,0.986328125,0.19873046875,0.9892578125,0.19091796875,0.974609375,0.21875,1.0,1.2713554573469312,0.024235501169161816
7,2490,70,task1_return,MLP,0.98388671875,0.205078125,0.0,0.0,0.0,0.0,1.0,0.0,0.0
7,2490,70,task1_return,ChevronSlow,0.982421875,0.212890625,0.9794921875,0.2041015625,0.96484375,0.2412109375,1.0,0.698357586758176,0.02638028850729983
7,2490,70,task1_return,IDLGated,0.982421875,0.20556640625,0.9833984375,0.203125,0.978515625,0.21728515625,1.0,1.1971011157467908,0.015991281615405625
7,2500,80,task1_return,MLP,0.990234375,0.1982421875,0.0,0.0,0.0,0.0,1.0,0.0,0.0
7,2500,80,task1_return,ChevronSlow,0.986328125,0.2060546875,0.98583984375,0.201171875,0.9736328125,0.228515625,1.0,0.6720417672410334,0.0209760784308172
7,2500,80,task1_return,IDLGated,0.98876953125,0.20166015625,0.98876953125,0.19921875,0.98388671875,0.21337890625,1.0,1.1271836472175196,0.011665956278683895
7,2510,90,task1_return,MLP,0.98388671875,0.1884765625,0.0,0.0,0.0,0.0,1.0,0.0,0.0
7,2510,90,task1_return,ChevronSlow,0.9853515625,0.19970703125,0.982421875,0.189453125,0.97998046875,0.2197265625,1.0,0.6423695013283879,0.01825201062396379
7,2510,90,task1_return,IDLGated,0.982421875,0.19140625,0.9814453125,0.1875,0.9814453125,0.20751953125,0.9999997615814209,1.0613497538693573,0.009520480423543292
7,2520,100,task1_return,MLP,0.98486328125,0.18505859375,0.0,0.0,0.0,0.0,1.0,0.0,0.0
7,2520,100,task1_return,ChevronSlow,0.98291015625,0.19384765625,0.98291015625,0.18896484375,0.9833984375,0.21142578125,1.0,0.6103676324459261,0.016986563778960368
7,2520,100,task1_return,IDLGated,0.98291015625,0.19140625,0.98193359375,0.18994140625,0.98193359375,0.20458984375,0.9999991655349731,0.999360931840386,0.008490046369917096
7,2530,110,task1_return,MLP,0.9912109375,0.19287109375,0.0,0.0,0.0,0.0,1.0,0.0,0.0
7,2530,110,task1_return,ChevronSlow,0.98681640625,0.1982421875,0.98974609375,0.19580078125,0.98681640625,0.2109375,1.0,0.5770945424867842,0.014265764749605147
7,2530,110,task1_return,IDLGated,0.98583984375,0.1982421875,0.986328125,0.19775390625,0.9853515625,0.20361328125,0.9999971389770508,0.9409926072417205,0.00661552531233569
7,2540,120,task1_return,MLP,0.99072265625,0.193359375,0.0,0.0,0.0,0.0,1.0,0.0,0.0
7,2540,120,task1_return,ChevronSlow,0.98876953125,0.1982421875,0.98876953125,0.19775390625,0.986328125,0.20751953125,1.0,0.5435868428409886,0.012449238622484869
7,2540,120,task1_return,IDLGated,0.9873046875,0.1982421875,0.9873046875,0.197265625,0.98486328125,0.20166015625,0.9999905824661255,0.8860333225683814,0.0058390171072877734
7,2550,130,task1_return,MLP,0.990234375,0.193359375,0.0,0.0,0.0,0.0,1.0,0.0,0.0
7,2550,130,task1_return,ChevronSlow,0.9892578125,0.1953125,0.98974609375,0.19482421875,0.98828125,0.201171875,1.0,0.5118383000676814,0.011336187449571966
7,2550,130,task1_return,IDLGated,0.9873046875,0.19677734375,0.98828125,0.1962890625,0.98583984375,0.19970703125,0.999970555305481,0.8342839706283705,0.005196029238147217
7,2560,140,task1_return,MLP,0.99072265625,0.19775390625,0.0,0.0,0.0,0.0,1.0,0.0,0.0
7,2560,140,task1_return,ChevronSlow,0.990234375,0.19873046875,0.990234375,0.19580078125,0.98828125,0.19970703125,1.0,0.4819440515649281,0.010328125582201478
7,2560,140,task1_return,IDLGated,0.98974609375,0.19921875,0.9892578125,0.197265625,0.98681640625,0.20166015625,0.9999140501022339,0.7855570732146162,0.0059276095650835576
7,2570,150,task1_return,MLP,0.99267578125,0.19677734375,0.0,0.0,0.0,0.0,1.0,0.0,0.0
7,2570,150,task1_return,ChevronSlow,0.9892578125,0.19775390625,0.98828125,0.19775390625,0.98828125,0.19970703125,1.0,0.45379579607095544,0.009258499186222987
7,2570,150,task1_return,IDLGated,0.9873046875,0.197265625,0.9873046875,0.19677734375,0.98681640625,0.19921875,0.9997643828392029,0.7396761019065528,0.004469454695207263
7,2580,160,task1_return,MLP,0.990234375,0.1884765625,0.0,0.0,0.0,0.0,1.0,0.0,0.0
7,2580,160,task1_return,ChevronSlow,0.99072265625,0.1943359375,0.99169921875,0.19091796875,0.98828125,0.1982421875,1.0,0.4272915577295573,0.008556502353655696
7,2580,160,task1_return,IDLGated,0.99072265625,0.19140625,0.99072265625,0.18896484375,0.9873046875,0.1962890625,0.9993906021118164,0.6964748385407231,0.004964992942630388
7,2590,170,task1_return,MLP,0.98974609375,0.19287109375,0.0,0.0,0.0,0.0,1.0,0.0,0.0
7,2590,170,task1_return,ChevronSlow,0.98974609375,0.19580078125,0.990234375,0.19482421875,0.98828125,0.19677734375,1.0,0.4023353166506719,0.007659979696177587
7,2590,170,task1_return,IDLGated,0.9912109375,0.1953125,0.9912109375,0.19287109375,0.9892578125,0.197265625,0.9985100626945496,0.6557967730335146,0.004758544505210432
7,2600,180,task1_return,MLP,0.99267578125,0.197265625,0.0,0.0,0.0,0.0,1.0,0.0,0.0
7,2600,180,task1_return,ChevronSlow,0.98828125,0.19775390625,0.98828125,0.1982421875,0.98828125,0.197265625,1.0,0.3788366610483093,0.006811813228138531
7,2600,180,task1_return,IDLGated,0.98974609375,0.1982421875,0.9892578125,0.19775390625,0.9892578125,0.19775390625,0.9965464472770691,0.6174945363744463,0.004554187156680028
7,2610,190,task1_return,MLP,0.99169921875,0.203125,0.0,0.0,0.0,0.0,1.0,0.0,0.0
7,2610,190,task1_return,ChevronSlow,0.98681640625,0.201171875,0.986328125,0.201171875,0.98779296875,0.19873046875,1.0,0.35671045969558923,0.006326123766225372
7,2610,190,task1_return,IDLGated,0.98876953125,0.201171875,0.98828125,0.201171875,0.9892578125,0.19970703125,0.9923959970474243,0.5814293667358529,0.005053767701341975
7,2620,200,task1_return,MLP,0.990234375,0.19775390625,0.0,0.0,0.0,0.0,1.0,0.0,0.0
7,2620,200,task1_return,ChevronSlow,0.98876953125,0.19970703125,0.98876953125,0.19921875,0.98876953125,0.19921875,1.0,0.3358765535102544,0.005657071636909246
7,2620,200,task1_return,IDLGated,0.990234375,0.19677734375,0.990234375,0.19580078125,0.98974609375,0.19873046875,0.9840834736824036,0.5474706067647805,0.004709410711817808
7,2630,210,task1_return,MLP,0.98974609375,0.18896484375,0.0,0.0,0.0,0.0,1.0,0.0,0.0
7,2630,210,task1_return,ChevronSlow,0.99072265625,0.1962890625,0.99072265625,0.19482421875,0.9892578125,0.197265625,1.0,0.3162594651533337,0.0052272856667050106
7,2630,210,task1_return,IDLGated,0.99169921875,0.1962890625,0.99169921875,0.19482421875,0.98974609375,0.197265625,0.9683512449264526,0.5154952302358742,0.004212075252652225
7,2640,220,task1_return,MLP,0.98974609375,0.19091796875,0.0,0.0,0.0,0.0,1.0,0.0,0.0
7,2640,220,task1_return,ChevronSlow,0.9892578125,0.197265625,0.9892578125,0.197265625,0.9892578125,0.19775390625,1.0,0.29778812558888235,0.004899248568083662
7,2640,220,task1_return,IDLGated,0.990234375,0.19677734375,0.990234375,0.19677734375,0.98974609375,0.197265625,0.9403928518295288,0.48538739635041156,0.004061489044595891
7,2650,230,task1_return,MLP,0.9892578125,0.1982421875,0.0,0.0,0.0,0.0,1.0,0.0,0.0
7,2650,230,task1_return,ChevronSlow,0.98828125,0.19970703125,0.98779296875,0.19970703125,0.98876953125,0.19921875,1.0,0.2803956166141807,0.005219143273097485
7,2650,230,task1_return,IDLGated,0.98974609375,0.19921875,0.98974609375,0.19921875,0.98974609375,0.19921875,0.8942432403564453,0.45703803006679244,0.004817382062980746
7,2660,240,task1_return,MLP,0.98876953125,0.1943359375,0.0,0.0,0.0,0.0,1.0,0.0,0.0
7,2660,240,task1_return,ChevronSlow,0.990234375,0.1953125,0.98974609375,0.19482421875,0.990234375,0.1982421875,1.0,0.2640189284276213,0.004973115606753917
7,2660,240,task1_return,IDLGated,0.990234375,0.1943359375,0.99072265625,0.193359375,0.990234375,0.197265625,0.8245635032653809,0.4303444269420968,0.0044620064657443295
7,2670,250,task1_return,MLP,0.99267578125,0.1953125,0.0,0.0,0.0,0.0,1.0,0.0,0.0
7,2670,250,task1_return,ChevronSlow,0.98828125,0.19677734375,0.98876953125,0.19677734375,0.9892578125,0.197265625,1.0,0.2485987313560026,0.005039260262576543
7,2670,250,task1_return,IDLGated,0.98974609375,0.1953125,0.9892578125,0.1953125,0.99072265625,0.197265625,0.7299989461898804,0.4052098810531298,0.004370208803250063
7,2680,260,end_return,MLP,0.99169921875,0.1884765625,0.0,0.0,0.0,0.0,1.0,0.0,0.0
7,2680,260,end_return,ChevronSlow,0.98828125,0.1923828125,0.98681640625,0.19189453125,0.9892578125,0.19580078125,1.0,0.23407916091423842,0.0052189495104112815
7,2680,260,end_return,IDLGated,0.99072265625,0.19287109375,0.99072265625,0.19189453125,0.990234375,0.19580078125,0.6163190007209778,0.38154333464897905,0.004294187648186718
